clause_id,service_name,document_type,section_heading,clause_text_original,clause_text_clean,source_url,risk_level,risk_score,risk_categories,evidence_text,matched_rule_ids,label_method,label_confidence,needs_review,matched_tosdr_title,matched_tosdr_classification,matched_tosdr_topic_id,match_similarity,split,weak_label_notice
ee62bb9feab175d9,Discord,terms_of_service,"Last Updated: August 29, 2025","‍IMPORTANT NOTE: The section titled “Settling Disputes Between You and Discord” contains an arbitration clause and class-action waiver that applies to all U.S. or Canada-based Discord users. Please read this section carefully as it may significantly affect your legal rights, including your right to file a lawsuit in court.","‍IMPORTANT NOTE: The section titled “Settling Disputes Between You and Discord” contains an arbitration clause and class-action waiver that applies to all U.S. or Canada-based Discord users. Please read this section carefully as it may significantly affect your legal rights, including your right to file a lawsuit in court.",https://discord.com,High,90,liability_dispute,arbitration clause,R011,explainable_rules,0.75,True,,,,0.1491,train,AI-assisted weak label; requires human review before use as gold data
e08bb5be306f76cb,Discord,terms_of_service,Your content,"We welcome feedback on our services. By sending us feedback, you grant us a non-exclusive, perpetual, irrevocable, transferable license to use the feedback and ideas generated from the feedback without any restrictions, attribution, or compensation to you.","We welcome feedback on our services. By sending us feedback, you grant us a non-exclusive, perpetual, irrevocable, transferable license to use the feedback and ideas generated from the feedback without any restrictions, attribution, or compensation to you.",https://discord.com,High,90,content_licence_reuse,"perpetual, irrevocable, transferable license",R008,explainable_rules,0.75,True,,,,0.1538,train,AI-assisted weak label; requires human review before use as gold data
0f827603c67efc10,Discord,terms_of_service,Settling disputes between you and Discord,"Governing Law, Jurisdiction, Class Action Waiver and Time Limitation.","Governing Law, Jurisdiction, Class Action Waiver and Time Limitation.",https://discord.com,High,90,liability_dispute,Class Action Waiver,R011,explainable_rules,0.75,True,,,,0.2458,train,AI-assisted weak label; requires human review before use as gold data
506c93d574931600,Discord,terms_of_service,Settling disputes between you and Discord,"Class Action Waiver. You agree that any Dispute between you and Discord that for any reason is not subject to the “Agreement to Arbitrate” section below may only be pursued by you on an individual basis, and you may not bring a claim as a plaintiff or a class member in a class, collective, or representative action. To the extent a Dispute between you and Discord is subject to arbitration, the provisions set forth in the “Agreement to Arbitrate” apply, including those regarding class arbitration, private attorney general arbitration, arbitration involving joint or consolidated claims, and batching.","Class Action Waiver. You agree that any Dispute between you and Discord that for any reason is not subject to the “Agreement to Arbitrate” section below may only be pursued by you on an individual basis, and you may not bring a claim as a plaintiff or a class member in a class, collective, or representative action. To the extent a Dispute between you and Discord is subject to arbitration, the provisions set forth in the “Agreement to Arbitrate” apply, including those regarding class arbitration, private attorney general arbitration, arbitration involving joint or consolidated claims, and batching.",https://discord.com,High,90,liability_dispute,Class Action Waiver,R011,explainable_rules,0.75,True,,,,0.1528,train,AI-assisted weak label; requires human review before use as gold data
5598035e1373d244,Discord,terms_of_service,Settling disputes between you and Discord,"‍IF YOU’RE A U.S. OR CANADIAN RESIDENT YOU ALSO AGREE TO THE FOLLOWING “AGREEMENT TO ARBITRATE” WHICH CONTAINS MANDATORY ARBITRATION PROVISIONS. PLEASE READ THIS SECTION CAREFULLY – IT MAY SIGNIFICANTLY AFFECT YOUR LEGAL RIGHTS, INCLUDING YOUR RIGHT TO FILE A LAWSUIT IN COURT:","‍IF YOU’RE A U.S. OR CANADIAN RESIDENT YOU ALSO AGREE TO THE FOLLOWING “AGREEMENT TO ARBITRATE” WHICH CONTAINS MANDATORY ARBITRATION PROVISIONS. PLEASE READ THIS SECTION CAREFULLY – IT MAY SIGNIFICANTLY AFFECT YOUR LEGAL RIGHTS, INCLUDING YOUR RIGHT TO FILE A LAWSUIT IN COURT:",https://discord.com,High,90,liability_dispute,MANDATORY ARBITRATION,R011,explainable_rules,0.75,True,,,,0.027,train,AI-assisted weak label; requires human review before use as gold data
4f343562821132ec,Discord,terms_of_service,Settling disputes between you and Discord,"Only after engaging in the Informal Dispute Resolution process set forth in these Terms, and only after those efforts fail to resolve the Dispute, then either Party may initiate binding arbitration as the sole means to resolve Disputes, subject to the terms of this Agreement to Arbitrate and the applicable arbitration rules.","Only after engaging in the Informal Dispute Resolution process set forth in these Terms, and only after those efforts fail to resolve the Dispute, then either Party may initiate binding arbitration as the sole means to resolve Disputes, subject to the terms of this Agreement to Arbitrate and the applicable arbitration rules.",https://discord.com,High,90,liability_dispute,binding arbitration,R011,explainable_rules,0.75,True,,,,0.1283,train,AI-assisted weak label; requires human review before use as gold data
98ec5185dfef9807,Discord,terms_of_service,Settling disputes between you and Discord,"ARBITRATION MEANS THAT YOU WAIVE YOUR RIGHT TO A JURY TRIAL. In some instances, the costs of arbitration could exceed the costs of litigation and the right to discovery may be more limited in arbitration than in court. YOU HEREBY ACKNOWLEDGE AND AGREE THAT YOU AND DISCORD ARE EACH WAIVING THE RIGHT TO A TRIAL BY JURY TO THE MAXIMUM EXTENT PERMITTED BY LAW.","ARBITRATION MEANS THAT YOU WAIVE YOUR RIGHT TO A JURY TRIAL. In some instances, the costs of arbitration could exceed the costs of litigation and the right to discovery may be more limited in arbitration than in court. YOU HEREBY ACKNOWLEDGE AND AGREE THAT YOU AND DISCORD ARE EACH WAIVING THE RIGHT TO A TRIAL BY JURY TO THE MAXIMUM EXTENT PERMITTED BY LAW.",https://discord.com,High,90,liability_dispute,WAIVE YOUR RIGHT TO A JURY TRIAL,R011,explainable_rules,0.75,True,,,,0.1548,train,AI-assisted weak label; requires human review before use as gold data
7e6cdf126f0e044f,Discord,privacy_policy,Welcome!,"We don’t sell your personal information. Our business is funded through subscriptions, paid products, and sponsored content, not based on selling your personal information to third parties.","We don’t sell your personal information. Our business is funded through subscriptions, paid products, and sponsored content, not based on selling your personal information to third parties.",https://discord.com,High,90,third_party_sharing,sell your personal information || selling your personal information to third parties,R002|R001,explainable_rules,0.75,True,,,,0.1139,train,AI-assisted weak label; requires human review before use as gold data
d2b270b205149c53,Discord,privacy_policy,A little bit about Discord,"We don’t make money from selling your personal information to third parties. Our business is funded through subscriptions, paid products, and sponsored content (like Quests and other sponsored formats).","We don’t make money from selling your personal information to third parties. Our business is funded through subscriptions, paid products, and sponsored content (like Quests and other sponsored formats).",https://discord.com,High,90,third_party_sharing,selling your personal information || selling your personal information to third parties,R002|R001,explainable_rules,0.75,True,,,,0.0626,train,AI-assisted weak label; requires human review before use as gold data
567b2cbcf7a08a23,Discord,privacy_policy,Information you provide to us,"Account information. When you create a Discord account, you can come up with a username and password, and provide a way of contacting you (such as an email address and/or phone number). You’ll also need to provide your birthday. In some cases, we may require additional information to verify your age. You may be required to verify your account or provide additional information (like a verified phone number) to your account. You may also have the option to add your name or choose a display name.","Account information. When you create a Discord account, you can come up with a username and password, and provide a way of contacting you (such as an email address and/or phone number). You’ll also need to provide your birthday. In some cases, we may require additional information to verify your age. You may be required to verify your account or provide additional information (like a verified phone number) to your account. You may also have the option to add your name or choose a display name.",https://discord.com,High,90,tracking_profiling,add your name or choose a display name,R019,explainable_rules,0.75,True,,,,0.0735,train,AI-assisted weak label; requires human review before use as gold data
d5ad8d7f765fd157,Discord,privacy_policy,To comply with our legal obligations,"We retain and use your information in connection with potential legal claims when necessary and for compliance, regulatory, and auditing purposes. For example, we retain information where we are required by law or if we are compelled to do so by a court order or regulatory body. Also, when you exercise any of your applicable legal rights to access, amend, or delete your personal information, we may request additional information from you for the purpose of confirming your identity.","We retain and use your information in connection with potential legal claims when necessary and for compliance, regulatory, and auditing purposes. For example, we retain information where we are required by law or if we are compelled to do so by a court order or regulatory body. Also, when you exercise any of your applicable legal rights to access, amend, or delete your personal information, we may request additional information from you for the purpose of confirming your identity.",https://discord.com,High,90,tracking_profiling,additional information from you for the purpose of confirming your identity,R019,explainable_rules,0.75,True,,,,0.0658,train,AI-assisted weak label; requires human review before use as gold data
5c904d8e747b526c,Discord,privacy_policy,International data transfers,"Discord and its U.S. entities/subsidiaries (Backgammon Merger Sub II, LLC, Brazos Games, LLC, Discord International, Inc, Flames Sub LLC, and Sentropy Technologies Inc.) also comply with the EU-U.S. and Swiss-U.S. Data Privacy Frameworks, as well as the UK Extension to the EU-U.S. Data Privacy Framework. If you have questions or complaints regarding our compliance with the Data Privacy Framework principles, please reach out to us at privacy@discord.com. If we do not resolve your complaint, you may submit your complaint in accordance with the section titled “Settling Disputes Between You and Discord” in our Terms of Service. Under certain conditions specified by the Data Privacy Framework principles, you may also be able to invoke binding arbitration to resolve your complaint. We are subject to the investigatory and enforcement powers of the U.S. Federal Trade Commission. In certain circumstances, we may be liable for the transfer of personal data from the EU, Switzerland, or the UK to a third party outside those countries.","Discord and its U.S. entities/subsidiaries (Backgammon Merger Sub II, LLC, Brazos Games, LLC, Discord International, Inc, Flames Sub LLC, and Sentropy Technologies Inc.) also comply with the EU-U.S. and Swiss-U.S. Data Privacy Frameworks, as well as the UK Extension to the EU-U.S. Data Privacy Framework. If you have questions or complaints regarding our compliance with the Data Privacy Framework principles, please reach out to us at privacy@discord.com. If we do not resolve your complaint, you may submit your complaint in accordance with the section titled “Settling Disputes Between You and Discord” in our Terms of Service. Under certain conditions specified by the Data Privacy Framework principles, you may also be able to invoke binding arbitration to resolve your complaint. We are subject to the investigatory and enforcement powers of the U.S. Federal Trade Commission. In certain circumstances, we may be liable for the transfer of personal data from the EU, Switzerland, or the UK to a third party outside those countries.",https://discord.com,High,95,liability_dispute|third_party_sharing,"binding arbitration || transfer of personal data from the EU, Switzerland, or the UK to a third party",R011|R001,explainable_rules,0.75,True,,,,0.062,train,AI-assisted weak label; requires human review before use as gold data
ad52a616bb7c8fd1,GitHub,terms_of_service,H. API Terms,"You may not use the API to download data or Content from GitHub for spamming purposes, including for the purposes of selling GitHub users' personal information, such as to recruiters, headhunters, and job boards.","You may not use the API to download data or Content from GitHub for spamming purposes, including for the purposes of selling GitHub users' personal information, such as to recruiters, headhunters, and job boards.",https://github.com,High,90,third_party_sharing,selling GitHub users' personal information,R002,explainable_rules,0.75,True,,,,0.0618,val,AI-assisted weak label; requires human review before use as gold data
203be8993b1dcde3,GitHub,terms_of_service,3. Feedback,"We’re always trying to improve our products and services, and your feedback as a Beta Preview user will help us do that. If you choose to give us any ideas, know-how, algorithms, code contributions, suggestions, enhancement requests, recommendations or any other feedback for our products or services (collectively, “Feedback”), you acknowledge and agree that GitHub will have a royalty-free, fully paid-up, worldwide, transferable, sub-licensable, irrevocable and perpetual license to implement, use, modify, commercially exploit and/or incorporate the Feedback into our products, services, and documentation.","We’re always trying to improve our products and services, and your feedback as a Beta Preview user will help us do that. If you choose to give us any ideas, know-how, algorithms, code contributions, suggestions, enhancement requests, recommendations or any other feedback for our products or services (collectively, “Feedback”), you acknowledge and agree that GitHub will have a royalty-free, fully paid-up, worldwide, transferable, sub-licensable, irrevocable and perpetual license to implement, use, modify, commercially exploit and/or incorporate the Feedback into our products, services, and documentation.",https://github.com,High,90,content_licence_reuse,irrevocable and perpetual license,R008,explainable_rules,0.75,True,,,,0.0467,val,AI-assisted weak label; requires human review before use as gold data
a35e526d7bdf7712,GitHub,privacy_policy,From You,"Sales and Marketing Data: This includes information provided for promotional communications, such as name, email address, and company name.","Sales and Marketing Data: This includes information provided for promotional communications, such as name, email address, and company name.",https://github.com,High,90,tracking_profiling,"address, and company name",R019,explainable_rules,0.75,True,,,,0.1894,val,AI-assisted weak label; requires human review before use as gold data
fc130ec012825c5e,GitHub,privacy_policy,Processing Purposes: How We Use Your Personal Data,"Product Development and Improvement: We use Personal Data to develop and improve our products, services, and technologies, including artificial intelligence and machine learning technologies. This includes improving features, developing new offerings, enhancing safety and security capabilities, and training models. We apply appropriate technical safeguards, including aggregation and de-identification techniques where feasible, to protect your privacy while enabling these improvements.","Product Development and Improvement: We use Personal Data to develop and improve our products, services, and technologies, including artificial intelligence and machine learning technologies. This includes improving features, developing new offerings, enhancing safety and security capabilities, and training models. We apply appropriate technical safeguards, including aggregation and de-identification techniques where feasible, to protect your privacy while enabling these improvements.",https://github.com,High,85,ai_training_human_review,"Personal Data to develop and improve our products, services, and technologies, including artificial intelligence",R009,explainable_rules,0.75,True,,,,0.0353,val,AI-assisted weak label; requires human review before use as gold data
17e174f79973466c,GitHub,privacy_policy,Sharing of Personal Data,"Other Users and the Public: Depending on your account settings, we may share Personal Data with other users of the Services and the public. You control what information is made public. To adjust your settings, visit User Settings in your profile. Please be aware that any information you share in a collaborative context may become publicly accessible.","Other Users and the Public: Depending on your account settings, we may share Personal Data with other users of the Services and the public. You control what information is made public. To adjust your settings, visit User Settings in your profile. Please be aware that any information you share in a collaborative context may become publicly accessible.",https://github.com,High,90,tracking_profiling,"adjust your settings, visit User Settings in your profile || profile",R019|R003,explainable_rules,0.75,True,,,,0.068,val,AI-assisted weak label; requires human review before use as gold data
243c23fa0233a2bf,GitHub,privacy_policy,Dispute resolution process,"An individual has the possibility, under certain conditions, to invoke binding arbitration for complaints regarding DPF compliance not resolved by any of the other DPF mechanisms. For additional information visit https://www.dataprivacyframework.gov/framework-article/ANNEX-I-introduction.","An individual has the possibility, under certain conditions, to invoke binding arbitration for complaints regarding DPF compliance not resolved by any of the other DPF mechanisms. For additional information visit https://www.dataprivacyframework.gov/framework-article/ANNEX-I-introduction.",https://github.com,High,90,liability_dispute,binding arbitration,R011,explainable_rules,0.75,True,,,,0.0317,val,AI-assisted weak label; requires human review before use as gold data
c51977dbc9c0fbd0,Google,privacy_policy,"Provide personalised services, including content and ads","We don’t share information that personally identifies you with advertisers, such as your name or email, unless you ask us to. For example, if you see an ad for a nearby flower shop and select the 'tap to call' button, we’ll connect your call and may share your phone number with the flower shop.","We don’t share information that personally identifies you with advertisers, such as your name or email, unless you ask us to. For example, if you see an ad for a nearby flower shop and select the 'tap to call' button, we’ll connect your call and may share your phone number with the flower shop.",https://google.com,High,90,tracking_profiling,"advertisers, such as your name",R019,explainable_rules,0.75,True,,,,0.0584,train,AI-assisted weak label; requires human review before use as gold data
bfaa7b3069ce3de8,Google,privacy_policy,Retaining your information,"When you delete data, we follow a deletion process to make sure that your data is safely and completely removed from our servers or retained only in anonymised form. We try to ensure that our services protect information from accidental or malicious deletion. Because of this, there may be delays between when you delete something and when copies are deleted from our active and backup systems.","When you delete data, we follow a deletion process to make sure that your data is safely and completely removed from our servers or retained only in anonymised form. We try to ensure that our services protect information from accidental or malicious deletion. Because of this, there may be delays between when you delete something and when copies are deleted from our active and backup systems.",https://google.com,High,90,retention_deletion,data is safely and completely removed from our servers or retained,R017,explainable_rules,0.75,True,,,,0.0611,train,AI-assisted weak label; requires human review before use as gold data
135f0df439ce8a1b,Google,privacy_policy,Legal bases of processing,"Google Dashboard allows you to manage information associated with specific products.<br> Personal information that you provide to us when you create a Google Account (like your name and password, phone number, date of birth or payment information).<br> Information that we collect as you use our services:<br> Information about your apps, browsers and devices, such as unique identifiers tied to the browser, application or device that you’re using and information about the interaction of your apps, browsers and devices with our services (like IP address, crash reports and system activity).<br> Information about your activity in our services, such as your search terms, Chrome browsing history that you’ve synced with your Google Account, your views and interactions with content and ads, and your activity on third-party sites and apps that use our services.","Google Dashboard allows you to manage information associated with specific products.<br> Personal information that you provide to us when you create a Google Account (like your name and password, phone number, date of birth or payment information).<br> Information that we collect as you use our services:<br> Information about your apps, browsers and devices, such as unique identifiers tied to the browser, application or device that you’re using and information about the interaction of your apps, browsers and devices with our services (like IP address, crash reports and system activity).<br> Information about your activity in our services, such as your search terms, Chrome browsing history that you’ve synced with your Google Account, your views and interactions with content and ads, and your activity on third-party sites and apps that use our services.",https://google.com,High,90,user_choice_control,"browsing history that you’ve synced with your Google Account, your views",R021,explainable_rules,0.75,True,,,,0.0907,train,AI-assisted weak label; requires human review before use as gold data
aa4a99c20a75ff93,Google,privacy_policy,use the information that we collect across our services,"If you have communicated with someone via Gmail and want to add them to a Google Doc or an event in Google Calendar, Google makes it easy to do so by auto-completing their email address when you start to type in their name. This feature makes it easier to share things with people you know. Learn more","If you have communicated with someone via Gmail and want to add them to a Google Doc or an event in Google Calendar, Google makes it easy to do so by auto-completing their email address when you start to type in their name. This feature makes it easier to share things with people you know. Learn more",https://google.com,High,90,tracking_profiling,address when you start to type in their name,R019,explainable_rules,0.75,True,,,,0.0346,train,AI-assisted weak label; requires human review before use as gold data
c9cf499c022e041f,Instagram,terms_of_service,2. How Our Service Is Funded,We show you relevant and useful ads without telling advertisers who you are. We don’t sell your personal data. We allow advertisers to tell us things like their business goal and the kind of audience they want to see their ads. We then show their ad to people who might be interested.,We show you relevant and useful ads without telling advertisers who you are. We don’t sell your personal data. We allow advertisers to tell us things like their business goal and the kind of audience they want to see their ads. We then show their ad to people who might be interested.,https://instagram.com,High,90,third_party_sharing,sell your personal data,R002,explainable_rules,0.75,True,,,,0.1955,train,AI-assisted weak label; requires human review before use as gold data
e5636af6a29c2c55,Netflix,terms_of_service,1.8. Usage Rights and Restrictions,"(ix) engage in any of the foregoing in connection with the use, creation, development, modification, prompting, fine-tuning, training, testing, benchmarking or validation of any machine learning tool, model, system, algorithm, product or other technology.","(ix) engage in any of the foregoing in connection with the use, creation, development, modification, prompting, fine-tuning, training, testing, benchmarking or validation of any machine learning tool, model, system, algorithm, product or other technology.",https://netflix.com,High,85,ai_training_human_review,"prompting, fine-tuning, training, testing, benchmarking or validation of any machine learning",R009,explainable_rules,0.75,True,,,,0.0081,train,AI-assisted weak label; requires human review before use as gold data
4dc5b327bd9886ad,Netflix,privacy_policy,Section C: Access to Account and Profiles,"If you share or otherwise allow others to have access to your account, they may be able to see viewing information, account information in the “Account” section of the service, and game related information such as text chat contents and saved game information. This remains true even when you use the profiles feature, although you can add a Profile Lock PIN to restrict streaming access on a profile (see help.netflix.com/node/114277). Please note that viewing history, recommendations, “continue watching” and similar information may be made available through various features and user experiences, such as Partner interfaces that are integrated with the Netflix service.","If you share or otherwise allow others to have access to your account, they may be able to see viewing information, account information in the “Account” section of the service, and game related information such as text chat contents and saved game information. This remains true even when you use the profiles feature, although you can add a Profile Lock PIN to restrict streaming access on a profile (see help.netflix.com/node/114277). Please note that viewing history, recommendations, “continue watching” and similar information may be made available through various features and user experiences, such as Partner interfaces that are integrated with the Netflix service.",https://netflix.com,High,90,tracking_profiling,add a Profile Lock PIN to restrict streaming access on a profile || profiles,R019|R003,explainable_rules,0.75,True,,,,0.0518,train,AI-assisted weak label; requires human review before use as gold data
9ab7799db2bbd2b5,PayPal,privacy_policy,Categories of Personal Information We Collect,"Account profile information: Such as username, profile picture, gender, or personal description, which you add that may include Sensitive Personal Information. You can set your profile to ""Private"" at any time.","Account profile information: Such as username, profile picture, gender, or personal description, which you add that may include Sensitive Personal Information. You can set your profile to ""Private"" at any time.",https://paypal.com,High,90,tracking_profiling,add that may include Sensitive Personal Information. You can set your profile || profile,R019|R003,explainable_rules,0.75,True,,,,0.0558,train,AI-assisted weak label; requires human review before use as gold data
5bc688d17a23075e,PayPal,privacy_policy,How We Use Personal Information,"AI and Automated Decision Making. We may use Personal Information to train our artificial intelligence (AI) models that power our Services and help us deliver more secure, efficient, and personalized services. PayPal also uses Automated Decision Making to provide our products and Services, conduct risk analysis, fraud prevention and risk management to protect our customers and business, including to prevent fraud against our Partners and Merchants and strategic ventures. Please see AI and Automated Decision Making to learn more.","AI and Automated Decision Making. We may use Personal Information to train our artificial intelligence (AI) models that power our Services and help us deliver more secure, efficient, and personalized services. PayPal also uses Automated Decision Making to provide our products and Services, conduct risk analysis, fraud prevention and risk management to protect our customers and business, including to prevent fraud against our Partners and Merchants and strategic ventures. Please see AI and Automated Decision Making to learn more.",https://paypal.com,High,85,ai_training_human_review,Personal Information to train our artificial intelligence,R009,explainable_rules,0.75,True,,,,0.2292,train,AI-assisted weak label; requires human review before use as gold data
e48ddd31e3de7604,PayPal,privacy_policy,When and How We Share Personal Information With Others,"Other Users if you have a business profile. If you have a business profile, we will display a payment link and disclose certain information about you to other Users, including your name or business name, profile picture or logo, and the city associated with your PayPal account, as well as total time selling with us, total number of followers, and total number of unique Users that have paid you in the past year. If you have a business profile, you can choose to display other information to other Users, such as your street address, phone number, email and website, in accordance with your business profile settings.","Other Users if you have a business profile. If you have a business profile, we will display a payment link and disclose certain information about you to other Users, including your name or business name, profile picture or logo, and the city associated with your PayPal account, as well as total time selling with us, total number of followers, and total number of unique Users that have paid you in the past year. If you have a business profile, you can choose to display other information to other Users, such as your street address, phone number, email and website, in accordance with your business profile settings.",https://paypal.com,High,90,tracking_profiling,"address, phone number, email and website, in accordance with your business profile || profile",R019|R003,explainable_rules,0.75,True,,,,0.0571,train,AI-assisted weak label; requires human review before use as gold data
8c304e6836366099,PayPal,privacy_policy,AI and Automated Decision Making,We may process your Personal Information using AI and/or Automated Decision Making technology under the circumstances described below:,We may process your Personal Information using AI and/or Automated Decision Making technology under the circumstances described below:,https://paypal.com,High,90,ai_training_human_review,Personal Information using AI and/or Automated Decision,R020,explainable_rules,0.75,True,,,,0.2748,train,AI-assisted weak label; requires human review before use as gold data
3ee2f7be8373f298,PayPal,privacy_policy,“Sale” and “Sharing” of Personal Information,"PayPal does not “sell” Personal Information or “share” Personal Information for cross-context behavioral or targeted advertising that is subject to non-exempt practices under comprehensive privacy laws in the United States, including for children under the age of 16, and has not done so in the prior 12 months. Some Personal Information collected, processed, or disclosed by a financial institution are subject to federal laws, such as the Gramm-Leach-Bliley Act. Please see Notice for Consumers of Financial Products and Services below for more information about your rights under United States federal law.","PayPal does not “sell” Personal Information or “share” Personal Information for cross-context behavioral or targeted advertising that is subject to non-exempt practices under comprehensive privacy laws in the United States, including for children under the age of 16, and has not done so in the prior 12 months. Some Personal Information collected, processed, or disclosed by a financial institution are subject to federal laws, such as the Gramm-Leach-Bliley Act. Please see Notice for Consumers of Financial Products and Services below for more information about your rights under United States federal law.",https://paypal.com,High,70,personal_data_collection|third_party_sharing|tracking_profiling,"collected, processed, or disclosed by a financial || sell” Personal Information or “share” Personal Information || targeted advertising",R013|R002|R003,explainable_rules,0.75,True,,,,0.1116,train,AI-assisted weak label; requires human review before use as gold data
df96992bc73c50d3,Pinterest,terms_of_service,11. Arbitration,"For any dispute you have with us, you agree to first contact us and try to resolve the dispute informally. To the extent permitted by law, neither party may initiate any legal proceeding—whether in court, arbitration, or any other forum—until the Notice of Dispute and Informal Dispute Resolution processes described below are completed. Nothing in this Section, however, will prevent either you or us from seeking temporary injunctive relief in court (or in arbitration) to preserve the status quo or to help enforce this arbitration clause at the outset of any dispute.","For any dispute you have with us, you agree to first contact us and try to resolve the dispute informally. To the extent permitted by law, neither party may initiate any legal proceeding—whether in court, arbitration, or any other forum—until the Notice of Dispute and Informal Dispute Resolution processes described below are completed. Nothing in this Section, however, will prevent either you or us from seeking temporary injunctive relief in court (or in arbitration) to preserve the status quo or to help enforce this arbitration clause at the outset of any dispute.",https://pinterest.com,High,90,liability_dispute,arbitration clause,R011,explainable_rules,0.75,True,,,,0.0516,train,AI-assisted weak label; requires human review before use as gold data
acaf9c55929d68e5,Pinterest,terms_of_service,11. Arbitration,"Arbitration: If we haven’t been able to resolve the dispute through the mandatory processes above, you and we each agree to resolve any claim, dispute, or controversy arising out of or relating to these Terms or the Service through binding arbitration or, for qualifying claims, in small claims court. The arbitrator will have authority to issue any remedies authorized by law.","Arbitration: If we haven’t been able to resolve the dispute through the mandatory processes above, you and we each agree to resolve any claim, dispute, or controversy arising out of or relating to these Terms or the Service through binding arbitration or, for qualifying claims, in small claims court. The arbitrator will have authority to issue any remedies authorized by law.",https://pinterest.com,High,90,liability_dispute,binding arbitration,R011,explainable_rules,0.75,True,,,,0.1248,train,AI-assisted weak label; requires human review before use as gold data
5feb5357ab1b2a90,Pinterest,terms_of_service,11. Arbitration,"Arbitration is a more informal way to resolve our disagreements than a lawsuit in court. By accepting these Terms, you agree that the U.S. Federal Arbitration Act governs the interpretation and enforcement of this Section, and that you and Pinterest are each waiving the right to a trial by jury or to participate in a class action. The arbitrator also has exclusive authority to resolve any dispute relating to the interpretation, applicability, or enforceability of this binding arbitration agreement, including any dispute regarding arbitrability.","Arbitration is a more informal way to resolve our disagreements than a lawsuit in court. By accepting these Terms, you agree that the U.S. Federal Arbitration Act governs the interpretation and enforcement of this Section, and that you and Pinterest are each waiving the right to a trial by jury or to participate in a class action. The arbitrator also has exclusive authority to resolve any dispute relating to the interpretation, applicability, or enforceability of this binding arbitration agreement, including any dispute regarding arbitrability.",https://pinterest.com,High,90,liability_dispute,binding arbitration,R011,explainable_rules,0.75,True,,,,0.1124,train,AI-assisted weak label; requires human review before use as gold data
865c6b6d4a197d0b,Pinterest,privacy_policy,1. When you give it to us or give us permission to obtain it,"Account Information: When you join our Services, we collect information like your name, email address, birthday, gender, country of residence, your interests, and preferred language. If you have a business account, depending on where you live, you may also have the option to add race and ethnicity information to your profile.","Account Information: When you join our Services, we collect information like your name, email address, birthday, gender, country of residence, your interests, and preferred language. If you have a business account, depending on where you live, you may also have the option to add race and ethnicity information to your profile.",https://pinterest.com,High,90,tracking_profiling,add race and ethnicity information to your profile || profile,R019|R003,explainable_rules,0.75,True,,,,0.0587,train,AI-assisted weak label; requires human review before use as gold data
ade93b782e09a04e,Pinterest,privacy_policy,More information on the Data Privacy Frameworks,"The Federal Trade Commission has jurisdiction over Pinterest, Inc.’s compliance with the Data Privacy Frameworks. Under certain conditions, it may be possible to invoke binding arbitration for complaints regarding DPF compliance not resolved by any of the other DPF mechanisms, see here for additional information.","The Federal Trade Commission has jurisdiction over Pinterest, Inc.’s compliance with the Data Privacy Frameworks. Under certain conditions, it may be possible to invoke binding arbitration for complaints regarding DPF compliance not resolved by any of the other DPF mechanisms, see here for additional information.",https://pinterest.com,High,90,liability_dispute,binding arbitration,R011,explainable_rules,0.75,True,,,,0.1159,train,AI-assisted weak label; requires human review before use as gold data
7d71848a4548d5a7,Reddit,terms_of_service,5. Your Content,"When Your Content is created with or submitted to the Services, you grant us a worldwide, royalty-free, perpetual, irrevocable, non-exclusive, transferable, and sublicensable license to use, copy, modify, adapt, prepare derivative works of, distribute, store, perform, and display Your Content and any name, username, voice, or likeness provided in connection with Your Content in all media formats and channels now known or later developed anywhere in the world. This license includes the right for us to make Your Content available for syndication, broadcast, distribution, or publication by other companies, organizations, or individuals who partner with Reddit. For example, this license includes the right to use Your Content to train AI and machine learning models, as further described in our Public Content Policy. You also agree that we may remove metadata associated with Your Content, and you irrevocably waive any claims and assertions of moral rights or attribution with respect to Your Content.","When Your Content is created with or submitted to the Services, you grant us a worldwide, royalty-free, perpetual, irrevocable, non-exclusive, transferable, and sublicensable license to use, copy, modify, adapt, prepare derivative works of, distribute, store, perform, and display Your Content and any name, username, voice, or likeness provided in connection with Your Content in all media formats and channels now known or later developed anywhere in the world. This license includes the right for us to make Your Content available for syndication, broadcast, distribution, or publication by other companies, organizations, or individuals who partner with Reddit. For example, this license includes the right to use Your Content to train AI and machine learning models, as further described in our Public Content Policy. You also agree that we may remove metadata associated with Your Content, and you irrevocably waive any claims and assertions of moral rights or attribution with respect to Your Content.",https://reddit.com,High,90,content_licence_reuse,"perpetual, irrevocable, non-exclusive, transferable, and sublicensable license || waive any claims and assertions of moral rights",R008|R016,explainable_rules,0.75,True,,,,0.1345,test,AI-assisted weak label; requires human review before use as gold data
ddda00e90e8bca60,Reddit,privacy_policy,Introduction,"Any data we collect is used primarily to provide our Services, which are focused on allowing people to come together and form communities. We don’t sell your personal data to third parties, including data brokers.","Any data we collect is used primarily to provide our Services, which are focused on allowing people to come together and form communities. We don’t sell your personal data to third parties, including data brokers.",https://reddit.com,High,90,third_party_sharing,sell your personal data || sell your personal data to third parties,R002|R001,explainable_rules,0.75,True,,,,0.148,test,AI-assisted weak label; requires human review before use as gold data
1b4b98aa127be80e,Reddit,privacy_policy,What Information We Collect,"| | | | | | | --- | --- | --- | --- | --- | | | Information Collected if You Use Certain Reddit Offerings | | | | | | Reddit Ads Users | | If you use Reddit Ads (Reddit’s self-serve ads platform at ads.reddit.com) on behalf of your business or organization, we collect some additional information. To sign up for Reddit Ads, you must provide your name, email address, and information about your company. Reddit may make information about your company public to comply with applicable law. If you purchase advertising services, you will need to provide transactional information as described above in “Information We Collect - Transactional Information,” and we may also require additional documentation to verify your identity.","| | | | | | | --- | --- | --- | --- | --- | | | Information Collected if You Use Certain Reddit Offerings | | | | | | Reddit Ads Users | | If you use Reddit Ads (Reddit’s self-serve ads platform at ads.reddit.com) on behalf of your business or organization, we collect some additional information. To sign up for Reddit Ads, you must provide your name, email address, and information about your company. Reddit may make information about your company public to comply with applicable law. If you purchase advertising services, you will need to provide transactional information as described above in “Information We Collect - Transactional Information,” and we may also require additional documentation to verify your identity.",https://reddit.com,High,90,tracking_profiling,"additional information. To sign up for Reddit Ads, you must provide your name",R019,explainable_rules,0.75,True,,,,0.0902,test,AI-assisted weak label; requires human review before use as gold data
91c192de26b2d637,Reddit,privacy_policy,What Information We Collect,"When using Reddit Ads, we may record a session replay of your visit for customer service, troubleshooting, and usability research purposes. | | | | Reddit Pro Users | | If you sign up for Reddit Pro, on behalf of yourself, your business or your organization, we may collect some additional information from you, including your profile type, name, industry category, website, and organization size, if applicable. If you request certain limited Reddit Pro features, we may request additional documentation to verify your identity. | | | | Reddit Program Participants and Potential Participants | | If you sign up to participate in a Reddit Program (for example, our Contributor Program), we collect, directly or indirectly through our providers, some additional information from you (such as your name, date of birth, address, email, tax, government ID, and payment information). This additional information is used and shared with our third-party payment and compliance providers to determine your eligibility to participate in the applicable Reddit Program, facilitate payments, and comply with law.","When using Reddit Ads, we may record a session replay of your visit for customer service, troubleshooting, and usability research purposes. | | | | Reddit Pro Users | | If you sign up for Reddit Pro, on behalf of yourself, your business or your organization, we may collect some additional information from you, including your profile type, name, industry category, website, and organization size, if applicable. If you request certain limited Reddit Pro features, we may request additional documentation to verify your identity. | | | | Reddit Program Participants and Potential Participants | | If you sign up to participate in a Reddit Program (for example, our Contributor Program), we collect, directly or indirectly through our providers, some additional information from you (such as your name, date of birth, address, email, tax, government ID, and payment information). This additional information is used and shared with our third-party payment and compliance providers to determine your eligibility to participate in the applicable Reddit Program, facilitate payments, and comply with law.",https://reddit.com,High,90,tracking_profiling,"additional information from you, including your profile type, name || profile",R019|R003,explainable_rules,0.75,True,,,,0.0663,test,AI-assisted weak label; requires human review before use as gold data
6507e8f3a3625f53,Reddit,privacy_policy,"EU-U.S., UK Extension, and Swiss-U.S. Data Privacy Frameworks Disclosure","In some situations, the DPF Framework gives you the right to invoke binding arbitration. You can do this to resolve complaints not resolved by other means, as described in Annex I to the DPF framework. In compliance with the EU-U.S. DPF and the UK Extension to the EU-U.S. DPF and the Swiss-U.S. DPF, Reddit, Inc., commits to refer unresolved complaints concerning our handling of personal data received in reliance on the EU-U.S. DPF and the UK Extension to the EU-U.S. DPF and the Swiss-U.S. DPF to JAMS, an alternative dispute resolution provider based in the United States. If you do not receive timely acknowledgment of your DPF Principles-related complaint from us, or if we have not addressed your DPF Principles-related complaint to your satisfaction, please visit https://www.jamsadr.com/dpf-dispute-resolution for more information or to file a complaint. The services of JAMS are provided at no cost to you.","In some situations, the DPF Framework gives you the right to invoke binding arbitration. You can do this to resolve complaints not resolved by other means, as described in Annex I to the DPF framework. In compliance with the EU-U.S. DPF and the UK Extension to the EU-U.S. DPF and the Swiss-U.S. DPF, Reddit, Inc., commits to refer unresolved complaints concerning our handling of personal data received in reliance on the EU-U.S. DPF and the UK Extension to the EU-U.S. DPF and the Swiss-U.S. DPF to JAMS, an alternative dispute resolution provider based in the United States. If you do not receive timely acknowledgment of your DPF Principles-related complaint from us, or if we have not addressed your DPF Principles-related complaint to your satisfaction, please visit https://www.jamsadr.com/dpf-dispute-resolution for more information or to file a complaint. The services of JAMS are provided at no cost to you.",https://reddit.com,High,90,liability_dispute,binding arbitration,R011,explainable_rules,0.75,True,,,,0.1331,test,AI-assisted weak label; requires human review before use as gold data
fd13f1b594de1094,Steam,privacy_policy,3. The Types and Sources of Data We Collect,"3.1 Basic Account Data When setting up an Account, Valve will collect your email address and country of residence. You are also required to choose a user name and a password. The provision of this information is necessary to register a Steam User Account. During setup of your account, the account is automatically assigned a number (the ""Steam ID"") that is later used to reference your user account without directly exposing Personally Identifying Information about you. We do not require you to provide or use your real name for the setup of a Steam User Account.","3.1 Basic Account Data When setting up an Account, Valve will collect your email address and country of residence. You are also required to choose a user name and a password. The provision of this information is necessary to register a Steam User Account. During setup of your account, the account is automatically assigned a number (the ""Steam ID"") that is later used to reference your user account without directly exposing Personally Identifying Information about you. We do not require you to provide or use your real name for the setup of a Steam User Account.",https://steampowered.com,High,90,tracking_profiling,address and country of residence. You are also required to choose a user name,R019,explainable_rules,0.75,True,,,,0.0489,test,AI-assisted weak label; requires human review before use as gold data
b621dd19db8a66da,Steam,privacy_policy,5. Who Has Access to Data,"5.4 We make certain data related to your Steam User Account available to other players and our partners through the Steamworks API. This information can be accessed by anyone by querying your Steam ID. At a minimum, the public persona name you have chosen to represent you on Steam and your Avatar picture are accessible this way, as well as whether you have received a ban for cheating in a multiplayer game. The accessibility of any additional info about you can be controlled through your Steam Community user profile page; data publicly available on your profile page can be accessed automatically through the Steamworks API. In addition to the publicly available information, game developers and publishers have access to certain information from the Steamworks API directly relating to the users of the games they operate. This information includes as a minimum your ownership of the game in question.","5.4 We make certain data related to your Steam User Account available to other players and our partners through the Steamworks API. This information can be accessed by anyone by querying your Steam ID. At a minimum, the public persona name you have chosen to represent you on Steam and your Avatar picture are accessible this way, as well as whether you have received a ban for cheating in a multiplayer game. The accessibility of any additional info about you can be controlled through your Steam Community user profile page; data publicly available on your profile page can be accessed automatically through the Steamworks API. In addition to the publicly available information, game developers and publishers have access to certain information from the Steamworks API directly relating to the users of the games they operate. This information includes as a minimum your ownership of the game in question.",https://steampowered.com,High,90,tracking_profiling,additional info about you can be controlled through your Steam Community user profile || profile,R019|R003,explainable_rules,0.75,True,,,,0.0357,test,AI-assisted weak label; requires human review before use as gold data
9c43d9df6775444b,Steam,privacy_policy,5. Who Has Access to Data,"Depending on which Steamworks services are implemented in the game it may also include leaderboard information, your progress in the game, achievements you have completed, your multiplayer game matchmaking information, in-game items and other information needed to operate the game and provide support for it. For more information on what Steamworks services a specific game has implemented, please review its store page. While we do not knowingly share Personally Identifying Information about you through the Steamworks API such as your real name or your email address, any information you share about yourself on your public Steam Profile can be accessed through the Steamworks API, including information that may make you identifiable.","Depending on which Steamworks services are implemented in the game it may also include leaderboard information, your progress in the game, achievements you have completed, your multiplayer game matchmaking information, in-game items and other information needed to operate the game and provide support for it. For more information on what Steamworks services a specific game has implemented, please review its store page. While we do not knowingly share Personally Identifying Information about you through the Steamworks API such as your real name or your email address, any information you share about yourself on your public Steam Profile can be accessed through the Steamworks API, including information that may make you identifiable.",https://steampowered.com,High,90,tracking_profiling,"address, any information you share about yourself on your public Steam Profile || Profile",R019|R003,explainable_rules,0.75,True,,,,0.0459,test,AI-assisted weak label; requires human review before use as gold data
75c2b1a7c6e59908,Steam,privacy_policy,6.3. Right to Erasure,"6.8 Arbitration If Valve does not resolve any claimed violations of the Principles by any other DPF mechanism or by your rights under this section, you have � in accordance with the requirements of Annex I to the DPF � the possibility to invoke binding arbitration before the EU-U.S. Data Privacy Framework Panel.","6.8 Arbitration If Valve does not resolve any claimed violations of the Principles by any other DPF mechanism or by your rights under this section, you have � in accordance with the requirements of Annex I to the DPF � the possibility to invoke binding arbitration before the EU-U.S. Data Privacy Framework Panel.",https://steampowered.com,High,90,liability_dispute,binding arbitration,R011,explainable_rules,0.75,True,,,,0.0366,test,AI-assisted weak label; requires human review before use as gold data
96ac436bab1c5fd6,TikTok,privacy_policy,Information You Provide,"Account Information. We collect information that you provide when you set up an account, such as your date of birth, username, email address and/or telephone number, and password. You can choose to add other information to your account, such as a bio or image.","Account Information. We collect information that you provide when you set up an account, such as your date of birth, username, email address and/or telephone number, and password. You can choose to add other information to your account, such as a bio or image.",https://tiktok.com,High,90,tracking_profiling,"add other information to your account, such as a bio or image",R019,explainable_rules,0.75,True,,,,0.0823,train,AI-assisted weak label; requires human review before use as gold data
9c15d59be28a1778,TikTok,privacy_policy,Information From Other Sources,"Third Party Platforms and Partners. Third party platforms provide us with information (such as your email address, authentication ID, and public profile) when you choose to sign up for or log in to the Platform using sign-in features provided by those third parties. We may also receive contact information that you hold or is held about you when contact information is synced with our Platform by you or another user. When you interact with any third party service (such as third party apps, websites or products) that integrate TikTok Developer Tools, we will receive the information necessary to provide you with features like cross-service authentication or cross-posting. For example, this will happen if you log in to another platform with your TikTok account or if you use TikTok’s “share” button on a third party platform to share content from there to the Platform. We may also receive information from third party providers which we use for safety purposes, including to protect users on the Platform and for content moderation.","Third Party Platforms and Partners. Third party platforms provide us with information (such as your email address, authentication ID, and public profile) when you choose to sign up for or log in to the Platform using sign-in features provided by those third parties. We may also receive contact information that you hold or is held about you when contact information is synced with our Platform by you or another user. When you interact with any third party service (such as third party apps, websites or products) that integrate TikTok Developer Tools, we will receive the information necessary to provide you with features like cross-service authentication or cross-posting. For example, this will happen if you log in to another platform with your TikTok account or if you use TikTok’s “share” button on a third party platform to share content from there to the Platform. We may also receive information from third party providers which we use for safety purposes, including to protect users on the Platform and for content moderation.",https://tiktok.com,High,90,tracking_profiling,"address, authentication ID, and public profile || profile",R019|R003,explainable_rules,0.75,True,,,,0.0513,train,AI-assisted weak label; requires human review before use as gold data
f896edd0eeb6202a,TikTok,privacy_policy,Partners,"Advertisers. We provide advertisers with reports about the performance of their ads and other content on the Platform in order to help them measure their effectiveness and understand their audience. These reports contain aggregate information of certain Information You Provide, Automatically Collected Information, and Information From Other Sources. We don’t share information with advertisers that can be used to contact you (such as your name or email address) unless you give us your permission.","Advertisers. We provide advertisers with reports about the performance of their ads and other content on the Platform in order to help them measure their effectiveness and understand their audience. These reports contain aggregate information of certain Information You Provide, Automatically Collected Information, and Information From Other Sources. We don’t share information with advertisers that can be used to contact you (such as your name or email address) unless you give us your permission.",https://tiktok.com,High,90,tracking_profiling,advertisers that can be used to contact you (such as your name,R019,explainable_rules,0.75,True,,,,0.0636,train,AI-assisted weak label; requires human review before use as gold data
8ce1b40613f3e715,YouTube,privacy_policy,"Provide personalized services, including content and ads","We don’t share information that personally identifies you with advertisers, such as your name or email, unless you ask us to. For example, if you see an ad for a nearby flower shop and select the “tap to call” button, we’ll connect your call and may share your phone number with the flower shop.","We don’t share information that personally identifies you with advertisers, such as your name or email, unless you ask us to. For example, if you see an ad for a nearby flower shop and select the “tap to call” button, we’ll connect your call and may share your phone number with the flower shop.",https://youtube.com,High,90,tracking_profiling,"advertisers, such as your name",R019,explainable_rules,0.75,True,,,,0.0703,train,AI-assisted weak label; requires human review before use as gold data
6fb20a3d1a9808f4,YouTube,privacy_policy,Retaining your information,"When you delete data, we follow a deletion process to make sure that your data is safely and completely removed from our servers or retained only in anonymized form. We try to ensure that our services protect information from accidental or malicious deletion. Because of this, there may be delays between when you delete something and when copies are deleted from our active and backup systems.","When you delete data, we follow a deletion process to make sure that your data is safely and completely removed from our servers or retained only in anonymized form. We try to ensure that our services protect information from accidental or malicious deletion. Because of this, there may be delays between when you delete something and when copies are deleted from our active and backup systems.",https://youtube.com,High,90,retention_deletion,data is safely and completely removed from our servers or retained,R017,explainable_rules,0.75,True,,,,0.0957,train,AI-assisted weak label; requires human review before use as gold data
53575071cc5f17e1,YouTube,privacy_policy,use the information we collect across our services,"If you have communicated with someone via Gmail and want to add them to a Google Doc or an event in Google Calendar, Google makes it easy to do so by autocompleting their email address when you start to type in their name. This feature makes it easier to share things with people you know. Learn more","If you have communicated with someone via Gmail and want to add them to a Google Doc or an event in Google Calendar, Google makes it easy to do so by autocompleting their email address when you start to type in their name. This feature makes it easier to share things with people you know. Learn more",https://youtube.com,High,90,tracking_profiling,address when you start to type in their name,R019,explainable_rules,0.75,True,,,,0.0492,train,AI-assisted weak label; requires human review before use as gold data
7e2cc0fe96170106,Amazon,terms_of_service,"REVIEWS, COMMENTS, COMMUNICATIONS, AND OTHER CONTENT","If you do post content or submit material, and unless we indicate otherwise, you grant Amazon a nonexclusive, royalty-free, perpetual, irrevocable, and fully sublicensable right to use, reproduce, modify, adapt, publish, perform, translate, create derivative works from, distribute, and display such content throughout the world in any media. You grant Amazon and sublicensees the right to use the name that you submit in connection with such content, if they choose. You represent and warrant that you own or otherwise control all of the rights to the content that you post; that the content is accurate; that use of the content you supply does not violate this policy and will not cause injury to any person or entity; and that you will indemnify Amazon for all claims resulting from content you supply. Amazon has the right but not the obligation to monitor and edit or remove any activity or content. Amazon takes no responsibility and assumes no liability for any content posted by you or any third party.","If you do post content or submit material, and unless we indicate otherwise, you grant Amazon a nonexclusive, royalty-free, perpetual, irrevocable, and fully sublicensable right to use, reproduce, modify, adapt, publish, perform, translate, create derivative works from, distribute, and display such content throughout the world in any media. You grant Amazon and sublicensees the right to use the name that you submit in connection with such content, if they choose. You represent and warrant that you own or otherwise control all of the rights to the content that you post; that the content is accurate; that use of the content you supply does not violate this policy and will not cause injury to any person or entity; and that you will indemnify Amazon for all claims resulting from content you supply. Amazon has the right but not the obligation to monitor and edit or remove any activity or content. Amazon takes no responsibility and assumes no liability for any content posted by you or any third party.",https://amazon.com,High,95,content_licence_reuse|liability_dispute,"perpetual, irrevocable, and fully sublicensable right || no liability",R008|R012,explainable_rules,0.75,True,,,,0.1027,train,AI-assisted weak label; requires human review before use as gold data
eced928481727929,Amazon,terms_of_service,DISPUTES,"YOU AND WE AGREE THAT ANY DISPUTE OR CLAIM RELATING IN ANY WAY TO YOUR USE OF ANY AMAZON SERVICE, OR TO ANY PRODUCTS OR SERVICES SOLD OR DISTRIBUTED BY AMAZON OR THROUGH AMAZON.COM, WILL BE RESOLVED BY BINDING ARBITRATION RATHER THAN IN COURT. The only exceptions are: (i) if the dispute or claim qualifies for small claims court in the jurisdiction in which you reside, then you or we may sue there instead; (ii) you or we may seek injunctive relief in court to stop infringement or misuse of intellectual property rights (like trademarks, copyrights, and patents), or to restrain future violations of the law for the benefit of the general public as a whole, rather than a subset of similarly situated persons; and (iii) all disputes about whether you or we complied with the pre-arbitration dispute resolution procedure set forth below (which is a condition precedent to filing arbitration) must be decided by a court and not by an arbitrator.","YOU AND WE AGREE THAT ANY DISPUTE OR CLAIM RELATING IN ANY WAY TO YOUR USE OF ANY AMAZON SERVICE, OR TO ANY PRODUCTS OR SERVICES SOLD OR DISTRIBUTED BY AMAZON OR THROUGH AMAZON.COM, WILL BE RESOLVED BY BINDING ARBITRATION RATHER THAN IN COURT. The only exceptions are: (i) if the dispute or claim qualifies for small claims court in the jurisdiction in which you reside, then you or we may sue there instead; (ii) you or we may seek injunctive relief in court to stop infringement or misuse of intellectual property rights (like trademarks, copyrights, and patents), or to restrain future violations of the law for the benefit of the general public as a whole, rather than a subset of similarly situated persons; and (iii) all disputes about whether you or we complied with the pre-arbitration dispute resolution procedure set forth below (which is a condition precedent to filing arbitration) must be decided by a court and not by an arbitrator.",https://amazon.com,High,90,liability_dispute,BINDING ARBITRATION,R011,explainable_rules,0.75,True,,,,0.0415,train,AI-assisted weak label; requires human review before use as gold data
c376d068dc972bd5,Amazon,terms_of_service,DISPUTES,"Class Action Waiver. YOU AND WE AGREE THAT ANY ARBITRATION PROCEEDING WILL BE CONDUCTED ONLY ON AN INDIVIDUAL BASIS AND NOT IN A CLASS OR REPRESENTATIVE ACTION. You and we may only seek or obtain individualized relief in arbitration, and claims or requests for public injunctive relief or relief where you or we act in a representative capacity are not allowed.","Class Action Waiver. YOU AND WE AGREE THAT ANY ARBITRATION PROCEEDING WILL BE CONDUCTED ONLY ON AN INDIVIDUAL BASIS AND NOT IN A CLASS OR REPRESENTATIVE ACTION. You and we may only seek or obtain individualized relief in arbitration, and claims or requests for public injunctive relief or relief where you or we act in a representative capacity are not allowed.",https://amazon.com,High,90,liability_dispute,Class Action Waiver,R011,explainable_rules,0.75,True,,,,0.0335,train,AI-assisted weak label; requires human review before use as gold data
d8ec02ad63eb06c1,Amazon,terms_of_service,DISPUTES,"Arbitration Process and Procedure. If you and we do not reach a resolution within 60 days from receiving a notice of dispute or after completing a timely requested settlement conference, whichever is later, then you or we may initiate binding arbitration. Arbitration shall: (i) be administered by JAMS pursuant to the JAMS Streamlined Arbitration Rules & Procedures; (ii) be conducted by a single arbitrator; and (iii) take place virtually, in the county where you reside, or in any other location mutually agreed upon. To the extent this arbitration agreement conflicts with the JAMS Policy on Consumer Arbitrations Pursuant to Pre-Dispute Clauses Minimum Standards for Procedural Fairness (the “Minimum Standards”), then the Minimum Standards shall take precedence. The arbitrator shall issue a written award that states the disposition of each claim and provides a concise statement of the essential findings and conclusions on which it is based. You and we agree that any awards issued in other arbitrations will have no precedential or preclusive effect in any arbitration between us unless you and we were parties to the prior award.","Arbitration Process and Procedure. If you and we do not reach a resolution within 60 days from receiving a notice of dispute or after completing a timely requested settlement conference, whichever is later, then you or we may initiate binding arbitration. Arbitration shall: (i) be administered by JAMS pursuant to the JAMS Streamlined Arbitration Rules & Procedures; (ii) be conducted by a single arbitrator; and (iii) take place virtually, in the county where you reside, or in any other location mutually agreed upon. To the extent this arbitration agreement conflicts with the JAMS Policy on Consumer Arbitrations Pursuant to Pre-Dispute Clauses Minimum Standards for Procedural Fairness (the “Minimum Standards”), then the Minimum Standards shall take precedence. The arbitrator shall issue a written award that states the disposition of each claim and provides a concise statement of the essential findings and conclusions on which it is based. You and we agree that any awards issued in other arbitrations will have no precedential or preclusive effect in any arbitration between us unless you and we were parties to the prior award.",https://amazon.com,High,90,liability_dispute,binding arbitration,R011,explainable_rules,0.75,True,,,,0.0275,train,AI-assisted weak label; requires human review before use as gold data
d70ebdab6cd51732,Amazon,terms_of_service,DISPUTES,"Delegation and Severability. You and we each agree that the arbitrator shall have exclusive authority to resolve all disputes relating in any way to the interpretation, applicability, enforceability, or formation of this arbitration agreement, including disputes about whether a particular claim or demand for relief is subject to arbitration and whether this arbitration agreement is unconscionable, illusory, or otherwise unenforceable. If the arbitrator determines that you and we are precluded from arbitrating any claim or demand for relief, then that claim or demand for relief (and only that claim or demand for relief) must be severed from the arbitration. You and we agree that any severed claim or demand for relief, any request for public injunctive relief, and any dispute about whether you or we complied with the pre-arbitration dispute resolution procedure may be brought only in state or federal court in King County, Washington, where you and we consent to personal jurisdiction and venue and waive any right to a jury trial.","Delegation and Severability. You and we each agree that the arbitrator shall have exclusive authority to resolve all disputes relating in any way to the interpretation, applicability, enforceability, or formation of this arbitration agreement, including disputes about whether a particular claim or demand for relief is subject to arbitration and whether this arbitration agreement is unconscionable, illusory, or otherwise unenforceable. If the arbitrator determines that you and we are precluded from arbitrating any claim or demand for relief, then that claim or demand for relief (and only that claim or demand for relief) must be severed from the arbitration. You and we agree that any severed claim or demand for relief, any request for public injunctive relief, and any dispute about whether you or we complied with the pre-arbitration dispute resolution procedure may be brought only in state or federal court in King County, Washington, where you and we consent to personal jurisdiction and venue and waive any right to a jury trial.",https://amazon.com,High,90,liability_dispute,waive any right to a jury trial,R011,explainable_rules,0.75,True,,,,0.0205,train,AI-assisted weak label; requires human review before use as gold data
d0e32eead7afb4f2,Amazon,privacy_policy,Does Amazon Share Your Personal Information?,"Information about our customers is an important part of our business, and we are not in the business of selling our customers' personal information to others. We share customers' personal information only as described below and with subsidiaries Amazon.com, Inc. controls that either are subject to this Privacy Notice or follow practices at least as protective as those described in this Privacy Notice.","Information about our customers is an important part of our business, and we are not in the business of selling our customers' personal information to others. We share customers' personal information only as described below and with subsidiaries Amazon.com, Inc. controls that either are subject to this Privacy Notice or follow practices at least as protective as those described in this Privacy Notice.",https://amazon.com,High,90,third_party_sharing,selling our customers' personal information,R002,explainable_rules,0.75,True,,,,0.1218,train,AI-assisted weak label; requires human review before use as gold data
2aa04ef9ddae9ae8,Amazon,privacy_policy,Does Amazon Share Your Personal Information?,"Business Transfers: As we continue to develop our business, we might sell or buy other businesses or services. In such transactions, customer information generally is one of the transferred business assets but remains subject to the promises made in any pre-existing Privacy Notice (unless, of course, the customer consents otherwise). Also, in the unlikely event that Amazon.com, Inc. or substantially all of its assets are acquired, customer information will of course be one of the transferred assets.","Business Transfers: As we continue to develop our business, we might sell or buy other businesses or services. In such transactions, customer information generally is one of the transferred business assets but remains subject to the promises made in any pre-existing Privacy Notice (unless, of course, the customer consents otherwise). Also, in the unlikely event that Amazon.com, Inc. or substantially all of its assets are acquired, customer information will of course be one of the transferred assets.",https://amazon.com,High,90,third_party_sharing,"sell or buy other businesses or services. In such transactions, customer information",R002,explainable_rules,0.75,True,,,,0.0419,train,AI-assisted weak label; requires human review before use as gold data
0f8c23b42b89fb83,Amazon,privacy_policy,What Information Can I Access in My Account?,"You can access your information, including your name, address, payment options, profile information, Prime membership, household settings, and purchase history in the ""Your Account"" section of the website.","You can access your information, including your name, address, payment options, profile information, Prime membership, household settings, and purchase history in the ""Your Account"" section of the website.",https://amazon.com,High,90,tracking_profiling,"address, payment options, profile || profile",R019|R003,explainable_rules,0.75,True,,,,0.0273,train,AI-assisted weak label; requires human review before use as gold data
6f2638feef18f644,Amazon,privacy_policy,Information You Give Us When You Use Amazon Services,provide information in Your Account (and you might have more than one if you have used more than one email address or mobile number when shopping with us) or Your Profile;,provide information in Your Account (and you might have more than one if you have used more than one email address or mobile number when shopping with us) or Your Profile;,https://amazon.com,High,90,tracking_profiling,address or mobile number when shopping with us) or Your Profile || Profile,R019|R003,explainable_rules,0.75,True,,,,0.0669,train,AI-assisted weak label; requires human review before use as gold data
00f6723e051c762c,X (Twitter),privacy_policy,1. Information We Collect,"Personal accounts. If you create an account, you must provide us with some information so that we can provide our services to you. This includes a display name (for example, “Creators”); a username (for example, @XCreators); a password; an email address or phone number; a date of birth; your display language; and third-party single sign-in information (if you choose this sign-in method). You can also choose to share your location in your profile and posts, and to upload your address book to X to help find people you may know. Your profile information, which includes your display name and username, is always public, but you can use either your real name or a pseudonym. And remember, you can create multiple X accounts, for example, to express different parts of your identity, professional or otherwise.","Personal accounts. If you create an account, you must provide us with some information so that we can provide our services to you. This includes a display name (for example, “Creators”); a username (for example, @XCreators); a password; an email address or phone number; a date of birth; your display language; and third-party single sign-in information (if you choose this sign-in method). You can also choose to share your location in your profile and posts, and to upload your address book to X to help find people you may know. Your profile information, which includes your display name and username, is always public, but you can use either your real name or a pseudonym. And remember, you can create multiple X accounts, for example, to express different parts of your identity, professional or otherwise.",https://twitter.com,High,90,tracking_profiling,address book to X to help find people you may know. Your profile || profile,R019|R003,explainable_rules,0.75,True,,,,0.0942,train,AI-assisted weak label; requires human review before use as gold data
95cfb0e24de6e849,X (Twitter),privacy_policy,3. Sharing Information,"Content you send to a specific X user, such as through Direct Messages. Please keep in mind that if you’ve shared information like Direct Messages or protected posts with someone else who accesses X through a third-party service, the information may be shared with the third-party service.","Content you send to a specific X user, such as through Direct Messages. Please keep in mind that if you’ve shared information like Direct Messages or protected posts with someone else who accesses X through a third-party service, the information may be shared with the third-party service.",https://twitter.com,High,90,user_choice_control,Direct Messages or protected posts with someone else who accesses,R021,explainable_rules,0.75,True,,,,0.0865,train,AI-assisted weak label; requires human review before use as gold data
97f6d2866983ec8b,X (Twitter),privacy_policy,4. How Long We Keep Information,"Remember public content can exist elsewhere even after it is removed from X. For example, search engines and other third parties may retain copies of your posts longer, based upon their own privacy policies, even after they are deleted or expire on X. You can read more about search visibility here.","Remember public content can exist elsewhere even after it is removed from X. For example, search engines and other third parties may retain copies of your posts longer, based upon their own privacy policies, even after they are deleted or expire on X. You can read more about search visibility here.",https://twitter.com,High,90,retention_deletion,"content can exist elsewhere even after it is removed from X. For example, search engines and other third parties may retain",R017,explainable_rules,0.75,True,,,,0.0818,train,AI-assisted weak label; requires human review before use as gold data
55643c9c88a46f97,X (Twitter),privacy_policy,6. Your Rights And Ours,"X has carefully considered the legal reasons it is permitted to collect, use, share and otherwise process your information. If you want to dig in to learn more and better understand the nuances, we’d encourage you to check out this additional information about data processing. And no, we don’t sell your personal information.","X has carefully considered the legal reasons it is permitted to collect, use, share and otherwise process your information. If you want to dig in to learn more and better understand the nuances, we’d encourage you to check out this additional information about data processing. And no, we don’t sell your personal information.",https://twitter.com,High,90,third_party_sharing,sell your personal information,R002,explainable_rules,0.75,True,,,,0.1528,train,AI-assisted weak label; requires human review before use as gold data
b0bc67e45952fc80,Discord,terms_of_service,What you can expect from us,"We’re actively developing new features and products to improve Discord. As part of these efforts, we may add or remove features, start offering new services, or stop offering some services entirely (or just in some places or for some users) if they no longer make sense from a business perspective or create risk for Discord, our users, or other third parties. While we try to avoid disruptions, we cannot guarantee that there will not be an outage or change to the services, and your content may not be retrievable due to such outages or changes. We are not liable for any such outages or service changes.","We’re actively developing new features and products to improve Discord. As part of these efforts, we may add or remove features, start offering new services, or stop offering some services entirely (or just in some places or for some users) if they no longer make sense from a business perspective or create risk for Discord, our users, or other third parties. While we try to avoid disruptions, we cannot guarantee that there will not be an outage or change to the services, and your content may not be retrievable due to such outages or changes. We are not liable for any such outages or service changes.",https://discord.com,Medium,60,liability_dispute,not liable,R012,explainable_rules,0.65,False,,,,0.0504,train,AI-assisted weak label; requires human review before use as gold data
52a1c818d8b470c0,Discord,terms_of_service,Term & Termination,"Our right to terminate. Subject to applicable law, we reserve the right to suspend or terminate your account and/or your access to some or all of our services with or without notice, at our discretion for any reason, or for the following reasons:","Our right to terminate. Subject to applicable law, we reserve the right to suspend or terminate your account and/or your access to some or all of our services with or without notice, at our discretion for any reason, or for the following reasons:",https://discord.com,Medium,60,account_content_termination,suspend or terminate your account and/or your access to some or all of our services with or without notice,R010,explainable_rules,0.65,False,,,,0.0991,train,AI-assisted weak label; requires human review before use as gold data
9ac82289e5d40acb,Discord,terms_of_service,Services “AS IS”,"We work hard to offer great services, but we can’t guarantee any minimum levels of quality of services (which may also depend on factors beyond our control, such as the quality of your internet access and equipment). TO THE FULLEST EXTENT PERMITTED BY LAW, DISCORD, ITS AFFILIATES, AND THEIR RESPECTIVE SUPPLIERS MAKE NO WARRANTIES, EITHER EXPRESS OR IMPLIED, ABOUT THE SERVICES. THE SERVICES ARE PROVIDED “AS IS.” WE ALSO DISCLAIM ANY IMPLIED WARRANTIES OF MERCHANTABILITY, FITNESS FOR A PARTICULAR PURPOSE, QUIET ENJOYMENT, AND NON-INFRINGEMENT, AND ANY WARRANTIES ARISING OUT OF COURSE OF DEALING OR USAGE OF TRADE. THE LAWS OF CERTAIN JURISDICTIONS OR STATES DO NOT ALLOW LIMITATIONS ON IMPLIED WARRANTIES. TO THE EXTENT SUCH WARRANTIES CANNOT BE DISCLAIMED UNDER THE LAWS OF YOUR JURISDICTION, WE LIMIT THE DURATION AND REMEDIES OF SUCH WARRANTIES TO THE FULL EXTENT PERMISSIBLE UNDER THOSE LAWS.","We work hard to offer great services, but we can’t guarantee any minimum levels of quality of services (which may also depend on factors beyond our control, such as the quality of your internet access and equipment). TO THE FULLEST EXTENT PERMITTED BY LAW, DISCORD, ITS AFFILIATES, AND THEIR RESPECTIVE SUPPLIERS MAKE NO WARRANTIES, EITHER EXPRESS OR IMPLIED, ABOUT THE SERVICES. THE SERVICES ARE PROVIDED “AS IS.” WE ALSO DISCLAIM ANY IMPLIED WARRANTIES OF MERCHANTABILITY, FITNESS FOR A PARTICULAR PURPOSE, QUIET ENJOYMENT, AND NON-INFRINGEMENT, AND ANY WARRANTIES ARISING OUT OF COURSE OF DEALING OR USAGE OF TRADE. THE LAWS OF CERTAIN JURISDICTIONS OR STATES DO NOT ALLOW LIMITATIONS ON IMPLIED WARRANTIES. TO THE EXTENT SUCH WARRANTIES CANNOT BE DISCLAIMED UNDER THE LAWS OF YOUR JURISDICTION, WE LIMIT THE DURATION AND REMEDIES OF SUCH WARRANTIES TO THE FULL EXTENT PERMISSIBLE UNDER THOSE LAWS.",https://discord.com,Medium,60,liability_dispute,DISCLAIM,R012,explainable_rules,0.65,False,,,,0.0801,train,AI-assisted weak label; requires human review before use as gold data
04a57be4e98605ff,Discord,terms_of_service,Limitation of liability,THE EXCLUSIONS AND LIMITATIONS OF DAMAGES SET FORTH ABOVE ARE FUNDAMENTAL ELEMENTS OF THE BASIS OF THE BARGAIN BETWEEN DISCORD AND YOU. THE LIMITATION OF LIABILITY DESCRIBED ABOVE SHALL APPLY FULLY TO RESIDENTS OF NEW JERSEY.,THE EXCLUSIONS AND LIMITATIONS OF DAMAGES SET FORTH ABOVE ARE FUNDAMENTAL ELEMENTS OF THE BASIS OF THE BARGAIN BETWEEN DISCORD AND YOU. THE LIMITATION OF LIABILITY DESCRIBED ABOVE SHALL APPLY FULLY TO RESIDENTS OF NEW JERSEY.,https://discord.com,Medium,60,liability_dispute,LIMITATION OF LIABILITY,R012,explainable_rules,0.65,False,,,,0.0734,train,AI-assisted weak label; requires human review before use as gold data
af2c0107ecdb8953,Discord,terms_of_service,More important stuff,Any disclaimer of warranties such as those under the “Services ‘AS IS’” section;,Any disclaimer of warranties such as those under the “Services ‘AS IS’” section;,https://discord.com,Medium,60,liability_dispute,disclaimer,R012,explainable_rules,0.65,False,,,,0.0,train,AI-assisted weak label; requires human review before use as gold data
6163d93354cb54fc,Discord,terms_of_service,More important stuff,Any applicable limitation of liability such as those under the “Limitation of Liability” section;,Any applicable limitation of liability such as those under the “Limitation of Liability” section;,https://discord.com,Medium,60,liability_dispute,limitation of liability,R012,explainable_rules,0.65,False,,,,0.1011,train,AI-assisted weak label; requires human review before use as gold data
c08b3685d1f89ec4,Discord,privacy_policy,Information you provide to us,"Information from optional features. Certain features, like contact syncing, may require that you provide additional information (or grant us access to such information) to make them work. This also includes if you choose to interact with sponsored content, enable integrations, or authorize third-party services to share data with us. For example, when you link a music streaming or game account, we may collect information about that account such as the song you are listening to or the game you are playing in order to display that information on your profile or as your status (if you have chosen to do so).","Information from optional features. Certain features, like contact syncing, may require that you provide additional information (or grant us access to such information) to make them work. This also includes if you choose to interact with sponsored content, enable integrations, or authorize third-party services to share data with us. For example, when you link a music streaming or game account, we may collect information about that account such as the song you are listening to or the game you are playing in order to display that information on your profile or as your status (if you have chosen to do so).",https://discord.com,Medium,60,tracking_profiling,profile,R003,explainable_rules,0.65,False,,,,0.0564,train,AI-assisted weak label; requires human review before use as gold data
75f498aaecbf022f,Discord,privacy_policy,To fulfill our contract with you,"To meet our commitments to the Discord community. We work hard to try to make Discord a safe, positive, and inclusive place. To do so, we use your information to monitor for and take action against users and content that violate our Terms of Service, Community Guidelines, and other policies. This includes responding to user reports, generating transcriptions of content as part of our investigation, detecting fraud and malware, and proactively scanning attachments and other content for illegal or harmful activity. We also use certain information, which may include content reported to us, content that violates our Terms of Service, and certain other content widely available on the service (such as public posts, usernames, avatars, banners, user profiles, server names, server icons, and server banners), to create systems and models that can be automated to more swiftly detect, categorize, and take action against prohibited content or conduct.","To meet our commitments to the Discord community. We work hard to try to make Discord a safe, positive, and inclusive place. To do so, we use your information to monitor for and take action against users and content that violate our Terms of Service, Community Guidelines, and other policies. This includes responding to user reports, generating transcriptions of content as part of our investigation, detecting fraud and malware, and proactively scanning attachments and other content for illegal or harmful activity. We also use certain information, which may include content reported to us, content that violates our Terms of Service, and certain other content widely available on the service (such as public posts, usernames, avatars, banners, user profiles, server names, server icons, and server banners), to create systems and models that can be automated to more swiftly detect, categorize, and take action against prohibited content or conduct.",https://discord.com,Medium,60,tracking_profiling,profiles,R003,explainable_rules,0.65,False,,,,0.0554,train,AI-assisted weak label; requires human review before use as gold data
6047149556874abf,Discord,privacy_policy,For our legitimate business interests,"To report on our company’s performance. We use your information to track the fundamental metrics of our business, to perform financial reporting, to respond to regulatory obligations, and to debug billing issues.","To report on our company’s performance. We use your information to track the fundamental metrics of our business, to perform financial reporting, to respond to regulatory obligations, and to debug billing issues.",https://discord.com,Medium,60,tracking_profiling,track,R003,explainable_rules,0.65,False,,,,0.0701,train,AI-assisted weak label; requires human review before use as gold data
9fb74d2799ec855e,Discord,privacy_policy,Be aware of the Discord spaces you choose to participate in,"You can choose what spaces to participate in and what information you add to our services. You can choose what messages to send or post, who to engage with (e.g., one or more particular users or a potentially unlimited group of users), what information to include in your profile, whether to connect any third party services to your Discord account, and more. For example, if you share content in certain spaces, such as servers listed in Server Discovery or with public invite links, your content may be accessed by anyone.","You can choose what spaces to participate in and what information you add to our services. You can choose what messages to send or post, who to engage with (e.g., one or more particular users or a potentially unlimited group of users), what information to include in your profile, whether to connect any third party services to your Discord account, and more. For example, if you share content in certain spaces, such as servers listed in Server Discovery or with public invite links, your content may be accessed by anyone.",https://discord.com,Medium,60,tracking_profiling,profile,R003,explainable_rules,0.65,False,,,,0.0393,train,AI-assisted weak label; requires human review before use as gold data
8e6e1d6c76d7e3a0,Facebook,terms_of_service,1. Les services que nous fournissons,"Nous vous donnons les moyens de vous exprimer et de communiquer à propos de ce qui compte pour vous : il existe de nombreuses manières de vous exprimer sur Facebook pour communiquer avec vos amis, votre famille et d’autres personnes à propos de ce qui compte pour vous, par exemple le partage de statuts, de photos, de vidéos et de stories à travers les Produits Meta (conformément à vos paramètres), l’envoi de messages, les appels vocaux ou vidéo avec un ami ou plusieurs personnes, la création d’évènements ou de groupes, l’ajout de contenu à votre profil, ainsi que l’affichage de la manière dont les autres réagissent à votre contenu. Nous avons également développé de nouvelles manières d’utiliser la technologie, telles que la réalité augmentée et la vidéo 360 pour créer et partager des contenus plus expressifs et attrayants sur les Produits Meta, et nous continuons d’explorer cette voie.","Nous vous donnons les moyens de vous exprimer et de communiquer à propos de ce qui compte pour vous : il existe de nombreuses manières de vous exprimer sur Facebook pour communiquer avec vos amis, votre famille et d’autres personnes à propos de ce qui compte pour vous, par exemple le partage de statuts, de photos, de vidéos et de stories à travers les Produits Meta (conformément à vos paramètres), l’envoi de messages, les appels vocaux ou vidéo avec un ami ou plusieurs personnes, la création d’évènements ou de groupes, l’ajout de contenu à votre profil, ainsi que l’affichage de la manière dont les autres réagissent à votre contenu. Nous avons également développé de nouvelles manières d’utiliser la technologie, telles que la réalité augmentée et la vidéo 360 pour créer et partager des contenus plus expressifs et attrayants sur les Produits Meta, et nous continuons d’explorer cette voie.",https://facebook.com,Medium,60,tracking_profiling,profil,R003,explainable_rules,0.65,False,,,,0.0119,val,AI-assisted weak label; requires human review before use as gold data
9b77305f44d0c29b,Facebook,terms_of_service,3. Vos engagements envers Facebook et notre communauté,"Autorisation d’utiliser votre nom, votre photo de profil et les informations relatives à vos actions en rapport avec les publicités et le contenu commercial ou sponsorisé : vous nous autorisez à utiliser votre nom et votre photo de profil ainsi que les informations relatives aux actions que vous avez effectuées sur Facebook à côté ou dans le cadre de publicités, d’offres et d’autres contenus sponsorisés ou commerciaux que nous affichons à travers nos Produits, sans vous verser aucune compensation. Nous pouvons, par exemple, montrer à vos amis que vous êtes intéressé par un évènement promu ou que vous avez aimé une Page Facebook créée par une marque qui nous a payés pour afficher ses publicités sur Facebook. Ce type de publicités et de contenu est uniquement visible par les personnes que vous autorisez à voir les actions que vous avez effectuées sur les Produits Meta. Apprenez-en davantage sur vos paramètres et vos préférences publicitaires.","Autorisation d’utiliser votre nom, votre photo de profil et les informations relatives à vos actions en rapport avec les publicités et le contenu commercial ou sponsorisé : vous nous autorisez à utiliser votre nom et votre photo de profil ainsi que les informations relatives aux actions que vous avez effectuées sur Facebook à côté ou dans le cadre de publicités, d’offres et d’autres contenus sponsorisés ou commerciaux que nous affichons à travers nos Produits, sans vous verser aucune compensation. Nous pouvons, par exemple, montrer à vos amis que vous êtes intéressé par un évènement promu ou que vous avez aimé une Page Facebook créée par une marque qui nous a payés pour afficher ses publicités sur Facebook. Ce type de publicités et de contenu est uniquement visible par les personnes que vous autorisez à voir les actions que vous avez effectuées sur les Produits Meta. Apprenez-en davantage sur vos paramètres et vos préférences publicitaires.",https://facebook.com,Medium,60,tracking_profiling,profil,R003,explainable_rules,0.65,False,,,,0.0187,val,AI-assisted weak label; requires human review before use as gold data
fc1d5c49cd40fc1b,Facebook,privacy_policy,Pour communiquer avec vous,"Nous communiquons avec vous en utilisant les informations que vous nous avez fournies, comme vos coordonnées que vous avez renseignées dans votre profil.","Nous communiquons avec vous en utilisant les informations que vous nous avez fournies, comme vos coordonnées que vous avez renseignées dans votre profil.",https://facebook.com,Medium,60,tracking_profiling,profil,R003,explainable_rules,0.65,False,,,,0.0,val,AI-assisted weak label; requires human review before use as gold data
7133c4db8873b477,Facebook,privacy_policy,Mise à disposition et amélioration des Produits Meta,"La mise à disposition des Produits Meta implique la collecte, la conservation et, le cas échéant, le partage, le profilage, l’examen, la sélection et, dans certains cas, non seulement le traitement automatisé des données, mais aussi leur examen manuel (humain) en vue de :","La mise à disposition des Produits Meta implique la collecte, la conservation et, le cas échéant, le partage, le profilage, l’examen, la sélection et, dans certains cas, non seulement le traitement automatisé des données, mais aussi leur examen manuel (humain) en vue de :",https://facebook.com,Medium,60,tracking_profiling,profilage,R003,explainable_rules,0.65,False,,,,0.0,val,AI-assisted weak label; requires human review before use as gold data
7210800388f36306,Facebook,privacy_policy,Mise à disposition et amélioration des Produits Meta,créer et maintenir votre compte et votre profil ;,créer et maintenir votre compte et votre profil ;,https://facebook.com,Medium,60,tracking_profiling,profil,R003,explainable_rules,0.65,False,,,,0.0,val,AI-assisted weak label; requires human review before use as gold data
c5725449bfaac93e,Facebook,privacy_policy,Mise à disposition et amélioration des Produits Meta,"connecter vos comptes sur les Produits Meta, y compris les informations de votre profil public, à un partenaire intégré afin de vous connecter ou de partager vos informations ;","connecter vos comptes sur les Produits Meta, y compris les informations de votre profil public, à un partenaire intégré afin de vous connecter ou de partager vos informations ;",https://facebook.com,Medium,60,tracking_profiling,profil,R003,explainable_rules,0.65,False,,,,0.0,val,AI-assisted weak label; requires human review before use as gold data
34fc7fad47eeff8f,Facebook,privacy_policy,Mise à disposition et amélioration des Produits Meta,"Les informations de votre profil public (y compris votre nom, nom d’utilisateur et photo de profil)","Les informations de votre profil public (y compris votre nom, nom d’utilisateur et photo de profil)",https://facebook.com,Medium,60,tracking_profiling,profil,R003,explainable_rules,0.65,False,,,,0.0,val,AI-assisted weak label; requires human review before use as gold data
22f282a8b405d109,Facebook,privacy_policy,Communication avec vous,"Nous utilisons les informations que vous nous avez fournies (comme vos coordonnées sur votre profil) pour vous envoyer des communications, par e-mail ou au sein même des produits, notamment :","Nous utilisons les informations que vous nous avez fournies (comme vos coordonnées sur votre profil) pour vous envoyer des communications, par e-mail ou au sein même des produits, notamment :",https://facebook.com,Medium,60,tracking_profiling,profil,R003,explainable_rules,0.65,False,,,,0.0244,val,AI-assisted weak label; requires human review before use as gold data
ce23b0833719622a,Facebook,privacy_policy,Communication avec vous,Les coordonnées qui figurent sur votre profil et vos communications avec nous,Les coordonnées qui figurent sur votre profil et vos communications avec nous,https://facebook.com,Medium,60,tracking_profiling,profil,R003,explainable_rules,0.65,False,,,,0.0,val,AI-assisted weak label; requires human review before use as gold data
95dec2dd55ed00d7,Facebook,privacy_policy,Partage d’informations avec des tiers lorsque vous le demandez,les informations telles que vos coordonnées et les informations de votre profil ;,les informations telles que vos coordonnées et les informations de votre profil ;,https://facebook.com,Medium,60,tracking_profiling,profil,R003,explainable_rules,0.65,False,,,,0.0,val,AI-assisted weak label; requires human review before use as gold data
f5f1ae3380cd0293,GitHub,terms_of_service,Summary,"Disclaimer of Warranties | We provide our service as is, and we make no promises or guarantees about this service. Please read this section carefully; you should understand what to expect. | | P. Limitation of Liability | We will not be liable for damages or losses arising from your use or inability to use the service or otherwise arising under this agreement. Please read this section carefully; it limits our obligations to you. | | Q. Release and Indemnification | You are fully responsible for your use of the service. | | R. Changes to these Terms of Service | We may modify this agreement, but we will give you 30 days' notice of material changes. | | S. Miscellaneous | Please see this section for legal details including our choice of law. |","Disclaimer of Warranties | We provide our service as is, and we make no promises or guarantees about this service. Please read this section carefully; you should understand what to expect. | | P. Limitation of Liability | We will not be liable for damages or losses arising from your use or inability to use the service or otherwise arising under this agreement. Please read this section carefully; it limits our obligations to you. | | Q. Release and Indemnification | You are fully responsible for your use of the service. | | R. Changes to these Terms of Service | We may modify this agreement, but we will give you 30 days' notice of material changes. | | S. Miscellaneous | Please see this section for legal details including our choice of law. |",https://github.com,Medium,60,liability_dispute,Disclaimer,R012,explainable_rules,0.65,False,,,,0.1035,val,AI-assisted weak label; requires human review before use as gold data
5f2c21bba2c172d2,GitHub,terms_of_service,4. Disclaimers,"Output is provided ""as-is"" and subject to the disclaimers in Section O. Without limiting Section O: Output may be inaccurate, incomplete, or non-functional. Output may resemble third-party code, including code under open source licenses. We do not guarantee that Output is free of errors, vulnerabilities, or intellectual property claims.","Output is provided ""as-is"" and subject to the disclaimers in Section O. Without limiting Section O: Output may be inaccurate, incomplete, or non-functional. Output may resemble third-party code, including code under open source licenses. We do not guarantee that Output is free of errors, vulnerabilities, or intellectual property claims.",https://github.com,Medium,60,liability_dispute,disclaimers,R012,explainable_rules,0.65,False,,,,0.0773,val,AI-assisted weak label; requires human review before use as gold data
6d7ee10e11f7bcd7,GitHub,terms_of_service,3. Billing Schedule; No Refunds,"Payment Based on Plan For monthly or yearly payment plans, the Service is billed in advance on a monthly or yearly basis respectively and is non-refundable. There will be no refunds or credits for partial months of service, downgrade refunds, or refunds for months unused with an open Account; however, the service will remain active for the length of the paid billing period. In order to treat everyone equally, no exceptions will be made.","Payment Based on Plan For monthly or yearly payment plans, the Service is billed in advance on a monthly or yearly basis respectively and is non-refundable. There will be no refunds or credits for partial months of service, downgrade refunds, or refunds for months unused with an open Account; however, the service will remain active for the length of the paid billing period. In order to treat everyone equally, no exceptions will be made.",https://github.com,Medium,60,cancellation_refund_fee,non-refundable,R007,explainable_rules,0.65,False,,,,0.0306,val,AI-assisted weak label; requires human review before use as gold data
db724f04581fe47f,GitHub,terms_of_service,3. Billing Schedule; No Refunds,"Invoicing For invoiced Users, User agrees to pay the fees in full, up front without deduction or setoff of any kind, in U.S. Dollars. User must pay the fees within thirty (30) days of the GitHub invoice date. Amounts payable under this Agreement are non-refundable, except as otherwise provided in this Agreement. If User fails to pay any fees on time, GitHub reserves the right, in addition to taking any other action at law or equity, to (i) charge interest on past due amounts at 1.0% per month or the highest interest rate allowed by law, whichever is less, and to charge all expenses of recovery, and (ii) terminate the applicable order form. User is solely responsible for all taxes, fees, duties and governmental assessments (except for taxes based on GitHub's net income) that are imposed or become due in connection with this Agreement.","Invoicing For invoiced Users, User agrees to pay the fees in full, up front without deduction or setoff of any kind, in U.S. Dollars. User must pay the fees within thirty (30) days of the GitHub invoice date. Amounts payable under this Agreement are non-refundable, except as otherwise provided in this Agreement. If User fails to pay any fees on time, GitHub reserves the right, in addition to taking any other action at law or equity, to (i) charge interest on past due amounts at 1.0% per month or the highest interest rate allowed by law, whichever is less, and to charge all expenses of recovery, and (ii) terminate the applicable order form. User is solely responsible for all taxes, fees, duties and governmental assessments (except for taxes based on GitHub's net income) that are imposed or become due in connection with this Agreement.",https://github.com,Medium,60,cancellation_refund_fee,non-refundable,R007,explainable_rules,0.65,False,,,,0.0479,val,AI-assisted weak label; requires human review before use as gold data
4c24da8c7c88799f,GitHub,terms_of_service,2. Upon Cancellation,"We will retain and use your information as necessary to comply with our legal obligations, resolve disputes, and enforce our agreements, but barring legal requirements, we will delete your full profile and the Content of your repositories within 90 days of cancellation or termination (though some information may remain in encrypted backups). This information cannot be recovered once your Account is canceled.","We will retain and use your information as necessary to comply with our legal obligations, resolve disputes, and enforce our agreements, but barring legal requirements, we will delete your full profile and the Content of your repositories within 90 days of cancellation or termination (though some information may remain in encrypted backups). This information cannot be recovered once your Account is canceled.",https://github.com,Medium,60,tracking_profiling,profile,R003,explainable_rules,0.65,False,,,,0.0831,val,AI-assisted weak label; requires human review before use as gold data
34299c3201f0f1d0,GitHub,terms_of_service,3. GitHub May Terminate,"GitHub has the right to suspend or terminate your access to all or any part of the Website at any time, with or without cause, with or without notice, effective immediately. GitHub reserves the right to refuse service to anyone for any reason at any time.","GitHub has the right to suspend or terminate your access to all or any part of the Website at any time, with or without cause, with or without notice, effective immediately. GitHub reserves the right to refuse service to anyone for any reason at any time.",https://github.com,Medium,60,account_content_termination,suspend or terminate your access to all or any part of the Website at any time,R010,explainable_rules,0.65,False,,,,0.1103,val,AI-assisted weak label; requires human review before use as gold data
3d47fc2ec2a669b8,GitHub,terms_of_service,4. Survival,"All provisions of this Agreement which, by their nature, should survive termination will survive termination — including, without limitation: ownership provisions, warranty disclaimers, indemnity, and limitations of liability.","All provisions of this Agreement which, by their nature, should survive termination will survive termination — including, without limitation: ownership provisions, warranty disclaimers, indemnity, and limitations of liability.",https://github.com,Medium,60,liability_dispute,disclaimers,R012,explainable_rules,0.65,False,,,,0.0689,val,AI-assisted weak label; requires human review before use as gold data
f86b36578f2fb9ab,GitHub,terms_of_service,O. Disclaimer of Warranties,"GitHub provides the Website and the Service “as is” and “as available,” without warranty of any kind. Without limiting this, we expressly disclaim all warranties, whether express, implied or statutory, regarding the Website and the Service including without limitation any warranty of merchantability, fitness for a particular purpose, title, security, accuracy and non-infringement.","GitHub provides the Website and the Service “as is” and “as available,” without warranty of any kind. Without limiting this, we expressly disclaim all warranties, whether express, implied or statutory, regarding the Website and the Service including without limitation any warranty of merchantability, fitness for a particular purpose, title, security, accuracy and non-infringement.",https://github.com,Medium,60,liability_dispute,disclaim,R012,explainable_rules,0.65,False,,,,0.0813,val,AI-assisted weak label; requires human review before use as gold data
9cf554a59da49127,GitHub,terms_of_service,P. Limitation of Liability,"Our liability is limited whether or not we have been informed of the possibility of such damages, and even if a remedy set forth in this Agreement is found to have failed of its essential purpose. We will have no liability for any failure or delay due to matters beyond our reasonable control.","Our liability is limited whether or not we have been informed of the possibility of such damages, and even if a remedy set forth in this Agreement is found to have failed of its essential purpose. We will have no liability for any failure or delay due to matters beyond our reasonable control.",https://github.com,Medium,60,liability_dispute,no liability,R012,explainable_rules,0.65,False,,,,0.0862,val,AI-assisted weak label; requires human review before use as gold data
e05686586ce37375,GitHub,terms_of_service,R. Changes to These Terms,"Short version: We want our users to be informed of important changes to our terms, but some changes aren't that important — we don't want to bother you every time we fix a typo. So while we may modify this agreement at any time, we will notify users of any material changes and give you time to adjust to them.","Short version: We want our users to be informed of important changes to our terms, but some changes aren't that important — we don't want to bother you every time we fix a typo. So while we may modify this agreement at any time, we will notify users of any material changes and give you time to adjust to them.",https://github.com,Medium,60,policy_terms_change,modify this agreement at any time,R005,explainable_rules,0.65,False,,,,0.1134,val,AI-assisted weak label; requires human review before use as gold data
6db143436db14963,GitHub,terms_of_service,R. Changes to These Terms,"We reserve the right, at our sole discretion, to amend these Terms of Service at any time and will update these Terms of Service in the event of any such amendments. We will notify our Users of material changes to this Agreement, such as price increases, at least 30 days prior to the change taking effect by posting a notice on our Website or sending email to the primary email address specified in your GitHub account. Customer's continued use of the Service after those 30 days constitutes agreement to those revisions of this Agreement. For any other modifications, your continued use of the Website constitutes agreement to our revisions of these Terms of Service. You can view all changes to these Terms in our Site Policy repository.","We reserve the right, at our sole discretion, to amend these Terms of Service at any time and will update these Terms of Service in the event of any such amendments. We will notify our Users of material changes to this Agreement, such as price increases, at least 30 days prior to the change taking effect by posting a notice on our Website or sending email to the primary email address specified in your GitHub account. Customer's continued use of the Service after those 30 days constitutes agreement to those revisions of this Agreement. For any other modifications, your continued use of the Website constitutes agreement to our revisions of these Terms of Service. You can view all changes to these Terms in our Site Policy repository.",https://github.com,Medium,60,policy_terms_change,"sole discretion, to amend these Terms of Service at any time and will update",R005,explainable_rules,0.65,False,,,,0.1379,val,AI-assisted weak label; requires human review before use as gold data
e3068a225bbd21ce,GitHub,privacy_policy,Third Party Access and Data Protection,"When you use third-party extensions, integrations, or follow references and links within our Services, the privacy policies of these third parties apply to any Personal Data you provide or consent to share with them. Their privacy statements will govern how this data is processed.","When you use third-party extensions, integrations, or follow references and links within our Services, the privacy policies of these third parties apply to any Personal Data you provide or consent to share with them. Their privacy statements will govern how this data is processed.",https://github.com,Medium,60,third_party_sharing,third parties apply to any Personal Data,R001,explainable_rules,0.65,False,,,,0.1427,val,AI-assisted weak label; requires human review before use as gold data
f1730d33ae61e66c,GitHub,privacy_policy,Personal Data We Collect,"Personal Data is collected from you directly, automatically from your device, and also from third parties. The Personal Data GitHub processes when you use the Services depends on variables like how you interact with our Services (such as through web interfaces, desktop or mobile applications), the features you use (such as pull requests, Codespaces, or GitHub Copilot) and your method of accessing the Services (your preferred IDE). Below, we detail the information we collect through each of these channels:","Personal Data is collected from you directly, automatically from your device, and also from third parties. The Personal Data GitHub processes when you use the Services depends on variables like how you interact with our Services (such as through web interfaces, desktop or mobile applications), the features you use (such as pull requests, Codespaces, or GitHub Copilot) and your method of accessing the Services (your preferred IDE). Below, we detail the information we collect through each of these channels:",https://github.com,Medium,60,third_party_sharing,third parties. The Personal Data,R001,explainable_rules,0.65,False,,,,0.1283,val,AI-assisted weak label; requires human review before use as gold data
574a8f538f6c7f0c,GitHub,privacy_policy,From You,"Profile Information: We collect information to create a user profile, which may include a photo, additional email addresses, job title, or biography.","Profile Information: We collect information to create a user profile, which may include a photo, additional email addresses, job title, or biography.",https://github.com,Medium,60,tracking_profiling,Profile,R003,explainable_rules,0.65,False,,,,0.1401,val,AI-assisted weak label; requires human review before use as gold data
7c7414f4458a7bc2,GitHub,privacy_policy,Automatically,Essential Cookies and Similar Tracking Technologies: We use cookies and similar technologies to provide essential functionality like storing settings and recognizing you while using our Services.,Essential Cookies and Similar Tracking Technologies: We use cookies and similar technologies to provide essential functionality like storing settings and recognizing you while using our Services.,https://github.com,Medium,60,tracking_profiling,Tracking,R003,explainable_rules,0.65,False,,,,0.0691,val,AI-assisted weak label; requires human review before use as gold data
33311297da9b323b,GitHub,privacy_policy,Sharing of Personal Data,"Other Third-party Applications: Upon your instruction, we may share Personal Data with third-party applications available on our Marketplace. You are responsible for the data you instruct us to share with these applications.","Other Third-party Applications: Upon your instruction, we may share Personal Data with third-party applications available on our Marketplace. You are responsible for the data you instruct us to share with these applications.",https://github.com,Medium,60,third_party_sharing,"Third-party Applications: Upon your instruction, we may share Personal Data",R001,explainable_rules,0.65,False,,,,0.0871,val,AI-assisted weak label; requires human review before use as gold data
a19f4d2631682dcd,GitHub,privacy_policy,Cookies and tracking technologies,"For Enterprise Marketing Pages, we may also use non-essential cookies to (i) gather information about enterprise users’ interests and online activities to personalize their experiences, including by making the ads, content, recommendations, and marketing seen or received more relevant and (ii) serve and measure the effectiveness of targeted advertising and other marketing efforts. If you disable the non-essential cookies on the Enterprise Marketing Pages, the ads, content, and marketing you see may be less relevant.","For Enterprise Marketing Pages, we may also use non-essential cookies to (i) gather information about enterprise users’ interests and online activities to personalize their experiences, including by making the ads, content, recommendations, and marketing seen or received more relevant and (ii) serve and measure the effectiveness of targeted advertising and other marketing efforts. If you disable the non-essential cookies on the Enterprise Marketing Pages, the ads, content, and marketing you see may be less relevant.",https://github.com,Medium,60,tracking_profiling,targeted advertising,R003,explainable_rules,0.65,False,,,,0.0595,val,AI-assisted weak label; requires human review before use as gold data
523ea6684341b386,GitHub,privacy_policy,What are cookies and similar technologies?,"We use cookies and similar technologies, such as web beacons, local storage, and mobile analytics, to operate and provide our Services. When visiting Enterprise Marketing Pages, like resources.github.com, these and additional cookies, like advertising IDs, may be used for sales and marketing purposes.","We use cookies and similar technologies, such as web beacons, local storage, and mobile analytics, to operate and provide our Services. When visiting Enterprise Marketing Pages, like resources.github.com, these and additional cookies, like advertising IDs, may be used for sales and marketing purposes.",https://github.com,Medium,60,tracking_profiling,advertising IDs,R003,explainable_rules,0.65,False,,,,0.1059,val,AI-assisted weak label; requires human review before use as gold data
bb4eabe1d69cc8df,GitHub,privacy_policy,How do we and our partners use cookies and similar technologies?,"The GitHub Services use cookies and similar technologies for a variety of purposes, including to store your preferences and settings, enable you to sign-in, analyze how our Services perform, track your interaction with the Services, develop inferences, combat fraud, and fulfill other legitimate purposes. Some of these cookies and technologies may be provided by third parties, including service providers and advertising partners. For example, our analytics and advertising partners may use these technologies in our Services to collect personal information (such as the pages you visit, the links you click on, and similar usage information, identifiers, and device information) related to your online activities over time and across Services for various purposes, including targeted advertising. GitHub will place non-essential cookies on pages where we market products and services to enterprise customers, for example, on resources.github.com.","The GitHub Services use cookies and similar technologies for a variety of purposes, including to store your preferences and settings, enable you to sign-in, analyze how our Services perform, track your interaction with the Services, develop inferences, combat fraud, and fulfill other legitimate purposes. Some of these cookies and technologies may be provided by third parties, including service providers and advertising partners. For example, our analytics and advertising partners may use these technologies in our Services to collect personal information (such as the pages you visit, the links you click on, and similar usage information, identifiers, and device information) related to your online activities over time and across Services for various purposes, including targeted advertising. GitHub will place non-essential cookies on pages where we market products and services to enterprise customers, for example, on resources.github.com.",https://github.com,Medium,60,tracking_profiling,track,R003,explainable_rules,0.65,False,,,,0.0754,val,AI-assisted weak label; requires human review before use as gold data
3937978085fd1306,GitHub,privacy_policy,How do we and our partners use cookies and similar technologies?,"| Purpose | Description | | --- | --- | | Required Cookies | GitHub uses required cookies to perform essential website functions and to provide the services. For example, cookies are used to log you in, save your language preferences, provide a shopping cart experience, improve performance, route traffic between web servers, detect the size of your screen, determine page load times, improve user experience, and for audience measurement. These cookies are necessary for our websites to work. | | Analytics | We allow third parties to use analytics cookies to understand how you use our websites so we can make them better. For example, cookies are used to gather information about the pages you visit and how many clicks you need to accomplish a task. We also use some analytics cookies to provide personalized advertising. | | Social Media | GitHub and third parties use social media cookies to show you ads and content based on your social media profiles and activity on GitHub’s websites.","| Purpose | Description | | --- | --- | | Required Cookies | GitHub uses required cookies to perform essential website functions and to provide the services. For example, cookies are used to log you in, save your language preferences, provide a shopping cart experience, improve performance, route traffic between web servers, detect the size of your screen, determine page load times, improve user experience, and for audience measurement. These cookies are necessary for our websites to work. | | Analytics | We allow third parties to use analytics cookies to understand how you use our websites so we can make them better. For example, cookies are used to gather information about the pages you visit and how many clicks you need to accomplish a task. We also use some analytics cookies to provide personalized advertising. | | Social Media | GitHub and third parties use social media cookies to show you ads and content based on your social media profiles and activity on GitHub’s websites.",https://github.com,Medium,60,tracking_profiling,profiles,R003,explainable_rules,0.65,False,,,,0.1946,val,AI-assisted weak label; requires human review before use as gold data
953161a7f913bb08,GitHub,privacy_policy,How do we and our partners use cookies and similar technologies?,"This ensures that the ads and content you see on our websites and on social media will better reflect your interests. This also enables third parties to develop and improve their products, which they may use on websites that are not owned or operated by GitHub. | | Advertising | In addition, GitHub and third parties use advertising cookies to show you new ads based on ads you've already seen. Cookies also track which ads you click or purchases you make after clicking an ad. This is done both for payment purposes and to show you ads that are more relevant to you. For example, cookies are used to detect when you click an ad and to show you ads based on your social media interests and website browsing history. |","This ensures that the ads and content you see on our websites and on social media will better reflect your interests. This also enables third parties to develop and improve their products, which they may use on websites that are not owned or operated by GitHub. | | Advertising | In addition, GitHub and third parties use advertising cookies to show you new ads based on ads you've already seen. Cookies also track which ads you click or purchases you make after clicking an ad. This is done both for payment purposes and to show you ads that are more relevant to you. For example, cookies are used to detect when you click an ad and to show you ads based on your social media interests and website browsing history. |",https://github.com,Medium,60,tracking_profiling,track,R003,explainable_rules,0.65,False,,,,0.1658,val,AI-assisted weak label; requires human review before use as gold data
49e792414b1342af,GitHub,privacy_policy,Specifically on GitHub Enterprise Marketing Pages,"If you enable a browser extension designed to block tracking, such as Privacy Badger, non-essential cookies set by a website or third parties may be disabled.","If you enable a browser extension designed to block tracking, such as Privacy Badger, non-essential cookies set by a website or third parties may be disabled.",https://github.com,Medium,60,tracking_profiling,tracking,R003,explainable_rules,0.65,False,,,,0.0595,val,AI-assisted weak label; requires human review before use as gold data
92d25a20c2cb5a09,GitHub,privacy_policy,Mandatory Disclosures,"We disclosed the following categories of personal information for a business purpose in the last 12 months: identifiers/contact information, demographic information (such as gender and rough geographic location), payment information, commercial information, Internet or other electronic network activity information, geolocation data, audio, electronic, visual or similar information, and inferences drawn from the above. We disclosed each category to third-party business partners and service providers, third-party sites or platforms such as social networking sites, and other third parties as described in the Sharing of Personal Data section of our Privacy Statement.","We disclosed the following categories of personal information for a business purpose in the last 12 months: identifiers/contact information, demographic information (such as gender and rough geographic location), payment information, commercial information, Internet or other electronic network activity information, geolocation data, audio, electronic, visual or similar information, and inferences drawn from the above. We disclosed each category to third-party business partners and service providers, third-party sites or platforms such as social networking sites, and other third parties as described in the Sharing of Personal Data section of our Privacy Statement.",https://github.com,Medium,60,third_party_sharing,third parties as described in the Sharing of Personal Data,R001,explainable_rules,0.65,False,,,,0.0723,val,AI-assisted weak label; requires human review before use as gold data
2c397764fd1fac2b,Google,privacy_policy,Maintain & improve our services,"We also use your information to ensure that our services are working as intended, such as tracking outages or troubleshooting issues that you report to us. And we use your information to make improvements to our services – for example, understanding which search terms are most frequently misspelled helps us improve spell-check features used across our services.","We also use your information to ensure that our services are working as intended, such as tracking outages or troubleshooting issues that you report to us. And we use your information to make improvements to our services – for example, understanding which search terms are most frequently misspelled helps us improve spell-check features used across our services.",https://google.com,Medium,60,tracking_profiling,tracking,R003,explainable_rules,0.65,False,,,,0.0536,train,AI-assisted weak label; requires human review before use as gold data
1d2d262e9a9f6865,Google,privacy_policy,Exporting & deleting your information,You can export a copy of your information or delete it from your Google Account at any time,You can export a copy of your information or delete it from your Google Account at any time,https://google.com,Medium,60,account_content_termination,delete it from your Google Account at any time,R010,explainable_rules,0.65,False,,,,0.0944,train,AI-assisted weak label; requires human review before use as gold data
f7c39fd52943ceaa,Google,privacy_policy,Legal bases of processing,"For example, using contact info (like names and email addresses) of people that you interact with in Google products to make it easier to find who you’re looking for when you want to share and communicate with these people in other Google services like Gmail, Photos and Assistant.<br> With your consent, such as when you choose to share your location with Google Location Sharing. | | To maintain and improve Google services, products and features<br><br>To maintain the service so that it works as intended, such as debugging the service, tracking issues or troubleshooting issues.<br><br>Examples of processing activities:<br><br> We continuously monitor our systems to look for problems.","For example, using contact info (like names and email addresses) of people that you interact with in Google products to make it easier to find who you’re looking for when you want to share and communicate with these people in other Google services like Gmail, Photos and Assistant.<br> With your consent, such as when you choose to share your location with Google Location Sharing. | | To maintain and improve Google services, products and features<br><br>To maintain the service so that it works as intended, such as debugging the service, tracking issues or troubleshooting issues.<br><br>Examples of processing activities:<br><br> We continuously monitor our systems to look for problems.",https://google.com,Medium,60,tracking_profiling,tracking,R003,explainable_rules,0.65,False,,,,0.1327,train,AI-assisted weak label; requires human review before use as gold data
213f65ee71447c4d,Google,privacy_policy,Google Account,"You may access some of our services by signing up for a Google Account and providing us with some personal information (typically your name, email address and a password). This account information is used to authenticate you when you access Google services and protect your account from unauthorised access by others. You can edit or delete your account at any time through your Google Account settings.","You may access some of our services by signing up for a Google Account and providing us with some personal information (typically your name, email address and a password). This account information is used to authenticate you when you access Google services and protect your account from unauthorised access by others. You can edit or delete your account at any time through your Google Account settings.",https://google.com,Medium,60,account_content_termination,delete your account at any time,R010,explainable_rules,0.65,False,,,,0.1641,train,AI-assisted weak label; requires human review before use as gold data
aa2cac1cdbf7ec88,Google,privacy_policy,Pixel tag,"A pixel tag is a type of technology placed on a website or within the body of an email for the purpose of tracking certain activity, such as views of a website or when an email is opened. Pixel tags are often used in combination with cookies.","A pixel tag is a type of technology placed on a website or within the body of an email for the purpose of tracking certain activity, such as views of a website or when an email is opened. Pixel tags are often used in combination with cookies.",https://google.com,Medium,60,tracking_profiling,tracking,R003,explainable_rules,0.65,False,,,,0.057,train,AI-assisted weak label; requires human review before use as gold data
7a69ea252d2e7f17,Google,privacy_policy,Unique identifiers,"On other platforms besides browsers, unique identifiers are used to recognise a specific device or app on that device. For example, a unique identifier such as the Advertising ID is used to provide relevant advertising on Android devices, and can be managed in your device’s settings. Unique identifiers may also be incorporated into a device by its manufacturer (sometimes called a universally unique ID or UUID), such as the IMEI-number of a mobile phone. For example, a device’s unique identifier can be used to customise our service to your device or analyse device issues related to our services.","On other platforms besides browsers, unique identifiers are used to recognise a specific device or app on that device. For example, a unique identifier such as the Advertising ID is used to provide relevant advertising on Android devices, and can be managed in your device’s settings. Unique identifiers may also be incorporated into a device by its manufacturer (sometimes called a universally unique ID or UUID), such as the IMEI-number of a mobile phone. For example, a device’s unique identifier can be used to customise our service to your device or analyse device issues related to our services.",https://google.com,Medium,60,tracking_profiling,Advertising ID,R003,explainable_rules,0.65,False,,,,0.0518,train,AI-assisted weak label; requires human review before use as gold data
a79621bff391e9ff,Instagram,terms_of_service,4. Your Commitments,"Permission to use your username, profile picture, and information about your relationships and actions with accounts, ads, and sponsored content.","Permission to use your username, profile picture, and information about your relationships and actions with accounts, ads, and sponsored content.",https://instagram.com,Medium,60,tracking_profiling,profile,R003,explainable_rules,0.65,False,,,,0.0543,train,AI-assisted weak label; requires human review before use as gold data
2d16ae584e171950,Instagram,terms_of_service,4. Your Commitments,"You give us permission to show your username, profile picture, and information about your actions (such as likes) or relationships (such as follows) next to or in connection with accounts, ads, offers, and other sponsored content that you follow or engage with that are displayed on Meta Products, without any compensation to you. For example, we may show that you liked a sponsored post created by a brand that has paid us to display its ads on Instagram. As with actions on other content and follows of other accounts, actions on sponsored content and follows of sponsored accounts can be seen only by people who have permission to see that content or follow. We will also respect your ad settings. You can learn more here about your ad settings.","You give us permission to show your username, profile picture, and information about your actions (such as likes) or relationships (such as follows) next to or in connection with accounts, ads, offers, and other sponsored content that you follow or engage with that are displayed on Meta Products, without any compensation to you. For example, we may show that you liked a sponsored post created by a brand that has paid us to display its ads on Instagram. As with actions on other content and follows of other accounts, actions on sponsored content and follows of sponsored accounts can be seen only by people who have permission to see that content or follow. We will also respect your ad settings. You can learn more here about your ad settings.",https://instagram.com,Medium,60,tracking_profiling,profile,R003,explainable_rules,0.65,False,,,,0.0335,train,AI-assisted weak label; requires human review before use as gold data
fcd3b90e6df4bfe0,Instagram,terms_of_service,7. Our Agreement and What Happens if We Disagree,"Our Service is provided ""as is,"" and we can't guarantee it will be safe and secure or will work perfectly all the time. TO THE EXTENT PERMITTED BY LAW, WE ALSO DISCLAIM ALL WARRANTIES, WHETHER EXPRESS OR IMPLIED, INCLUDING THE IMPLIED WARRANTIES OF MERCHANTABILITY, FITNESS FOR A PARTICULAR PURPOSE, TITLE, AND NON-INFRINGEMENT.","Our Service is provided ""as is,"" and we can't guarantee it will be safe and secure or will work perfectly all the time. TO THE EXTENT PERMITTED BY LAW, WE ALSO DISCLAIM ALL WARRANTIES, WHETHER EXPRESS OR IMPLIED, INCLUDING THE IMPLIED WARRANTIES OF MERCHANTABILITY, FITNESS FOR A PARTICULAR PURPOSE, TITLE, AND NON-INFRINGEMENT.",https://instagram.com,Medium,60,liability_dispute,DISCLAIM,R012,explainable_rules,0.65,False,,,,0.0898,train,AI-assisted weak label; requires human review before use as gold data
2ee2eda2900452c7,Instagram,privacy_policy,To communicate with you,"We communicate with you using information you've given us, like contact information you've entered on your profile.","We communicate with you using information you've given us, like contact information you've entered on your profile.",https://instagram.com,Medium,60,tracking_profiling,profile,R003,explainable_rules,0.65,False,,,,0.0961,train,AI-assisted weak label; requires human review before use as gold data
480d8eebe3b4404c,Instagram,privacy_policy,Highlights,"We keep information as long as we need it to provide our Products, comply with legal obligations or protect our or other’s interests. We decide how long we need information on a case-by-case basis. Here’s what we consider when we decide:","We keep information as long as we need it to provide our Products, comply with legal obligations or protect our or other’s interests. We decide how long we need information on a case-by-case basis. Here’s what we consider when we decide:",https://instagram.com,Medium,60,retention_deletion,keep information as long as we,R004,explainable_rules,0.65,False,,,,0.1294,train,AI-assisted weak label; requires human review before use as gold data
2f35c5d54ce5e534,Instagram,privacy_policy,Providing and improving Meta Products,"The provision of the Meta Products includes collecting, storing, and, where relevant, sharing, profiling, reviewing and curating, and in some instances not only automated processing but also manual (human) reviewing, to:","The provision of the Meta Products includes collecting, storing, and, where relevant, sharing, profiling, reviewing and curating, and in some instances not only automated processing but also manual (human) reviewing, to:",https://instagram.com,Medium,60,tracking_profiling,profiling,R003,explainable_rules,0.65,False,,,,0.0733,train,AI-assisted weak label; requires human review before use as gold data
ae72ce17c0375d08,Instagram,privacy_policy,Providing and improving Meta Products,Create and maintain your account and profile,Create and maintain your account and profile,https://instagram.com,Medium,60,tracking_profiling,profile,R003,explainable_rules,0.65,False,,,,0.175,train,AI-assisted weak label; requires human review before use as gold data
6df3b20719d78e9c,Instagram,privacy_policy,Providing and improving Meta Products,"Connect your Meta Products account, including your public profile information, to an integrated partner to sign in or share your information","Connect your Meta Products account, including your public profile information, to an integrated partner to sign in or share your information",https://instagram.com,Medium,60,tracking_profiling,profile,R003,explainable_rules,0.65,False,,,,0.0733,train,AI-assisted weak label; requires human review before use as gold data
873107ce2f933fc4,Instagram,privacy_policy,Providing and improving Meta Products,"Your public profile information (including your name, username and profile picture)","Your public profile information (including your name, username and profile picture)",https://instagram.com,Medium,60,tracking_profiling,profile,R003,explainable_rules,0.65,False,,,,0.1255,train,AI-assisted weak label; requires human review before use as gold data
b72f7bf254f961fe,Instagram,privacy_policy,Communicating with you,"We use information you’ve given us (like contact information on your profile) to send you a communication, like an e-mail or in-product notice, for example:","We use information you’ve given us (like contact information on your profile) to send you a communication, like an e-mail or in-product notice, for example:",https://instagram.com,Medium,60,tracking_profiling,profile,R003,explainable_rules,0.65,False,,,,0.0657,train,AI-assisted weak label; requires human review before use as gold data
8b8cbccac745c3a2,Instagram,privacy_policy,Communicating with you,Contact information on your profile and your communications with us,Contact information on your profile and your communications with us,https://instagram.com,Medium,60,tracking_profiling,profile,R003,explainable_rules,0.65,False,,,,0.1047,train,AI-assisted weak label; requires human review before use as gold data
0305f26237e84ddb,Instagram,privacy_policy,Sharing information with third parties at your request,Information such as your contact or profile information,Information such as your contact or profile information,https://instagram.com,Medium,60,tracking_profiling,profile,R003,explainable_rules,0.65,False,,,,0.1125,train,AI-assisted weak label; requires human review before use as gold data
6d8e6093dd9250bb,Netflix,terms_of_service,1.1. Access to the Netflix Service,"1.1. Access to the Netflix Service. To use the Netflix service you must have Internet access and a Netflix supported device. Some features, content, or offerings may be available at no cost and may be accessed without creating an account or providing a Payment Method, while other options require you to create a Netflix account or purchase a subscription, subject to the subscription terms outlined below. You may also be able to use the Netflix service as a profile user under an Account Owner’s subscription, provided you are part of the same household, or, in countries where this feature is available, as an Extra Member if you do not live in the same household as the Account Owner. As used in these Terms, “Account Owner” means the user who created the Netflix account and whose Payment Method is charged for the subscription.","1.1. Access to the Netflix Service. To use the Netflix service you must have Internet access and a Netflix supported device. Some features, content, or offerings may be available at no cost and may be accessed without creating an account or providing a Payment Method, while other options require you to create a Netflix account or purchase a subscription, subject to the subscription terms outlined below. You may also be able to use the Netflix service as a profile user under an Account Owner’s subscription, provided you are part of the same household, or, in countries where this feature is available, as an Extra Member if you do not live in the same household as the Account Owner. As used in these Terms, “Account Owner” means the user who created the Netflix account and whose Payment Method is charged for the subscription.",https://netflix.com,Medium,60,tracking_profiling,profile,R003,explainable_rules,0.65,False,,,,0.0488,train,AI-assisted weak label; requires human review before use as gold data
7fe8a81f37b45509,Netflix,terms_of_service,2.6. Cancellation,"2.6. Cancellation. You can cancel your Netflix subscription at any time. To cancel, go to the ""Account"" page and follow the cancellation instructions. The cancellation will take effect at the end of the billing period. To the extent permitted by the applicable law, payments are non-refundable and we do not provide refunds or credits for any partial subscription periods or unused Netflix content. You can see when your subscription will end on the “Account” page. If you signed up for Netflix using your account with a third party as a Payment Method and wish to cancel your Netflix subscription, you may need to do so through such third party, for example by visiting your account with the applicable third party and turning off auto-renew, or unsubscribing from the Netflix service through that third party.","2.6. Cancellation. You can cancel your Netflix subscription at any time. To cancel, go to the ""Account"" page and follow the cancellation instructions. The cancellation will take effect at the end of the billing period. To the extent permitted by the applicable law, payments are non-refundable and we do not provide refunds or credits for any partial subscription periods or unused Netflix content. You can see when your subscription will end on the “Account” page. If you signed up for Netflix using your account with a third party as a Payment Method and wish to cancel your Netflix subscription, you may need to do so through such third party, for example by visiting your account with the applicable third party and turning off auto-renew, or unsubscribing from the Netflix service through that third party.",https://netflix.com,Medium,65,auto_renewal_trial|cancellation_refund_fee,auto-renew || non-refundable,R006|R007,explainable_rules,0.65,False,,,,0.0404,train,AI-assisted weak label; requires human review before use as gold data
23b579ffae499385,Netflix,terms_of_service,3.2. Cancellation or Changing Beneficiary of the Extra Member Account,"3.2. Cancellation or Changing Beneficiary of the Extra Member Account. An Extra Member may cancel their account at any time; cancellation by the Extra Member will result in the Extra Member’s immediate loss of access to the Netflix service. The Account Owner may also, in their sole discretion and at any time, remove the Extra Member feature from their subscription or change its beneficiary. If the Account Owner removes the Extra Member feature from their subscription, the Extra Member will retain access to the Netflix service until the end of the Account Owner’s billing period. If the Account Owner changes the beneficiary of the Extra Member account, the previous beneficiary’s access to the Netflix service will end immediately. An Extra Member who wishes to continue using the service, can upgrade their Extra Member account to a subscription via the “Account” page.","3.2. Cancellation or Changing Beneficiary of the Extra Member Account. An Extra Member may cancel their account at any time; cancellation by the Extra Member will result in the Extra Member’s immediate loss of access to the Netflix service. The Account Owner may also, in their sole discretion and at any time, remove the Extra Member feature from their subscription or change its beneficiary. If the Account Owner removes the Extra Member feature from their subscription, the Extra Member will retain access to the Netflix service until the end of the Account Owner’s billing period. If the Account Owner changes the beneficiary of the Extra Member account, the previous beneficiary’s access to the Netflix service will end immediately. An Extra Member who wishes to continue using the service, can upgrade their Extra Member account to a subscription via the “Account” page.",https://netflix.com,Medium,60,policy_terms_change,"sole discretion and at any time, remove the Extra Member feature from their subscription or change",R005,explainable_rules,0.65,False,,,,0.084,train,AI-assisted weak label; requires human review before use as gold data
43b3609fad8c39e2,Netflix,privacy_policy,The Categories of Personal Information We Collect,"Netflix account/profile information: We collect information that is associated with your Netflix account and/or Netflix profiles on your account (such as profile name and icon, Netflix game handle, ratings and feedback you provide for Netflix content), “My List” (watch list of titles), “continue watching” information, account/profile settings, and choices in connection with your use of the Netflix service.","Netflix account/profile information: We collect information that is associated with your Netflix account and/or Netflix profiles on your account (such as profile name and icon, Netflix game handle, ratings and feedback you provide for Netflix content), “My List” (watch list of titles), “continue watching” information, account/profile settings, and choices in connection with your use of the Netflix service.",https://netflix.com,Medium,60,tracking_profiling,profile,R003,explainable_rules,0.65,False,,,,0.0713,train,AI-assisted weak label; requires human review before use as gold data
0d8a2424226addf7,Netflix,privacy_policy,The Categories of Personal Information We Collect,"Advertising information: We collect information about the advertisements on the Netflix service that you view or interact with, device information (such as resettable device identifiers), IP addresses, inferences we make about you or your household based on data we collect from or about you (such as the types of ads you or your household prefer to see), and information provided by Advertising Companies (such as your demographic information, likely interests they have collected or inferred from your interactions and purchases through their own and other websites and apps). We also collect information on Advertiser websites and apps. We use this information to support advertisements (including behavioral advertisements in accordance with your preferences. ""Behavioral Advertisements"" are those that are selected based on information about your use and/or interactions within the Netflix service and/or with unaffiliated third party services).","Advertising information: We collect information about the advertisements on the Netflix service that you view or interact with, device information (such as resettable device identifiers), IP addresses, inferences we make about you or your household based on data we collect from or about you (such as the types of ads you or your household prefer to see), and information provided by Advertising Companies (such as your demographic information, likely interests they have collected or inferred from your interactions and purchases through their own and other websites and apps). We also collect information on Advertiser websites and apps. We use this information to support advertisements (including behavioral advertisements in accordance with your preferences. ""Behavioral Advertisements"" are those that are selected based on information about your use and/or interactions within the Netflix service and/or with unaffiliated third party services).",https://netflix.com,Medium,60,tracking_profiling,behavioral advertisements,R003,explainable_rules,0.65,False,,,,0.0833,train,AI-assisted weak label; requires human review before use as gold data
9f5af33873128f16,Netflix,privacy_policy,The Categories of Personal Information We Collect,"cookie data, resettable device identifiers, advertising identifiers and other unique identifiers (described below in the section “Cookies and other Technologies”).","cookie data, resettable device identifiers, advertising identifiers and other unique identifiers (described below in the section “Cookies and other Technologies”).",https://netflix.com,Medium,60,tracking_profiling,advertising identifiers,R003,explainable_rules,0.65,False,,,,0.0453,train,AI-assisted weak label; requires human review before use as gold data
0b9f495cf66893a3,Netflix,privacy_policy,Where We Collect Personal Information From,"Directly from you: When you register with the Netflix service, update your Netflix account or profile, purchase products or services from us, correspond with us, or respond to our surveys, you may provide (and we will collect) the following categories of personal information: personal details, payment details, purchase information, Netflix account/profile information, and communications.","Directly from you: When you register with the Netflix service, update your Netflix account or profile, purchase products or services from us, correspond with us, or respond to our surveys, you may provide (and we will collect) the following categories of personal information: personal details, payment details, purchase information, Netflix account/profile information, and communications.",https://netflix.com,Medium,60,tracking_profiling,profile,R003,explainable_rules,0.65,False,,,,0.0985,train,AI-assisted weak label; requires human review before use as gold data
228eaa368ab7afbc,Netflix,privacy_policy,Where We Collect Personal Information From,"Automatically when you use our service: We automatically collect the following categories of personal information in connection with your use of the Netflix service: Netflix account/profile information, purchase information, usage information, advertising information, device and network information, and communications.","Automatically when you use our service: We automatically collect the following categories of personal information in connection with your use of the Netflix service: Netflix account/profile information, purchase information, usage information, advertising information, device and network information, and communications.",https://netflix.com,Medium,60,tracking_profiling,profile,R003,explainable_rules,0.65,False,,,,0.0881,train,AI-assisted weak label; requires human review before use as gold data
82643a92202b8209,Netflix,privacy_policy,How We Use Your Personal Information,"To provide our service including making personalized recommendations for Netflix content that we think will be of interest to you (learn more: netflix.com/recommendations). This may also include personalizing and optimizing the features and functionalities of the service (such as the way in which the recommendations are presented to you), and localizing Netflix content relevant to your geography in compliance with our content partners’ licensing terms. We use the following categories of personal information for this purpose: personal details, Netflix account/profile information, purchase information, usage information, device and network information, and communications.","To provide our service including making personalized recommendations for Netflix content that we think will be of interest to you (learn more: netflix.com/recommendations). This may also include personalizing and optimizing the features and functionalities of the service (such as the way in which the recommendations are presented to you), and localizing Netflix content relevant to your geography in compliance with our content partners’ licensing terms. We use the following categories of personal information for this purpose: personal details, Netflix account/profile information, purchase information, usage information, device and network information, and communications.",https://netflix.com,Medium,60,tracking_profiling,profile,R003,explainable_rules,0.65,False,,,,0.0531,train,AI-assisted weak label; requires human review before use as gold data
a44e0f61f4c04c4d,Netflix,privacy_policy,How We Use Your Personal Information,"To administer and operate our business including purposes such as processing payments and any gift cards you redeem, sending transactional communications to you (such as confirmation of subscription start date or information about changes to your account), determining your internet service provider to support network troubleshooting issues, responding to your inquiries and requests, and assisting you with operational requests such as password resets. We use the following categories of personal information for this purpose: personal details, payment details, purchase information, Netflix account/profile information, usage information, device and network information, and communications.","To administer and operate our business including purposes such as processing payments and any gift cards you redeem, sending transactional communications to you (such as confirmation of subscription start date or information about changes to your account), determining your internet service provider to support network troubleshooting issues, responding to your inquiries and requests, and assisting you with operational requests such as password resets. We use the following categories of personal information for this purpose: personal details, payment details, purchase information, Netflix account/profile information, usage information, device and network information, and communications.",https://netflix.com,Medium,60,tracking_profiling,profile,R003,explainable_rules,0.65,False,,,,0.0653,train,AI-assisted weak label; requires human review before use as gold data
21891a46feed98ab,Netflix,privacy_policy,How We Use Your Personal Information,"To research, analyze, and improve our services such as analyzing and understanding how users interact with the Netflix service, to improve our services and optimize Netflix content selection and service delivery. This may also include processing your personal information in connection with any surveys you participate in. We use the following categories of personal information for this purpose: personal details, payment details, purchase information, Netflix account/profile information, usage information, device and network information, and communications.","To research, analyze, and improve our services such as analyzing and understanding how users interact with the Netflix service, to improve our services and optimize Netflix content selection and service delivery. This may also include processing your personal information in connection with any surveys you participate in. We use the following categories of personal information for this purpose: personal details, payment details, purchase information, Netflix account/profile information, usage information, device and network information, and communications.",https://netflix.com,Medium,60,tracking_profiling,profile,R003,explainable_rules,0.65,False,,,,0.0825,train,AI-assisted weak label; requires human review before use as gold data
401d13aadab15745,Netflix,privacy_policy,How We Use Your Personal Information,"To enable Partner integrations and promotions so that our Partners can promote the Netflix service and make it available to you through Partner devices and integrations, based on the specific relationship you have with the Partner. We use the following categories of personal information for this purpose: personal details, payment details, Netflix account/profile information, usage information, device and network information, and communications.","To enable Partner integrations and promotions so that our Partners can promote the Netflix service and make it available to you through Partner devices and integrations, based on the specific relationship you have with the Partner. We use the following categories of personal information for this purpose: personal details, payment details, Netflix account/profile information, usage information, device and network information, and communications.",https://netflix.com,Medium,60,tracking_profiling,profile,R003,explainable_rules,0.65,False,,,,0.0772,train,AI-assisted weak label; requires human review before use as gold data
77a70be6856d6418,Netflix,privacy_policy,How We Use Your Personal Information,"To send marketing and informational messages including news and promotional communications about our service, new features, available Netflix content, Offers, as well as Netflix marketing on third party services. Any of these messages, including Netflix marketing on third party services, may be personalized for you or your likely interests. Please see the section “Communication Preferences” below to change your communications preferences. To understand your choices in connection with Netflix’s marketing on third party services, please see the “Cookies and other Technologies” section below. Depending on the nature of the message we send, we may use the following categories of personal information for this purpose: personal details, payment details, Netflix account/profile information, purchase information, usage information, device and network information, and communications.","To send marketing and informational messages including news and promotional communications about our service, new features, available Netflix content, Offers, as well as Netflix marketing on third party services. Any of these messages, including Netflix marketing on third party services, may be personalized for you or your likely interests. Please see the section “Communication Preferences” below to change your communications preferences. To understand your choices in connection with Netflix’s marketing on third party services, please see the “Cookies and other Technologies” section below. Depending on the nature of the message we send, we may use the following categories of personal information for this purpose: personal details, payment details, Netflix account/profile information, purchase information, usage information, device and network information, and communications.",https://netflix.com,Medium,60,tracking_profiling,profile,R003,explainable_rules,0.65,False,,,,0.1278,train,AI-assisted weak label; requires human review before use as gold data
4a3c316449724cfe,Netflix,privacy_policy,How We Use Your Personal Information,"To support advertisements including to provide, analyze, administer, enhance, optimize, select, deliver and measure advertisements. We use the following categories of personal information for this purpose: personal details, payment details, purchase information, Netflix account/profile information, usage information, advertising information, and device and network information.","To support advertisements including to provide, analyze, administer, enhance, optimize, select, deliver and measure advertisements. We use the following categories of personal information for this purpose: personal details, payment details, purchase information, Netflix account/profile information, usage information, advertising information, and device and network information.",https://netflix.com,Medium,60,tracking_profiling,profile,R003,explainable_rules,0.65,False,,,,0.0787,train,AI-assisted weak label; requires human review before use as gold data
fb2508c58eb6ec6e,Netflix,privacy_policy,How We Use Your Personal Information,We use your personal information to present you with advertisements. Some of our advertisements may be Behavioral Advertisements. Please see the section “Advertising Choices” below to learn about your choices.,We use your personal information to present you with advertisements. Some of our advertisements may be Behavioral Advertisements. Please see the section “Advertising Choices” below to learn about your choices.,https://netflix.com,Medium,60,tracking_profiling,Behavioral Advertisements,R003,explainable_rules,0.65,False,,,,0.1069,train,AI-assisted weak label; requires human review before use as gold data
e3ccff35cf1e1e37,Netflix,privacy_policy,How We Use Your Personal Information,"For safety, security, and fraud prevention including to secure our systems, protect our business, and to investigate, prevent, and detect prohibited or illegal activities and other security/technical issues. We use the following categories of personal information for this purpose: personal details, payment details, Netflix account/profile information, usage information, advertising information, device and network information, and communications.","For safety, security, and fraud prevention including to secure our systems, protect our business, and to investigate, prevent, and detect prohibited or illegal activities and other security/technical issues. We use the following categories of personal information for this purpose: personal details, payment details, Netflix account/profile information, usage information, advertising information, device and network information, and communications.",https://netflix.com,Medium,60,tracking_profiling,profile,R003,explainable_rules,0.65,False,,,,0.0908,train,AI-assisted weak label; requires human review before use as gold data
62fcb8a3fcd1e7db,Netflix,privacy_policy,How We Use Your Personal Information,"To comply with law and enforce the Netflix Terms of Use including to satisfy applicable law, regulation, legal process, or governmental request, and to protect against harm to the rights, property or safety of Netflix, its users or the public, as required or permitted by law, and to enforce applicable community guidelines. This also includes determining whether a particular device is permitted to use the account consistent with the Netflix Terms of Use. We use the following categories of personal information for this purpose: personal details, payment details, Netflix account/profile information, usage information, advertising information, device and network information, and communications.","To comply with law and enforce the Netflix Terms of Use including to satisfy applicable law, regulation, legal process, or governmental request, and to protect against harm to the rights, property or safety of Netflix, its users or the public, as required or permitted by law, and to enforce applicable community guidelines. This also includes determining whether a particular device is permitted to use the account consistent with the Netflix Terms of Use. We use the following categories of personal information for this purpose: personal details, payment details, Netflix account/profile information, usage information, advertising information, device and network information, and communications.",https://netflix.com,Medium,60,tracking_profiling,profile,R003,explainable_rules,0.65,False,,,,0.0538,train,AI-assisted weak label; requires human review before use as gold data
22e6124d0c58b8b1,Netflix,privacy_policy,Who We Disclose Personal Information To,"Promotional collaborations: We may collaborate with third parties for Offers. To fulfill these types of Offers, we and the third parties may use your personal information for the following purposes: to enable Partner integrations and promotions; and to send marketing and informational messages.","Promotional collaborations: We may collaborate with third parties for Offers. To fulfill these types of Offers, we and the third parties may use your personal information for the following purposes: to enable Partner integrations and promotions; and to send marketing and informational messages.",https://netflix.com,Medium,60,third_party_sharing,third parties may use your personal information,R001,explainable_rules,0.65,False,,,,0.1463,train,AI-assisted weak label; requires human review before use as gold data
f047925db6786c51,Netflix,privacy_policy,Who We Disclose Personal Information To,"Safety, security and fraud prevention: Netflix and its Service Providers may disclose your personal information to third parties where we reasonably believe disclosure is needed for the purpose of: safety, security, and fraud prevention.","Safety, security and fraud prevention: Netflix and its Service Providers may disclose your personal information to third parties where we reasonably believe disclosure is needed for the purpose of: safety, security, and fraud prevention.",https://netflix.com,Medium,60,third_party_sharing,Providers may disclose your personal information to third parties,R001,explainable_rules,0.65,False,,,,0.1658,train,AI-assisted weak label; requires human review before use as gold data
53f0869420feb0a4,Netflix,privacy_policy,International Transfers of Personal Information,"Netflix operates from various countries around the world, as do its Service Providers, Partners, and other third parties to whom we may need to disclose your personal information, as described above. This means that when you use or interact with Netflix, your personal information may be transferred to other countries that have different data protection laws than those where you reside.","Netflix operates from various countries around the world, as do its Service Providers, Partners, and other third parties to whom we may need to disclose your personal information, as described above. This means that when you use or interact with Netflix, your personal information may be transferred to other countries that have different data protection laws than those where you reside.",https://netflix.com,Medium,60,third_party_sharing,third parties to whom we may need to disclose your personal information,R001,explainable_rules,0.65,False,,,,0.103,train,AI-assisted weak label; requires human review before use as gold data
a0f416a72ca64176,Netflix,privacy_policy,Communication and Marketing Preferences,"Email and Text Messages. If you no longer want to receive certain communications from us via email or text message, please access the “Notification settings” option for the relevant profile within the “Account” section of our website. Alternatively, click the “unsubscribe” link in the email or reply STOP (or as otherwise instructed) to the text message (note: you may receive a confirmation text message in this case). Please note that you cannot unsubscribe from transactional messages from us, such as messages relating to your account transactions.","Email and Text Messages. If you no longer want to receive certain communications from us via email or text message, please access the “Notification settings” option for the relevant profile within the “Account” section of our website. Alternatively, click the “unsubscribe” link in the email or reply STOP (or as otherwise instructed) to the text message (note: you may receive a confirmation text message in this case). Please note that you cannot unsubscribe from transactional messages from us, such as messages relating to your account transactions.",https://netflix.com,Medium,60,tracking_profiling,profile,R003,explainable_rules,0.65,False,,,,0.0304,train,AI-assisted weak label; requires human review before use as gold data
c1839708300fd4ca,Netflix,privacy_policy,Communication and Marketing Preferences,You can indicate your choices regarding the Matched Identifier Communications on third party services in the “Privacy and data settings” (for the relevant profile) within the “Account” section of our website.,You can indicate your choices regarding the Matched Identifier Communications on third party services in the “Privacy and data settings” (for the relevant profile) within the “Account” section of our website.,https://netflix.com,Medium,60,tracking_profiling,profile,R003,explainable_rules,0.65,False,,,,0.0428,train,AI-assisted weak label; requires human review before use as gold data
7dbbbb0b2902dc40,Netflix,privacy_policy,Advertising Choices,Behavioral Advertising Choices for Advertisements on Netflix,Behavioral Advertising Choices for Advertisements on Netflix,https://netflix.com,Medium,60,tracking_profiling,Behavioral Advertising,R003,explainable_rules,0.65,False,,,,0.0694,train,AI-assisted weak label; requires human review before use as gold data
a098b0a7ab0b9fab,Netflix,privacy_policy,Advertising Choices,"We respect your Behavioral Advertising preferences, as applicable. If you are eligible for Behavioral Advertisements, a “Behavioral Advertising” setting will be available to you in the “Privacy and data settings” menu (for the relevant profile) of the “Account” section of our website that you can adjust at any time.","We respect your Behavioral Advertising preferences, as applicable. If you are eligible for Behavioral Advertisements, a “Behavioral Advertising” setting will be available to you in the “Privacy and data settings” menu (for the relevant profile) of the “Account” section of our website that you can adjust at any time.",https://netflix.com,Medium,60,tracking_profiling,Behavioral Advertising,R003,explainable_rules,0.65,False,,,,0.0456,train,AI-assisted weak label; requires human review before use as gold data
1c02025e743ed59a,Netflix,privacy_policy,Advertising Choices,"If your Behavioral Advertisements setting is off, you will still see advertisements, but they will be non-behavioral advertisements.","If your Behavioral Advertisements setting is off, you will still see advertisements, but they will be non-behavioral advertisements.",https://netflix.com,Medium,60,tracking_profiling,Behavioral Advertisements,R003,explainable_rules,0.65,False,,,,0.0659,train,AI-assisted weak label; requires human review before use as gold data
beecae71370a58e4,Netflix,privacy_policy,Advertising Choices,"Netflix supports the following self-regulatory programs, which provide additional privacy choices for Behavioral Advertising:","Netflix supports the following self-regulatory programs, which provide additional privacy choices for Behavioral Advertising:",https://netflix.com,Medium,60,tracking_profiling,Behavioral Advertising,R003,explainable_rules,0.65,False,,,,0.0374,train,AI-assisted weak label; requires human review before use as gold data
12fb2643de38bc53,Netflix,privacy_policy,Section C: Access to Account and Profiles,"Profiles: Profiles allow users on a Netflix account to have a personalized Netflix experience, built around the Netflix content of interest to them, as well as separate watch histories. Please note that profiles are available to everyone who uses your Netflix account, so that anyone with access to your Netflix account can navigate to and use, edit or delete profiles, and information within or associated with the profile (although, as noted above, you can add a Profile Lock PIN to restrict streaming access on a profile). You should explain this to others with access to your account, and if you do not want them to use or change your profile, be sure to let them know. We also have various parental controls available and you can learn more here: help.netflix.com/node/264.","Profiles: Profiles allow users on a Netflix account to have a personalized Netflix experience, built around the Netflix content of interest to them, as well as separate watch histories. Please note that profiles are available to everyone who uses your Netflix account, so that anyone with access to your Netflix account can navigate to and use, edit or delete profiles, and information within or associated with the profile (although, as noted above, you can add a Profile Lock PIN to restrict streaming access on a profile). You should explain this to others with access to your account, and if you do not want them to use or change your profile, be sure to let them know. We also have various parental controls available and you can learn more here: help.netflix.com/node/264.",https://netflix.com,Medium,60,tracking_profiling,Profiles || add a Profile Lock PIN to restrict streaming access on a profile,R003|R019,explainable_rules,0.65,False,,,,0.0368,train,AI-assisted weak label; requires human review before use as gold data
d62aaaf25fe6a850,Netflix,privacy_policy,Section C: Access to Account and Profiles,Profile Transfers: The profile transfer feature on your account allows you and users with access to your account to transfer an eligible profile from your account to a separate account (including information such as viewing history and recommendations). You can change the setting for this feature in the “Account” section of our website. You can learn more here: help.netflix.com/node/122698.,Profile Transfers: The profile transfer feature on your account allows you and users with access to your account to transfer an eligible profile from your account to a separate account (including information such as viewing history and recommendations). You can change the setting for this feature in the “Account” section of our website. You can learn more here: help.netflix.com/node/122698.,https://netflix.com,Medium,60,tracking_profiling,Profile,R003,explainable_rules,0.65,False,,,,0.0454,train,AI-assisted weak label; requires human review before use as gold data
8bf93970cfeb5dfc,Netflix,privacy_policy,"Cookies and Similar Technologies, Pixel Tags, and other Identifiers","If you use a Netflix app (such as the main Netflix app, or a Netflix game app) on a mobile device, tablet, or streaming media device, we may collect a resettable device identifier from your device. Resettable device identifiers can be used like cookies and are found on many mobile devices and tablets (for example, the “Identifier for Advertisers” on Apple iOS devices and the “Google Advertising ID” on Android devices), and certain streaming media devices.","If you use a Netflix app (such as the main Netflix app, or a Netflix game app) on a mobile device, tablet, or streaming media device, we may collect a resettable device identifier from your device. Resettable device identifiers can be used like cookies and are found on many mobile devices and tablets (for example, the “Identifier for Advertisers” on Apple iOS devices and the “Google Advertising ID” on Android devices), and certain streaming media devices.",https://netflix.com,Medium,60,tracking_profiling,Advertising ID,R003,explainable_rules,0.65,False,,,,0.0673,train,AI-assisted weak label; requires human review before use as gold data
9d2c6386371ff8ed,Netflix,privacy_policy,How can I exercise choice regarding these technologies?,"To exercise choice regarding Netflix’s use of hashed identifiers for Netflix marketing communications on third party services, please configure the appropriate setting under Matched Identifier Communications in the “Privacy and data settings” (for the relevant profile) within the “Account” section of our website.","To exercise choice regarding Netflix’s use of hashed identifiers for Netflix marketing communications on third party services, please configure the appropriate setting under Matched Identifier Communications in the “Privacy and data settings” (for the relevant profile) within the “Account” section of our website.",https://netflix.com,Medium,60,tracking_profiling,profile,R003,explainable_rules,0.65,False,,,,0.0518,train,AI-assisted weak label; requires human review before use as gold data
acd798c296f4a455,Netflix,privacy_policy,How can I exercise choice regarding these technologies?,"In addition to these choices, if you want to exercise your choices for Behavioral Advertising on Netflix, please see “Advertising Choices” above.","In addition to these choices, if you want to exercise your choices for Behavioral Advertising on Netflix, please see “Advertising Choices” above.",https://netflix.com,Medium,60,tracking_profiling,Behavioral Advertising,R003,explainable_rules,0.65,False,,,,0.0724,train,AI-assisted weak label; requires human review before use as gold data
2661686dad389911,Netflix,privacy_policy,Retention of Personal Information,"Specifically, we retain personal information for as long as necessary to fulfill the following purposes: to provide our service; to administer and operate our business; to research, analyze, and improve our services; to send marketing and informational messages; to support advertisements; for safety, security, and fraud prevention; and to comply with law and enforce the Netflix Terms of Use. Our retention of personal information is based on many factors such as your relationship with Netflix (for example, whether you are a current Netflix member), the nature of the personal information, our legal obligations, and the need to defend or resolve current or anticipated legal claims.","Specifically, we retain personal information for as long as necessary to fulfill the following purposes: to provide our service; to administer and operate our business; to research, analyze, and improve our services; to send marketing and informational messages; to support advertisements; for safety, security, and fraud prevention; and to comply with law and enforce the Netflix Terms of Use. Our retention of personal information is based on many factors such as your relationship with Netflix (for example, whether you are a current Netflix member), the nature of the personal information, our legal obligations, and the need to defend or resolve current or anticipated legal claims.",https://netflix.com,Medium,60,retention_deletion,retain personal information for as long as necessary,R004,explainable_rules,0.65,False,,,,0.1076,train,AI-assisted weak label; requires human review before use as gold data
fda24f2679cdd508,Netflix,privacy_policy,The Categories of Personal Information We Collect,"Netflix account/profile information: We collect information that may be associated with your Netflix account/profile, such as your game handle, friend or team list selections and the names of those teams, when you use features such as local multiplayer (for example, when players connect to a “Netflix Game on TV” such as by scanning a QR code on the TV) and online multiplayer (interacting with other online players in the game).","Netflix account/profile information: We collect information that may be associated with your Netflix account/profile, such as your game handle, friend or team list selections and the names of those teams, when you use features such as local multiplayer (for example, when players connect to a “Netflix Game on TV” such as by scanning a QR code on the TV) and online multiplayer (interacting with other online players in the game).",https://netflix.com,Medium,60,tracking_profiling,profile,R003,explainable_rules,0.65,False,,,,0.058,train,AI-assisted weak label; requires human review before use as gold data
dafcc085866253a0,Netflix,privacy_policy,How We Use Your Personal Information,"To provide our service: When you play Netflix games that include these features (or similar features), we use your personal information in order to provide the game including the features, as described below. We use the following categories of personal information used to provide our service with these features: Netflix account/profile information, usage information, and device and network information. In particular:","To provide our service: When you play Netflix games that include these features (or similar features), we use your personal information in order to provide the game including the features, as described below. We use the following categories of personal information used to provide our service with these features: Netflix account/profile information, usage information, and device and network information. In particular:",https://netflix.com,Medium,60,tracking_profiling,profile,R003,explainable_rules,0.65,False,,,,0.116,train,AI-assisted weak label; requires human review before use as gold data
bb69a1f21a0066d2,Netflix,privacy_policy,How We Use Your Personal Information,"For safety, security, and fraud prevention: When you play Netflix games with text or voice chat, or user-generated content features, we use the following categories of personal information for safety, security and fraud prevention including to secure our systems, protect our business, and to investigate, prevent, and detect prohibited or illegal activities and other security/technical issues: personal details, payment details, Netflix account/profile information, usage information, advertising information, device and network information, and communications. We and our Service Providers may monitor and/or record text and voice chat during your use of those features (but do not have the obligation to do so) for the preceding reasons, including to enforce the Netflix Games Community Guidelines (help.netflix.com/legal/gamescommunityguidelines).","For safety, security, and fraud prevention: When you play Netflix games with text or voice chat, or user-generated content features, we use the following categories of personal information for safety, security and fraud prevention including to secure our systems, protect our business, and to investigate, prevent, and detect prohibited or illegal activities and other security/technical issues: personal details, payment details, Netflix account/profile information, usage information, advertising information, device and network information, and communications. We and our Service Providers may monitor and/or record text and voice chat during your use of those features (but do not have the obligation to do so) for the preceding reasons, including to enforce the Netflix Games Community Guidelines (help.netflix.com/legal/gamescommunityguidelines).",https://netflix.com,Medium,60,tracking_profiling,profile,R003,explainable_rules,0.65,False,,,,0.0674,train,AI-assisted weak label; requires human review before use as gold data
89dfdc6b20864ba6,Netflix,privacy_policy,Legal bases,"Legitimate interests: We rely on legitimate interests to collect and use personal information for the following purposes described in this Privacy Statement: to provide our service (when processing profile users' personal information, including for the purpose of profile transfers); to research, analyze, and improve our services; to enable Partner integrations and promotions; to send marketing and informational messages (in accordance with your communications preferences and where permitted by law); to support advertisements (for non-behavioral advertisements); for safety, security, and fraud prevention (except where we have a legal obligation to comply or have your consent, in the circumstances described below); and to comply with law and enforce the Netflix Terms of Use (when determining whether and for which Offers you are eligible and determining whether a particular device is permitted to use the account consistent with the Netflix Terms of Use).","Legitimate interests: We rely on legitimate interests to collect and use personal information for the following purposes described in this Privacy Statement: to provide our service (when processing profile users' personal information, including for the purpose of profile transfers); to research, analyze, and improve our services; to enable Partner integrations and promotions; to send marketing and informational messages (in accordance with your communications preferences and where permitted by law); to support advertisements (for non-behavioral advertisements); for safety, security, and fraud prevention (except where we have a legal obligation to comply or have your consent, in the circumstances described below); and to comply with law and enforce the Netflix Terms of Use (when determining whether and for which Offers you are eligible and determining whether a particular device is permitted to use the account consistent with the Netflix Terms of Use).",https://netflix.com,Medium,60,tracking_profiling,profile,R003,explainable_rules,0.65,False,,,,0.1028,train,AI-assisted weak label; requires human review before use as gold data
b718fe014fd7246e,Netflix,privacy_policy,Legal bases,"Consent: We rely on consent to collect and use personal information for the following purposes described in this Privacy Statement: to support Behavioral Advertising, to send marketing messages that individuals have consented to receive (such as email messages to encourage completion of registration, Offers that may be available, or to invite users to participate in consumer insights research such as detailed surveys, and panel and individual interviews). We also rely on consent for safety, security, and fraud prevention, and to comply with law and enforce the Netflix Terms of Use (such as where a member requests that we provide information about their account to law enforcement officials to help with an investigation regarding stolen property belonging to the individual).","Consent: We rely on consent to collect and use personal information for the following purposes described in this Privacy Statement: to support Behavioral Advertising, to send marketing messages that individuals have consented to receive (such as email messages to encourage completion of registration, Offers that may be available, or to invite users to participate in consumer insights research such as detailed surveys, and panel and individual interviews). We also rely on consent for safety, security, and fraud prevention, and to comply with law and enforce the Netflix Terms of Use (such as where a member requests that we provide information about their account to law enforcement officials to help with an investigation regarding stolen property belonging to the individual).",https://netflix.com,Medium,60,tracking_profiling,Behavioral Advertising,R003,explainable_rules,0.65,False,,,,0.0852,train,AI-assisted weak label; requires human review before use as gold data
5428bbff9e0f7d94,PayPal,terms_of_service,Safe use of your PayPal account,"You must keep your postal address, email address, phone number of a phone to which you are the primary user and other contact information current in your PayPal account profile.","You must keep your postal address, email address, phone number of a phone to which you are the primary user and other contact information current in your PayPal account profile.",https://paypal.com,Medium,60,tracking_profiling,profile,R003,explainable_rules,0.65,False,,,,0.0457,train,AI-assisted weak label; requires human review before use as gold data
987145a10eb61188,PayPal,terms_of_service,Closing Your PayPal Account,"We may retain your electronic money after closure to the extent and for the time we reasonably require to protect us and/or any third party against the risk of reversals, fees, fines, penalties and other liabilities of whatever nature. After this time you will be able to withdraw any undisputed funds that we are holding. Please Contact Us if you have any questions about funds held in your account on closure.","We may retain your electronic money after closure to the extent and for the time we reasonably require to protect us and/or any third party against the risk of reversals, fees, fines, penalties and other liabilities of whatever nature. After this time you will be able to withdraw any undisputed funds that we are holding. Please Contact Us if you have any questions about funds held in your account on closure.",https://paypal.com,Medium,60,retention_deletion,retain your electronic money after closure,R004,explainable_rules,0.65,False,,,,0.0304,train,AI-assisted weak label; requires human review before use as gold data
7403163d2485bfc0,PayPal,terms_of_service,Your continuous permission for us to charge your funding sources,You can access the mandate and the mandate reference number (MRN) in your PayPal account profile at any time and cancel or change the mandate for future transactions.,You can access the mandate and the mandate reference number (MRN) in your PayPal account profile at any time and cancel or change the mandate for future transactions.,https://paypal.com,Medium,60,tracking_profiling,profile,R003,explainable_rules,0.65,False,,,,0.0335,train,AI-assisted weak label; requires human review before use as gold data
7b5e0dccd9f874af,PayPal,terms_of_service,Currency conversion choices,"Where a currency conversion is offered at the point of sale by the merchant, not by PayPal, and you choose to authorize the payment transaction on the basis of the merchant's exchange rate and charges, PayPal has no liability to you for that currency conversion.","Where a currency conversion is offered at the point of sale by the merchant, not by PayPal, and you choose to authorize the payment transaction on the basis of the merchant's exchange rate and charges, PayPal has no liability to you for that currency conversion.",https://paypal.com,Medium,60,liability_dispute,no liability,R012,explainable_rules,0.65,False,,,,0.0423,train,AI-assisted weak label; requires human review before use as gold data
9aaf87694bd58626,PayPal,privacy_policy,Overview,"This Privacy Statement does not apply when Personal Information is processed by certain third parties, for example, authorities, credit bureaus, acquirers, and other financial institutions. Instead, the third parties' processing of your Personal Information is regulated by their own privacy policies. We encourage you to read the third parties' privacy policies and know your privacy rights before interacting with them.","This Privacy Statement does not apply when Personal Information is processed by certain third parties, for example, authorities, credit bureaus, acquirers, and other financial institutions. Instead, the third parties' processing of your Personal Information is regulated by their own privacy policies. We encourage you to read the third parties' privacy policies and know your privacy rights before interacting with them.",https://paypal.com,Medium,60,third_party_sharing,third parties' processing of your Personal Information,R001,explainable_rules,0.65,False,,,,0.0989,train,AI-assisted weak label; requires human review before use as gold data
116713a11166052f,PayPal,privacy_policy,Non-Account Holders,"Our Services may be accessed by individuals without a PayPal account or profile. We will collect Personal Information from you even if you are a non-account holder when you use our Services, such as when you use our Pay without a PayPal Account, use Unbranded Payment Services (e.g., Braintree), use a Fastlane profile, or when you receive a payment through the Visa+ service from a PayPal account holder or a payment from a payor using the Hyperwallet services. If you Pay without a PayPal account, we may link your transaction information with your PayPal account if you create a PayPal account later.","Our Services may be accessed by individuals without a PayPal account or profile. We will collect Personal Information from you even if you are a non-account holder when you use our Services, such as when you use our Pay without a PayPal Account, use Unbranded Payment Services (e.g., Braintree), use a Fastlane profile, or when you receive a payment through the Visa+ service from a PayPal account holder or a payment from a payor using the Hyperwallet services. If you Pay without a PayPal account, we may link your transaction information with your PayPal account if you create a PayPal account later.",https://paypal.com,Medium,60,tracking_profiling,profile,R003,explainable_rules,0.65,False,,,,0.1523,train,AI-assisted weak label; requires human review before use as gold data
2a2c41e4f448de90,PayPal,privacy_policy,Categories of Personal Information We Collect,"Personal identifiers: Such as name, business name, address, phone number, email, IP address, device information, information collected from cookies or other tracking technologies, government-issued identification, signature, and other information necessary to establish an account or profile.","Personal identifiers: Such as name, business name, address, phone number, email, IP address, device information, information collected from cookies or other tracking technologies, government-issued identification, signature, and other information necessary to establish an account or profile.",https://paypal.com,Medium,60,tracking_profiling,tracking,R003,explainable_rules,0.65,False,,,,0.1387,train,AI-assisted weak label; requires human review before use as gold data
172778f1c2a5027d,PayPal,privacy_policy,Categories of Personal Information We Collect,"Transaction and experience information: Such as account balances, transaction history and transaction details, online shopping cart information, transaction ID, shopping activity and goods or services considered on Partners and Merchants sites, shipping address, shipping options and associated costs when you check out, purchase history, seller information, such as seller name, industry and postal code, buyer information, purchase information, and order tracking and product information.","Transaction and experience information: Such as account balances, transaction history and transaction details, online shopping cart information, transaction ID, shopping activity and goods or services considered on Partners and Merchants sites, shipping address, shipping options and associated costs when you check out, purchase history, seller information, such as seller name, industry and postal code, buyer information, purchase information, and order tracking and product information.",https://paypal.com,Medium,60,tracking_profiling,tracking,R003,explainable_rules,0.65,False,,,,0.0276,train,AI-assisted weak label; requires human review before use as gold data
403bafd55c221b6e,PayPal,privacy_policy,Categories of Personal Information We Collect,"Geolocation data: Such as Global Positioning System (""GPS""), which we may collect with your consent if you have an account for financial Services, and IP-based geolocation data during your user experience or based on your mobile application settings.","Geolocation data: Such as Global Positioning System (""GPS""), which we may collect with your consent if you have an account for financial Services, and IP-based geolocation data during your user experience or based on your mobile application settings.",https://paypal.com,Medium,60,personal_data_collection,collect with your consent if you have an account for financial,R013,explainable_rules,0.65,False,,,,0.0554,train,AI-assisted weak label; requires human review before use as gold data
eda15ed3a594c97e,PayPal,privacy_policy,Categories of Personal Information We Collect,"Biometric data: Such as voice identification, photo identification, or face scans, which we may collect when you consent in the user experience to authenticate you for certain actions related to your account, including, for example, to verify your identity before you access accounts and Services, recover passwords, update profile information, manage payments and payment methods, lift account limitations, and initiate cryptocurrency transfers.","Biometric data: Such as voice identification, photo identification, or face scans, which we may collect when you consent in the user experience to authenticate you for certain actions related to your account, including, for example, to verify your identity before you access accounts and Services, recover passwords, update profile information, manage payments and payment methods, lift account limitations, and initiate cryptocurrency transfers.",https://paypal.com,Medium,60,tracking_profiling,profile,R003,explainable_rules,0.65,False,,,,0.1201,train,AI-assisted weak label; requires human review before use as gold data
9fa2d8f361d40fa2,PayPal,privacy_policy,Categories of Personal Information We Collect,"Information you provide when you contact us: Such as your responses to surveys, recorded conversations, chat conversations with us, email correspondence with us, account or profile status, repayment history, voice identification, vulnerability-related information provided by you and information about others if you choose to share it with us.","Information you provide when you contact us: Such as your responses to surveys, recorded conversations, chat conversations with us, email correspondence with us, account or profile status, repayment history, voice identification, vulnerability-related information provided by you and information about others if you choose to share it with us.",https://paypal.com,Medium,60,tracking_profiling,profile,R003,explainable_rules,0.65,False,,,,0.1409,train,AI-assisted weak label; requires human review before use as gold data
9b12c99d22609144,PayPal,privacy_policy,Categories of Personal Information We Collect,"Information from your device: Such as language settings, browser ID, device ID, device type, cookie preferences, time zone, operating system, platform, screen resolution, and similar information about your device settings, device's web browser, and internet connection, and data collected from Cookies or other tracking technologies.","Information from your device: Such as language settings, browser ID, device ID, device type, cookie preferences, time zone, operating system, platform, screen resolution, and similar information about your device settings, device's web browser, and internet connection, and data collected from Cookies or other tracking technologies.",https://paypal.com,Medium,60,tracking_profiling,tracking,R003,explainable_rules,0.65,False,,,,0.1205,train,AI-assisted weak label; requires human review before use as gold data
76024ca67cb3d0c0,PayPal,privacy_policy,How We Use Personal Information,"Provide our Services. We may use Personal Information to help you send, receive or request money, initiate a payment, add monetary value to an account, pay a bill, administer your purchases, display shipping options and associated costs when you check out, show you your profile, account and payment information, send and receive transactions and prove that they have been executed, to assess your creditworthiness in connection with our Services, confirm your identity (also through the use of electronic signature) and your contact information, to authenticate your access to your account or profile and to confirm your account or profile and financial information are accurate and up to date.","Provide our Services. We may use Personal Information to help you send, receive or request money, initiate a payment, add monetary value to an account, pay a bill, administer your purchases, display shipping options and associated costs when you check out, show you your profile, account and payment information, send and receive transactions and prove that they have been executed, to assess your creditworthiness in connection with our Services, confirm your identity (also through the use of electronic signature) and your contact information, to authenticate your access to your account or profile and to confirm your account or profile and financial information are accurate and up to date.",https://paypal.com,Medium,60,tracking_profiling,profile,R003,explainable_rules,0.65,False,,,,0.0314,train,AI-assisted weak label; requires human review before use as gold data
7272ab2418e91b45,PayPal,privacy_policy,How We Use Personal Information,"If you are using Fastlane, we may recognize you as a Fastlane user when you shop on participating Partner and Merchant sites, and we may prompt you to engage in participating Partner or Merchant interactions, such as registering for a store or loyalty account using your Fastlane profile. We will also use your Personal Information and payment method details to determine whether the payment you are making with a participating Partner or Merchant is authorized by you and likely to be successfully authorized by the payment method you choose to use when you make a purchase using details from your Fastlane profile.","If you are using Fastlane, we may recognize you as a Fastlane user when you shop on participating Partner and Merchant sites, and we may prompt you to engage in participating Partner or Merchant interactions, such as registering for a store or loyalty account using your Fastlane profile. We will also use your Personal Information and payment method details to determine whether the payment you are making with a participating Partner or Merchant is authorized by you and likely to be successfully authorized by the payment method you choose to use when you make a purchase using details from your Fastlane profile.",https://paypal.com,Medium,60,tracking_profiling,profile,R003,explainable_rules,0.65,False,,,,0.0272,train,AI-assisted weak label; requires human review before use as gold data
87395d91e438c888,PayPal,privacy_policy,How We Use Personal Information,"Create an account connection between your account and a third-party account or platform. We may use Personal Information to connect with a third-party account, such as your social network account to facilitate payment transactions or a financial institution when you link an account to PayPal or link your PayPal account to another financial institution, directly or through the use of an aggregator.","Create an account connection between your account and a third-party account or platform. We may use Personal Information to connect with a third-party account, such as your social network account to facilitate payment transactions or a financial institution when you link an account to PayPal or link your PayPal account to another financial institution, directly or through the use of an aggregator.",https://paypal.com,Medium,60,third_party_sharing,third-party account or platform. We may use Personal Information,R001,explainable_rules,0.65,False,,,,0.1709,train,AI-assisted weak label; requires human review before use as gold data
b61280525b2c31c4,PayPal,privacy_policy,How We Use Personal Information,"Send you locally relevant options and for security. If you agree to let us track your precise geolocation, we can customize our Services by personalizing language and content such as providing location-based options, functionality or offers, ads and search results. Even if you don't allow us to track your precise location, we may still use your address to send you location-based options recommended by businesses that are near your address. In addition, we will use precise geolocation to enhance the security of the Sites and Services. We collect precise geolocation data from Users while they are logged into their financial account.","Send you locally relevant options and for security. If you agree to let us track your precise geolocation, we can customize our Services by personalizing language and content such as providing location-based options, functionality or offers, ads and search results. Even if you don't allow us to track your precise location, we may still use your address to send you location-based options recommended by businesses that are near your address. In addition, we will use precise geolocation to enhance the security of the Sites and Services. We collect precise geolocation data from Users while they are logged into their financial account.",https://paypal.com,Medium,65,tracking_profiling|personal_data_collection,track || collect precise geolocation data from Users while they are logged into their financial,R003|R013,explainable_rules,0.65,False,,,,0.1172,train,AI-assisted weak label; requires human review before use as gold data
9ef9a2bacdb766a5,PayPal,privacy_policy,How We Use Personal Information,"Website cookies and trackers. When you use Services, as well as other third-party sites and services, we might use tracking technologies like cookies. See Our Use of Cookies and Tracking Technologies for more details.","Website cookies and trackers. When you use Services, as well as other third-party sites and services, we might use tracking technologies like cookies. See Our Use of Cookies and Tracking Technologies for more details.",https://paypal.com,Medium,60,tracking_profiling,trackers,R003,explainable_rules,0.65,False,,,,0.1605,train,AI-assisted weak label; requires human review before use as gold data
e651c1f4012abdd9,PayPal,privacy_policy,When and How We Share Personal Information With Others,"We disclose your Personal Information with service providers and third parties, including those participating in the payment network, to help us provide Services, protect our customers from risk and fraud, market our products, and comply with legal obligations. We may use and disclose your Sensitive Personal Information if permitted to carry out legitimate business activities and as allowed by law (e.g., with consent or for certain purposes that do not require offering a right to limit use and disclosure of Sensitive Personal Information).","We disclose your Personal Information with service providers and third parties, including those participating in the payment network, to help us provide Services, protect our customers from risk and fraud, market our products, and comply with legal obligations. We may use and disclose your Sensitive Personal Information if permitted to carry out legitimate business activities and as allowed by law (e.g., with consent or for certain purposes that do not require offering a right to limit use and disclosure of Sensitive Personal Information).",https://paypal.com,Medium,60,third_party_sharing,disclose your Personal Information with service providers and third parties,R001,explainable_rules,0.65,False,,,,0.0643,train,AI-assisted weak label; requires human review before use as gold data
51e257d39064f4c5,PayPal,privacy_policy,When and How We Share Personal Information With Others,We may also disclose Personal Information with the following categories of third parties:,We may also disclose Personal Information with the following categories of third parties:,https://paypal.com,Medium,60,third_party_sharing,disclose Personal Information with the following categories of third parties,R001,explainable_rules,0.65,False,,,,0.0969,train,AI-assisted weak label; requires human review before use as gold data
af0c9027f838465e,PayPal,privacy_policy,When and How We Share Personal Information With Others,"Credit reporting and debt collection agencies. We may disclose Personal Information with such agencies to collect unpaid overdue debts through a third party such as a debt collection agency. Please be aware that these parties' privacy notices apply to the processing of Personal Information that you share directly with them, and they may report your unpaid debts to CRAs which may affect your creditworthiness or ability to secure future credit.","Credit reporting and debt collection agencies. We may disclose Personal Information with such agencies to collect unpaid overdue debts through a third party such as a debt collection agency. Please be aware that these parties' privacy notices apply to the processing of Personal Information that you share directly with them, and they may report your unpaid debts to CRAs which may affect your creditworthiness or ability to secure future credit.",https://paypal.com,Medium,60,third_party_sharing,disclose Personal Information with such agencies to collect unpaid overdue debts through a third party,R001,explainable_rules,0.65,False,,,,0.039,train,AI-assisted weak label; requires human review before use as gold data
755912ce7333002d,PayPal,privacy_policy,When and How We Share Personal Information With Others,"Other PayPal account holders to complete a transaction. We may disclose Personal Information with other PayPal account holders to complete a payment transaction, where necessary. This also applies when you interact with ads or offers we provide relating to one of our Partners and Merchants. The Personal Information that may be shared with other PayPal account holders includes your username, profile photo, first and last name, email, city, and phone number in accordance with your account settings.","Other PayPal account holders to complete a transaction. We may disclose Personal Information with other PayPal account holders to complete a payment transaction, where necessary. This also applies when you interact with ads or offers we provide relating to one of our Partners and Merchants. The Personal Information that may be shared with other PayPal account holders includes your username, profile photo, first and last name, email, city, and phone number in accordance with your account settings.",https://paypal.com,Medium,60,tracking_profiling,profile,R003,explainable_rules,0.65,False,,,,0.07,train,AI-assisted weak label; requires human review before use as gold data
d584a0399670eefa,PayPal,privacy_policy,When and How We Share Personal Information With Others,"Other Users in accordance with your account settings. In accordance with your account settings or PayPal.Me preferences, your Personal Information can be seen by other account holders (such as users of Venmo or third party payment networks and processors) to help facilitate a transaction. For example, as part of the send money feature, a User may search for your account to initiate a payment. Based on your account settings, the information shown to other Users may include your username, profile photo, first and last name, email, phone number, city and state, month and year of PayPal account creation, and any additional information you include in the details or ""about you"" section of your account.","Other Users in accordance with your account settings. In accordance with your account settings or PayPal.Me preferences, your Personal Information can be seen by other account holders (such as users of Venmo or third party payment networks and processors) to help facilitate a transaction. For example, as part of the send money feature, a User may search for your account to initiate a payment. Based on your account settings, the information shown to other Users may include your username, profile photo, first and last name, email, phone number, city and state, month and year of PayPal account creation, and any additional information you include in the details or ""about you"" section of your account.",https://paypal.com,Medium,60,tracking_profiling,profile,R003,explainable_rules,0.65,False,,,,0.0384,train,AI-assisted weak label; requires human review before use as gold data
be7fbf44414b3db9,PayPal,privacy_policy,When and How We Share Personal Information With Others,"Linked accounts. If you choose to link your PayPal account with a third-party account, we may disclose Personal Information with third-parties who facilitate that linking.","Linked accounts. If you choose to link your PayPal account with a third-party account, we may disclose Personal Information with third-parties who facilitate that linking.",https://paypal.com,Medium,60,third_party_sharing,"third-party account, we may disclose Personal Information",R001,explainable_rules,0.65,False,,,,0.0595,train,AI-assisted weak label; requires human review before use as gold data
f61645367fc270e1,PayPal,privacy_policy,When and How We Share Personal Information With Others,"Partners and Merchants, their service providers and others involved in a transaction. We may disclose Personal Information with these parties involved in a transaction such as your user name, address, phone number, email address to enable the purchase and delivery of the goods in the transaction. For example, when you use the Services to initiate online purchases, save your payment information with Fastlane, pay other Users using the Services, pay recipients using Visa+, return goods, or when you participate in transactions through the payment network, we may disclose information about you and your account or Fastlane profile with the other parties (or their service providers) involved in processing your transactions. If you choose to interact with participating Partners and Merchants, we will disclose your profile information with the participating Partners and Merchants and their service providers, and facilitate your transaction, shopping experience or other interaction with participating Partners and Merchants sites. This also applies when you interact with ads or offers we provide relating to one of our Partners and Merchants.","Partners and Merchants, their service providers and others involved in a transaction. We may disclose Personal Information with these parties involved in a transaction such as your user name, address, phone number, email address to enable the purchase and delivery of the goods in the transaction. For example, when you use the Services to initiate online purchases, save your payment information with Fastlane, pay other Users using the Services, pay recipients using Visa+, return goods, or when you participate in transactions through the payment network, we may disclose information about you and your account or Fastlane profile with the other parties (or their service providers) involved in processing your transactions. If you choose to interact with participating Partners and Merchants, we will disclose your profile information with the participating Partners and Merchants and their service providers, and facilitate your transaction, shopping experience or other interaction with participating Partners and Merchants sites. This also applies when you interact with ads or offers we provide relating to one of our Partners and Merchants.",https://paypal.com,Medium,60,tracking_profiling,profile,R003,explainable_rules,0.65,False,,,,0.1281,train,AI-assisted weak label; requires human review before use as gold data
1ca2bf1c7705755b,PayPal,privacy_policy,When and How We Share Personal Information With Others,"Other third parties. We may disclose Personal Information with other third parties. For example, we disclose Personal Information to advertising platforms, at your direction. We also disclose Personal Information to security service providers to help prevent unauthorized access to our Services. This further applies to parties we cooperate with for marketing purposes, in particular to show you ads and offers tailored to your interests. Please be aware that these parties' privacy notice applies to the Personal Information that you share directly with them. For example, we use Google's reCAPTCHA to prevent misuse of our Services, when you access our mobile application. We may also use Google Address Autofill to ensure accuracy of your address. Google's Privacy Policy and Terms of Use apply to the Personal Information you share with them. For marketing purposes, we may use third parties to identify and display ads on our Services tailored to your interests and track interactions with these ads. Your interactions with such ads are governed by their Privacy Policy.","Other third parties. We may disclose Personal Information with other third parties. For example, we disclose Personal Information to advertising platforms, at your direction. We also disclose Personal Information to security service providers to help prevent unauthorized access to our Services. This further applies to parties we cooperate with for marketing purposes, in particular to show you ads and offers tailored to your interests. Please be aware that these parties' privacy notice applies to the Personal Information that you share directly with them. For example, we use Google's reCAPTCHA to prevent misuse of our Services, when you access our mobile application. We may also use Google Address Autofill to ensure accuracy of your address. Google's Privacy Policy and Terms of Use apply to the Personal Information you share with them. For marketing purposes, we may use third parties to identify and display ads on our Services tailored to your interests and track interactions with these ads. Your interactions with such ads are governed by their Privacy Policy.",https://paypal.com,Medium,65,third_party_sharing|tracking_profiling,third parties. We may disclose Personal Information || track,R001|R003,explainable_rules,0.65,False,,,,0.1175,train,AI-assisted weak label; requires human review before use as gold data
4cc24df27cfc0244,PayPal,privacy_policy,When and How We Share Personal Information With Others,"Buyers in connection with business transfer. We may disclose Personal Information with a buyer in connection with a business transfer. For example, if we are involved in a merger, a purchase, or a sale of all or part of our business or assets, including receivables and debts, we may disclose, under appropriate data protection terms, your Personal Information to an interested or actual buyer of those business or assets. If PayPal or a significant portion of PayPal's assets are acquired by a third party, Personal Information may also be disclosed to that third party.","Buyers in connection with business transfer. We may disclose Personal Information with a buyer in connection with a business transfer. For example, if we are involved in a merger, a purchase, or a sale of all or part of our business or assets, including receivables and debts, we may disclose, under appropriate data protection terms, your Personal Information to an interested or actual buyer of those business or assets. If PayPal or a significant portion of PayPal's assets are acquired by a third party, Personal Information may also be disclosed to that third party.",https://paypal.com,Medium,60,third_party_sharing,"third party, Personal Information",R001,explainable_rules,0.65,False,,,,0.044,train,AI-assisted weak label; requires human review before use as gold data
86856cd063ed83bc,PayPal,privacy_policy,How Long We Store Your Personal Information,"We retain biometric data for as long as needed or permitted given the purpose for which it was collected and no more than 3 years after your account closes, unless otherwise required by applicable law.","We retain biometric data for as long as needed or permitted given the purpose for which it was collected and no more than 3 years after your account closes, unless otherwise required by applicable law.",https://paypal.com,Medium,60,personal_data_collection,biometric data for as long as needed or permitted given the purpose for which it was collected,R013,explainable_rules,0.65,False,,,,0.2423,train,AI-assisted weak label; requires human review before use as gold data
34687c9fa84063e8,PayPal,privacy_policy,AI and Automated Decision Making,"Automated Decision Making. PayPal uses Automated Decision Making technology to make assessments or decisions, including related to risk, fraud and creditworthiness, where permitted and in accordance with applicable law. Our Automated Decision Making technology may use profiling techniques to evaluate personal aspects about you, including to analyze or predict your economic situation, reliability and/or behavior. This enables us to assess, for example, whether you display traits indicating possible credit or financial risk, money laundering or fraudulent activity, that are inconsistent with any submissions you have made to us, or that suggest you have hidden your real identity. In making an Automated Decision, PayPal may process Users’ Personal Information. If we determine that you pose a credit, fraud, money laundering or other risk, we may refuse to provide new services to you, stop providing services you currently use, or place limits or restrictions on the services you use. Users may exercise rights related to Automated Decision Making, as described in Your Data Protection Rights.","Automated Decision Making. PayPal uses Automated Decision Making technology to make assessments or decisions, including related to risk, fraud and creditworthiness, where permitted and in accordance with applicable law. Our Automated Decision Making technology may use profiling techniques to evaluate personal aspects about you, including to analyze or predict your economic situation, reliability and/or behavior. This enables us to assess, for example, whether you display traits indicating possible credit or financial risk, money laundering or fraudulent activity, that are inconsistent with any submissions you have made to us, or that suggest you have hidden your real identity. In making an Automated Decision, PayPal may process Users’ Personal Information. If we determine that you pose a credit, fraud, money laundering or other risk, we may refuse to provide new services to you, stop providing services you currently use, or place limits or restrictions on the services you use. Users may exercise rights related to Automated Decision Making, as described in Your Data Protection Rights.",https://paypal.com,Medium,60,tracking_profiling,profiling,R003,explainable_rules,0.65,False,,,,0.1832,train,AI-assisted weak label; requires human review before use as gold data
17b432a2e03d068e,PayPal,privacy_policy,How you can exercise your rights,"If you, or an authorized agent, where permitted, want to exercise any of your rights relating to your Personal Information in your account profile(s), please follow the instructions on how to exercise your data protection rights below.","If you, or an authorized agent, where permitted, want to exercise any of your rights relating to your Personal Information in your account profile(s), please follow the instructions on how to exercise your data protection rights below.",https://paypal.com,Medium,60,tracking_profiling,profile,R003,explainable_rules,0.65,False,,,,0.0645,train,AI-assisted weak label; requires human review before use as gold data
83f7db28951a9e52,PayPal,privacy_policy,Your rights,"Log in to your PayPal account(s) or profile management portal, and submit a request.","Log in to your PayPal account(s) or profile management portal, and submit a request.",https://paypal.com,Medium,60,tracking_profiling,profile,R003,explainable_rules,0.65,False,,,,0.069,train,AI-assisted weak label; requires human review before use as gold data
ec209c227a129e6a,PayPal,privacy_policy,Your rights,Your right to request a list of specific third parties. If you want to request a list of the specific third parties to which we have disclosed your Personal Information:,Your right to request a list of specific third parties. If you want to request a list of the specific third parties to which we have disclosed your Personal Information:,https://paypal.com,Medium,60,third_party_sharing,third parties to which we have disclosed your Personal Information,R001,explainable_rules,0.65,False,,,,0.1228,train,AI-assisted weak label; requires human review before use as gold data
39a764019dae693a,PayPal,privacy_policy,Your rights,Close your PayPal account(s) or profile.,Close your PayPal account(s) or profile.,https://paypal.com,Medium,60,tracking_profiling,profile,R003,explainable_rules,0.65,False,,,,0.1763,train,AI-assisted weak label; requires human review before use as gold data
3983efcde28bf2c3,PayPal,privacy_policy,Your rights,"If you close your PayPal account(s) or profile, delete, or request that we delete Personal Information, we still need to keep some Personal Information as explained in How Long Do We Store Your Personal Information so we can, where permitted by applicable law:","If you close your PayPal account(s) or profile, delete, or request that we delete Personal Information, we still need to keep some Personal Information as explained in How Long Do We Store Your Personal Information so we can, where permitted by applicable law:",https://paypal.com,Medium,60,tracking_profiling,profile,R003,explainable_rules,0.65,False,,,,0.0709,train,AI-assisted weak label; requires human review before use as gold data
36d5c51bfa84f147,PayPal,privacy_policy,Your rights,"In the United States, these are either exempt practices or do not trigger an opt-out right under applicable United States privacy laws. However, in other jurisdictions, individuals may exercise the right to seek a review of, or to object to and/or revoke consent for, an Automated Decision that has legal or similarly significant effects on them (together with the relevant Profiling), where this right exists, by contacting us. We will then review the decision, taking into account relevant additional circumstances.","In the United States, these are either exempt practices or do not trigger an opt-out right under applicable United States privacy laws. However, in other jurisdictions, individuals may exercise the right to seek a review of, or to object to and/or revoke consent for, an Automated Decision that has legal or similarly significant effects on them (together with the relevant Profiling), where this right exists, by contacting us. We will then review the decision, taking into account relevant additional circumstances.",https://paypal.com,Medium,60,tracking_profiling,Profiling,R003,explainable_rules,0.65,False,,,,0.0974,train,AI-assisted weak label; requires human review before use as gold data
0f0f185c5f923cac,PayPal,privacy_policy,Your rights,"Your rights related to Sensitive Personal Information. Where required by law, we will obtain your consent before collecting and processing your Sensitive Personal Information. You can withdraw your consent by contacting us and refer to Our Contact Information of this Privacy Statement.","Your rights related to Sensitive Personal Information. Where required by law, we will obtain your consent before collecting and processing your Sensitive Personal Information. You can withdraw your consent by contacting us and refer to Our Contact Information of this Privacy Statement.",https://paypal.com,Medium,60,personal_data_collection,"Sensitive Personal Information. Where required by law, we will obtain your consent before collecting",R013,explainable_rules,0.65,False,,,,0.0714,train,AI-assisted weak label; requires human review before use as gold data
0400fe68c3b22896,PayPal,privacy_policy,Your rights,"Your rights related to disclosure of Personal Information to third-parties for direct marketing purposes: You may request certain details about how your Personal Information is disclosed to third parties for direct marketing purposes. In the United States, Call or contact us.","Your rights related to disclosure of Personal Information to third-parties for direct marketing purposes: You may request certain details about how your Personal Information is disclosed to third parties for direct marketing purposes. In the United States, Call or contact us.",https://paypal.com,Medium,60,third_party_sharing,disclosure of Personal Information to third-parties,R001,explainable_rules,0.65,False,,,,0.2399,train,AI-assisted weak label; requires human review before use as gold data
1e081cd10175a746,PayPal,privacy_policy,Choose how we collect Personal Information,"Also, some Personal Information is required for our Services to function. For example, sharing your contacts helps make it easier for you to find the people you want to send money to. If you choose not to share your contacts with us, you can still use our mobile apps, but some actions may not be as fast or easy as it would be if you shared your contacts. Another example is creating an account or Fastlane profile with us. If you choose not to provide information that is required for an account or Fastlane profile to function, like your name and email address, we will not be able to create an account or Fastlane profile for you.","Also, some Personal Information is required for our Services to function. For example, sharing your contacts helps make it easier for you to find the people you want to send money to. If you choose not to share your contacts with us, you can still use our mobile apps, but some actions may not be as fast or easy as it would be if you shared your contacts. Another example is creating an account or Fastlane profile with us. If you choose not to provide information that is required for an account or Fastlane profile to function, like your name and email address, we will not be able to create an account or Fastlane profile for you.",https://paypal.com,Medium,60,tracking_profiling,"profile || address, we will not be able to create an account or Fastlane profile",R003|R019,explainable_rules,0.65,False,,,,0.1245,train,AI-assisted weak label; requires human review before use as gold data
d33bbdf51a325169,PayPal,privacy_policy,Choose how linked accounts collect and use Personal Information,"If you link your account(s) to a third-party service, you may be able to manage how your Personal Information is collected, used, and shared by them. Read the third parties’ privacy policies to see the choices they offer you. You can control which third-party services you link to your account and what Personal Information they can collect about you. For example, to manage the permissions, go to the Security settings in your account(s).","If you link your account(s) to a third-party service, you may be able to manage how your Personal Information is collected, used, and shared by them. Read the third parties’ privacy policies to see the choices they offer you. You can control which third-party services you link to your account and what Personal Information they can collect about you. For example, to manage the permissions, go to the Security settings in your account(s).",https://paypal.com,Medium,60,third_party_sharing,"third-party service, you may be able to manage how your Personal Information",R001,explainable_rules,0.65,False,,,,0.2035,train,AI-assisted weak label; requires human review before use as gold data
ede4aed7b37de8b1,PayPal,privacy_policy,Choose how we communicate with you,"Your choices about how we communicate with you differ depending on the purpose of the message, how it is delivered and other requirements under applicable law. Some messages are considered optional, and some are necessary for you to manage your accounts or Fastlane profile with us. We use email, text messages, push notifications on your mobile device, and even phone calls or paper mail depending on the situation, your preferences and applicable law.","Your choices about how we communicate with you differ depending on the purpose of the message, how it is delivered and other requirements under applicable law. Some messages are considered optional, and some are necessary for you to manage your accounts or Fastlane profile with us. We use email, text messages, push notifications on your mobile device, and even phone calls or paper mail depending on the situation, your preferences and applicable law.",https://paypal.com,Medium,60,tracking_profiling,profile,R003,explainable_rules,0.65,False,,,,0.0175,train,AI-assisted weak label; requires human review before use as gold data
99c8201f84b7c2a9,PayPal,privacy_policy,Choose how we communicate with you,"You won’t be able to opt-out of messages that are considered necessary for the Services, such as digital receipts and emails that alert you to changes in your account(s) or Fastlane profile's status. You may be able to decide how we send those messages, such as by email, phone, text message, or a notification on your mobile device.","You won’t be able to opt-out of messages that are considered necessary for the Services, such as digital receipts and emails that alert you to changes in your account(s) or Fastlane profile's status. You may be able to decide how we send those messages, such as by email, phone, text message, or a notification on your mobile device.",https://paypal.com,Medium,60,tracking_profiling,profile,R003,explainable_rules,0.65,False,,,,0.0415,train,AI-assisted weak label; requires human review before use as gold data
5c9a06f711804301,PayPal,privacy_policy,How We Protect Your Personal Information,"We maintain technical, physical, and administrative security measures designed to provide reasonable protection for your Personal Information against loss, misuse, interference, unauthorized access, disclosure, and alteration. The security measures include firewalls, data encryption, physical access controls to our data centers, and information access authorization controls. While we are dedicated to securing our systems and Services, you are responsible for securing and maintaining the privacy of your password(s) and account or profile registration information and verifying that the Personal Information we maintain about you is accurate and current. We are not responsible for protecting any Personal Information that we share with a third-party based on a linked account connection that you have authorized.","We maintain technical, physical, and administrative security measures designed to provide reasonable protection for your Personal Information against loss, misuse, interference, unauthorized access, disclosure, and alteration. The security measures include firewalls, data encryption, physical access controls to our data centers, and information access authorization controls. While we are dedicated to securing our systems and Services, you are responsible for securing and maintaining the privacy of your password(s) and account or profile registration information and verifying that the Personal Information we maintain about you is accurate and current. We are not responsible for protecting any Personal Information that we share with a third-party based on a linked account connection that you have authorized.",https://paypal.com,Medium,60,tracking_profiling,profile,R003,explainable_rules,0.65,False,,,,0.0963,train,AI-assisted weak label; requires human review before use as gold data
afbc258b9d7afa7e,PayPal,privacy_policy,International Transfers of Personal Information,"We operate in many countries, and we (or our service providers) may transfer your Personal Information and process it outside the country where you live. For example, we use third-party service providers to process and store your Personal Information in the United States and other countries. These countries do not always afford a level of privacy protection that is equivalent to the protection offered to Personal Information in your country. We have taken and will continue to take specific steps, in accordance with the applicable data protection and privacy laws, to protect your Personal Information (e.g., intra-company agreements, model contractual clauses, and/or derogations). By using our Sites and Services, where permitted under applicable privacy laws, you agree to your Personal Information being transferred to other countries, including countries that have different data protection rules than your country.","We operate in many countries, and we (or our service providers) may transfer your Personal Information and process it outside the country where you live. For example, we use third-party service providers to process and store your Personal Information in the United States and other countries. These countries do not always afford a level of privacy protection that is equivalent to the protection offered to Personal Information in your country. We have taken and will continue to take specific steps, in accordance with the applicable data protection and privacy laws, to protect your Personal Information (e.g., intra-company agreements, model contractual clauses, and/or derogations). By using our Sites and Services, where permitted under applicable privacy laws, you agree to your Personal Information being transferred to other countries, including countries that have different data protection rules than your country.",https://paypal.com,Medium,60,third_party_sharing,"providers) may transfer your Personal Information and process it outside the country where you live. For example, we use third-party",R001,explainable_rules,0.65,False,,,,0.0658,train,AI-assisted weak label; requires human review before use as gold data
a43e44046dd35ff4,PayPal,privacy_policy,Definitions,"Cookies means tracking technologies such as cookies, pixel tags, web beacons, and widgets.","Cookies means tracking technologies such as cookies, pixel tags, web beacons, and widgets.",https://paypal.com,Medium,60,tracking_profiling,tracking,R003,explainable_rules,0.65,False,,,,0.1763,train,AI-assisted weak label; requires human review before use as gold data
1a28e930ff57a4b5,PayPal,privacy_policy,Definitions,"Fastlane means the online tool whereby individuals can store their payment methods and other Personal Information with PayPal so that they can complete the checkout process faster, create a store or loyalty account, or facilitate other transactions at participating Partners and Merchants with payment card, contact information, shipping data or other data they save in their Fastlane profile as relevant to the specific interaction, participating Partners and Merchants, all without having to manually input payment method details and other Personal Information each time they check out.","Fastlane means the online tool whereby individuals can store their payment methods and other Personal Information with PayPal so that they can complete the checkout process faster, create a store or loyalty account, or facilitate other transactions at participating Partners and Merchants with payment card, contact information, shipping data or other data they save in their Fastlane profile as relevant to the specific interaction, participating Partners and Merchants, all without having to manually input payment method details and other Personal Information each time they check out.",https://paypal.com,Medium,60,tracking_profiling,profile,R003,explainable_rules,0.65,False,,,,0.0472,train,AI-assisted weak label; requires human review before use as gold data
3c2c10f6ed0e6be7,PayPal,privacy_policy,Definitions,"Profiling means analysis of an individual’s personality, behavior, interest and habits to make predictions or decisions about them, including like terms under applicable laws.","Profiling means analysis of an individual’s personality, behavior, interest and habits to make predictions or decisions about them, including like terms under applicable laws.",https://paypal.com,Medium,60,tracking_profiling,Profiling,R003,explainable_rules,0.65,False,,,,0.0434,train,AI-assisted weak label; requires human review before use as gold data
6074db6a603ccc0e,PayPal,privacy_policy,Our Contact Information,To talk about your Fastlane profile:,To talk about your Fastlane profile:,https://paypal.com,Medium,60,tracking_profiling,profile,R003,explainable_rules,0.65,False,,,,0.079,train,AI-assisted weak label; requires human review before use as gold data
caeded31ceb10676,PayPal,privacy_policy,Our Contact Information,Visit your Fastlane profile management portal.,Visit your Fastlane profile management portal.,https://paypal.com,Medium,60,tracking_profiling,profile,R003,explainable_rules,0.65,False,,,,0.0575,train,AI-assisted weak label; requires human review before use as gold data
9b4a3c8304a02026,PayPal,privacy_policy,"Summary of Personal Information Collected and Disclosed in the Prior 12 Months, Including under the California Consumer Privacy Act, as amended by the California Privacy Rights Act (“CCPA”)","This section provides additional information regarding PayPal’s prior 12-month Personal Information processing activities under the CCPA. In the preceding 12 months, we have collected the categories of Personal Information set forth in the table below. For details about the precise data points we collect and the categories of sources of such collection, please see Categories of Personal Information We Collect. In the preceding 12 months, we have disclosed the following categories of Personal Information for business purposes to the following categories of third parties, which we describe in greater detail in How We Use Personal Information and When and How We Share Personal Information With Others.","This section provides additional information regarding PayPal’s prior 12-month Personal Information processing activities under the CCPA. In the preceding 12 months, we have collected the categories of Personal Information set forth in the table below. For details about the precise data points we collect and the categories of sources of such collection, please see Categories of Personal Information We Collect. In the preceding 12 months, we have disclosed the following categories of Personal Information for business purposes to the following categories of third parties, which we describe in greater detail in How We Use Personal Information and When and How We Share Personal Information With Others.",https://paypal.com,Medium,60,third_party_sharing,disclosed the following categories of Personal Information for business purposes to the following categories of third parties,R001,explainable_rules,0.65,False,,,,0.0676,train,AI-assisted weak label; requires human review before use as gold data
545d8178e36aa332,PayPal,privacy_policy,"Summary of Personal Information Collected and Disclosed in the Prior 12 Months, Including under the California Consumer Privacy Act, as amended by the California Privacy Rights Act (“CCPA”)","| | | | | --- | --- | --- | | Categories of Personal Information We Collect | Purpose of Collection and Disclosure | Categories of 3rd Parties to which PayPal Discloses this Personal Information for Business Purpose | | Identifiers | Provide Services<br> Communicate with you<br> Link an account<br> Manage and improve our Services<br> Manage fraud and risk<br> Market our Services<br> Comply with laws<br> Process information about your contacts<br> Communicate with you<br> Provide receipts in connection with PayPal Point of Sale services<br> Remember your preferences<br> Associate information about you | PayPal and PayPal affiliates<br> Authorities<br> Other financial institutions<br> Card networks and payment Processors<br> Fraud prevention and identity verification agencies<br> CRAs<br> Service providers<br> Other Users in accordance with account settings<br> Linked accounts<br> Partners and Merchants<br> Other third parties<br> Buyers in connection with a business transfer | | Records and Financial Information (including Personal Information described in California Customer Records Act) | Provide Services<br> Communicate with you<br> Link an account<br> Keep your account and Fastlane profile and financial information up to date<br> Manage and improve our Services<br> Manage fraud and risk<br> Market our Services<br> Provide personalized Services<br> Comply with laws<br> Process information about your contacts<br> Communicate with you | PayPal and PayPal affiliates<br> Authorities<br> Other financial institutions<br> Card networks and payment processors<br> Fraud prevention and identity verification agencies<br> CRAs<br> Service providers<br> Other Users in accordance with account settings<br> Linked accounts<br> Partners and Merchants<br> Other third parties for business purposes<br> Buyers in connection with a business transfer | | Commercial information | Provide Services<br> Communicate with you<br> Manage and improve our Services<br> Manage fraud and risk<br> Market our Services<br> Comply with laws<br> Remember your preferences<br> Associate information about you | PayPal and PayPal affiliates<br> Service providers<br> Authorities<br> Other financial institutions<br> Partners and Merchants<br> Other third parties<br> Buyers or in connection with business transfer<br> Other Users if you have a business profile | | Geolocation Data | Send you location-based options<br> Manage fraud and risk | Authorities<br> PayPal and PayPal affiliates<br> Service providers<br> Other financial institutions<br> Partners and Merchants | | Internet or network activity | Operate and provide Services<br> Communicate with you<br> Manage and improve Services<br> Market our Services<br> Send you locally relevant options<br> Comply with laws | PayPal and PayPal affiliates<br> Service providers<br> Other financial institutions<br> Partners and Merchants<br> Authorities | | Biometric | Authenticate you for certain actions related to your account, including to:<br><br> meet regulatory requirements or before you access accounts and Services;<br> recover passwords;<br> update profile information;<br> manage payments and payment methods;<br> lift account limitations; and<br> initiate third-party crypto currency transfers. | Service providers | | Audio, electronic, visual, or similar information | Provide Services<br> Authenticate your access to an account or Fastlane profile<br> Manage and improve Services<br> Manage fraud and risk | Service providers<br> PayPal and PayPal affiliates<br> Merchants and Partners<br> Authorities | | Professional or employment information | Provide Services<br> Manage fraud and risk | Service providers<br> PayPal and PayPal affiliates<br> Merchants and Partners<br> Authorities<br> Other financial institutions | | Information about your imported contacts | Provide Services | Service providers | | Information in your PayPal, Hyperwallet or Xoom account or Fastlane profile | Provide Services | Service providers<br> PayPal and PayPal affiliates<br> Merchants and Partners<br> Authorities<br> Other financial institutions | | Information you provide when you contact us | Provide Services<br> Authenticate your access to an account or Fastlane profile<br> Manage and improve<br> Services<br> Manage fraud and risk | Service providers<br> PayPal and PayPal affiliates<br> Merchants and Partners<br> Authorities | | Inferred data | Provide Services<br> Manage fraud and risk<br> Market our Services<br> Display content based on your interest<br> Better respond to your requests or inquiries or for similar customer service issues<br> Verify your identity<br> Conduct risk assessment | PayPal and PayPal affiliates<br> Service Providers<br> Other financial institutions<br> Merchants and Partners<br> Authorities | | Sensitive Personal Information | Provide Services<br> Manage fraud and risk | PayPal and PayPal affiliates<br> Service providers<br> Other financial institutions<br> Merchants and Partners<br> Authorities<br> Buyers or in connection with<br> business transfer | | Characteristics of Protected Classifications | Provide our Services<br> Manage risk | PayPal and PayPal affiliates<br> Service providers<br> Authorities | | Information from your device | Provide Services<br> Manage and improve our Services<br> Manage fraud and risk<br> Communicate with you<br> Link an account<br> Market our Services<br> Personalize your experience <br> Comply with laws | PayPal and PayPal affiliates<br> Service providers<br> Other financial institutions<br> Merchants and Partners<br> Authorities |","| | | | | --- | --- | --- | | Categories of Personal Information We Collect | Purpose of Collection and Disclosure | Categories of 3rd Parties to which PayPal Discloses this Personal Information for Business Purpose | | Identifiers | Provide Services<br> Communicate with you<br> Link an account<br> Manage and improve our Services<br> Manage fraud and risk<br> Market our Services<br> Comply with laws<br> Process information about your contacts<br> Communicate with you<br> Provide receipts in connection with PayPal Point of Sale services<br> Remember your preferences<br> Associate information about you | PayPal and PayPal affiliates<br> Authorities<br> Other financial institutions<br> Card networks and payment Processors<br> Fraud prevention and identity verification agencies<br> CRAs<br> Service providers<br> Other Users in accordance with account settings<br> Linked accounts<br> Partners and Merchants<br> Other third parties<br> Buyers in connection with a business transfer | | Records and Financial Information (including Personal Information described in California Customer Records Act) | Provide Services<br> Communicate with you<br> Link an account<br> Keep your account and Fastlane profile and financial information up to date<br> Manage and improve our Services<br> Manage fraud and risk<br> Market our Services<br> Provide personalized Services<br> Comply with laws<br> Process information about your contacts<br> Communicate with you | PayPal and PayPal affiliates<br> Authorities<br> Other financial institutions<br> Card networks and payment processors<br> Fraud prevention and identity verification agencies<br> CRAs<br> Service providers<br> Other Users in accordance with account settings<br> Linked accounts<br> Partners and Merchants<br> Other third parties for business purposes<br> Buyers in connection with a business transfer | | Commercial information | Provide Services<br> Communicate with you<br> Manage and improve our Services<br> Manage fraud and risk<br> Market our Services<br> Comply with laws<br> Remember your preferences<br> Associate information about you | PayPal and PayPal affiliates<br> Service providers<br> Authorities<br> Other financial institutions<br> Partners and Merchants<br> Other third parties<br> Buyers or in connection with business transfer<br> Other Users if you have a business profile | | Geolocation Data | Send you location-based options<br> Manage fraud and risk | Authorities<br> PayPal and PayPal affiliates<br> Service providers<br> Other financial institutions<br> Partners and Merchants | | Internet or network activity | Operate and provide Services<br> Communicate with you<br> Manage and improve Services<br> Market our Services<br> Send you locally relevant options<br> Comply with laws | PayPal and PayPal affiliates<br> Service providers<br> Other financial institutions<br> Partners and Merchants<br> Authorities | | Biometric | Authenticate you for certain actions related to your account, including to:<br><br> meet regulatory requirements or before you access accounts and Services;<br> recover passwords;<br> update profile information;<br> manage payments and payment methods;<br> lift account limitations; and<br> initiate third-party crypto currency transfers. | Service providers | | Audio, electronic, visual, or similar information | Provide Services<br> Authenticate your access to an account or Fastlane profile<br> Manage and improve Services<br> Manage fraud and risk | Service providers<br> PayPal and PayPal affiliates<br> Merchants and Partners<br> Authorities | | Professional or employment information | Provide Services<br> Manage fraud and risk | Service providers<br> PayPal and PayPal affiliates<br> Merchants and Partners<br> Authorities<br> Other financial institutions | | Information about your imported contacts | Provide Services | Service providers | | Information in your PayPal, Hyperwallet or Xoom account or Fastlane profile | Provide Services | Service providers<br> PayPal and PayPal affiliates<br> Merchants and Partners<br> Authorities<br> Other financial institutions | | Information you provide when you contact us | Provide Services<br> Authenticate your access to an account or Fastlane profile<br> Manage and improve<br> Services<br> Manage fraud and risk | Service providers<br> PayPal and PayPal affiliates<br> Merchants and Partners<br> Authorities | | Inferred data | Provide Services<br> Manage fraud and risk<br> Market our Services<br> Display content based on your interest<br> Better respond to your requests or inquiries or for similar customer service issues<br> Verify your identity<br> Conduct risk assessment | PayPal and PayPal affiliates<br> Service Providers<br> Other financial institutions<br> Merchants and Partners<br> Authorities | | Sensitive Personal Information | Provide Services<br> Manage fraud and risk | PayPal and PayPal affiliates<br> Service providers<br> Other financial institutions<br> Merchants and Partners<br> Authorities<br> Buyers or in connection with<br> business transfer | | Characteristics of Protected Classifications | Provide our Services<br> Manage risk | PayPal and PayPal affiliates<br> Service providers<br> Authorities | | Information from your device | Provide Services<br> Manage and improve our Services<br> Manage fraud and risk<br> Communicate with you<br> Link an account<br> Market our Services<br> Personalize your experience <br> Comply with laws | PayPal and PayPal affiliates<br> Service providers<br> Other financial institutions<br> Merchants and Partners<br> Authorities |",https://paypal.com,Medium,60,tracking_profiling,profile,R003,explainable_rules,0.65,False,,,,0.0277,train,AI-assisted weak label; requires human review before use as gold data
6880e798d6ecf2cc,PayPal,privacy_policy,Notice for Consumers of Financial Products and Services,"| | | | --- | --- | | Who we are | | | Who is providing this notice? | This privacy notice is provided by PayPal, Inc. and is applicable to your personal PayPal and Xoom accounts, and Fastlane profile. | | What we do | | | How does PayPal protect my personal information? | To protect your personal information from unauthorized access and use, we use security measures that comply with federal law.","| | | | --- | --- | | Who we are | | | Who is providing this notice? | This privacy notice is provided by PayPal, Inc. and is applicable to your personal PayPal and Xoom accounts, and Fastlane profile. | | What we do | | | How does PayPal protect my personal information? | To protect your personal information from unauthorized access and use, we use security measures that comply with federal law.",https://paypal.com,Medium,60,tracking_profiling,profile,R003,explainable_rules,0.65,False,,,,0.086,train,AI-assisted weak label; requires human review before use as gold data
cd37ce2c7bef7bad,PayPal,privacy_policy,Notice for Consumers of Financial Products and Services,"To talk about your Fastlane profile, call PayPal Customer Service at 1-844-705-3555 or visit your Fastlane profile management portal. <br> <br>Vermont: If your PayPal, Xoom account or Fastlane profile has a Vermont mailing address, we will not disclose information about your creditworthiness to our affiliates and will not disclose your Personal Information, financial information, credit report, or health information to nonaffiliated third parties to market to you, other than as permitted by Vermont law, unless you authorize us to make those disclosures. Additional information concerning our privacy policies can be found at Customer Service web portal or call 1-888-221-1161. <br> <br>Nevada: If your PayPal, Xoom account or Fastlane profile has a Nevada mailing address, we are providing this notice pursuant to Nevada law. If you prefer not to receive marketing calls from PayPal, you may be placed on our internal Do Not Call List by calling 1-888-221-1161 or going to /smarthelp/home.","To talk about your Fastlane profile, call PayPal Customer Service at 1-844-705-3555 or visit your Fastlane profile management portal. <br> <br>Vermont: If your PayPal, Xoom account or Fastlane profile has a Vermont mailing address, we will not disclose information about your creditworthiness to our affiliates and will not disclose your Personal Information, financial information, credit report, or health information to nonaffiliated third parties to market to you, other than as permitted by Vermont law, unless you authorize us to make those disclosures. Additional information concerning our privacy policies can be found at Customer Service web portal or call 1-888-221-1161. <br> <br>Nevada: If your PayPal, Xoom account or Fastlane profile has a Nevada mailing address, we are providing this notice pursuant to Nevada law. If you prefer not to receive marketing calls from PayPal, you may be placed on our internal Do Not Call List by calling 1-888-221-1161 or going to /smarthelp/home.",https://paypal.com,Medium,65,tracking_profiling|third_party_sharing,"profile || disclose your Personal Information, financial information, credit report, or health information to nonaffiliated third parties",R003|R001,explainable_rules,0.65,False,,,,0.0277,train,AI-assisted weak label; requires human review before use as gold data
a0929afd8985072e,PayPal,privacy_policy,Our Lawful Basis for Processing Personal Information,"| | | | | --- | --- | --- | | We may process your Personal Information in accordance with the lawful bases below under the General Data Protection Regulation | Types of Data | Lawful basis and special condition for processing (if relevant) | | These processing purposes include:<br><br> to provide our Services, to fulfil relevant agreements with you and to otherwise administer our business relationship with you;<br> to administer your payment for products and the customer relationship;<br> to assess your creditworthiness in connection with your application, confirm your identity and your contact information, and protect you and others from fraud;<br> to confirm your identity, also through the use of electronic signature, and verify your personal and contact details;<br> to prove that transactions have been executed;<br> to establish, exercise or defend a legal claim or collection procedure;<br> to comply with internal procedures;<br> to assess which payment options and services to offer you, for example by carrying out internal and external credit assessments;<br> for customer analysis, to administer our Services, and for internal operations, for example troubleshooting, data analysis, testing, research and statistical purposes;<br> to communicate with you in relation to our Services;<br> to promote the security of the Services;<br> to comply with applicable laws, such as AML and bookkeeping laws and rules issued by our designated banks and relevant card networks;<br> specifically for Visa+, we will receive the recipient’s name and payment information from Visa and third-party Visa+ participating digital wallets for the purpose of processing and matching Visa+ payment transactions between participating digital wallets and PayPal;<br> For Fastlane users, we may recognize you as a Fastlane user when you shop on participating Partner and Merchant sites, and we may prompt you to engage in participating Partner or Merchant interactions, such as registering for a store or loyalty account using your Fastlane profile.","| | | | | --- | --- | --- | | We may process your Personal Information in accordance with the lawful bases below under the General Data Protection Regulation | Types of Data | Lawful basis and special condition for processing (if relevant) | | These processing purposes include:<br><br> to provide our Services, to fulfil relevant agreements with you and to otherwise administer our business relationship with you;<br> to administer your payment for products and the customer relationship;<br> to assess your creditworthiness in connection with your application, confirm your identity and your contact information, and protect you and others from fraud;<br> to confirm your identity, also through the use of electronic signature, and verify your personal and contact details;<br> to prove that transactions have been executed;<br> to establish, exercise or defend a legal claim or collection procedure;<br> to comply with internal procedures;<br> to assess which payment options and services to offer you, for example by carrying out internal and external credit assessments;<br> for customer analysis, to administer our Services, and for internal operations, for example troubleshooting, data analysis, testing, research and statistical purposes;<br> to communicate with you in relation to our Services;<br> to promote the security of the Services;<br> to comply with applicable laws, such as AML and bookkeeping laws and rules issued by our designated banks and relevant card networks;<br> specifically for Visa+, we will receive the recipient’s name and payment information from Visa and third-party Visa+ participating digital wallets for the purpose of processing and matching Visa+ payment transactions between participating digital wallets and PayPal;<br> For Fastlane users, we may recognize you as a Fastlane user when you shop on participating Partner and Merchant sites, and we may prompt you to engage in participating Partner or Merchant interactions, such as registering for a store or loyalty account using your Fastlane profile.",https://paypal.com,Medium,60,tracking_profiling,profile,R003,explainable_rules,0.65,False,,,,0.0363,train,AI-assisted weak label; requires human review before use as gold data
de0d0a1cd37a6a64,PayPal,privacy_policy,Our Lawful Basis for Processing Personal Information,"We will also use your Personal Information and payment method details to determine whether the payment you are making with a participating Partner or Merchant is authorized by you and likely to be successfully authorized by the payment method you choose to use when you make a purchase using details from your Fastlane profile; and<br> provide receipts in connection with PayPal Point of Sale services. For buyers using our PayPal Point of Sale services (including Venmo Tap to Pay), you may choose to provide us your contact details so that we can send you digital receipts. If you provide your e-mail address or mobile number to a Partner or Merchant who uses PayPal Point of Sale, we may remember your details for the next time you buy something from a Merchant who uses PayPal Point of Sale in its physical store, if you use the same payment card. This is regardless of whether you have previously bought something from this Merchant or not.","We will also use your Personal Information and payment method details to determine whether the payment you are making with a participating Partner or Merchant is authorized by you and likely to be successfully authorized by the payment method you choose to use when you make a purchase using details from your Fastlane profile; and<br> provide receipts in connection with PayPal Point of Sale services. For buyers using our PayPal Point of Sale services (including Venmo Tap to Pay), you may choose to provide us your contact details so that we can send you digital receipts. If you provide your e-mail address or mobile number to a Partner or Merchant who uses PayPal Point of Sale, we may remember your details for the next time you buy something from a Merchant who uses PayPal Point of Sale in its physical store, if you use the same payment card. This is regardless of whether you have previously bought something from this Merchant or not.",https://paypal.com,Medium,60,tracking_profiling,profile,R003,explainable_rules,0.65,False,,,,0.0362,train,AI-assisted weak label; requires human review before use as gold data
2129ed494f585680,PayPal,privacy_policy,Our Lawful Basis for Processing Personal Information,"This means that your e-mail address or mobile number will be pre-filled in the receipt view for your convenience the next time you buy something from a Merchant who uses PayPal Point of Sale in its physical store. | Necessary categories of Personal Information include:<br><br> Registration and contact information;<br> Identification and signature information;<br> Payment information;<br> Information related to legal requirements;<br> Information you provide when you contact us;<br> Transaction information;<br> Package tracking;<br> Service-specific;<br> Personal Information;<br> Information from CRAs and financial institutions;<br> Information from your connected financial accounts;<br> Information from your use of the Services;<br> Technical usage data;<br> Device information; and<br> Location data. | We collect these categories of Personal Information because we consider them necessary to fulfil our pre-contractual and contractual obligations to you and without which you will not be able to use the Services. | | These processing purposes include:<br><br> to ensure that content is presented in the most effective way for you and your device;<br> to prevent misuse of our Services as part of our efforts to keep our platform safe and secure;<br> to determine your eligibility for and to communicate with you about Services for which you may qualify or that may be of interest to you, for example by carrying out internal credit assessments;<br> to carry out risk analysis, fraud prevention and risk management (e.g., through Automated Decision Making and AI);<br> to manage and improve our Services and for general business development purposes, for example improving risk models to minimize fraud, develop new products and features, for internal operations (e.g., for troubleshooting), data analysis, testing, research, statistical purposes, and explore new business opportunities;<br> to keep your account and financial information up to date;<br> for marketing, product and customer analysis, including where we partner with others to offer similar services to market about our Partners and testing, for example to improve our product range and optimize our customer offerings;<br> to comply with applicable laws, such as AML, bookkeeping laws, regulatory capital adequacy requirements, and rules issued by our designated banks and relevant card networks.","This means that your e-mail address or mobile number will be pre-filled in the receipt view for your convenience the next time you buy something from a Merchant who uses PayPal Point of Sale in its physical store. | Necessary categories of Personal Information include:<br><br> Registration and contact information;<br> Identification and signature information;<br> Payment information;<br> Information related to legal requirements;<br> Information you provide when you contact us;<br> Transaction information;<br> Package tracking;<br> Service-specific;<br> Personal Information;<br> Information from CRAs and financial institutions;<br> Information from your connected financial accounts;<br> Information from your use of the Services;<br> Technical usage data;<br> Device information; and<br> Location data. | We collect these categories of Personal Information because we consider them necessary to fulfil our pre-contractual and contractual obligations to you and without which you will not be able to use the Services. | | These processing purposes include:<br><br> to ensure that content is presented in the most effective way for you and your device;<br> to prevent misuse of our Services as part of our efforts to keep our platform safe and secure;<br> to determine your eligibility for and to communicate with you about Services for which you may qualify or that may be of interest to you, for example by carrying out internal credit assessments;<br> to carry out risk analysis, fraud prevention and risk management (e.g., through Automated Decision Making and AI);<br> to manage and improve our Services and for general business development purposes, for example improving risk models to minimize fraud, develop new products and features, for internal operations (e.g., for troubleshooting), data analysis, testing, research, statistical purposes, and explore new business opportunities;<br> to keep your account and financial information up to date;<br> for marketing, product and customer analysis, including where we partner with others to offer similar services to market about our Partners and testing, for example to improve our product range and optimize our customer offerings;<br> to comply with applicable laws, such as AML, bookkeeping laws, regulatory capital adequacy requirements, and rules issued by our designated banks and relevant card networks.",https://paypal.com,Medium,60,tracking_profiling,tracking,R003,explainable_rules,0.65,False,,,,0.0677,train,AI-assisted weak label; requires human review before use as gold data
937c93b0e27e0ae9,PayPal,privacy_policy,Our Lawful Basis for Processing Personal Information,We collect precise geolocation data from Users while they are logged into their financial account. | Necessary categories of Personal Information include:<br><br> Registration and contact information;<br> Identification and signature information;<br> Payment information;<br> Information related to legal requirements;<br> Information you provide when you contact us including information related to your vulnerability;<br> Transaction information;<br> Package tracking;<br> Service-specific Personal Information;<br> Information from CRAs and financial institutions;<br> Information from your connected financial accounts;<br> Information from your use of the Services;<br> Technical usage data;<br> Device information; and <br> Location data. | We have a legitimate interest in ensuring that PayPal remains a secure financial service and continuing to offer services that are innovative and of interest to you as well as to optimize our sales efforts by tailoring our services to your interests including ads and offers you may be shown.,We collect precise geolocation data from Users while they are logged into their financial account. | Necessary categories of Personal Information include:<br><br> Registration and contact information;<br> Identification and signature information;<br> Payment information;<br> Information related to legal requirements;<br> Information you provide when you contact us including information related to your vulnerability;<br> Transaction information;<br> Package tracking;<br> Service-specific Personal Information;<br> Information from CRAs and financial institutions;<br> Information from your connected financial accounts;<br> Information from your use of the Services;<br> Technical usage data;<br> Device information; and <br> Location data. | We have a legitimate interest in ensuring that PayPal remains a secure financial service and continuing to offer services that are innovative and of interest to you as well as to optimize our sales efforts by tailoring our services to your interests including ads and offers you may be shown.,https://paypal.com,Medium,65,tracking_profiling|personal_data_collection,tracking || collect precise geolocation data from Users while they are logged into their financial,R003|R013,explainable_rules,0.65,False,,,,0.0678,train,AI-assisted weak label; requires human review before use as gold data
68f974a6d58124b5,PayPal,privacy_policy,Our Lawful Basis for Processing Personal Information,"We also carry out sanction screening, and report to tax authorities, police enforcement authorities, enforcement authorities, and supervisory authorities. | Necessary categories of Personal Information include:<br><br> Registration and contact information;<br> Identification and signature information;<br> Payment information;<br> Information related to legal requirements;<br> Information you provide when you contact us;<br> Transaction information;<br> Package tracking;<br> Service-specific Personal Information;<br> Information from CRAs and financial institutions;<br> Information from your connected financial accounts;<br> Information from your use of the Services;<br> Technical usage data;<br> Device information; and<br> Location data. | We have a legal obligation under applicable laws to conduct certain processing activities.","We also carry out sanction screening, and report to tax authorities, police enforcement authorities, enforcement authorities, and supervisory authorities. | Necessary categories of Personal Information include:<br><br> Registration and contact information;<br> Identification and signature information;<br> Payment information;<br> Information related to legal requirements;<br> Information you provide when you contact us;<br> Transaction information;<br> Package tracking;<br> Service-specific Personal Information;<br> Information from CRAs and financial institutions;<br> Information from your connected financial accounts;<br> Information from your use of the Services;<br> Technical usage data;<br> Device information; and<br> Location data. | We have a legal obligation under applicable laws to conduct certain processing activities.",https://paypal.com,Medium,60,tracking_profiling,tracking,R003,explainable_rules,0.65,False,,,,0.0707,train,AI-assisted weak label; requires human review before use as gold data
fa7b975729f31997,PayPal,privacy_policy,Our Lawful Basis for Processing Personal Information,"We do this where it is necessary to comply with applicable laws. | | These processing purposes include:<br><br> participate in certain features that while not necessary for use of the Services may be of interest to you, such as syncing your contact list to your account;<br> providing biometric data for identification purposes;<br> certain targeted advertising;<br> linking your email account for package tracking;<br> linking any non-financial or financial accounts, such as social network accounts, mail accounts, or bank, card, or investment accounts you agree to link to facilitate payments or for other purposes for which you agree to link such external account; or<br> Connecting to a third party platform or third party wallet; and<br> if you agree to let us track your precise geolocation, we can customize our Services by using the right language and personalizing content such as providing location-based options, functionality or offers, ads and search results.","We do this where it is necessary to comply with applicable laws. | | These processing purposes include:<br><br> participate in certain features that while not necessary for use of the Services may be of interest to you, such as syncing your contact list to your account;<br> providing biometric data for identification purposes;<br> certain targeted advertising;<br> linking your email account for package tracking;<br> linking any non-financial or financial accounts, such as social network accounts, mail accounts, or bank, card, or investment accounts you agree to link to facilitate payments or for other purposes for which you agree to link such external account; or<br> Connecting to a third party platform or third party wallet; and<br> if you agree to let us track your precise geolocation, we can customize our Services by using the right language and personalizing content such as providing location-based options, functionality or offers, ads and search results.",https://paypal.com,Medium,60,tracking_profiling,targeted advertising,R003,explainable_rules,0.65,False,,,,0.0883,train,AI-assisted weak label; requires human review before use as gold data
23d06b2ccda21e41,PayPal,privacy_policy,Our Lawful Basis for Processing Personal Information,"Even if you don’t allow us to track your precise location, we may still use your address to send you location-based options recommended by businesses that are near your address. | Necessary categories of Personal Information include:<br><br> Registration and contact information;<br> Identification and signature information;<br> Biometric data;<br> Information from your use of the Services;<br> Technical usage data;<br> Device information; and<br> Location data. | Except as otherwise described above, we rely on your explicit and voluntary consent. |","Even if you don’t allow us to track your precise location, we may still use your address to send you location-based options recommended by businesses that are near your address. | Necessary categories of Personal Information include:<br><br> Registration and contact information;<br> Identification and signature information;<br> Biometric data;<br> Information from your use of the Services;<br> Technical usage data;<br> Device information; and<br> Location data. | Except as otherwise described above, we rely on your explicit and voluntary consent. |",https://paypal.com,Medium,60,tracking_profiling,track,R003,explainable_rules,0.65,False,,,,0.132,train,AI-assisted weak label; requires human review before use as gold data
9b30d159a4a402f3,PayPal,privacy_policy,UK and EEA Data Protection Rights,"The right to have automated decisions reviewed and to be informed of the existence of any Automated Decision Making, including any Profiling, and the logic involved, significance of and the envisaged consequences of any such processing;","The right to have automated decisions reviewed and to be informed of the existence of any Automated Decision Making, including any Profiling, and the logic involved, significance of and the envisaged consequences of any such processing;",https://paypal.com,Medium,60,tracking_profiling,Profiling,R003,explainable_rules,0.65,False,,,,0.2026,train,AI-assisted weak label; requires human review before use as gold data
514f40973b771147,PayPal,privacy_policy,Banking Regulations Notice for Users in the EEA,"In general, the Luxembourg laws to which PayPal's handling of user Personal Information is subject (data protection and bank secrecy) require a higher degree of transparency than most other EU laws. This is why, unlike the vast majority of providers of internet-based services or financial services in the EU, PayPal has listed in this Privacy Statement the third party service providers and business partners to whom we may disclose your Personal Information, together with the purpose of disclosure and type of information disclosed. You can review those third parties. By accepting this Privacy Statement and maintaining an account with PayPal, you expressly agree to the transfer of your Personal Information to those third parties for the purposes listed.","In general, the Luxembourg laws to which PayPal's handling of user Personal Information is subject (data protection and bank secrecy) require a higher degree of transparency than most other EU laws. This is why, unlike the vast majority of providers of internet-based services or financial services in the EU, PayPal has listed in this Privacy Statement the third party service providers and business partners to whom we may disclose your Personal Information, together with the purpose of disclosure and type of information disclosed. You can review those third parties. By accepting this Privacy Statement and maintaining an account with PayPal, you expressly agree to the transfer of your Personal Information to those third parties for the purposes listed.",https://paypal.com,Medium,60,third_party_sharing,third party service providers and business partners to whom we may disclose your Personal Information,R001,explainable_rules,0.65,False,,,,0.0544,train,AI-assisted weak label; requires human review before use as gold data
bbf85ec6a670125f,PayPal,privacy_policy,Banking Regulations Notice for Users in the EEA,"Disclose Account Information to intellectual property right owners if under the applicable national law of an EU member state they have a claim against PayPal for an out-of-court information disclosure due to an infringement of their intellectual property rights for which PayPal Services have been used (for example, but without limitation, Sec. 19, para 2, sub-section 3 of the German Trademark Act or Sec. 101, para 2, sub-section 3 of the German Copyright Act). Disclose necessary information in response to the requirements of the credit card associations or a civil or criminal legal process. Disclose your name and PayPal link in the PayPal user directory. Your details will be confirmed to other PayPal users in response to a user searching using your name, email address or telephone number, or part of these details. This is to ensure people make payments to the correct user. This feature can be turned off in the PayPal profile settings.","Disclose Account Information to intellectual property right owners if under the applicable national law of an EU member state they have a claim against PayPal for an out-of-court information disclosure due to an infringement of their intellectual property rights for which PayPal Services have been used (for example, but without limitation, Sec. 19, para 2, sub-section 3 of the German Trademark Act or Sec. 101, para 2, sub-section 3 of the German Copyright Act). Disclose necessary information in response to the requirements of the credit card associations or a civil or criminal legal process. Disclose your name and PayPal link in the PayPal user directory. Your details will be confirmed to other PayPal users in response to a user searching using your name, email address or telephone number, or part of these details. This is to ensure people make payments to the correct user. This feature can be turned off in the PayPal profile settings.",https://paypal.com,Medium,60,tracking_profiling,profile,R003,explainable_rules,0.65,False,,,,0.0366,train,AI-assisted weak label; requires human review before use as gold data
b15b088f817e4ea6,PayPal,privacy_policy,Banking Regulations Notice for Users in the EEA,"We also set out in the list of third parties, under each "" Category"", non-exclusive examples of the actual third parties (which may include their assigns and successors) to whom we currently disclose your Account Information or to whom we may consider disclosing your Account Information, together with the purpose of doing so, and the actual information we disclose (except as explicitly stated, these third parties are limited by law or by contract from using the information for secondary purposes beyond the purposes for which the information was shared). Disclose necessary information to your agent or legal representative (such as the holder of a power of attorney that you grant, or a guardian appointed for you). Disclose aggregated statistical data with our business partners or for public relations. For example, we may disclose that a specific percentage of our users live in Manchester. However, this aggregated information is not tied to Personal Information. Share necessary Account Information with unaffiliated third parties for their use for the following purposes:","We also set out in the list of third parties, under each "" Category"", non-exclusive examples of the actual third parties (which may include their assigns and successors) to whom we currently disclose your Account Information or to whom we may consider disclosing your Account Information, together with the purpose of doing so, and the actual information we disclose (except as explicitly stated, these third parties are limited by law or by contract from using the information for secondary purposes beyond the purposes for which the information was shared). Disclose necessary information to your agent or legal representative (such as the holder of a power of attorney that you grant, or a guardian appointed for you). Disclose aggregated statistical data with our business partners or for public relations. For example, we may disclose that a specific percentage of our users live in Manchester. However, this aggregated information is not tied to Personal Information. Share necessary Account Information with unaffiliated third parties for their use for the following purposes:",https://paypal.com,Medium,60,third_party_sharing,Share necessary Account Information with unaffiliated third parties,R001,explainable_rules,0.65,False,,,,0.0974,train,AI-assisted weak label; requires human review before use as gold data
03f3cc0974c6f523,PayPal,privacy_policy,Notice for Users in the UK,"Disclose account Information to intellectual property right owners if under applicable law they have a claim against PayPal for an out-of-court information disclosure due to an infringement of their intellectual property rights for which PayPal Services have been used. Disclose necessary information in response to the requirements of the credit card associations or a civil or criminal legal process. Disclose your name and PayPal link in the PayPal user directory. Your details will be confirmed to other PayPal users in response to a user searching using your name, email address or telephone number, or part of these details. This is to ensure people make payments to the correct user. This feature can be turned off in the PayPal profile settings.","Disclose account Information to intellectual property right owners if under applicable law they have a claim against PayPal for an out-of-court information disclosure due to an infringement of their intellectual property rights for which PayPal Services have been used. Disclose necessary information in response to the requirements of the credit card associations or a civil or criminal legal process. Disclose your name and PayPal link in the PayPal user directory. Your details will be confirmed to other PayPal users in response to a user searching using your name, email address or telephone number, or part of these details. This is to ensure people make payments to the correct user. This feature can be turned off in the PayPal profile settings.",https://paypal.com,Medium,60,tracking_profiling,profile,R003,explainable_rules,0.65,False,,,,0.0458,train,AI-assisted weak label; requires human review before use as gold data
df835c56c18113a5,PayPal,privacy_policy,Notice for Users in the UK,"We also set out in the list of third parties, under each ""Category"", non-exclusive examples of the actual third parties (which may include their assigns and successors) to whom we currently disclose your account information or to whom we may consider disclosing your account information, together with the purpose of doing so, and the actual information we disclose (except as explicitly stated, these third parties are limited by law or by contract from using the information for secondary purposes beyond the purposes for which the information was shared). Disclose necessary information to your agent or legal representative (such as the holder of a power of attorney that you grant, or a guardian appointed for you). Disclose aggregated statistical data with our business partners or for public relations. For example, we may disclose that a specific percentage of our users live in Manchester. However, this aggregated information is not tied to Personal Data. Share necessary account information with unaffiliated third parties (listed here) for their use for the following purposes:","We also set out in the list of third parties, under each ""Category"", non-exclusive examples of the actual third parties (which may include their assigns and successors) to whom we currently disclose your account information or to whom we may consider disclosing your account information, together with the purpose of doing so, and the actual information we disclose (except as explicitly stated, these third parties are limited by law or by contract from using the information for secondary purposes beyond the purposes for which the information was shared). Disclose necessary information to your agent or legal representative (such as the holder of a power of attorney that you grant, or a guardian appointed for you). Disclose aggregated statistical data with our business partners or for public relations. For example, we may disclose that a specific percentage of our users live in Manchester. However, this aggregated information is not tied to Personal Data. Share necessary account information with unaffiliated third parties (listed here) for their use for the following purposes:",https://paypal.com,Medium,60,third_party_sharing,Share necessary account information with unaffiliated third parties,R001,explainable_rules,0.65,False,,,,0.0991,train,AI-assisted weak label; requires human review before use as gold data
c38f77c5b6ba48e6,PayPal,privacy_policy,Disclosures for Individuals in Mexico,"| | | | --- | --- | | Primary Purpose | Secondary Purpose | | The primary purpose for processing your Personal are:<br><br> to provide our Services, to fulfil relevant agreements with you and to otherwise administer our business relationship with you. <br> to administer your payment for products and the customer relationship.<br> If you are using Fastlane, we will also use your Personal Data and payment method details to determine whether the payment you are making with a participating Partner or Merchant is authorized by you and likely to be successfully authorized by the payment method you choose to use when you make a purchase using details from your Fastlane profile.<br> to assess your creditworthiness in connection with your application, confirm your identity and your contact information, and protect you and others from fraud.<br> to confirm your identity, also through the use of electronic signature, and verify your personal and contact details.<br> to prove that transactions have been executed.<br> to establish, exercise or defend a legal claim or collection procedure.<br> to comply with internal procedures.<br> to assess which payment options and services to offer you, for example by carrying out internal and external credit assessments.<br> for customer analysis, to administer our Services, and for internal operations, for example troubleshooting, data analysis, testing, research and statistical purposes.<br> to communicate with you in relation to our Services.<br> to ensure that content is presented in the most effective way for you and your device.<br> to determine your eligibility for and to communicate with you about Services for which you may qualify or that may be of interest to you <br> to carry out risk analysis, fraud prevention and risk management (e.g., through Automated Decision Making and AI).<br> to improve our Services and for general business development purposes, for example improving risk models to minimize fraud, develop new products and features and explore new business opportunities.<br> To keep your PayPal account and financial information up to date.<br> for marketing, product and customer analysis, including testing, for example to improve our product range and optimize our customer offerings.<br> to comply with applicable laws, bookkeeping laws, regulatory capital adequacy requirements, and rules issued by our designated banks and relevant card networks.","| | | | --- | --- | | Primary Purpose | Secondary Purpose | | The primary purpose for processing your Personal are:<br><br> to provide our Services, to fulfil relevant agreements with you and to otherwise administer our business relationship with you. <br> to administer your payment for products and the customer relationship.<br> If you are using Fastlane, we will also use your Personal Data and payment method details to determine whether the payment you are making with a participating Partner or Merchant is authorized by you and likely to be successfully authorized by the payment method you choose to use when you make a purchase using details from your Fastlane profile.<br> to assess your creditworthiness in connection with your application, confirm your identity and your contact information, and protect you and others from fraud.<br> to confirm your identity, also through the use of electronic signature, and verify your personal and contact details.<br> to prove that transactions have been executed.<br> to establish, exercise or defend a legal claim or collection procedure.<br> to comply with internal procedures.<br> to assess which payment options and services to offer you, for example by carrying out internal and external credit assessments.<br> for customer analysis, to administer our Services, and for internal operations, for example troubleshooting, data analysis, testing, research and statistical purposes.<br> to communicate with you in relation to our Services.<br> to ensure that content is presented in the most effective way for you and your device.<br> to determine your eligibility for and to communicate with you about Services for which you may qualify or that may be of interest to you <br> to carry out risk analysis, fraud prevention and risk management (e.g., through Automated Decision Making and AI).<br> to improve our Services and for general business development purposes, for example improving risk models to minimize fraud, develop new products and features and explore new business opportunities.<br> To keep your PayPal account and financial information up to date.<br> for marketing, product and customer analysis, including testing, for example to improve our product range and optimize our customer offerings.<br> to comply with applicable laws, bookkeeping laws, regulatory capital adequacy requirements, and rules issued by our designated banks and relevant card networks.",https://paypal.com,Medium,60,tracking_profiling,profile,R003,explainable_rules,0.65,False,,,,0.0789,train,AI-assisted weak label; requires human review before use as gold data
d23143f516be4ab5,PayPal,privacy_policy,Disclosures for Individuals in Mexico,"For example, when we process Personal Information for KYC requirements, to prevent, detect and investigate money laundering, terrorist financing and fraud. We also carry out sanction screening, report to tax authorities, police enforcement authorities, enforcement authorities, supervisory authorities. <br> to facilitate your participation in competitions, offerings, and events.<br> to conduct financial risk management obligations such as credit performance and quality, insurance risks and compliance with capital adequacy requirements under applicable law.<br> to process information about your contacts to make it easy for you to find and connect them and improve payment accuracy. By providing us with information about your contacts you certify that you have permission to provide that information to PayPal for the purposes described in this Privacy Statement. | We rely on your explicit and voluntary consent to process your Personal Information to participate in certain features that while not necessary for use of the Services may be of interest to you, such as syncing your contact list to your PayPal account, providing biometric data, targeted advertising, or connecting to a third-party platform.","For example, when we process Personal Information for KYC requirements, to prevent, detect and investigate money laundering, terrorist financing and fraud. We also carry out sanction screening, report to tax authorities, police enforcement authorities, enforcement authorities, supervisory authorities. <br> to facilitate your participation in competitions, offerings, and events.<br> to conduct financial risk management obligations such as credit performance and quality, insurance risks and compliance with capital adequacy requirements under applicable law.<br> to process information about your contacts to make it easy for you to find and connect them and improve payment accuracy. By providing us with information about your contacts you certify that you have permission to provide that information to PayPal for the purposes described in this Privacy Statement. | We rely on your explicit and voluntary consent to process your Personal Information to participate in certain features that while not necessary for use of the Services may be of interest to you, such as syncing your contact list to your PayPal account, providing biometric data, targeted advertising, or connecting to a third-party platform.",https://paypal.com,Medium,60,tracking_profiling,targeted advertising,R003,explainable_rules,0.65,False,,,,0.0891,train,AI-assisted weak label; requires human review before use as gold data
af9d7dedb227050c,PayPal,privacy_policy,ARCO Rights,"If you want to exercise any of your rights relating to your Personal Information in your Fastlane profile, contact us at the number provided in the Our Contact Information section or submit your request from your Fastlane profile management portal. In the event that you need to modify your personal data—such as your email address or phone number—you may do so by exercising your ARCO rights (Access, Rectification, Cancellation, and Opposition). However, due to operational or technical constraints inherent to certain services, it may be necessary to create a new account or user profile in order to implement such changes. In such cases, you will be duly informed, and any newly created account will remain subject to this privacy statement.","If you want to exercise any of your rights relating to your Personal Information in your Fastlane profile, contact us at the number provided in the Our Contact Information section or submit your request from your Fastlane profile management portal. In the event that you need to modify your personal data—such as your email address or phone number—you may do so by exercising your ARCO rights (Access, Rectification, Cancellation, and Opposition). However, due to operational or technical constraints inherent to certain services, it may be necessary to create a new account or user profile in order to implement such changes. In such cases, you will be duly informed, and any newly created account will remain subject to this privacy statement.",https://paypal.com,Medium,60,tracking_profiling,profile,R003,explainable_rules,0.65,False,,,,0.0801,train,AI-assisted weak label; requires human review before use as gold data
48f4db62712de96e,PayPal,privacy_policy,Disclosures for Individuals in Singapore,"We rely on your explicit and voluntary consent to process your Personal Information to participate in certain features that while not necessary for use of the Services may be of interest to you, such as syncing your contact list to your PayPal account, providing biometric data, targeted advertising, or connecting to a third-party platform. You may change your mind about use of these features at any time through your account settings. Note that withdrawing your consent will not affect the lawfulness of any processing we have conducted prior to your withdrawal. You can withdraw your consent at any time, as described in Your Data Protection Rights above.","We rely on your explicit and voluntary consent to process your Personal Information to participate in certain features that while not necessary for use of the Services may be of interest to you, such as syncing your contact list to your PayPal account, providing biometric data, targeted advertising, or connecting to a third-party platform. You may change your mind about use of these features at any time through your account settings. Note that withdrawing your consent will not affect the lawfulness of any processing we have conducted prior to your withdrawal. You can withdraw your consent at any time, as described in Your Data Protection Rights above.",https://paypal.com,Medium,60,tracking_profiling,targeted advertising,R003,explainable_rules,0.65,False,,,,0.1265,train,AI-assisted weak label; requires human review before use as gold data
f93668a5926130b3,PayPal,privacy_policy,Disclosures for Individuals in Singapore,"By providing us with information about your contacts you certify that you have permission to provide that information to PayPal for the purposes described in this Privacy Statement;<br> to provide you with information, news, and marketing about our Services, including rewards or ads from us or where we partner with others to offer similar services on our Services as well, depending on your communication preferences;<br> to associate information about you to identify your use of Services without a PayPal account (e.g., Pay without a PayPal account) or Unbranded Payment Services (e.g., Braintree) and to associate such transactions with your account, if you have one or later establish an account; and <br> to remember your preferences for the next time you use the Services, such as which of your payment methods you prefer or whether you choose to receive digital receipts via email or text when you checkout. | Necessary categories of Personal Information include:<br><br> Registration and contact information;<br> Identification and signature information;<br> Payment information; <br> Information related to legal requirements;<br> Information you provide when you contact us;<br> Transaction information;<br> Package tracking;<br> Service-specific Personal Information;<br> Information from CRAs and financial institutions;<br> Information from your connected financial accounts;<br> Information from your use of the Services;<br> Technical usage data;<br> Device information; and<br> Location data. |","By providing us with information about your contacts you certify that you have permission to provide that information to PayPal for the purposes described in this Privacy Statement;<br> to provide you with information, news, and marketing about our Services, including rewards or ads from us or where we partner with others to offer similar services on our Services as well, depending on your communication preferences;<br> to associate information about you to identify your use of Services without a PayPal account (e.g., Pay without a PayPal account) or Unbranded Payment Services (e.g., Braintree) and to associate such transactions with your account, if you have one or later establish an account; and <br> to remember your preferences for the next time you use the Services, such as which of your payment methods you prefer or whether you choose to receive digital receipts via email or text when you checkout. | Necessary categories of Personal Information include:<br><br> Registration and contact information;<br> Identification and signature information;<br> Payment information; <br> Information related to legal requirements;<br> Information you provide when you contact us;<br> Transaction information;<br> Package tracking;<br> Service-specific Personal Information;<br> Information from CRAs and financial institutions;<br> Information from your connected financial accounts;<br> Information from your use of the Services;<br> Technical usage data;<br> Device information; and<br> Location data. |",https://paypal.com,Medium,60,tracking_profiling,tracking,R003,explainable_rules,0.65,False,,,,0.0569,train,AI-assisted weak label; requires human review before use as gold data
8b094e0acc43ad28,Pinterest,terms_of_service,"6. Third party links, sites, and services","Pinterest may contain links to third party websites, advertisers, services, software components, special offers or other events or activities that are not owned or controlled by us. We don’t endorse or assume any responsibility for any such third party websites, information, materials, products or services. If you access any third party website, service or content, etc. from Pinterest, you do so at your own risk and you agree that we have no liability arising from your use of, purchase from or access to any third party website, service, or content, etc.","Pinterest may contain links to third party websites, advertisers, services, software components, special offers or other events or activities that are not owned or controlled by us. We don’t endorse or assume any responsibility for any such third party websites, information, materials, products or services. If you access any third party website, service or content, etc. from Pinterest, you do so at your own risk and you agree that we have no liability arising from your use of, purchase from or access to any third party website, service, or content, etc.",https://pinterest.com,Medium,60,liability_dispute,no liability,R012,explainable_rules,0.65,False,,,,0.1171,train,AI-assisted weak label; requires human review before use as gold data
6975e218b1f3c538,Pinterest,terms_of_service,7. Termination,You may also terminate or delete your account at any time. You can learn how to delete your account in our Help Center.,You may also terminate or delete your account at any time. You can learn how to delete your account in our Help Center.,https://pinterest.com,Medium,60,account_content_termination,terminate or delete your account at any time,R010,explainable_rules,0.65,False,,,,0.0672,train,AI-assisted weak label; requires human review before use as gold data
88dbaffc2a6f8fec,Pinterest,terms_of_service,9. Disclaimers,"Pinterest specifically disclaims any and all warranties and conditions of merchantability, fitness for a particular purpose, and non-infringement, and any warranties arising out of course of dealing or usage of trade.","Pinterest specifically disclaims any and all warranties and conditions of merchantability, fitness for a particular purpose, and non-infringement, and any warranties arising out of course of dealing or usage of trade.",https://pinterest.com,Medium,60,liability_dispute,disclaims,R012,explainable_rules,0.65,False,,,,0.0494,train,AI-assisted weak label; requires human review before use as gold data
9a7b652c4d32ff74,Pinterest,terms_of_service,9. Disclaimers,"Pinterest takes no responsibility and assumes no liability for any User Content that you or any other person or third party posts or sends using the Service. You understand and agree that you may be exposed to User Content that's inaccurate, objectionable, inappropriate for children, or otherwise unsuited to your purpose.","Pinterest takes no responsibility and assumes no liability for any User Content that you or any other person or third party posts or sends using the Service. You understand and agree that you may be exposed to User Content that's inaccurate, objectionable, inappropriate for children, or otherwise unsuited to your purpose.",https://pinterest.com,Medium,60,liability_dispute,no liability,R012,explainable_rules,0.65,False,,,,0.168,train,AI-assisted weak label; requires human review before use as gold data
4b733fc11195c1ab,Pinterest,terms_of_service,9. Disclaimers,"We may make changes to Pinterest for various reasons. We will have no liability for any change to Pinterest or any suspension or termination of your access to, or use of Pinterest.","We may make changes to Pinterest for various reasons. We will have no liability for any change to Pinterest or any suspension or termination of your access to, or use of Pinterest.",https://pinterest.com,Medium,60,liability_dispute,no liability,R012,explainable_rules,0.65,False,,,,0.0851,train,AI-assisted weak label; requires human review before use as gold data
88eb574d4690b18b,Pinterest,terms_of_service,9. Disclaimers,"The limitations, exclusions, and disclaimers in this section apply to the fullest extent permitted by applicable law.","The limitations, exclusions, and disclaimers in this section apply to the fullest extent permitted by applicable law.",https://pinterest.com,Medium,60,liability_dispute,disclaimers,R012,explainable_rules,0.65,False,,,,0.0298,train,AI-assisted weak label; requires human review before use as gold data
16d61bce0153da3c,Pinterest,terms_of_service,10. Limitation of Liability,"If we cause damage to you and you're a consumer in the EEA or UK, the above doesn't apply. Instead, Pinterest's liability will be limited to foreseeable damages arising due to a breach of material contractual obligations typical for this type of contract. Pinterest isn't liable for damages that result from a non-material breach of any other applicable duty of care. This limitation of liability won't apply to any statutory liability that cannot be limited, to liability for death or personal injury caused by our negligence or willful misconduct, or to exclude our responsibility for something we have specifically promised to you.","If we cause damage to you and you're a consumer in the EEA or UK, the above doesn't apply. Instead, Pinterest's liability will be limited to foreseeable damages arising due to a breach of material contractual obligations typical for this type of contract. Pinterest isn't liable for damages that result from a non-material breach of any other applicable duty of care. This limitation of liability won't apply to any statutory liability that cannot be limited, to liability for death or personal injury caused by our negligence or willful misconduct, or to exclude our responsibility for something we have specifically promised to you.",https://pinterest.com,Medium,60,liability_dispute,limitation of liability,R012,explainable_rules,0.65,False,,,,0.0939,train,AI-assisted weak label; requires human review before use as gold data
7ec4f545f480fa0d,Pinterest,terms_of_service,More simply put,"We are building the best Service we can, but it won't always be perfect. We're not liable for various losses or damages.","We are building the best Service we can, but it won't always be perfect. We're not liable for various losses or damages.",https://pinterest.com,Medium,60,liability_dispute,not liable,R012,explainable_rules,0.65,False,,,,0.0795,train,AI-assisted weak label; requires human review before use as gold data
c772eae0fc883bc5,Pinterest,terms_of_service,11. Arbitration,"A party with a dispute must first send us a Notice of Dispute, which must include your full name; your Pinterest profile name (which begins @); the email address associated with your Pinterest account; your country of residence and, if you are a U.S. resident, your state of residence; your counsel, if you are represented by counsel; a detailed description of both the dispute and the alleged harm; and your signature. That information should be emailed to litigation@pinterest.com. The notice can only be sent on behalf of an individual party; a Notice of Dispute that asserts the rights of more than one party is ineffective. After receiving the Notice of Dispute, Pinterest will respond within 60 days to attempt to resolve the dispute amicably. After the 60-day period has elapsed, either party may initiate arbitration.","A party with a dispute must first send us a Notice of Dispute, which must include your full name; your Pinterest profile name (which begins @); the email address associated with your Pinterest account; your country of residence and, if you are a U.S. resident, your state of residence; your counsel, if you are represented by counsel; a detailed description of both the dispute and the alleged harm; and your signature. That information should be emailed to litigation@pinterest.com. The notice can only be sent on behalf of an individual party; a Notice of Dispute that asserts the rights of more than one party is ineffective. After receiving the Notice of Dispute, Pinterest will respond within 60 days to attempt to resolve the dispute amicably. After the 60-day period has elapsed, either party may initiate arbitration.",https://pinterest.com,Medium,60,tracking_profiling,profile,R003,explainable_rules,0.65,False,,,,0.0461,train,AI-assisted weak label; requires human review before use as gold data
aa40bfd736b0f197,Pinterest,privacy_policy,Information categories used,"Any of the categories of information listed in “We collect information in a few different ways” except for Precise location information (which we don’t collect from users in EEA, Switzerland, or the UK).","Any of the categories of information listed in “We collect information in a few different ways” except for Precise location information (which we don’t collect from users in EEA, Switzerland, or the UK).",https://pinterest.com,Medium,60,personal_data_collection,collect information in a few different ways” except for Precise location,R013,explainable_rules,0.65,False,,,,0.1319,train,AI-assisted weak label; requires human review before use as gold data
6bacd684d6f93371,Pinterest,privacy_policy,Your Rights and Choices,Correction/rectification: You can correct your information by updating information in your profile.,Correction/rectification: You can correct your information by updating information in your profile.,https://pinterest.com,Medium,60,tracking_profiling,profile,R003,explainable_rules,0.65,False,,,,0.1038,train,AI-assisted weak label; requires human review before use as gold data
11c1c3191039a0f1,Pinterest,privacy_policy,"Additional rights in the EEA, Switzerland, and the UK","You have choices regarding your information on Pinterest. If you have a Pinterest account, many of these controls are built directly into Pinterest or your settings. For example, you can: Edit information in your profile, Link or unlink your Pinterest account from other services (like Facebook or Google), Edit secret board settings, and Close your account at any time. We also support settings such as tracking settings on iOS and Android devices.","You have choices regarding your information on Pinterest. If you have a Pinterest account, many of these controls are built directly into Pinterest or your settings. For example, you can: Edit information in your profile, Link or unlink your Pinterest account from other services (like Facebook or Google), Edit secret board settings, and Close your account at any time. We also support settings such as tracking settings on iOS and Android devices.",https://pinterest.com,Medium,60,tracking_profiling,profile,R003,explainable_rules,0.65,False,,,,0.0969,train,AI-assisted weak label; requires human review before use as gold data
0dbe062b1d4c923c,Pinterest,privacy_policy,How and when we share information,"Anyone can see the public content you post, such as boards and Pins you create and public profile information you give us. Depending on where you live, we also make this public information available through what are called APIs (a technical way to share information quickly). For example, a partner can study what their most popular Pins are or how their Pins are being shared on Pinterest by using a Pinterest API. We also share the categories of information described above:","Anyone can see the public content you post, such as boards and Pins you create and public profile information you give us. Depending on where you live, we also make this public information available through what are called APIs (a technical way to share information quickly). For example, a partner can study what their most popular Pins are or how their Pins are being shared on Pinterest by using a Pinterest API. We also share the categories of information described above:",https://pinterest.com,Medium,60,tracking_profiling,profile,R003,explainable_rules,0.65,False,,,,0.0797,train,AI-assisted weak label; requires human review before use as gold data
6ca5ca7b55f3c965,Pinterest,privacy_policy,"Additional information if you live in the EEA, Switzerland, and the UK","For litigation or regulatory matters: For example, we retain information for as long as we need it for a legal claim, litigation or regulatory proceeding.","For litigation or regulatory matters: For example, we retain information for as long as we need it for a legal claim, litigation or regulatory proceeding.",https://pinterest.com,Medium,60,retention_deletion,retain information for as long as we,R004,explainable_rules,0.65,False,,,,0.0358,train,AI-assisted weak label; requires human review before use as gold data
c70e5d67a70f433a,Reddit,terms_of_service,5. Your Content,"Although we have no obligation to screen, edit, or monitor Your Content, we may, in our sole discretion, delete, deem your content ineligible for monetization, or remove Your Content, at any time and for any reason, including for violating these Terms, our Reddit Rules, or our other terms and policies, or if you otherwise create or are likely to create liability for us.","Although we have no obligation to screen, edit, or monitor Your Content, we may, in our sole discretion, delete, deem your content ineligible for monetization, or remove Your Content, at any time and for any reason, including for violating these Terms, our Reddit Rules, or our other terms and policies, or if you otherwise create or are likely to create liability for us.",https://reddit.com,Medium,60,account_content_termination,"delete, deem your content ineligible for monetization, or remove Your Content, at any time",R010,explainable_rules,0.65,False,,,,0.0995,test,AI-assisted weak label; requires human review before use as gold data
f204f2958481e2ad,Reddit,terms_of_service,15. Changes to these Terms,"We may make changes to these Terms from time to time. If we make changes, we will post the revised Terms and update the Effective Date above. If the changes, in our sole discretion, are material, we may also notify you by sending an email to the address associated with your Account (if you have chosen to provide a verified email address) or by otherwise providing you with notice through our Services. By continuing to access or use the Services on or after the Effective Date of the revised Terms, you agree to be bound by the revised Terms. If you do not agree to the revised Terms, you must stop accessing and using our Services before the changes become effective.","We may make changes to these Terms from time to time. If we make changes, we will post the revised Terms and update the Effective Date above. If the changes, in our sole discretion, are material, we may also notify you by sending an email to the address associated with your Account (if you have chosen to provide a verified email address) or by otherwise providing you with notice through our Services. By continuing to access or use the Services on or after the Effective Date of the revised Terms, you agree to be bound by the revised Terms. If you do not agree to the revised Terms, you must stop accessing and using our Services before the changes become effective.",https://reddit.com,Medium,60,policy_terms_change,"changes, we will post the revised Terms and update the Effective Date above. If the changes, in our sole discretion",R005,explainable_rules,0.65,False,,,,0.1069,test,AI-assisted weak label; requires human review before use as gold data
cc2202b0496ac545,Reddit,terms_of_service,17. Termination,"To the fullest extent permitted by applicable law, we may suspend or terminate your Account, moderator status, or ability to access or use the Services at any time for any or no reason, including for violating these Terms or our Reddit Rules.","To the fullest extent permitted by applicable law, we may suspend or terminate your Account, moderator status, or ability to access or use the Services at any time for any or no reason, including for violating these Terms or our Reddit Rules.",https://reddit.com,Medium,60,account_content_termination,"suspend or terminate your Account, moderator status, or ability to access or use the Services at any time",R010,explainable_rules,0.65,False,,,,0.0721,test,AI-assisted weak label; requires human review before use as gold data
a565e4f638275f4e,Reddit,terms_of_service,17. Termination,"The following sections will survive any termination of these Terms or of your Account: 5 (Your Content), 7 (Things You Cannot Do), 12 (Indemnity), 13 (Disclaimers and Limitation of Liability), 14 (Governing Law and Venue), 17 (Termination), and 18 (Miscellaneous).","The following sections will survive any termination of these Terms or of your Account: 5 (Your Content), 7 (Things You Cannot Do), 12 (Indemnity), 13 (Disclaimers and Limitation of Liability), 14 (Governing Law and Venue), 17 (Termination), and 18 (Miscellaneous).",https://reddit.com,Medium,60,liability_dispute,Disclaimers,R012,explainable_rules,0.65,False,,,,0.0837,test,AI-assisted weak label; requires human review before use as gold data
16fd396c26ccb3c2,Reddit,terms_of_service,5. Your Content,"Although we reserve the right to review, screen, edit, or monitor Your Content, we do not necessarily review all of it at the time it is submitted to the Services. However, we may, in our sole discretion, delete, deem your content ineligible for monetization, or remove Your Content at any time and for any reason, including for violating these Terms, our Reddit Rules, or our other terms and policies, or if you otherwise create or are likely to create liability for us.","Although we reserve the right to review, screen, edit, or monitor Your Content, we do not necessarily review all of it at the time it is submitted to the Services. However, we may, in our sole discretion, delete, deem your content ineligible for monetization, or remove Your Content at any time and for any reason, including for violating these Terms, our Reddit Rules, or our other terms and policies, or if you otherwise create or are likely to create liability for us.",https://reddit.com,Medium,60,account_content_termination,"delete, deem your content ineligible for monetization, or remove Your Content at any time",R010,explainable_rules,0.65,False,,,,0.0874,test,AI-assisted weak label; requires human review before use as gold data
feb21b47b4fb1c45,Reddit,terms_of_service,16. Termination,"The following sections will survive any termination of these Terms or of your Account: 5 (Your Content), 7 (Things You Cannot Do), 12 (Indemnity), 13 (Limitation of Liability), 16 (Termination), and 17 (Miscellaneous).","The following sections will survive any termination of these Terms or of your Account: 5 (Your Content), 7 (Things You Cannot Do), 12 (Indemnity), 13 (Limitation of Liability), 16 (Termination), and 17 (Miscellaneous).",https://reddit.com,Medium,60,liability_dispute,Limitation of Liability,R012,explainable_rules,0.65,False,,,,0.0797,test,AI-assisted weak label; requires human review before use as gold data
acba2711ec4e8476,Reddit,privacy_policy,Introduction,"Reddit is a public platform. Our communities are largely public and anyone can see your profile, posts, and comments.","Reddit is a public platform. Our communities are largely public and anyone can see your profile, posts, and comments.",https://reddit.com,Medium,60,tracking_profiling,profile,R003,explainable_rules,0.65,False,,,,0.0652,test,AI-assisted weak label; requires human review before use as gold data
18ab8a0388001a81,Reddit,privacy_policy,Introduction,"We collect minimal information that can be used to identify you by default. If you want to just browse, you don’t need an account. If you want to create an account to participate in a subreddit, we don’t require you to give us your real name. We don’t track your precise location. You can even browse anonymously. You can share as much or as little about yourself as you want when using Reddit.","We collect minimal information that can be used to identify you by default. If you want to just browse, you don’t need an account. If you want to create an account to participate in a subreddit, we don’t require you to give us your real name. We don’t track your precise location. You can even browse anonymously. You can share as much or as little about yourself as you want when using Reddit.",https://reddit.com,Medium,60,tracking_profiling,track,R003,explainable_rules,0.65,False,,,,0.0778,test,AI-assisted weak label; requires human review before use as gold data
bbb5fc180960447b,Reddit,privacy_policy,Reddit Is a Public Platform,"Your Reddit account has a profile page that is public. Your profile contains information about your activities on the Services, such as your username, prior posts and comments, karma, trophies and achievement badges, profile display name, about section, social links, avatar or profile image, moderator, contributor, and Reddit Premium status, communities you are active in, and how long you have been a member of the Services (your cake day).","Your Reddit account has a profile page that is public. Your profile contains information about your activities on the Services, such as your username, prior posts and comments, karma, trophies and achievement badges, profile display name, about section, social links, avatar or profile image, moderator, contributor, and Reddit Premium status, communities you are active in, and how long you have been a member of the Services (your cake day).",https://reddit.com,Medium,60,tracking_profiling,profile,R003,explainable_rules,0.65,False,,,,0.071,test,AI-assisted weak label; requires human review before use as gold data
609f4e5ccff68720,Reddit,privacy_policy,What Information We Collect,"We also ask you to select an interest, or multiple interests, during account creation (for example, history, nature, sports) to help generate content and community recommendations or select more relevant advertising for you.<br><br>When you use Reddit, you may also provide other information, such as a bio, gender, birthday, location, language, profile picture, or social link. You can remove or revise this information at any time.<br><br>We also store your user account preferences and settings. We may ask for such information prior to you creating a username or account to help improve your experience exploring Reddit. | | | | Public Content You Submit | | Public content you submit includes your public posts, comments, and chat messages, usernames, and some of your profile information, as well as related metadata. Public content you submit may also include text, links, images, gifs, audio, videos, software, and tools.","We also ask you to select an interest, or multiple interests, during account creation (for example, history, nature, sports) to help generate content and community recommendations or select more relevant advertising for you.<br><br>When you use Reddit, you may also provide other information, such as a bio, gender, birthday, location, language, profile picture, or social link. You can remove or revise this information at any time.<br><br>We also store your user account preferences and settings. We may ask for such information prior to you creating a username or account to help improve your experience exploring Reddit. | | | | Public Content You Submit | | Public content you submit includes your public posts, comments, and chat messages, usernames, and some of your profile information, as well as related metadata. Public content you submit may also include text, links, images, gifs, audio, videos, software, and tools.",https://reddit.com,Medium,60,tracking_profiling,profile,R003,explainable_rules,0.65,False,,,,0.0409,test,AI-assisted weak label; requires human review before use as gold data
e62033af80c32cfe,Reddit,privacy_policy,What Information We Collect,"For more information on how you can disable cookies, please see “Your Rights and Choices” below. | | | | Location Information | | We automatically collect information about your approximate location based on our Logs Data. We may also receive location information from you when you choose to share such information on our Services, including via the Location Customization setting or by associating your content with a location. | | | | Public Content Related to You | | Information that we collect about you based on your interactions on our Services will appear on your public profile. This includes your karma scores, trophies and achievement badges, moderator, contributor, and Reddit Premium status, communities you are active in, and how long you have been a member of the Services (your cake day), as well as related metadata. Our Public Content Policy applies to this content. | | | | Inferred Information | | We infer attributes such as age range, gender, and/or preferred language(s) based on the information we have about you. | |","For more information on how you can disable cookies, please see “Your Rights and Choices” below. | | | | Location Information | | We automatically collect information about your approximate location based on our Logs Data. We may also receive location information from you when you choose to share such information on our Services, including via the Location Customization setting or by associating your content with a location. | | | | Public Content Related to You | | Information that we collect about you based on your interactions on our Services will appear on your public profile. This includes your karma scores, trophies and achievement badges, moderator, contributor, and Reddit Premium status, communities you are active in, and how long you have been a member of the Services (your cake day), as well as related metadata. Our Public Content Policy applies to this content. | | | | Inferred Information | | We infer attributes such as age range, gender, and/or preferred language(s) based on the information we have about you. | |",https://reddit.com,Medium,60,tracking_profiling,profile,R003,explainable_rules,0.65,False,,,,0.1004,test,AI-assisted weak label; requires human review before use as gold data
91833ec9c1ab8a9a,Reddit,privacy_policy,Your Rights and Choices,"| | | | | | | --- | --- | --- | --- | --- | | | Accessing and Changing Your Information | | You can access your information and change or correct certain information through the Services. See our Help Center page for more information. You can also request a copy of the personal information Reddit maintains about you by following the process described here. | | | | Deleting Your Account | | You may delete your account at any time from the settings page in your account. For more information, please visit our Help Center. When you delete your account, your profile is no longer visible to other users and disassociated from content you posted under that account. Please note, however, that the posts, comments, and messages you submitted prior to deleting your account will still be visible to others unless you first delete the specific content.","| | | | | | | --- | --- | --- | --- | --- | | | Accessing and Changing Your Information | | You can access your information and change or correct certain information through the Services. See our Help Center page for more information. You can also request a copy of the personal information Reddit maintains about you by following the process described here. | | | | Deleting Your Account | | You may delete your account at any time from the settings page in your account. For more information, please visit our Help Center. When you delete your account, your profile is no longer visible to other users and disassociated from content you posted under that account. Please note, however, that the posts, comments, and messages you submitted prior to deleting your account will still be visible to others unless you first delete the specific content.",https://reddit.com,Medium,65,tracking_profiling|account_content_termination,profile || delete your account at any time,R003|R010,explainable_rules,0.65,False,,,,0.0823,test,AI-assisted weak label; requires human review before use as gold data
b7d2a3661a69431d,Steam,terms_of_service,STEAM® SUBSCRIBER AGREEMENT,"Registration as a subscriber; application of terms to you; your account; conclusion of agreements Licenses Billing, payment and other subscriptions Online conduct, cheating and automation Third-party content User generated content Disclaimers; limitation of liability; no guarantees; limited warranty & agreement Amendments to this agreement Term and termination Applicable law/jurisdiction Miscellaneous","Registration as a subscriber; application of terms to you; your account; conclusion of agreements Licenses Billing, payment and other subscriptions Online conduct, cheating and automation Third-party content User generated content Disclaimers; limitation of liability; no guarantees; limited warranty & agreement Amendments to this agreement Term and termination Applicable law/jurisdiction Miscellaneous",https://steampowered.com,Medium,60,liability_dispute,Disclaimers,R012,explainable_rules,0.65,False,,,,0.0616,test,AI-assisted weak label; requires human review before use as gold data
f6222b91836592f0,Steam,terms_of_service,B. Beta Software License,"In addition to the waivers and limitations of liability for all Software under Section 7 (Disclaimers; Limitations on Liability; No Guarantees; Limited Warranty & Agreement) below as applicable, you specifically acknowledge that Beta Software is only released for testing and improvement purposes, in particular to provide Valve with feedback on the quality and usability of the Beta Software, and therefore contains errors and is not final. If you decide to install and/or use Beta Software, you shall only use it in compliance with its purposes, i.e. for testing and improvement purposes, in compliance with system requirements specifically intended for each Beta Software and in any case not on a system or for purposes where the malfunction of the Beta Software can cause any kind of damage. In particular, maintain full backups of any system that you choose to install Beta Software on.","In addition to the waivers and limitations of liability for all Software under Section 7 (Disclaimers; Limitations on Liability; No Guarantees; Limited Warranty & Agreement) below as applicable, you specifically acknowledge that Beta Software is only released for testing and improvement purposes, in particular to provide Valve with feedback on the quality and usability of the Beta Software, and therefore contains errors and is not final. If you decide to install and/or use Beta Software, you shall only use it in compliance with its purposes, i.e. for testing and improvement purposes, in compliance with system requirements specifically intended for each Beta Software and in any case not on a system or for purposes where the malfunction of the Beta Software can cause any kind of damage. In particular, maintain full backups of any system that you choose to install Beta Software on.",https://steampowered.com,Medium,60,liability_dispute,Disclaimers,R012,explainable_rules,0.65,False,,,,0.051,test,AI-assisted weak label; requires human review before use as gold data
619c6f31ae02016c,Steam,terms_of_service,A. Payment Authorization,"For Subscriptions ordered based on an agreed usage period, where recurring payments are made in exchange for continued use (""Recurring Payment Subscriptions""), by continuing to use the Recurring Payment Subscription you agree and reaffirm that Valve is authorized to charge your credit card (or your Steam Wallet, if funded), or to process your payment with any other applicable third-party payment processor, for any applicable recurring payment amounts. If you have ordered any Recurring Payment Subscriptions, you agree to notify Valve promptly of any changes to your credit card account number, its expiration date and/or your billing address, or your PayPal or other payment account number, and you agree to notify Valve promptly if your credit card or PayPal or other payment account expires or is cancelled for any reason.","For Subscriptions ordered based on an agreed usage period, where recurring payments are made in exchange for continued use (""Recurring Payment Subscriptions""), by continuing to use the Recurring Payment Subscription you agree and reaffirm that Valve is authorized to charge your credit card (or your Steam Wallet, if funded), or to process your payment with any other applicable third-party payment processor, for any applicable recurring payment amounts. If you have ordered any Recurring Payment Subscriptions, you agree to notify Valve promptly of any changes to your credit card account number, its expiration date and/or your billing address, or your PayPal or other payment account number, and you agree to notify Valve promptly if your credit card or PayPal or other payment account expires or is cancelled for any reason.",https://steampowered.com,Medium,60,auto_renewal_trial,Recurring Payment,R006,explainable_rules,0.65,False,,,,0.0391,test,AI-assisted weak label; requires human review before use as gold data
8a08f6cc580f86d5,Steam,terms_of_service,A. DISCLAIMERS,"TO THE MAXIMUM EXTENT PERMITTED BY APPLICABLE LAW, VALVE AND ITS AFFILIATES AND SERVICE PROVIDERS EXPRESSLY DISCLAIM (I) ANY WARRANTY FOR STEAM, THE CONTENT AND SERVICES, AND THE SUBSCRIPTIONS, AND (II) ANY COMMON LAW DUTIES WITH REGARD TO STEAM, THE CONTENT AND SERVICES, AND THE SUBSCRIPTIONS, INCLUDING DUTIES OF LACK OF NEGLIGENCE AND LACK OF WORKMANLIKE EFFORT. STEAM, THE CONTENT AND SERVICES, THE SUBSCRIPTIONS, AND ANY INFORMATION AVAILABLE IN CONNECTION THEREWITH ARE PROVIDED ON AN ""AS IS"" AND ""AS AVAILABLE"" BASIS, ""WITH ALL FAULTS"" AND WITHOUT WARRANTY OF ANY KIND, EITHER EXPRESS OR IMPLIED, INCLUDING, WITHOUT LIMITATION, THE IMPLIED WARRANTIES OF MERCHANTABILITY, FITNESS FOR A PARTICULAR PURPOSE, OR NONINFRINGEMENT. ANY WARRANTY AGAINST INFRINGEMENT THAT MAY BE PROVIDED IN SECTION 2-312 OF THE UNITED STATES UNIFORM COMMERCIAL CODE AND/OR IN ANY OTHER COMPARABLE STATE STATUTE IS EXPRESSLY DISCLAIMED. ALSO, THERE IS NO WARRANTY OF TITLE, NON-INTERFERENCE WITH YOUR ENJOYMENT, OR AUTHORITY IN CONNECTION WITH STEAM, THE CONTENT AND SERVICES, THE SUBSCRIPTIONS, OR INFORMATION AVAILABLE IN CONNECTION THEREWITH.","TO THE MAXIMUM EXTENT PERMITTED BY APPLICABLE LAW, VALVE AND ITS AFFILIATES AND SERVICE PROVIDERS EXPRESSLY DISCLAIM (I) ANY WARRANTY FOR STEAM, THE CONTENT AND SERVICES, AND THE SUBSCRIPTIONS, AND (II) ANY COMMON LAW DUTIES WITH REGARD TO STEAM, THE CONTENT AND SERVICES, AND THE SUBSCRIPTIONS, INCLUDING DUTIES OF LACK OF NEGLIGENCE AND LACK OF WORKMANLIKE EFFORT. STEAM, THE CONTENT AND SERVICES, THE SUBSCRIPTIONS, AND ANY INFORMATION AVAILABLE IN CONNECTION THEREWITH ARE PROVIDED ON AN ""AS IS"" AND ""AS AVAILABLE"" BASIS, ""WITH ALL FAULTS"" AND WITHOUT WARRANTY OF ANY KIND, EITHER EXPRESS OR IMPLIED, INCLUDING, WITHOUT LIMITATION, THE IMPLIED WARRANTIES OF MERCHANTABILITY, FITNESS FOR A PARTICULAR PURPOSE, OR NONINFRINGEMENT. ANY WARRANTY AGAINST INFRINGEMENT THAT MAY BE PROVIDED IN SECTION 2-312 OF THE UNITED STATES UNIFORM COMMERCIAL CODE AND/OR IN ANY OTHER COMPARABLE STATE STATUTE IS EXPRESSLY DISCLAIMED. ALSO, THERE IS NO WARRANTY OF TITLE, NON-INTERFERENCE WITH YOUR ENJOYMENT, OR AUTHORITY IN CONNECTION WITH STEAM, THE CONTENT AND SERVICES, THE SUBSCRIPTIONS, OR INFORMATION AVAILABLE IN CONNECTION THEREWITH.",https://steampowered.com,Medium,60,liability_dispute,DISCLAIM,R012,explainable_rules,0.65,False,,,,0.0625,test,AI-assisted weak label; requires human review before use as gold data
a9f9f30c2e0fbbe1,Steam,terms_of_service,A. DISCLAIMERS,ANY WARRANTY AGAINST INFRINGEMENT THAT MAY BE PROVIDED IN SECTION 2-312 OF THE UNITED STATES UNIFORM COMMERCIAL CODE IS EXPRESSLY DISCLAIMED.,ANY WARRANTY AGAINST INFRINGEMENT THAT MAY BE PROVIDED IN SECTION 2-312 OF THE UNITED STATES UNIFORM COMMERCIAL CODE IS EXPRESSLY DISCLAIMED.,https://steampowered.com,Medium,60,liability_dispute,DISCLAIMED,R012,explainable_rules,0.65,False,,,,0.0393,test,AI-assisted weak label; requires human review before use as gold data
fe0561b4c60f4e78,Steam,terms_of_service,B. Unilateral Amendment,"Furthermore, Valve may amend this Agreement (including any Subscription Terms or Rules of Use) unilaterally at any time in its sole discretion. In this case, you will be notified by e-mail of any amendment to this Agreement made by Valve at least 30 (30) days before the effective date of the amendment. You can view the Agreement at any time at http://www.steampowered.com/. Your failure to cancel your Account prior to the effective date of the amendment will constitute your acceptance of the amended terms. If you don’t agree to the amendments or to any of the terms in this Agreement, your only remedy is to cancel your Account or to cease use of the affected Subscription(s). Valve shall not have any obligation to refund any fees that may have accrued to your Account before cancellation of your Account or cessation of use of any Subscription, nor shall Valve have any obligation to prorate any fees in such circumstances.","Furthermore, Valve may amend this Agreement (including any Subscription Terms or Rules of Use) unilaterally at any time in its sole discretion. In this case, you will be notified by e-mail of any amendment to this Agreement made by Valve at least 30 (30) days before the effective date of the amendment. You can view the Agreement at any time at http://www.steampowered.com/. Your failure to cancel your Account prior to the effective date of the amendment will constitute your acceptance of the amended terms. If you don’t agree to the amendments or to any of the terms in this Agreement, your only remedy is to cancel your Account or to cease use of the affected Subscription(s). Valve shall not have any obligation to refund any fees that may have accrued to your Account before cancellation of your Account or cessation of use of any Subscription, nor shall Valve have any obligation to prorate any fees in such circumstances.",https://steampowered.com,Medium,60,policy_terms_change,amend this Agreement (including any Subscription Terms or Rules of Use) unilaterally at any time in its sole discretion,R005,explainable_rules,0.65,False,,,,0.0661,test,AI-assisted weak label; requires human review before use as gold data
b410fe23bac38bcc,Steam,terms_of_service,C. Termination by Valve,"Valve may restrict or cancel your Account or any particular Subscription(s) at any time in the event that (a) Valve ceases providing such Subscriptions to similarly situated Subscribers generally, or (b) you breach any terms of this Agreement (including any Subscription Terms or Rules of Use). In the event that your Account or a particular Subscription is restricted or terminated or cancelled by Valve for a violation of this Agreement or improper or illegal activity, no refund, including of any Subscription fees or of any unused funds in your Steam Wallet, will be granted.","Valve may restrict or cancel your Account or any particular Subscription(s) at any time in the event that (a) Valve ceases providing such Subscriptions to similarly situated Subscribers generally, or (b) you breach any terms of this Agreement (including any Subscription Terms or Rules of Use). In the event that your Account or a particular Subscription is restricted or terminated or cancelled by Valve for a violation of this Agreement or improper or illegal activity, no refund, including of any Subscription fees or of any unused funds in your Steam Wallet, will be granted.",https://steampowered.com,Medium,60,cancellation_refund_fee,no refund,R007,explainable_rules,0.65,False,,,,0.0948,test,AI-assisted weak label; requires human review before use as gold data
430cfe99c018c8c0,Steam,privacy_policy,3. The Types and Sources of Data We Collect,"3.4 Your Use of the Steam Client and Websites We collect a variety of information through your general interaction with the websites, Content and Services offered by Steam. Personal Data we collect may include, but is not limited to, browser and device information, data collected through automated electronic interactions and application usage data. Likewise, we will track your process across our websites and applications to verify that you are not a bot and to optimize our services.","3.4 Your Use of the Steam Client and Websites We collect a variety of information through your general interaction with the websites, Content and Services offered by Steam. Personal Data we collect may include, but is not limited to, browser and device information, data collected through automated electronic interactions and application usage data. Likewise, we will track your process across our websites and applications to verify that you are not a bot and to optimize our services.",https://steampowered.com,Medium,60,tracking_profiling,track,R003,explainable_rules,0.65,False,,,,0.0879,test,AI-assisted weak label; requires human review before use as gold data
2250197c4c8eabe5,Steam,privacy_policy,3. The Types and Sources of Data We Collect,"3.6 Tracking Data and Cookies We use ""Cookies"", which are text files placed on your computer, and similar technologies (e.g. web beacons, pixels, ad tags and device identifiers) to help us analyze how users use our services, as well as to improve the services we are offering, to improve marketing, analytics or website functionality. The use of Cookies is standard on the internet. Although most web browsers automatically accept cookies, the decision of whether to accept or not is yours. You may adjust your browser settings to prevent the reception of cookies, or to provide notification whenever a cookie is sent to you. You can manage the use of optional cookies by clicking on the ""Cookies setting"" page accessible via the cookie banner displayed when you first visit our website and at any time through the Cookie Settings page available here. When you visit any of our services, our servers log your IP address, which is a number that is automatically assigned to the network your computer is part of.","3.6 Tracking Data and Cookies We use ""Cookies"", which are text files placed on your computer, and similar technologies (e.g. web beacons, pixels, ad tags and device identifiers) to help us analyze how users use our services, as well as to improve the services we are offering, to improve marketing, analytics or website functionality. The use of Cookies is standard on the internet. Although most web browsers automatically accept cookies, the decision of whether to accept or not is yours. You may adjust your browser settings to prevent the reception of cookies, or to provide notification whenever a cookie is sent to you. You can manage the use of optional cookies by clicking on the ""Cookies setting"" page accessible via the cookie banner displayed when you first visit our website and at any time through the Cookie Settings page available here. When you visit any of our services, our servers log your IP address, which is a number that is automatically assigned to the network your computer is part of.",https://steampowered.com,Medium,60,tracking_profiling,Tracking,R003,explainable_rules,0.65,False,,,,0.1196,test,AI-assisted weak label; requires human review before use as gold data
6f1d19b699ec36d3,Steam,privacy_policy,4. How Long We Store Data,"We will only store your information as long as necessary to fulfil the purposes for which the information is collected and processed or — where the applicable law provides for longer storage and retention period — for the storage and retention period required by law. After that your Personal Data will be deleted, blocked or anonymized, as provided by applicable law.","We will only store your information as long as necessary to fulfil the purposes for which the information is collected and processed or — where the applicable law provides for longer storage and retention period — for the storage and retention period required by law. After that your Personal Data will be deleted, blocked or anonymized, as provided by applicable law.",https://steampowered.com,Medium,60,retention_deletion,store your information as long as necessary,R004,explainable_rules,0.65,False,,,,0.2021,test,AI-assisted weak label; requires human review before use as gold data
48ee5d10dc75b7bd,Steam,privacy_policy,5. Who Has Access to Data,"5.1 Valve and its subsidiaries may share your Personal Data with each other and use it to the degree necessary to achieve the purposes listed in section 2 above. In the event of a reorganization, sale or merger we may transfer Personal Data to the relevant third party subject to applicable laws, the Principles and liability requirements under the DPF.","5.1 Valve and its subsidiaries may share your Personal Data with each other and use it to the degree necessary to achieve the purposes listed in section 2 above. In the event of a reorganization, sale or merger we may transfer Personal Data to the relevant third party subject to applicable laws, the Principles and liability requirements under the DPF.",https://steampowered.com,Medium,60,third_party_sharing,transfer Personal Data to the relevant third party,R001,explainable_rules,0.65,False,,,,0.0967,test,AI-assisted weak label; requires human review before use as gold data
62c38ef969749284,Steam,privacy_policy,5. Who Has Access to Data,"5.2 We may also share your Personal Data with our third party service providers that provide customer support services in connection with goods, Content and Services distributed via Steam. Your Personal Data will be used in accordance with this Privacy Policy and only as far as this is necessary for performing customer support services. Valve complies with the Principles for all onward transfers of Personal Data from the EU, Switzerland, and the UK, including the provisions governing onward transfer liability.","5.2 We may also share your Personal Data with our third party service providers that provide customer support services in connection with goods, Content and Services distributed via Steam. Your Personal Data will be used in accordance with this Privacy Policy and only as far as this is necessary for performing customer support services. Valve complies with the Principles for all onward transfers of Personal Data from the EU, Switzerland, and the UK, including the provisions governing onward transfer liability.",https://steampowered.com,Medium,60,third_party_sharing,share your Personal Data with our third party,R001,explainable_rules,0.65,False,,,,0.1288,test,AI-assisted weak label; requires human review before use as gold data
93c9fd64a6c6d018,Steam,privacy_policy,10. Additional Information for Users from California,"Categories, Sources, Purposes, and Recipients of the Data We Collect. Over the preceding 12 months, we have collected the categories of Personal Data described in section 3 of this Privacy Policy. The sources from which we collect Personal Data, and the purposes for which we collect and process it, are described in sections 2 and 3. Over the preceding 12 months, we have disclosed for business purposes each of the categories of Personal Data with the categories of third parties as described in section 5.","Categories, Sources, Purposes, and Recipients of the Data We Collect. Over the preceding 12 months, we have collected the categories of Personal Data described in section 3 of this Privacy Policy. The sources from which we collect Personal Data, and the purposes for which we collect and process it, are described in sections 2 and 3. Over the preceding 12 months, we have disclosed for business purposes each of the categories of Personal Data with the categories of third parties as described in section 5.",https://steampowered.com,Medium,60,third_party_sharing,disclosed for business purposes each of the categories of Personal Data with the categories of third parties,R001,explainable_rules,0.65,False,,,,0.1201,test,AI-assisted weak label; requires human review before use as gold data
bf3a72d871543779,TikTok,terms_of_service,4.6 Your content,You are free to remove your content from the Platform at any time.,You are free to remove your content from the Platform at any time.,https://tiktok.com,Medium,60,account_content_termination,remove your content from the Platform at any time,R010,explainable_rules,0.65,False,,,,0.0606,train,AI-assisted weak label; requires human review before use as gold data
2a2a4b78355fe9a4,TikTok,privacy_policy,Information You Provide,"User Content. We collect the content you create, import, upload or publish through the Platform, such as photographs, videos, audio recordings, livestreams, comments, hashtags, feedback, reviews, and the associated metadata (such as when, where, and by whom the content was created). Even if you are not a user, information about you may appear in content created or published by users on the Platform. We collect User Content through pre-loading at the time of creation, import, or upload, regardless of whether you choose to save or upload that User Content, for example, to recommend music based on the video. We also collect content (such as text, images, and video) from your device's clipboard if you choose to copy and paste content to or from the Platform or share content between it and a third party platform. In addition, we collect location information (such as tourist attractions, shops, or other points of interest) if you choose to add the location information to your User Content.","User Content. We collect the content you create, import, upload or publish through the Platform, such as photographs, videos, audio recordings, livestreams, comments, hashtags, feedback, reviews, and the associated metadata (such as when, where, and by whom the content was created). Even if you are not a user, information about you may appear in content created or published by users on the Platform. We collect User Content through pre-loading at the time of creation, import, or upload, regardless of whether you choose to save or upload that User Content, for example, to recommend music based on the video. We also collect content (such as text, images, and video) from your device's clipboard if you choose to copy and paste content to or from the Platform or share content between it and a third party platform. In addition, we collect location information (such as tourist attractions, shops, or other points of interest) if you choose to add the location information to your User Content.",https://tiktok.com,Medium,60,third_party_sharing,"third party platform. In addition, we collect location information",R001,explainable_rules,0.65,False,,,,0.0664,train,AI-assisted weak label; requires human review before use as gold data
49032357b4e13331,TikTok,privacy_policy,Information You Provide,"Your Contacts and Other Connections. If you choose to sync your contacts, we will collect information from your device’s phone book such as names, phone numbers, and email addresses, and match that information to users of the Platform. If you choose to find other users through your social network contacts, we will collect your public profile information as well as names and profiles of your social network contacts. We also collect information about the accounts you follow and that follow you.","Your Contacts and Other Connections. If you choose to sync your contacts, we will collect information from your device’s phone book such as names, phone numbers, and email addresses, and match that information to users of the Platform. If you choose to find other users through your social network contacts, we will collect your public profile information as well as names and profiles of your social network contacts. We also collect information about the accounts you follow and that follow you.",https://tiktok.com,Medium,60,tracking_profiling,profile,R003,explainable_rules,0.65,False,,,,0.0498,train,AI-assisted weak label; requires human review before use as gold data
50567eaf2b2f8446,TikTok,privacy_policy,Automatically Collected Information,"Location Information. We automatically collect information about your approximate location (e.g. country, state, or city) based on your Technical Information (such as SIM card and IP address). Also, where you enable location services for the TikTok app within your device settings, we collect approximate or precise location information from your device. Click here to learn more about how we collect Location Information.","Location Information. We automatically collect information about your approximate location (e.g. country, state, or city) based on your Technical Information (such as SIM card and IP address). Also, where you enable location services for the TikTok app within your device settings, we collect approximate or precise location information from your device. Click here to learn more about how we collect Location Information.",https://tiktok.com,Medium,60,personal_data_collection,collect approximate or precise location,R013,explainable_rules,0.65,False,,,,0.2499,train,AI-assisted weak label; requires human review before use as gold data
0e1161597374dec0,TikTok,privacy_policy,Automatically Collected Information,"Cookies. We use cookies and similar tracking technologies to operate and provide the Platform. For example, we use cookies to remember your language preferences, make sure you don’t see the same video more than once, and for security purposes. We also use these technologies for marketing purposes. To learn more about our use of cookies, please see our Cookies Policy. We will obtain your consent to our use of cookies where required by law.","Cookies. We use cookies and similar tracking technologies to operate and provide the Platform. For example, we use cookies to remember your language preferences, make sure you don’t see the same video more than once, and for security purposes. We also use these technologies for marketing purposes. To learn more about our use of cookies, please see our Cookies Policy. We will obtain your consent to our use of cookies where required by law.",https://tiktok.com,Medium,60,tracking_profiling,tracking,R003,explainable_rules,0.65,False,,,,0.1046,train,AI-assisted weak label; requires human review before use as gold data
103def9bff06b328,TikTok,privacy_policy,Partners,"Third Party Platforms and Partners. We share limited information which may include Information You Provide, Technical Information, and Usage Information with third party platforms and partners whose platform or services are integrated with the Platform, or with whom we have a commercial relationship. We do this to give you a seamless experience, allow your content to be shared on other platforms, allow sellers to view and manage your orders through our shopping features, and enable third party platforms and partners to better authenticate users. Some examples include if you:","Third Party Platforms and Partners. We share limited information which may include Information You Provide, Technical Information, and Usage Information with third party platforms and partners whose platform or services are integrated with the Platform, or with whom we have a commercial relationship. We do this to give you a seamless experience, allow your content to be shared on other platforms, allow sellers to view and manage your orders through our shopping features, and enable third party platforms and partners to better authenticate users. Some examples include if you:",https://tiktok.com,Medium,60,third_party_sharing,"Provide, Technical Information, and Usage Information with third party",R001,explainable_rules,0.65,False,,,,0.0397,train,AI-assisted weak label; requires human review before use as gold data
14521e39c2b09626,TikTok,privacy_policy,Partners,"log-in to a third party platform using your account, we will share your basic account information and any other Information You Provide,","log-in to a third party platform using your account, we will share your basic account information and any other Information You Provide,",https://tiktok.com,Medium,60,third_party_sharing,"third party platform using your account, we will share your basic account information",R001,explainable_rules,0.65,False,,,,0.0606,train,AI-assisted weak label; requires human review before use as gold data
1f9801a9ab59502a,TikTok,privacy_policy,Partners,"Measurement and Data Partners. We share Information You Provide, Technical Information and Usage Information with third party measurement providers who create aggregate reports that help us measure advertising served on the Platform and help our advertisers understand their effectiveness and their audience.","Measurement and Data Partners. We share Information You Provide, Technical Information and Usage Information with third party measurement providers who create aggregate reports that help us measure advertising served on the Platform and help our advertisers understand their effectiveness and their audience.",https://tiktok.com,Medium,60,third_party_sharing,"share Information You Provide, Technical Information and Usage Information with third party",R001,explainable_rules,0.65,False,,,,0.0681,train,AI-assisted weak label; requires human review before use as gold data
c3e7ad1c2345e899,TikTok,privacy_policy,To protect someone's vital interests,"We may use your information where it is necessary to protect your or someone else's life, physical integrity, or safety. This could include scanning Messages and associated metadata where permitted by law. Click here to learn more. This could also include providing law enforcement agencies or emergency services with information in urgent situations to protect health or life. We generally provide Information You Provide and Automatically Collected Information, although it depends on the specific situation.","We may use your information where it is necessary to protect your or someone else's life, physical integrity, or safety. This could include scanning Messages and associated metadata where permitted by law. Click here to learn more. This could also include providing law enforcement agencies or emergency services with information in urgent situations to protect health or life. We generally provide Information You Provide and Automatically Collected Information, although it depends on the specific situation.",https://tiktok.com,Medium,60,personal_data_collection,health or life. We generally provide Information You Provide and Automatically Collected,R013,explainable_rules,0.65,False,,,,0.0369,train,AI-assisted weak label; requires human review before use as gold data
b7b24a329a91bd80,TikTok,privacy_policy,Data Security and Retention,"We retain information for as long as necessary to provide the Platform and for the other purposes set out in this Privacy Policy. We also retain information when necessary to comply with contractual and legal obligations, when we have a legitimate business interest to do so (such as improving and developing the Platform, and enhancing its safety, security and stability), and for the exercise or defence of legal claims.","We retain information for as long as necessary to provide the Platform and for the other purposes set out in this Privacy Policy. We also retain information when necessary to comply with contractual and legal obligations, when we have a legitimate business interest to do so (such as improving and developing the Platform, and enhancing its safety, security and stability), and for the exercise or defence of legal claims.",https://tiktok.com,Medium,60,retention_deletion,retain information for as long as necessary,R004,explainable_rules,0.65,False,,,,0.0402,train,AI-assisted weak label; requires human review before use as gold data
6c82589a874caaa2,WhatsApp,terms_of_service,Licenses,"Your License To WhatsApp. In order to operate and provide our Services, you grant WhatsApp a worldwide, non-exclusive, royalty-free, sublicensable, and transferable license to use, reproduce, distribute, create derivative works of, display, and perform the information (including the content) that you upload, submit, store, send, or receive on or through our Services. The rights you grant in this license are for the limited purpose of operating and providing our Services (such as to allow us to display your profile picture and status message, transmit your messages, and store your undelivered messages on our servers for up to 30 days as we try to deliver them).","Your License To WhatsApp. In order to operate and provide our Services, you grant WhatsApp a worldwide, non-exclusive, royalty-free, sublicensable, and transferable license to use, reproduce, distribute, create derivative works of, display, and perform the information (including the content) that you upload, submit, store, send, or receive on or through our Services. The rights you grant in this license are for the limited purpose of operating and providing our Services (such as to allow us to display your profile picture and status message, transmit your messages, and store your undelivered messages on our servers for up to 30 days as we try to deliver them).",https://whatsapp.com,Medium,60,tracking_profiling,profile,R003,explainable_rules,0.65,False,,,,0.1206,test,AI-assisted weak label; requires human review before use as gold data
644680754c3e76e4,WhatsApp,terms_of_service,Disclaimers And Release,"You use our Services at your own risk and subject to the following disclaimers. We are providing our Services on an ""as is"" basis without any express or implied warranties, including, but not limited to, warranties of merchantability, fitness for a particular purpose, title, non-infringement, and freedom from computer virus or other harmful code. We do not warrant that any information provided by us is accurate, complete, or useful, that our Services will be operational, error free, secure, or safe, or that our Services will function without disruptions, delays, or imperfections. We do not control and are not responsible for, controlling how or when our users use our Services or the features, services, and interfaces our Services provide. We are not responsible for and are not obligated to control the actions or information (including content) of our users or other third-parties.","You use our Services at your own risk and subject to the following disclaimers. We are providing our Services on an ""as is"" basis without any express or implied warranties, including, but not limited to, warranties of merchantability, fitness for a particular purpose, title, non-infringement, and freedom from computer virus or other harmful code. We do not warrant that any information provided by us is accurate, complete, or useful, that our Services will be operational, error free, secure, or safe, or that our Services will function without disruptions, delays, or imperfections. We do not control and are not responsible for, controlling how or when our users use our Services or the features, services, and interfaces our Services provide. We are not responsible for and are not obligated to control the actions or information (including content) of our users or other third-parties.",https://whatsapp.com,Medium,60,liability_dispute,disclaimers,R012,explainable_rules,0.65,False,,,,0.072,test,AI-assisted weak label; requires human review before use as gold data
bfcf09a0360880db,WhatsApp,terms_of_service,Availability And Termination Of Our Services,"In accordance with this ""Termination"" section, we may also modify, suspend, or terminate your access to or use of our Services anytime for suspicious or unlawful conduct, including for fraud, or if we reasonably believe you violate our Terms or create harm, risk, or possible legal exposure for us, our users, or others. We may also disable or delete your account if it does not become active after account registration or if it remains inactive for an extended period of time. If you delete your account or we delete or disable it, these Terms will end as an agreement between you and us, but the following provisions will survive any termination of your relationship with WhatsApp: ""Licenses,"" ""Disclaimers And Release,"" ""Limitation Of Liability,"" ""Dispute Resolution,"" ""Availability And Termination Of Our Services,"" and ""Other.” If you believe your account's termination or suspension was in error, please contact us at support@support.whatsapp.com.","In accordance with this ""Termination"" section, we may also modify, suspend, or terminate your access to or use of our Services anytime for suspicious or unlawful conduct, including for fraud, or if we reasonably believe you violate our Terms or create harm, risk, or possible legal exposure for us, our users, or others. We may also disable or delete your account if it does not become active after account registration or if it remains inactive for an extended period of time. If you delete your account or we delete or disable it, these Terms will end as an agreement between you and us, but the following provisions will survive any termination of your relationship with WhatsApp: ""Licenses,"" ""Disclaimers And Release,"" ""Limitation Of Liability,"" ""Dispute Resolution,"" ""Availability And Termination Of Our Services,"" and ""Other.” If you believe your account's termination or suspension was in error, please contact us at support@support.whatsapp.com.",https://whatsapp.com,Medium,60,liability_dispute,Disclaimers,R012,explainable_rules,0.65,False,,,,0.093,test,AI-assisted weak label; requires human review before use as gold data
9cc060d42c38adc7,WhatsApp,privacy_policy,Information You Provide,"Your Connections. You can use the contact upload feature and provide us, if permitted by applicable laws, with the phone numbers in your address book on a regular basis, including those of users of our Services and your other contacts. If any of your contacts aren’t yet using our Services, we’ll manage this information for you in a way that ensures those contacts cannot be identified by us. Learn more about our contact upload feature here. You can create, join, or get added to groups and broadcast lists, and such groups and lists get associated with your account information. You give your groups a name. You can provide a group profile picture or description.","Your Connections. You can use the contact upload feature and provide us, if permitted by applicable laws, with the phone numbers in your address book on a regular basis, including those of users of our Services and your other contacts. If any of your contacts aren’t yet using our Services, we’ll manage this information for you in a way that ensures those contacts cannot be identified by us. Learn more about our contact upload feature here. You can create, join, or get added to groups and broadcast lists, and such groups and lists get associated with your account information. You give your groups a name. You can provide a group profile picture or description.",https://whatsapp.com,Medium,60,tracking_profiling,profile,R003,explainable_rules,0.65,False,,,,0.0176,test,AI-assisted weak label; requires human review before use as gold data
7a202c94083fffcb,WhatsApp,privacy_policy,Automatically Collected Information,"Usage And Log Information. We collect information about your activity on our Services, like service-related, diagnostic, and performance information. This includes information about your activity (including how you use our Services, your Services settings, how you interact with others using our Services (including when you interact with a business), and the time, frequency, and duration of your activities and interactions), log files, and diagnostic, crash, website, and performance logs and reports. This also includes information about when you registered to use our Services; the features you use like our messaging, calling, Status, groups (including group name, group picture, group description), payments or business features; profile photo; ""about"" information; whether you are online; when you last used our Services (your ""last seen""); and when you last updated your ""about"" information.","Usage And Log Information. We collect information about your activity on our Services, like service-related, diagnostic, and performance information. This includes information about your activity (including how you use our Services, your Services settings, how you interact with others using our Services (including when you interact with a business), and the time, frequency, and duration of your activities and interactions), log files, and diagnostic, crash, website, and performance logs and reports. This also includes information about when you registered to use our Services; the features you use like our messaging, calling, Status, groups (including group name, group picture, group description), payments or business features; profile photo; ""about"" information; whether you are online; when you last used our Services (your ""last seen""); and when you last updated your ""about"" information.",https://whatsapp.com,Medium,60,tracking_profiling,profile,R003,explainable_rules,0.65,False,,,,0.0648,test,AI-assisted weak label; requires human review before use as gold data
6002ddb916d4599d,WhatsApp,privacy_policy,Automatically Collected Information,"Location Information. We collect and use precise location information from your device with your permission when you choose to use location-related features, like when you decide to share your location with your contacts or view locations nearby or locations others have shared with you. There are certain settings relating to location-related information which you can find in your device settings or the in-app settings, such as Location sharing. Even if you do not use our location-related features, we use IP addresses and other information, like phone number area codes, to estimate your general location (e.g., city and country). We also use your location information for diagnostics and troubleshooting purposes.","Location Information. We collect and use precise location information from your device with your permission when you choose to use location-related features, like when you decide to share your location with your contacts or view locations nearby or locations others have shared with you. There are certain settings relating to location-related information which you can find in your device settings or the in-app settings, such as Location sharing. Even if you do not use our location-related features, we use IP addresses and other information, like phone number area codes, to estimate your general location (e.g., city and country). We also use your location information for diagnostics and troubleshooting purposes.",https://whatsapp.com,Medium,60,personal_data_collection,collect and use precise location,R013,explainable_rules,0.65,False,,,,0.1701,test,AI-assisted weak label; requires human review before use as gold data
0e7174b25fcc3126,WhatsApp,privacy_policy,Information You And We Share,"Information Associated With Your Account. Your phone number, profile name and photo, ""about"" information, last seen information, and message receipts are available to anyone who uses our Services, although you can configure your Services settings to manage certain information available to other users, including businesses, with whom you communicate.","Information Associated With Your Account. Your phone number, profile name and photo, ""about"" information, last seen information, and message receipts are available to anyone who uses our Services, although you can configure your Services settings to manage certain information available to other users, including businesses, with whom you communicate.",https://whatsapp.com,Medium,60,tracking_profiling,profile,R003,explainable_rules,0.65,False,,,,0.1156,test,AI-assisted weak label; requires human review before use as gold data
411916239f41b9c5,WhatsApp,privacy_policy,Compliance With A Legal Obligation,"For processing data when we comply with a legal obligation including, for example, if there is a valid legal request for certain data such as an order from law enforcement to provide data in relation to an investigation, such as your name, profile picture or IP address. We will disclose data pursuant to the legal obligation.","For processing data when we comply with a legal obligation including, for example, if there is a valid legal request for certain data such as an order from law enforcement to provide data in relation to an investigation, such as your name, profile picture or IP address. We will disclose data pursuant to the legal obligation.",https://whatsapp.com,Medium,60,tracking_profiling,profile,R003,explainable_rules,0.65,False,,,,0.0908,test,AI-assisted weak label; requires human review before use as gold data
00c6df3129294ced,WhatsApp,privacy_policy,Managing And Retaining Your Information,"We store information for as long as necessary for the purposes identified in this Privacy Policy, including to provide our Services, or for other legitimate purposes, such as complying with legal obligations, enforcing and preventing violations of our Terms, or protecting or defending our rights, property and users. The storage periods are determined on a case-by-case basis that depends on factors like the nature of the information, why it is collected and processed, relevant legal or operational retention needs, and legal obligations.","We store information for as long as necessary for the purposes identified in this Privacy Policy, including to provide our Services, or for other legitimate purposes, such as complying with legal obligations, enforcing and preventing violations of our Terms, or protecting or defending our rights, property and users. The storage periods are determined on a case-by-case basis that depends on factors like the nature of the information, why it is collected and processed, relevant legal or operational retention needs, and legal obligations.",https://whatsapp.com,Medium,60,retention_deletion,store information for as long as necessary,R004,explainable_rules,0.65,False,,,,0.1068,test,AI-assisted weak label; requires human review before use as gold data
bdb39b419c7bad80,WhatsApp,privacy_policy,Managing And Retaining Your Information,"Changing Your Mobile Phone Number, Profile Name And Picture, And ""About"" Information. If you change your mobile phone number you must update it using our in-app change number feature and transfer your account to your new mobile phone number. You can also change your profile name, profile picture, and ""about"" information at any time.","Changing Your Mobile Phone Number, Profile Name And Picture, And ""About"" Information. If you change your mobile phone number you must update it using our in-app change number feature and transfer your account to your new mobile phone number. You can also change your profile name, profile picture, and ""about"" information at any time.",https://whatsapp.com,Medium,60,tracking_profiling,Profile,R003,explainable_rules,0.65,False,,,,0.0413,test,AI-assisted weak label; requires human review before use as gold data
34afed3767e17252,WhatsApp,privacy_policy,What Happens To Your Information When You Delete Your Account?,"Deleted Information. Your undelivered messages, your account info and profile photo are deleted from our servers. You will be removed from all WhatsApp groups. Note that it takes up to 90 days from the beginning of the deletion process to delete your WhatsApp information. Copies of your information may also remain after the 90 days for a limited time in the backup storage that we use to recover lost data in the event of a disaster, software error, or other data loss event.","Deleted Information. Your undelivered messages, your account info and profile photo are deleted from our servers. You will be removed from all WhatsApp groups. Note that it takes up to 90 days from the beginning of the deletion process to delete your WhatsApp information. Copies of your information may also remain after the 90 days for a limited time in the backup storage that we use to recover lost data in the event of a disaster, software error, or other data loss event.",https://whatsapp.com,Medium,60,tracking_profiling,profile,R003,explainable_rules,0.65,False,,,,0.0431,test,AI-assisted weak label; requires human review before use as gold data
d194eb1ffcc13a61,YouTube,terms_of_service,Removing Your Content,You may remove your Content from the Service at any time. You also have the option to make a copy of your Content before removing it. You must remove your Content if you no longer have the rights required by these terms.,You may remove your Content from the Service at any time. You also have the option to make a copy of your Content before removing it. You must remove your Content if you no longer have the rights required by these terms.,https://youtube.com,Medium,60,account_content_termination,remove your Content from the Service at any time,R010,explainable_rules,0.65,False,,,,0.1537,train,AI-assisted weak label; requires human review before use as gold data
11b2b5595fa29e22,YouTube,terms_of_service,Other Legal Terms,"Warranty Disclaimer OTHER THAN AS EXPRESSLY STATED IN THIS AGREEMENT OR AS REQUIRED BY LAW, THE SERVICE IS PROVIDED “AS IS” AND YOUTUBE DOES NOT MAKE ANY SPECIFIC COMMITMENTS OR WARRANTIES ABOUT THE SERVICE. FOR EXAMPLE, WE DON’T MAKE ANY WARRANTIES ABOUT: (A) THE CONTENT PROVIDED THROUGH THE SERVICE; (B) THE SPECIFIC FEATURES OF THE SERVICE, OR ITS ACCURACY, RELIABILITY, AVAILABILITY, OR ABILITY TO MEET YOUR NEEDS; OR (C) THAT ANY CONTENT YOU SUBMIT WILL BE ACCESSIBLE ON THE SERVICE.","Warranty Disclaimer OTHER THAN AS EXPRESSLY STATED IN THIS AGREEMENT OR AS REQUIRED BY LAW, THE SERVICE IS PROVIDED “AS IS” AND YOUTUBE DOES NOT MAKE ANY SPECIFIC COMMITMENTS OR WARRANTIES ABOUT THE SERVICE. FOR EXAMPLE, WE DON’T MAKE ANY WARRANTIES ABOUT: (A) THE CONTENT PROVIDED THROUGH THE SERVICE; (B) THE SPECIFIC FEATURES OF THE SERVICE, OR ITS ACCURACY, RELIABILITY, AVAILABILITY, OR ABILITY TO MEET YOUR NEEDS; OR (C) THAT ANY CONTENT YOU SUBMIT WILL BE ACCESSIBLE ON THE SERVICE.",https://youtube.com,Medium,60,liability_dispute,Disclaimer,R012,explainable_rules,0.65,False,,,,0.1799,train,AI-assisted weak label; requires human review before use as gold data
5c31d4f0bd861150,YouTube,privacy_policy,Maintain & improve our services,"We also use your information to ensure our services are working as intended, such as tracking outages or troubleshooting issues that you report to us. And we use your information to make improvements to our services — for example, understanding which search terms are most frequently misspelled helps us improve spell-check features used across our services.","We also use your information to ensure our services are working as intended, such as tracking outages or troubleshooting issues that you report to us. And we use your information to make improvements to our services — for example, understanding which search terms are most frequently misspelled helps us improve spell-check features used across our services.",https://youtube.com,Medium,60,tracking_profiling,tracking,R003,explainable_rules,0.65,False,,,,0.0502,train,AI-assisted weak label; requires human review before use as gold data
c950fcbe03cbc84c,YouTube,privacy_policy,Google Account,"You may access some of our services by signing up for a Google Account and providing us with some personal information (typically your name, email address, and a password). This account information is used to authenticate you when you access Google services and protect your account from unauthorized access by others. You can edit or delete your account at any time through your Google Account settings.","You may access some of our services by signing up for a Google Account and providing us with some personal information (typically your name, email address, and a password). This account information is used to authenticate you when you access Google services and protect your account from unauthorized access by others. You can edit or delete your account at any time through your Google Account settings.",https://youtube.com,Medium,60,account_content_termination,delete your account at any time,R010,explainable_rules,0.65,False,,,,0.0884,train,AI-assisted weak label; requires human review before use as gold data
74cf18b8c5595277,YouTube,privacy_policy,Unique identifiers,"On other platforms besides browsers, unique identifiers are used to recognize a specific device or app on that device. For example, a unique identifier such as the Advertising ID is used to provide relevant advertising on Android devices, and can be managed in your device’s settings. Unique identifiers may also be incorporated into a device by its manufacturer (sometimes called a universally unique ID or UUID), such as the IMEI-number of a mobile phone. For example, a device’s unique identifier can be used to customize our service to your device or analyze device issues related to our services.","On other platforms besides browsers, unique identifiers are used to recognize a specific device or app on that device. For example, a unique identifier such as the Advertising ID is used to provide relevant advertising on Android devices, and can be managed in your device’s settings. Unique identifiers may also be incorporated into a device by its manufacturer (sometimes called a universally unique ID or UUID), such as the IMEI-number of a mobile phone. For example, a device’s unique identifier can be used to customize our service to your device or analyze device issues related to our services.",https://youtube.com,Medium,60,tracking_profiling,Advertising ID,R003,explainable_rules,0.65,False,,,,0.0746,train,AI-assisted weak label; requires human review before use as gold data
865f080a5a8a00ea,Amazon,terms_of_service,YOUR ACCOUNT,"You may need your own Amazon account to use certain Amazon Services, and you may be required to be logged in to the account and have a valid payment method associated with it. If there is a problem charging your selected payment method, we may charge any other valid payment method associated with your account. Visit Your Payments to manage your payment options. You are responsible for maintaining the confidentiality of your account and password and for restricting access to your account, and you agree to accept responsibility for all activities that occur under your account or password. Amazon does sell products for children, but it sells them to adults, who can purchase with a credit card or other permitted payment method. If you are under 18, you may use the Amazon Services only with involvement of a parent or guardian. Parents and guardians may create profiles for teenagers in their Amazon Household. Alcohol listings on Amazon are intended for adults.","You may need your own Amazon account to use certain Amazon Services, and you may be required to be logged in to the account and have a valid payment method associated with it. If there is a problem charging your selected payment method, we may charge any other valid payment method associated with your account. Visit Your Payments to manage your payment options. You are responsible for maintaining the confidentiality of your account and password and for restricting access to your account, and you agree to accept responsibility for all activities that occur under your account or password. Amazon does sell products for children, but it sells them to adults, who can purchase with a credit card or other permitted payment method. If you are under 18, you may use the Amazon Services only with involvement of a parent or guardian. Parents and guardians may create profiles for teenagers in their Amazon Household. Alcohol listings on Amazon are intended for adults.",https://amazon.com,Medium,60,tracking_profiling,profiles,R003,explainable_rules,0.65,False,,,,0.0274,train,AI-assisted weak label; requires human review before use as gold data
bdc2d30099ecd87f,Amazon,terms_of_service,YOUR ACCOUNT,"You must be at least 21 years of age to purchase alcohol, or use any site functionality related to alcohol. Amazon reserves the right to refuse service, terminate accounts, terminate your rights to use Amazon Services, remove or edit content, or cancel orders in its sole discretion.","You must be at least 21 years of age to purchase alcohol, or use any site functionality related to alcohol. Amazon reserves the right to refuse service, terminate accounts, terminate your rights to use Amazon Services, remove or edit content, or cancel orders in its sole discretion.",https://amazon.com,Medium,60,account_content_termination,"terminate your rights to use Amazon Services, remove or edit content, or cancel orders in its sole discretion",R010,explainable_rules,0.65,False,,,,0.0328,train,AI-assisted weak label; requires human review before use as gold data
6bc2d7e6e0575262,Amazon,terms_of_service,DISCLAIMER OF WARRANTIES AND LIMITATION OF LIABILITY,"TO THE FULL EXTENT PERMISSIBLE BY LAW, AMAZON DISCLAIMS ALL WARRANTIES, EXPRESS OR IMPLIED, INCLUDING, BUT NOT LIMITED TO, IMPLIED WARRANTIES OF MERCHANTABILITY AND FITNESS FOR A PARTICULAR PURPOSE. AMAZON DOES NOT WARRANT THAT THE AMAZON SERVICES, INFORMATION, CONTENT, MATERIALS, PRODUCTS (INCLUDING SOFTWARE) OR OTHER SERVICES INCLUDED ON OR OTHERWISE MADE AVAILABLE TO YOU THROUGH THE AMAZON SERVICES, AMAZON'S SERVERS OR ELECTRONIC COMMUNICATIONS SENT FROM AMAZON ARE FREE OF VIRUSES OR OTHER HARMFUL COMPONENTS. TO THE FULL EXTENT PERMISSIBLE BY LAW, AMAZON WILL NOT BE LIABLE FOR ANY DAMAGES OF ANY KIND ARISING FROM THE USE OF ANY AMAZON SERVICE, OR FROM ANY INFORMATION, CONTENT, MATERIALS, PRODUCTS (INCLUDING SOFTWARE) OR OTHER SERVICES INCLUDED ON OR OTHERWISE MADE AVAILABLE TO YOU THROUGH ANY AMAZON SERVICE, INCLUDING, BUT NOT LIMITED TO DIRECT, INDIRECT, INCIDENTAL, PUNITIVE, AND CONSEQUENTIAL DAMAGES, UNLESS OTHERWISE SPECIFIED IN WRITING.","TO THE FULL EXTENT PERMISSIBLE BY LAW, AMAZON DISCLAIMS ALL WARRANTIES, EXPRESS OR IMPLIED, INCLUDING, BUT NOT LIMITED TO, IMPLIED WARRANTIES OF MERCHANTABILITY AND FITNESS FOR A PARTICULAR PURPOSE. AMAZON DOES NOT WARRANT THAT THE AMAZON SERVICES, INFORMATION, CONTENT, MATERIALS, PRODUCTS (INCLUDING SOFTWARE) OR OTHER SERVICES INCLUDED ON OR OTHERWISE MADE AVAILABLE TO YOU THROUGH THE AMAZON SERVICES, AMAZON'S SERVERS OR ELECTRONIC COMMUNICATIONS SENT FROM AMAZON ARE FREE OF VIRUSES OR OTHER HARMFUL COMPONENTS. TO THE FULL EXTENT PERMISSIBLE BY LAW, AMAZON WILL NOT BE LIABLE FOR ANY DAMAGES OF ANY KIND ARISING FROM THE USE OF ANY AMAZON SERVICE, OR FROM ANY INFORMATION, CONTENT, MATERIALS, PRODUCTS (INCLUDING SOFTWARE) OR OTHER SERVICES INCLUDED ON OR OTHERWISE MADE AVAILABLE TO YOU THROUGH ANY AMAZON SERVICE, INCLUDING, BUT NOT LIMITED TO DIRECT, INDIRECT, INCIDENTAL, PUNITIVE, AND CONSEQUENTIAL DAMAGES, UNLESS OTHERWISE SPECIFIED IN WRITING.",https://amazon.com,Medium,60,liability_dispute,DISCLAIMS,R012,explainable_rules,0.65,False,,,,0.0484,train,AI-assisted weak label; requires human review before use as gold data
c1807c5495157254,Amazon,terms_of_service,"SITE POLICIES, MODIFICATION, AND SEVERABILITY","Please review our other policies, such as our pricing policy, posted on this site. These policies also govern your use of Amazon Services. We reserve the right to make changes to our site, policies, Service Terms, and these Conditions of Use at any time. By using Amazon Services after such changes, you agree to be bound by them. If any of these conditions shall be deemed invalid, void, or for any reason unenforceable, that condition shall be deemed severable and shall not affect the validity and enforceability of any remaining condition.","Please review our other policies, such as our pricing policy, posted on this site. These policies also govern your use of Amazon Services. We reserve the right to make changes to our site, policies, Service Terms, and these Conditions of Use at any time. By using Amazon Services after such changes, you agree to be bound by them. If any of these conditions shall be deemed invalid, void, or for any reason unenforceable, that condition shall be deemed severable and shall not affect the validity and enforceability of any remaining condition.",https://amazon.com,Medium,60,policy_terms_change,"changes to our site, policies, Service Terms, and these Conditions of Use at any time",R005,explainable_rules,0.65,False,,,,0.0424,train,AI-assisted weak label; requires human review before use as gold data
c0fcbf5f57cd3ef5,Amazon,privacy_policy,Does Amazon Share Your Personal Information?,"Transactions involving Third Parties: We make available to you services, products, applications, or skills provided by third parties for use on or through Amazon Services. For example, you can order products from third parties through our stores, download applications from third-party application providers from our App Store, and enable third-party skills through our Alexa services. We also offer services or sell product lines jointly with third-party businesses, such as co-branded credit cards. You can tell when a third party is involved in your transactions, and we share customers' personal information related to those transactions with that third party.","Transactions involving Third Parties: We make available to you services, products, applications, or skills provided by third parties for use on or through Amazon Services. For example, you can order products from third parties through our stores, download applications from third-party application providers from our App Store, and enable third-party skills through our Alexa services. We also offer services or sell product lines jointly with third-party businesses, such as co-branded credit cards. You can tell when a third party is involved in your transactions, and we share customers' personal information related to those transactions with that third party.",https://amazon.com,Medium,60,third_party_sharing,"third party is involved in your transactions, and we share customers' personal information",R001,explainable_rules,0.65,False,,,,0.1035,train,AI-assisted weak label; requires human review before use as gold data
f04eb79600d5a598,Amazon,privacy_policy,Does Amazon Share Your Personal Information?,"Third-Party Service Providers: We employ other companies and individuals to perform functions on our behalf. Examples include fulfilling orders for products or services, delivering packages, sending postal mail and email, removing repetitive information from customer lists, analyzing data, providing marketing assistance, providing search results and links (including paid listings and links), processing payments, transmitting content, scoring, assessing and managing credit risk, and providing customer service. These third-party service providers have access to personal information needed to perform their functions, but may not use it for other purposes.","Third-Party Service Providers: We employ other companies and individuals to perform functions on our behalf. Examples include fulfilling orders for products or services, delivering packages, sending postal mail and email, removing repetitive information from customer lists, analyzing data, providing marketing assistance, providing search results and links (including paid listings and links), processing payments, transmitting content, scoring, assessing and managing credit risk, and providing customer service. These third-party service providers have access to personal information needed to perform their functions, but may not use it for other purposes.",https://amazon.com,Medium,60,third_party_sharing,third-party service providers have access to personal information,R001,explainable_rules,0.65,False,,,,0.0846,train,AI-assisted weak label; requires human review before use as gold data
0f33244fa12b9ef3,Amazon,privacy_policy,Information You Give Us When You Use Amazon Services,personal description and photograph in Your Profile;,personal description and photograph in Your Profile;,https://amazon.com,Medium,60,tracking_profiling,Profile,R003,explainable_rules,0.65,False,,,,0.0555,train,AI-assisted weak label; requires human review before use as gold data
2af199eb53a8693d,Amazon,privacy_policy,Information You Can Access,"Your Profile (including your product Reviews, Recommendations, Reminders and personal profile);","Your Profile (including your product Reviews, Recommendations, Reminders and personal profile);",https://amazon.com,Medium,60,tracking_profiling,Profile,R003,explainable_rules,0.65,False,,,,0.0688,train,AI-assisted weak label; requires human review before use as gold data
7865f845aad631a7,X (Twitter),terms_of_service,Summary of our Terms,"Your use of the Services is at your own risk: We provide the Services on an “AS IS” and “AS AVAILABLE” basis, and we disclaim all warranties, responsibility, and liability to you or others to the extent permitted by law. You may be exposed to offensive or harmful Content posted by other users. The Services may change from time to time, and we may limit or terminate availability of the Services or particular features to you or other users at any time.","Your use of the Services is at your own risk: We provide the Services on an “AS IS” and “AS AVAILABLE” basis, and we disclaim all warranties, responsibility, and liability to you or others to the extent permitted by law. You may be exposed to offensive or harmful Content posted by other users. The Services may change from time to time, and we may limit or terminate availability of the Services or particular features to you or other users at any time.",https://twitter.com,Medium,60,liability_dispute,disclaim,R012,explainable_rules,0.65,False,,,,0.0528,train,AI-assisted weak label; requires human review before use as gold data
7cf759789c7f83e5,X (Twitter),terms_of_service,Ending These Terms,"We may suspend or terminate your account or cease providing you with all or part of the Services at any time if we reasonably believe: (i) you have violated these Terms or our Rules and Policies, (ii) you create risk or possible legal exposure for us; (iii) your account should be removed due to unlawful conduct; (iv) your account should be removed due to prolonged inactivity; or (v) our provision of the Services to you is no longer commercially viable. We will make reasonable efforts to notify you by the email address associated with your account or the next time you attempt to access your account, depending on the circumstances. To the extent permitted by law, we may also terminate your account or cease providing you with all or part of the Services for any other reason or no reason at our convenience.","We may suspend or terminate your account or cease providing you with all or part of the Services at any time if we reasonably believe: (i) you have violated these Terms or our Rules and Policies, (ii) you create risk or possible legal exposure for us; (iii) your account should be removed due to unlawful conduct; (iv) your account should be removed due to prolonged inactivity; or (v) our provision of the Services to you is no longer commercially viable. We will make reasonable efforts to notify you by the email address associated with your account or the next time you attempt to access your account, depending on the circumstances. To the extent permitted by law, we may also terminate your account or cease providing you with all or part of the Services for any other reason or no reason at our convenience.",https://twitter.com,Medium,60,account_content_termination,suspend or terminate your account or cease providing you with all or part of the Services at any time,R010,explainable_rules,0.65,False,,,,0.0847,train,AI-assisted weak label; requires human review before use as gold data
9d7342b83e0ee63a,X (Twitter),terms_of_service,"The Services are Available ""AS-IS""","Your access to and use of the Services or any Content are at your own risk. You understand and agree that the Services are provided to you on an “AS IS” and “AS AVAILABLE” basis. The “X Entities” refers to X Corp., its parents, affiliates, related companies, officers, directors, employees, agents, representatives, partners, and licensors. Without limiting the foregoing, to the maximum extent permitted under applicable law, THE X ENTITIES DISCLAIM ALL WARRANTIES AND CONDITIONS, WHETHER EXPRESS OR IMPLIED, OF MERCHANTABILITY, FITNESS FOR A PARTICULAR PURPOSE, OR NON-INFRINGEMENT.","Your access to and use of the Services or any Content are at your own risk. You understand and agree that the Services are provided to you on an “AS IS” and “AS AVAILABLE” basis. The “X Entities” refers to X Corp., its parents, affiliates, related companies, officers, directors, employees, agents, representatives, partners, and licensors. Without limiting the foregoing, to the maximum extent permitted under applicable law, THE X ENTITIES DISCLAIM ALL WARRANTIES AND CONDITIONS, WHETHER EXPRESS OR IMPLIED, OF MERCHANTABILITY, FITNESS FOR A PARTICULAR PURPOSE, OR NON-INFRINGEMENT.",https://twitter.com,Medium,60,liability_dispute,DISCLAIM,R012,explainable_rules,0.65,False,,,,0.0492,train,AI-assisted weak label; requires human review before use as gold data
4464e17a0421b9aa,X (Twitter),terms_of_service,"The Services are Available ""AS-IS""","The X Entities make no warranty or representation and disclaim all responsibility and liability for: (i) the completeness, accuracy, availability, timeliness, security or reliability of the Services or any Content; (ii) any harm to your computer system, loss of data, or other harm that results from your access to or use of the Services or any Content; (iii) the deletion of, or the failure to store or to transmit, any Content and other communications maintained by the Services; and (iv) whether the Services will meet your requirements or be available on an uninterrupted, secure, or error-free basis. No advice or information, whether oral or written, obtained from the X Entities or through the Services, will create any warranty or representation not expressly made herein.","The X Entities make no warranty or representation and disclaim all responsibility and liability for: (i) the completeness, accuracy, availability, timeliness, security or reliability of the Services or any Content; (ii) any harm to your computer system, loss of data, or other harm that results from your access to or use of the Services or any Content; (iii) the deletion of, or the failure to store or to transmit, any Content and other communications maintained by the Services; and (iv) whether the Services will meet your requirements or be available on an uninterrupted, secure, or error-free basis. No advice or information, whether oral or written, obtained from the X Entities or through the Services, will create any warranty or representation not expressly made herein.",https://twitter.com,Medium,60,liability_dispute,disclaim,R012,explainable_rules,0.65,False,,,,0.1514,train,AI-assisted weak label; requires human review before use as gold data
46fdae10c31940c0,X (Twitter),terms_of_service,Limitation of Liability,"THE LIMITATIONS OF THIS SUBSECTION SHALL APPLY TO ANY THEORY OF LIABILITY, WHETHER BASED ON WARRANTY, CONTRACT, STATUTE, TORT (INCLUDING NEGLIGENCE) OR OTHERWISE, AND WHETHER OR NOT THE X ENTITIES HAVE BEEN INFORMED OF THE POSSIBILITY OF ANY SUCH DAMAGE, AND EVEN IF A REMEDY SET FORTH HEREIN IS FOUND TO HAVE FAILED OF ITS ESSENTIAL PURPOSE. IN THE EVENT ANY PORTION OF THESE LIMITATION OF LIABILITY PROVISIONS IS DEEMED UNENFORCEABLE AS A MATTER OF LAW, THAT LIMITATION SHALL INSTEAD BE THE GREATEST LIMITATION PERMITTED BY LAW.","THE LIMITATIONS OF THIS SUBSECTION SHALL APPLY TO ANY THEORY OF LIABILITY, WHETHER BASED ON WARRANTY, CONTRACT, STATUTE, TORT (INCLUDING NEGLIGENCE) OR OTHERWISE, AND WHETHER OR NOT THE X ENTITIES HAVE BEEN INFORMED OF THE POSSIBILITY OF ANY SUCH DAMAGE, AND EVEN IF A REMEDY SET FORTH HEREIN IS FOUND TO HAVE FAILED OF ITS ESSENTIAL PURPOSE. IN THE EVENT ANY PORTION OF THESE LIMITATION OF LIABILITY PROVISIONS IS DEEMED UNENFORCEABLE AS A MATTER OF LAW, THAT LIMITATION SHALL INSTEAD BE THE GREATEST LIMITATION PERMITTED BY LAW.",https://twitter.com,Medium,60,liability_dispute,LIMITATION OF LIABILITY,R012,explainable_rules,0.65,False,,,,0.0382,train,AI-assisted weak label; requires human review before use as gold data
5088d949e862a18b,X (Twitter),terms_of_service,Ending These Terms,"We may suspend or terminate your account or cease providing you with all or part of the Services at any time if we reasonably believe: (i) you have violated these Terms or our Rules and Policies; (ii) you create risk or possible legal exposure for us; (iii) your account should be removed due to unlawful conduct; (iv) your account should be removed due to prolonged inactivity; or (v) our provision of the Services to you is no longer commercially viable. We will make reasonable efforts to notify you by the email address associated with your account or the next time you attempt to access your account, depending on the circumstances. In all such cases, the Terms shall terminate, including, without limitation, your license to use the Services, except that the following sections shall continue to apply: 2, 3, 5, 6, and the misuse provisions of Section 4 (“Misuse of the Services”). If you believe your account was terminated in error you can file an appeal following the steps found in our Help Center (https://help.x.com/forms/account-access/appeals).","We may suspend or terminate your account or cease providing you with all or part of the Services at any time if we reasonably believe: (i) you have violated these Terms or our Rules and Policies; (ii) you create risk or possible legal exposure for us; (iii) your account should be removed due to unlawful conduct; (iv) your account should be removed due to prolonged inactivity; or (v) our provision of the Services to you is no longer commercially viable. We will make reasonable efforts to notify you by the email address associated with your account or the next time you attempt to access your account, depending on the circumstances. In all such cases, the Terms shall terminate, including, without limitation, your license to use the Services, except that the following sections shall continue to apply: 2, 3, 5, 6, and the misuse provisions of Section 4 (“Misuse of the Services”). If you believe your account was terminated in error you can file an appeal following the steps found in our Help Center (https://help.x.com/forms/account-access/appeals).",https://twitter.com,Medium,60,account_content_termination,suspend or terminate your account or cease providing you with all or part of the Services at any time,R010,explainable_rules,0.65,False,,,,0.062,train,AI-assisted weak label; requires human review before use as gold data
8dfe6222782fe921,X (Twitter),privacy_policy,1. Information We Collect,"Biometric information. Based on your consent, we may collect and use your biometric information for safety, security, and identification purposes.","Biometric information. Based on your consent, we may collect and use your biometric information for safety, security, and identification purposes.",https://twitter.com,Medium,60,personal_data_collection,"Biometric information. Based on your consent, we may collect",R013,explainable_rules,0.65,False,,,,0.185,train,AI-assisted weak label; requires human review before use as gold data
a08e61ba59f9541e,X (Twitter),privacy_policy,1. Information We Collect,"Purchase and payments. To allow you to make a payment or send money using X features or services, including through an intermediary, we may receive information about your transaction such as when it was made, when a subscription is set to expire or auto-renew, and amounts paid or received.","Purchase and payments. To allow you to make a payment or send money using X features or services, including through an intermediary, we may receive information about your transaction such as when it was made, when a subscription is set to expire or auto-renew, and amounts paid or received.",https://twitter.com,Medium,60,auto_renewal_trial,auto-renew,R006,explainable_rules,0.65,False,,,,0.0355,train,AI-assisted weak label; requires human review before use as gold data
8627730dc0a596f8,X (Twitter),privacy_policy,1. Information We Collect,"Information about your device and its settings, such as device and advertising ID, operating system, carrier, language, memory, apps installed, and battery level.","Information about your device and its settings, such as device and advertising ID, operating system, carrier, language, memory, apps installed, and battery level.",https://twitter.com,Medium,60,tracking_profiling,advertising ID,R003,explainable_rules,0.65,False,,,,0.0714,train,AI-assisted weak label; requires human review before use as gold data
0af9c1d2e757208e,X (Twitter),privacy_policy,1. Information We Collect,"Cookies and similar technologies. Like many websites, we use cookies and similar technologies to collect additional website usage data and to operate our services. Cookies are not required for many parts of our products and services such as searching and looking at public proﬁles. You can learn more about how we use cookies and similar technologies here.","Cookies and similar technologies. Like many websites, we use cookies and similar technologies to collect additional website usage data and to operate our services. Cookies are not required for many parts of our products and services such as searching and looking at public profiles. You can learn more about how we use cookies and similar technologies here.",https://twitter.com,Medium,60,tracking_profiling,profiles,R003,explainable_rules,0.65,False,,,,0.1188,train,AI-assisted weak label; requires human review before use as gold data
4dc0b6f04a873408,X (Twitter),privacy_policy,3. Sharing Information,"With the general public. You are directing us to disclose that information as broadly as possible. X content, including your profile information (e.g., name/pseudonym, username, profile pictures), is available for viewing by the general public. The public does not need to be signed in to view some content on X. They may also find X content off of X: for example, from search query results on Internet search engines or videos downloaded and reshared elsewhere (depending on your settings).","With the general public. You are directing us to disclose that information as broadly as possible. X content, including your profile information (e.g., name/pseudonym, username, profile pictures), is available for viewing by the general public. The public does not need to be signed in to view some content on X. They may also find X content off of X: for example, from search query results on Internet search engines or videos downloaded and reshared elsewhere (depending on your settings).",https://twitter.com,Medium,60,tracking_profiling,profile,R003,explainable_rules,0.65,False,,,,0.0574,train,AI-assisted weak label; requires human review before use as gold data
9c9e551b2465da22,X (Twitter),privacy_policy,3. Sharing Information,"With service providers. We may share your information with our service providers that perform functions and provide services on our behalf, including payment services providers who facilitate payments; service providers that host our various blogs and wikis; service providers that help us understand the use of our services; applicant tracking system providers to send and receive applicant and job data to potential employers; service providers supporting age assurance solutions; and those that provide fraud detection services.","With service providers. We may share your information with our service providers that perform functions and provide services on our behalf, including payment services providers who facilitate payments; service providers that host our various blogs and wikis; service providers that help us understand the use of our services; applicant tracking system providers to send and receive applicant and job data to potential employers; service providers supporting age assurance solutions; and those that provide fraud detection services.",https://twitter.com,Medium,60,tracking_profiling,tracking,R003,explainable_rules,0.65,False,,,,0.0534,train,AI-assisted weak label; requires human review before use as gold data
830ccd445d62453b,X (Twitter),privacy_policy,4. How Long We Keep Information,"We keep your profile information, such as your display name, user name, password and email address for the duration of your account. We cannot provide you with our products and services without retaining this information.","We keep your profile information, such as your display name, user name, password and email address for the duration of your account. We cannot provide you with our products and services without retaining this information.",https://twitter.com,Medium,60,tracking_profiling,profile,R003,explainable_rules,0.65,False,,,,0.0981,train,AI-assisted weak label; requires human review before use as gold data
b2cf1d0dcf59818d,X (Twitter),privacy_policy,5. Take Control,"You can access, correct, or modify the information you provided to us by editing your profile and adjusting your account settings.","You can access, correct, or modify the information you provided to us by editing your profile and adjusting your account settings.",https://twitter.com,Medium,60,tracking_profiling,profile,R003,explainable_rules,0.65,False,,,,0.1547,train,AI-assisted weak label; requires human review before use as gold data
eff7353aece75b14,X (Twitter),privacy_policy,5. Take Control,"If you follow the instructions here, your account will be deactivated and your data will be queued for deletion. When deactivated, your X account, including your display name, username, and public profile, will no longer be viewable on X.com, X for iOS, and X for Android. For up to 30 days after deactivation it is still possible to restore your X account if it was accidentally or wrongfully deactivated.","If you follow the instructions here, your account will be deactivated and your data will be queued for deletion. When deactivated, your X account, including your display name, username, and public profile, will no longer be viewable on X.com, X for iOS, and X for Android. For up to 30 days after deactivation it is still possible to restore your X account if it was accidentally or wrongfully deactivated.",https://twitter.com,Medium,60,tracking_profiling,profile,R003,explainable_rules,0.65,False,,,,0.0516,train,AI-assisted weak label; requires human review before use as gold data
7add7e90d41f6caf,X (Twitter),privacy_policy,6. Your Rights And Ours,"Under certain circumstances, participants may be liable for the transfer of personal data from the EU, Switzerland and the UK to third parties outside the EU, Switzerland and the UK. Learn more about the EU-US DPF, the Swiss-US DPF and the UK Extension to the EU-US DPF here.","Under certain circumstances, participants may be liable for the transfer of personal data from the EU, Switzerland and the UK to third parties outside the EU, Switzerland and the UK. Learn more about the EU-US DPF, the Swiss-US DPF and the UK Extension to the EU-US DPF here.",https://twitter.com,Medium,60,third_party_sharing,"transfer of personal data from the EU, Switzerland and the UK to third parties",R001,explainable_rules,0.65,False,,,,0.0825,train,AI-assisted weak label; requires human review before use as gold data
6eee1c7a6fbf0d04,Instagram,privacy_policy,Manage apps and websites,How do we share information with third parties?,How do we share information with third parties?,https://instagram.com,Medium,60,,,,tosdr_similarity,0.752,False,This service can share your personal information to third parties,bad,48,0.5033,train,AI-assisted weak label; requires human review before use as gold data
16f8344b487b8dd9,PayPal,privacy_policy,Your rights,"Your right to know and request a copy of the Personal Information. If you want to request the Personal Information that we’ve collected about you, you have choices:","Your right to know and request a copy of the Personal Information. If you want to request the Personal Information that we’ve collected about you, you have choices:",https://paypal.com,Low,20,,,,default_low_unverified,0.25,True,,,,0.1066,train,AI-assisted weak label; requires human review before use as gold data
c7db3f22c07e0047,Discord,terms_of_service,Appeals,"We value transparency and work hard to give you context for the decisions we make. You can appeal any enforcement action we take under these terms or other policies, including terminations, suspensions, or content removals through this form or available in-app options. If you reside in the European Union, your appeal must be submitted within six months of the day the relevant decision has been notified to you.","We value transparency and work hard to give you context for the decisions we make. You can appeal any enforcement action we take under these terms or other policies, including terminations, suspensions, or content removals through this form or available in-app options. If you reside in the European Union, your appeal must be submitted within six months of the day the relevant decision has been notified to you.",https://discord.com,Low,20,,,,default_low_unverified,0.25,True,,,,0.0338,train,AI-assisted weak label; requires human review before use as gold data
8e5e8123918b8b94,Discord,privacy_policy,Information about local privacy laws,"If you have any questions about these rights or wish to exercise control over your information, please reach out to privacy@discord.com.","If you have any questions about these rights or wish to exercise control over your information, please reach out to privacy@discord.com.",https://discord.com,Low,20,,,,default_low_unverified,0.25,True,,,,0.0314,train,AI-assisted weak label; requires human review before use as gold data
e555bf3234f92892,WhatsApp,terms_of_service,About Our Services,"Communicating With Businesses. We provide, and always strive to improve, ways for you and businesses and other organisations, to communicate with each other using our Services, such as through order, transaction, and appointment information, delivery and shipping notifications, product and service updates, and marketing. We offer specific features and services to businesses and other organisations such as providing them with statistics regarding their use of our Services.","Communicating With Businesses. We provide, and always strive to improve, ways for you and businesses and other organisations, to communicate with each other using our Services, such as through order, transaction, and appointment information, delivery and shipping notifications, product and service updates, and marketing. We offer specific features and services to businesses and other organisations such as providing them with statistics regarding their use of our Services.",https://whatsapp.com,Low,20,,,,default_low_unverified,0.25,True,,,,0.0504,test,AI-assisted weak label; requires human review before use as gold data
93b2695488fce9bc,Pinterest,privacy_policy,"To improve, innovate and develop our Services, we:","Conduct analytics and research on who is using Pinterest and what they are doing. For example, by logging how often people use two different versions of a feature on Pinterest, we can understand which version is better.","Conduct analytics and research on who is using Pinterest and what they are doing. For example, by logging how often people use two different versions of a feature on Pinterest, we can understand which version is better.",https://pinterest.com,Low,20,,,,default_low_unverified,0.25,True,,,,0.0534,train,AI-assisted weak label; requires human review before use as gold data
9701ba378655b071,Steam,privacy_policy,10. Additional Information for Users from California,"Exercising Your Rights. The primary means of accessing, managing or deleting your Personal Data is through the Privacy Dashboard, as described in section 6 of this Policy. Customers may also delete their Steam Account and associated Personal Data as described in section 6.3 of this Privacy Policy. If you are unable to access or delete data through the Privacy Dashboard, you can also contact us with a request to exercise these rights by using the form found at https://help.steampowered.com/wizard/HelpAccountDataQuestion. To verify your identity, you will need to log in with your Steam User Account to use the form. Finally, you can contact us with a request at questions@valvesoftware.com, however, before providing access to, or deleting any, Personal Data, based on a request received via email, we will need to verify your identity utilizing the ""Proof of Ownership"" process described at https://support.steampowered.com/kbarticle.php?ref=2268-EAFZ-9762.","Exercising Your Rights. The primary means of accessing, managing or deleting your Personal Data is through the Privacy Dashboard, as described in section 6 of this Policy. Customers may also delete their Steam Account and associated Personal Data as described in section 6.3 of this Privacy Policy. If you are unable to access or delete data through the Privacy Dashboard, you can also contact us with a request to exercise these rights by using the form found at https://help.steampowered.com/wizard/HelpAccountDataQuestion. To verify your identity, you will need to log in with your Steam User Account to use the form. Finally, you can contact us with a request at questions@valvesoftware.com, however, before providing access to, or deleting any, Personal Data, based on a request received via email, we will need to verify your identity utilizing the ""Proof of Ownership"" process described at https://support.steampowered.com/kbarticle.php?ref=2268-EAFZ-9762.",https://steampowered.com,Low,20,,,,default_low_unverified,0.25,True,,,,0.0647,test,AI-assisted weak label; requires human review before use as gold data
e8b0a1cd357f6f75,Reddit,terms_of_service,7. Things You Cannot Do,"We encourage you to report content or conduct that you believe violates these Terms or our Reddit Rules. We also support the responsible reporting of security vulnerabilities. To report a security issue, please email security@reddit.com.","We encourage you to report content or conduct that you believe violates these Terms or our Reddit Rules. We also support the responsible reporting of security vulnerabilities. To report a security issue, please email security@reddit.com.",https://reddit.com,Low,20,,,,default_low_unverified,0.25,True,,,,0.1277,test,AI-assisted weak label; requires human review before use as gold data
f0fd15b58b278906,Steam,privacy_policy,6. Your Rights and Control Mechanisms,"6.2 Right to Rectification. If we process your Personal Data, we shall endeavor to ensure by implementing suitable measures that your Personal Data is accurate and up-to-date for the purposes for which it was collected. If your Personal Data is inaccurate or incomplete, you can change the information you provided via the Privacy Dashboard.","6.2 Right to Rectification. If we process your Personal Data, we shall endeavor to ensure by implementing suitable measures that your Personal Data is accurate and up-to-date for the purposes for which it was collected. If your Personal Data is inaccurate or incomplete, you can change the information you provided via the Privacy Dashboard.",https://steampowered.com,Low,20,,,,default_low_unverified,0.25,True,,,,0.1588,test,AI-assisted weak label; requires human review before use as gold data
8cf9b37733c328ff,Google,privacy_policy,Your activity,"If you use our services to make and receive calls or send and receive messages, we may collect call and message log information like your phone number, calling-party number, receiving-party number, forwarding numbers, sender and recipient email address, time and date of calls and messages, duration of calls, routing information and types and volumes of calls and messages.","If you use our services to make and receive calls or send and receive messages, we may collect call and message log information like your phone number, calling-party number, receiving-party number, forwarding numbers, sender and recipient email address, time and date of calls and messages, duration of calls, routing information and types and volumes of calls and messages.",https://google.com,Low,20,,,,default_low_unverified,0.25,True,,,,0.0462,train,AI-assisted weak label; requires human review before use as gold data
0e9c696f5ad7922d,Facebook,privacy_policy,En bref,"Pour exercer vos droits, consultez nos Pages d’aide, vos paramètres Facebook et Instagram, ainsi que les paramètres de votre appareil.","Pour exercer vos droits, consultez nos Pages d’aide, vos paramètres Facebook et Instagram, ainsi que les paramètres de votre appareil.",https://facebook.com,Low,20,,,,default_low_unverified,0.25,True,,,,0.0,val,AI-assisted weak label; requires human review before use as gold data
e50de8ef18d28963,YouTube,privacy_policy,You have choices regarding the information we collect and how it's used,"This section describes key controls for managing your privacy across our services. You can also visit the Privacy Checkup, which provides an opportunity to review and adjust important privacy settings. In addition to these tools, we also offer specific privacy settings in our products — you can learn more in our Product Privacy Guide.","This section describes key controls for managing your privacy across our services. You can also visit the Privacy Checkup, which provides an opportunity to review and adjust important privacy settings. In addition to these tools, we also offer specific privacy settings in our products — you can learn more in our Product Privacy Guide.",https://youtube.com,Low,20,,,,default_low_unverified,0.25,True,,,,0.0531,train,AI-assisted weak label; requires human review before use as gold data
a6dabaa640d05cd1,PayPal,terms_of_service,Withdrawing money,"To protect you, our other users and us from loss and to allow us to comply with our anti-money laundering and other legal obligations, we may delay a withdrawal, in certain situations, including if we need to confirm that you have authorized the withdrawal or if payments to your PayPal account have been subject to a reversal (for example, as a result of a chargeback, bank reversal or dispute by a buyer). If we place a limitation on your PayPal account, a payment is subject to a hold, or your account or an associated account has a negative balance in any currency while a withdrawal from your PayPal account is pending, you will have to reinitiate the withdrawal once the limitation or hold has been lifted, or negative balance is fully paid off.","To protect you, our other users and us from loss and to allow us to comply with our anti-money laundering and other legal obligations, we may delay a withdrawal, in certain situations, including if we need to confirm that you have authorized the withdrawal or if payments to your PayPal account have been subject to a reversal (for example, as a result of a chargeback, bank reversal or dispute by a buyer). If we place a limitation on your PayPal account, a payment is subject to a hold, or your account or an associated account has a negative balance in any currency while a withdrawal from your PayPal account is pending, you will have to reinitiate the withdrawal once the limitation or hold has been lifted, or negative balance is fully paid off.",https://paypal.com,Low,20,,,,default_low_unverified,0.25,True,,,,0.0534,train,AI-assisted weak label; requires human review before use as gold data
fb825e7c5d994249,Amazon,privacy_policy,Are Children Allowed to Use Amazon Services?,"Amazon does not sell products for purchase by children. We sell children's products for purchase by adults. If you are under 18, you may use Amazon Services only with the involvement of a parent or guardian. We do not knowingly collect personal information from children under the age of 13 without the consent of the child's parent or guardian. For more information, please see our Children's Privacy Disclosure.","Amazon does not sell products for purchase by children. We sell children's products for purchase by adults. If you are under 18, you may use Amazon Services only with the involvement of a parent or guardian. We do not knowingly collect personal information from children under the age of 13 without the consent of the child's parent or guardian. For more information, please see our Children's Privacy Disclosure.",https://amazon.com,Low,20,,,,default_low_unverified,0.25,True,,,,0.044,train,AI-assisted weak label; requires human review before use as gold data
78bcc40ee98c5b62,Discord,terms_of_service,Settling disputes between you and Discord,"The “Agreement to Arbitrate” includes all provisions following this heading, through and including the paragraph titled “Changes to this Agreement to Arbitrate.”","The “Agreement to Arbitrate” includes all provisions following this heading, through and including the paragraph titled “Changes to this Agreement to Arbitrate.”",https://discord.com,Low,20,,,,default_low_unverified,0.25,True,,,,0.0566,train,AI-assisted weak label; requires human review before use as gold data
e9443ab84aed6760,PayPal,privacy_policy,Definitions,"Sites means the websites, mobile apps, official social network platforms, or other online properties through which PayPal offers the Services and which has posted or linked to this Privacy Statement.","Sites means the websites, mobile apps, official social network platforms, or other online properties through which PayPal offers the Services and which has posted or linked to this Privacy Statement.",https://paypal.com,Low,20,,,,default_low_unverified,0.25,True,,,,0.0802,train,AI-assisted weak label; requires human review before use as gold data
735eae5e7a28e7a4,GitHub,privacy_policy,Data Privacy Framework (DPF),"GitHub has the responsibility for the processing of Personal Data it receives under the Data Privacy Framework (DPF) Principles and subsequently transfers to a third party acting as an agent on GitHub’s behalf. GitHub shall remain liable under the DPF Principles if its agent processes such Personal Data in a manner inconsistent with the DPF Principles, unless the organization proves that it is not responsible for the event giving rise to the damage.","GitHub has the responsibility for the processing of Personal Data it receives under the Data Privacy Framework (DPF) Principles and subsequently transfers to a third party acting as an agent on GitHub’s behalf. GitHub shall remain liable under the DPF Principles if its agent processes such Personal Data in a manner inconsistent with the DPF Principles, unless the organization proves that it is not responsible for the event giving rise to the damage.",https://github.com,Low,20,,,,default_low_unverified,0.25,True,,,,0.063,val,AI-assisted weak label; requires human review before use as gold data
bd305d8fb5c4fea1,Google,privacy_policy,Legal bases of processing,"For example, informing you about our services, such as to let you know about upcoming changes or improvements to our services.<br> Marketing to inform users about our services. For example, emailing users of Photos about a printing promotion. | | To protect Google, our users and the public<br><br>To help improve the safety and reliability of our services, including detecting, preventing and responding to fraud, abuse, security risks and technical issues that could harm Google, our users or the public.<br><br>Examples of processing activities:<br><br> We collect and analyse IP addresses and cookie data to protect against automated abuse. This abuse takes many forms, such as sending spam to Gmail users, stealing money from advertisers by fraudulently clicking on ads or censoring content by launching a Distributed Denial of Service (DDoS) attack.<br> The 'last account activity' feature in Gmail can help you find out if and when someone accessed your email without your knowledge.","For example, informing you about our services, such as to let you know about upcoming changes or improvements to our services.<br> Marketing to inform users about our services. For example, emailing users of Photos about a printing promotion. | | To protect Google, our users and the public<br><br>To help improve the safety and reliability of our services, including detecting, preventing and responding to fraud, abuse, security risks and technical issues that could harm Google, our users or the public.<br><br>Examples of processing activities:<br><br> We collect and analyse IP addresses and cookie data to protect against automated abuse. This abuse takes many forms, such as sending spam to Gmail users, stealing money from advertisers by fraudulently clicking on ads or censoring content by launching a Distributed Denial of Service (DDoS) attack.<br> The 'last account activity' feature in Gmail can help you find out if and when someone accessed your email without your knowledge.",https://google.com,Low,20,,,,default_low_unverified,0.25,True,,,,0.0378,train,AI-assisted weak label; requires human review before use as gold data
84354a8a13d67dcf,Reddit,privacy_policy,Additional Information for California & Other US State Users,"You can find more information about (a) what we collect and sources of that information in the “What Information We Collect” section of this notice, (b) the business and commercial purposes for collecting that information in the “How We Use Your Information” section, and (c) the categories of third parties with whom we share that information and the purpose for sharing that information in the “How We Share Your Information” section.","You can find more information about (a) what we collect and sources of that information in the “What Information We Collect” section of this notice, (b) the business and commercial purposes for collecting that information in the “How We Use Your Information” section, and (c) the categories of third parties with whom we share that information and the purpose for sharing that information in the “How We Share Your Information” section.",https://reddit.com,Low,20,,,,default_low_unverified,0.25,True,,,,0.1722,test,AI-assisted weak label; requires human review before use as gold data
7ca3b1f5a2aa7d85,Netflix,privacy_policy,"Cookies and Similar Technologies, Pixel Tags, and other Identifiers","We use other technologies such as browser storage and plugins (for example, HTML5, IndexedDB, and WebSQL). Like cookies, these other technologies may store small amounts of data on a device. Pixel tags often work in conjunction with cookies. In many cases, declining cookies will impair the effectiveness of pixel tags associated with those cookies.","We use other technologies such as browser storage and plugins (for example, HTML5, IndexedDB, and WebSQL). Like cookies, these other technologies may store small amounts of data on a device. Pixel tags often work in conjunction with cookies. In many cases, declining cookies will impair the effectiveness of pixel tags associated with those cookies.",https://netflix.com,Low,20,,,,default_low_unverified,0.25,True,,,,0.0613,train,AI-assisted weak label; requires human review before use as gold data
fb80eafacb93bd7a,Instagram,privacy_policy,To research and innovate for social good,"We use information we have, information from researchers and datasets from publicly available sources, professional groups and non-profit groups to conduct and support research.","We use information we have, information from researchers and datasets from publicly available sources, professional groups and non-profit groups to conduct and support research.",https://instagram.com,Low,20,,,,default_low_unverified,0.25,True,,,,0.0513,train,AI-assisted weak label; requires human review before use as gold data
bd52eca24489ecdd,Discord,privacy_policy,Information we collect automatically,"Information about your device. We collect information about the device you are using to access the services. For example, this includes information like your IP address, operating system information, browser information, and information about your device settings, such as your microphone and/or camera.","Information about your device. We collect information about the device you are using to access the services. For example, this includes information like your IP address, operating system information, browser information, and information about your device settings, such as your microphone and/or camera.",https://discord.com,Low,20,,,,default_low_unverified,0.25,True,,,,0.1206,train,AI-assisted weak label; requires human review before use as gold data
a7735fbba6c2ea06,X (Twitter),terms_of_service,6. General,"In the event that any provision of these Terms is held to be invalid or unenforceable, then that provision will be limited or eliminated to the minimum extent necessary, and the remaining provisions of these Terms will remain in full force and effect. Our failure to enforce any right or provision of these Terms will not be deemed a waiver of such right or provision.","In the event that any provision of these Terms is held to be invalid or unenforceable, then that provision will be limited or eliminated to the minimum extent necessary, and the remaining provisions of these Terms will remain in full force and effect. Our failure to enforce any right or provision of these Terms will not be deemed a waiver of such right or provision.",https://twitter.com,Low,20,,,,default_low_unverified,0.25,True,,,,0.3144,train,AI-assisted weak label; requires human review before use as gold data
d0fec02ae63cf434,Facebook,terms_of_service,Conditions de service,"Nous ne vous facturons pas l’utilisation de Facebook ou des autres produits et services inclus dans les présentes Conditions, sauf indication contraire de notre part. En revanche, des entreprises, des organisations et d’autres personnes nous payent dans le but de vous montrer des publicités pour leurs produits et services. Nos Produits vous permettent de vous connecter avec vos amis et des communautés ainsi que de recevoir du contenu personnalisé et de voir des publicités que vous devriez à notre avis trouver pertinentes en fonction de vos centres d’intérêt. En utilisant nos Produits, vous acceptez que nous vous montrions des publicités que nous estimons pertinentes pour vous en fonction de vos intérêts. Nous utilisons vos données à caractère personnel afin de définir les publicités personnalisées à vous montrer.","Nous ne vous facturons pas l’utilisation de Facebook ou des autres produits et services inclus dans les présentes Conditions, sauf indication contraire de notre part. En revanche, des entreprises, des organisations et d’autres personnes nous payent dans le but de vous montrer des publicités pour leurs produits et services. Nos Produits vous permettent de vous connecter avec vos amis et des communautés ainsi que de recevoir du contenu personnalisé et de voir des publicités que vous devriez à notre avis trouver pertinentes en fonction de vos centres d’intérêt. En utilisant nos Produits, vous acceptez que nous vous montrions des publicités que nous estimons pertinentes pour vous en fonction de vos intérêts. Nous utilisons vos données à caractère personnel afin de définir les publicités personnalisées à vous montrer.",https://facebook.com,Low,20,,,,default_low_unverified,0.25,True,,,,0.0103,val,AI-assisted weak label; requires human review before use as gold data
56c2fcc47566f4f8,YouTube,privacy_policy,Android device with Google apps,"Android devices with Google apps include devices sold by Google or one of our partners and include phones, cameras, vehicles, wearables, and televisions. These devices use Google Play Services and other pre-installed apps that include services like Gmail, Maps, your phone’s camera and phone dialer, text-to-speech conversion, keyboard input, and security features. Learn more about Google Play Services.","Android devices with Google apps include devices sold by Google or one of our partners and include phones, cameras, vehicles, wearables, and televisions. These devices use Google Play Services and other pre-installed apps that include services like Gmail, Maps, your phone’s camera and phone dialer, text-to-speech conversion, keyboard input, and security features. Learn more about Google Play Services.",https://youtube.com,Low,20,,,,default_low_unverified,0.25,True,,,,0.0276,train,AI-assisted weak label; requires human review before use as gold data
828ba2438013fb20,Discord,terms_of_service,Software in Discord’s services,"Open source. Some of Discord’s services include software subject to separate open source license terms, and your use of those services are subject to your compliance with those license terms, when applicable. We encourage you to review them, as some licenses may explicitly override these terms.","Open source. Some of Discord’s services include software subject to separate open source license terms, and your use of those services are subject to your compliance with those license terms, when applicable. We encourage you to review them, as some licenses may explicitly override these terms.",https://discord.com,Low,20,,,,default_low_unverified,0.25,True,,,,0.0444,train,AI-assisted weak label; requires human review before use as gold data
5dd2c149ff71f150,Google,terms_of_service,Don't abuse our services,providing services that appear to originate from us when they do not,providing services that appear to originate from us when they do not,https://google.com,Low,20,,,,default_low_unverified,0.25,True,,,,0.1036,train,AI-assisted weak label; requires human review before use as gold data
ea94f407c23c5384,PayPal,privacy_policy,Banking Regulations Notice for Users in the EEA,"In order to provide the PayPal Services, certain of the information we collect (as set out in this Privacy Statement) may be required to be transferred to other PayPal related companies or other entities, including those referred to in this section in their capacity as payment providers, payment processors or account holders (or similar capacities). You acknowledge that according to their local legislation, such entities may be subject to laws, regulations, inquiries, investigations, or orders which may require the disclosure of information to the relevant authorities of the relevant country. Your use of the PayPal Services constitutes your consent to our transfer of such information to provide you the PayPal Services.","In order to provide the PayPal Services, certain of the information we collect (as set out in this Privacy Statement) may be required to be transferred to other PayPal related companies or other entities, including those referred to in this section in their capacity as payment providers, payment processors or account holders (or similar capacities). You acknowledge that according to their local legislation, such entities may be subject to laws, regulations, inquiries, investigations, or orders which may require the disclosure of information to the relevant authorities of the relevant country. Your use of the PayPal Services constitutes your consent to our transfer of such information to provide you the PayPal Services.",https://paypal.com,Low,20,,,,default_low_unverified,0.25,True,,,,0.0293,train,AI-assisted weak label; requires human review before use as gold data
53077ef36004ffc3,Facebook,terms_of_service,5. Autres conditions et politiques qui peuvent s’appliquer à vous,"Conditions d’utilisation des publicités en libre-service : ces conditions s’appliquent lorsque vous utilisez les interfaces de publicité en libre-service pour créer, soumettre ou diffuser une publicité, ou une activité ou un contenu commercial ou sponsorisé.","Conditions d’utilisation des publicités en libre-service : ces conditions s’appliquent lorsque vous utilisez les interfaces de publicité en libre-service pour créer, soumettre ou diffuser une publicité, ou une activité ou un contenu commercial ou sponsorisé.",https://facebook.com,Low,20,,,,default_low_unverified,0.25,True,,,,0.0369,val,AI-assisted weak label; requires human review before use as gold data
87ce61910b7deba4,Discord,privacy_policy,Data Protection Officer,You can contact Discord Netherlands BV’s Data Protection Officer at dpo@discord.com.,You can contact Discord Netherlands BV’s Data Protection Officer at dpo@discord.com.,https://discord.com,Low,20,,,,default_low_unverified,0.25,True,,,,0.0401,train,AI-assisted weak label; requires human review before use as gold data
c33d3538423e3c35,PayPal,privacy_policy,Notice for Users in the UK,"In order to provide the PayPal Services, certain of the information we collect (as set out in this Privacy Statement) may be required to be transferred to other PayPal related companies or other entities, including those referred to in this section in their capacity as payment providers, payment processors or account holders (or similar capacities). You acknowledge that according to their local legislation, such entities may be subject to laws, regulations, inquiries, investigations, or orders which may require the disclosure of information to the relevant authorities of the relevant country.","In order to provide the PayPal Services, certain of the information we collect (as set out in this Privacy Statement) may be required to be transferred to other PayPal related companies or other entities, including those referred to in this section in their capacity as payment providers, payment processors or account holders (or similar capacities). You acknowledge that according to their local legislation, such entities may be subject to laws, regulations, inquiries, investigations, or orders which may require the disclosure of information to the relevant authorities of the relevant country.",https://paypal.com,Low,20,,,,default_low_unverified,0.25,True,,,,0.0321,train,AI-assisted weak label; requires human review before use as gold data
3f31f3088a93cae6,WhatsApp,privacy_policy,Our Legal Basis For Processing Data,"where applicable (including where consent is legally required), if you have given your consent, which you can revoke at any time. Learn more here;","where applicable (including where consent is legally required), if you have given your consent, which you can revoke at any time. Learn more here;",https://whatsapp.com,Low,20,,,,default_low_unverified,0.25,True,,,,0.0553,test,AI-assisted weak label; requires human review before use as gold data
92eea813866b2769,X (Twitter),privacy_policy,3. Sharing Information,We may share information amongst our affiliates to provide our products and services.,We may share information amongst our affiliates to provide our products and services.,https://twitter.com,Low,20,,,,default_low_unverified,0.25,True,,,,0.0604,train,AI-assisted weak label; requires human review before use as gold data
06ed9db6688d9302,Netflix,terms_of_service,1.9. Viewing Experience and Technical Requirements,"1.9. Viewing Experience and Technical Requirements. The quality of the display of the Netflix content may vary from device to device, and may be affected by a variety of factors, such as your location, the bandwidth available through and/or speed of your Internet connection. HD, Ultra HD and HDR availability is subject to your Internet service and device capabilities. Spatial audio quality is subject to your device capabilities. Not all content is available in spatial audio or in all formats, such as HD, Ultra HD and HDR, and not all subscription plans allow you to receive content in all formats. The minimum connection speed for HD video quality (defined as a resolution of 720p or higher) is 3.0 Mbps per stream; however, we recommend a faster connection for improved video quality. A connection speed of at least 5.0 Mbps per stream is recommended to receive Full HD video quality (defined as a resolution of 1080p or higher). A connection speed of at least 15.0 Mbps per stream is recommended to receive Ultra HD video quality (defined as a resolution of 4K or higher). You are responsible for all Internet access charges. Please check with your Internet provider for information on possible Internet data usage charges. The time it takes to begin watching Netflix content will vary based on a number of factors, including your location, available bandwidth at the time, the content you have selected and the configuration of your Netflix supported device.","1.9. Viewing Experience and Technical Requirements. The quality of the display of the Netflix content may vary from device to device, and may be affected by a variety of factors, such as your location, the bandwidth available through and/or speed of your Internet connection. HD, Ultra HD and HDR availability is subject to your Internet service and device capabilities. Spatial audio quality is subject to your device capabilities. Not all content is available in spatial audio or in all formats, such as HD, Ultra HD and HDR, and not all subscription plans allow you to receive content in all formats. The minimum connection speed for HD video quality (defined as a resolution of 720p or higher) is 3.0 Mbps per stream; however, we recommend a faster connection for improved video quality. A connection speed of at least 5.0 Mbps per stream is recommended to receive Full HD video quality (defined as a resolution of 1080p or higher). A connection speed of at least 15.0 Mbps per stream is recommended to receive Ultra HD video quality (defined as a resolution of 4K or higher). You are responsible for all Internet access charges. Please check with your Internet provider for information on possible Internet data usage charges. The time it takes to begin watching Netflix content will vary based on a number of factors, including your location, available bandwidth at the time, the content you have selected and the configuration of your Netflix supported device.",https://netflix.com,Low,20,,,,default_low_unverified,0.25,True,,,,0.0301,train,AI-assisted weak label; requires human review before use as gold data
30ec476d590cb6d7,Netflix,privacy_policy,Your Privacy Rights,Right to complain: You have the right to complain to a data protection authority about our processing of your personal information but we encourage you to first contact us with any questions or concerns.,Right to complain: You have the right to complain to a data protection authority about our processing of your personal information but we encourage you to first contact us with any questions or concerns.,https://netflix.com,Low,20,,,,default_low_unverified,0.25,True,,,,0.0933,train,AI-assisted weak label; requires human review before use as gold data
c98203bad6a1ed6c,Amazon,privacy_policy,What About Advertising?,"Third-Party Advertisers and Links to Other Websites: Amazon Services may include third-party advertising and links to other websites and apps. Third-party advertising partners may collect information about you when you interact with their content, advertising, and services. For more information about third-party advertising at Amazon, including interest-based ads, please read our Interest-Based Ads notice. To adjust your advertising preferences, please visit Your Ads Privacy Choices.","Third-Party Advertisers and Links to Other Websites: Amazon Services may include third-party advertising and links to other websites and apps. Third-party advertising partners may collect information about you when you interact with their content, advertising, and services. For more information about third-party advertising at Amazon, including interest-based ads, please read our Interest-Based Ads notice. To adjust your advertising preferences, please visit Your Ads Privacy Choices.",https://amazon.com,Low,20,,,,default_low_unverified,0.25,True,,,,0.1656,train,AI-assisted weak label; requires human review before use as gold data
a3fd8de1b242378e,Netflix,privacy_policy,How We Use Your Personal Information,"For features that enable you to find or interact with other players in Netflix games (such as online multiplayer games), we use your personal information and the personal information you provide about others in order to find that player and send them your connection request (and for them to find you and send you a connection request);","For features that enable you to find or interact with other players in Netflix games (such as online multiplayer games), we use your personal information and the personal information you provide about others in order to find that player and send them your connection request (and for them to find you and send you a connection request);",https://netflix.com,Low,20,,,,default_low_unverified,0.25,True,,,,0.1004,train,AI-assisted weak label; requires human review before use as gold data
7e2eec3b30480778,YouTube,terms_of_service,Copyright Protection,"We respond to notices of alleged copyright infringement according to the process in our YouTube Copyright Center, where you can also find information about how to resolve a copyright strike. YouTube's policies provide for the termination, in appropriate circumstances, of repeat infringers’ access to the Service.","We respond to notices of alleged copyright infringement according to the process in our YouTube Copyright Center, where you can also find information about how to resolve a copyright strike. YouTube's policies provide for the termination, in appropriate circumstances, of repeat infringers’ access to the Service.",https://youtube.com,Low,20,,,,default_low_unverified,0.25,True,,,,0.0833,train,AI-assisted weak label; requires human review before use as gold data
01c9231e5e063943,TikTok,privacy_policy,Your Rights and Choices,We encourage you to “Contact us” if you are not satisfied with how we have responded to any of your rights requests. You also have the right to lodge a complaint with the Irish Data Protection Commission (TikTok Ireland’s lead supervisory authority) or with your local supervisory authority.,We encourage you to “Contact us” if you are not satisfied with how we have responded to any of your rights requests. You also have the right to lodge a complaint with the Irish Data Protection Commission (TikTok Ireland’s lead supervisory authority) or with your local supervisory authority.,https://tiktok.com,Low,20,,,,default_low_unverified,0.25,True,,,,0.0352,train,AI-assisted weak label; requires human review before use as gold data
076741843db7d674,PayPal,privacy_policy,ARCO Rights,"We recognize the importance of your ability to control use of your Personal Information and provide several ways for you to exercise your rights to access (right to know), rectiﬁcation (correction or update), deletion (cancellation and erasure), objection (opposition), portability (transferring), and to restrict process in whole or in part (collectively your ARCO Rights).","We recognize the importance of your ability to control use of your Personal Information and provide several ways for you to exercise your rights to access (right to know), rectification (correction or update), deletion (cancellation and erasure), objection (opposition), portability (transferring), and to restrict process in whole or in part (collectively your ARCO Rights).",https://paypal.com,Low,20,,,,default_low_unverified,0.25,True,,,,0.0501,train,AI-assisted weak label; requires human review before use as gold data
0a601c1043dc85fa,TikTok,privacy_policy,Partners,"Users of Our Analytics Services. We provide aggregated statistics and insights to help people and businesses understand how people are engaging with the Platform. For example, creators, advertisers and sellers can receive information about the number of views, likes, comments and shares of their content, as well as information to understand their followers, buyers and the audience of their content. We create this aggregate information using Information You Provide and Automatically Collected Information. In certain circumstances, TikTok is a joint controller with TikTok account holders for this processing. Learn more about the joint processing for TikTok Analytics.","Users of Our Analytics Services. We provide aggregated statistics and insights to help people and businesses understand how people are engaging with the Platform. For example, creators, advertisers and sellers can receive information about the number of views, likes, comments and shares of their content, as well as information to understand their followers, buyers and the audience of their content. We create this aggregate information using Information You Provide and Automatically Collected Information. In certain circumstances, TikTok is a joint controller with TikTok account holders for this processing. Learn more about the joint processing for TikTok Analytics.",https://tiktok.com,Low,20,,,,default_low_unverified,0.25,True,,,,0.044,train,AI-assisted weak label; requires human review before use as gold data
dbcd082006e98c40,X (Twitter),terms_of_service,Summary of our Terms,"There are intellectual property licenses in these Terms: You retain ownership and rights to any of your Content you post or share, and you provide us with a broad, royalty-free license to make your Content available to the rest of the world and to let others do the same. Conversely, we provide you a license to use the software we provide as part of the Services, such as the X mobile application, solely for the purpose of enabling you to use and enjoy the benefit of the Services.","There are intellectual property licenses in these Terms: You retain ownership and rights to any of your Content you post or share, and you provide us with a broad, royalty-free license to make your Content available to the rest of the world and to let others do the same. Conversely, we provide you a license to use the software we provide as part of the Services, such as the X mobile application, solely for the purpose of enabling you to use and enjoy the benefit of the Services.",https://twitter.com,Low,20,,,,default_low_unverified,0.25,True,,,,0.0792,train,AI-assisted weak label; requires human review before use as gold data
270b691b9d911b2c,Google,terms_of_service,"Develop, improve and update Google services","While we use a broad definition of 'services' throughout these terms as described above, applicable law draws distinctions between 'digital content', 'services' and 'goods' in certain situations. That’s why we use the more specific terms in this section and the Legal guarantee section.","While we use a broad definition of 'services' throughout these terms as described above, applicable law draws distinctions between 'digital content', 'services' and 'goods' in certain situations. That’s why we use the more specific terms in this section and the Legal guarantee section.",https://google.com,Low,20,,,,default_low_unverified,0.25,True,,,,0.0347,train,AI-assisted weak label; requires human review before use as gold data
a939de1e92991806,Google,terms_of_service,indemnify or indemnity,An individual or organisation’s contractual obligation to compensate the losses suffered by another individual or organisation from legal proceedings such as lawsuits.,An individual or organisation’s contractual obligation to compensate the losses suffered by another individual or organisation from legal proceedings such as lawsuits.,https://google.com,Low,20,,,,default_low_unverified,0.25,True,,,,0.0195,train,AI-assisted weak label; requires human review before use as gold data
54e6603983fea2a9,Instagram,privacy_policy,Providing and improving Meta Products,Build and test out new products and features to see if they work,Build and test out new products and features to see if they work,https://instagram.com,Low,20,,,,default_low_unverified,0.25,True,,,,0.0771,train,AI-assisted weak label; requires human review before use as gold data
bea2966f83d791e2,TikTok,privacy_policy,Protect the Platform and defend legal rights,"Your Rights: Whenever we use your information on the basis that it is necessary for legitimate interests, you can object to, and request restriction of, such usage.","Your Rights: Whenever we use your information on the basis that it is necessary for legitimate interests, you can object to, and request restriction of, such usage.",https://tiktok.com,Low,20,,,,default_low_unverified,0.25,True,,,,0.0457,train,AI-assisted weak label; requires human review before use as gold data
2a54b33777719711,Instagram,privacy_policy,Providing a seamless experience,Sharing of information across the Meta Companies:,Sharing of information across the Meta Companies:,https://instagram.com,Low,20,,,,default_low_unverified,0.25,True,,,,0.026,train,AI-assisted weak label; requires human review before use as gold data
8394ad572a9d02a2,PayPal,privacy_policy,Categories of Personal Information We Collect,"Information related to legal requirements: Such as information from external sanction lists, including name, date of birth, place of birth, occupation, and the reason why the person is on the external sanction lists in question, consistent with applicable law.","Information related to legal requirements: Such as information from external sanction lists, including name, date of birth, place of birth, occupation, and the reason why the person is on the external sanction lists in question, consistent with applicable law.",https://paypal.com,Low,20,,,,default_low_unverified,0.25,True,,,,0.0393,train,AI-assisted weak label; requires human review before use as gold data
58dc4e8c803d0d49,Google,privacy_policy,Sensor data from your device,"Your device may have sensors that can be used to better understand your location and movement. For example, an accelerometer can be used to determine your speed and a gyroscope to work out your direction of travel. Learn more about how we use location information.","Your device may have sensors that can be used to better understand your location and movement. For example, an accelerometer can be used to determine your speed and a gyroscope to work out your direction of travel. Learn more about how we use location information.",https://google.com,Low,20,,,,default_low_unverified,0.25,True,,,,0.0858,train,AI-assisted weak label; requires human review before use as gold data
88c2bec4b5202a25,TikTok,terms_of_service,4.9 Ownership of content and grant of licences,"By creating, posting or otherwise making content available on the Platform, you grant to TikTok and our Affiliates a licence to use your content which is:","By creating, posting or otherwise making content available on the Platform, you grant to TikTok and our Affiliates a licence to use your content which is:",https://tiktok.com,Low,20,,,,default_low_unverified,0.25,True,,,,0.0252,train,AI-assisted weak label; requires human review before use as gold data
73220aec8cd2aff7,Google,privacy_policy,sensitive categories,"When showing you personalised ads, we use topics that we think might be of interest to you based on your activity. For example, you may see ads for things such as 'Cooking and Recipes' or 'Air Travel'. We don’t use topics or show personalised ads based on sensitive categories such as race, religion, sexual orientation or health. And we require the same from advertisers who use our services.","When showing you personalised ads, we use topics that we think might be of interest to you based on your activity. For example, you may see ads for things such as 'Cooking and Recipes' or 'Air Travel'. We don’t use topics or show personalised ads based on sensitive categories such as race, religion, sexual orientation or health. And we require the same from advertisers who use our services.",https://google.com,Low,20,,,,default_low_unverified,0.25,True,,,,0.0364,train,AI-assisted weak label; requires human review before use as gold data
fe15f28d22718dce,TikTok,privacy_policy,Compliance with a legal obligation,"We may use your information including your Account Information or User Content where it is necessary to comply with a legal obligation. This includes situations where we have obligations to communicate with you, take measures to ensure the safety of our users, or comply with a valid legal request such as an order or disclosure request from regulators, law enforcement agencies or courts. We generally use Information You Provide and Automatically Collected Information, although it depends on the specific situation.","We may use your information including your Account Information or User Content where it is necessary to comply with a legal obligation. This includes situations where we have obligations to communicate with you, take measures to ensure the safety of our users, or comply with a valid legal request such as an order or disclosure request from regulators, law enforcement agencies or courts. We generally use Information You Provide and Automatically Collected Information, although it depends on the specific situation.",https://tiktok.com,Low,20,,,,default_low_unverified,0.25,True,,,,0.0338,train,AI-assisted weak label; requires human review before use as gold data
6f13bc2bbde7b6a5,YouTube,terms_of_service,About this Agreement,"Continuation of this Agreement If your use of the Service ends, the following terms of this Agreement will continue to apply to you: “Other Legal Terms”, “About This Agreement”, and the licenses granted by you will continue as described under “Duration of License”.","Continuation of this Agreement If your use of the Service ends, the following terms of this Agreement will continue to apply to you: “Other Legal Terms”, “About This Agreement”, and the licenses granted by you will continue as described under “Duration of License”.",https://youtube.com,Low,20,,,,default_low_unverified,0.25,True,,,,0.0824,train,AI-assisted weak label; requires human review before use as gold data
e3bd37023226a38f,Pinterest,privacy_policy,2. We also get technical information when you use Pinterest,"Device information: We collect information about the device you use to access our Services, including the type of device, operating system, network service provider, settings, and unique device identifiers.","Device information: We collect information about the device you use to access our Services, including the type of device, operating system, network service provider, settings, and unique device identifiers.",https://pinterest.com,Low,20,,,,default_low_unverified,0.25,True,,,,0.1123,train,AI-assisted weak label; requires human review before use as gold data
5d470ea69d94ff32,Reddit,privacy_policy,How We Protect Your Information,"We store the information we collect for as long as it is necessary for the purpose(s) for which we originally collected it. We may retain certain information for legitimate business purposes and/or if we believe doing so is in accordance with, or as required by, any applicable law. For example, if you violate our policies and your account is suspended or banned, we may store the identifiers used to create the account (such as phone number) to prevent you from creating new accounts.","We store the information we collect for as long as it is necessary for the purpose(s) for which we originally collected it. We may retain certain information for legitimate business purposes and/or if we believe doing so is in accordance with, or as required by, any applicable law. For example, if you violate our policies and your account is suspended or banned, we may store the identifiers used to create the account (such as phone number) to prevent you from creating new accounts.",https://reddit.com,Low,20,,,,default_low_unverified,0.25,True,,,,0.0811,test,AI-assisted weak label; requires human review before use as gold data
12ff9d245dd1e082,Pinterest,privacy_policy,"To build your community on our Services, we:","Suggest other people who have similar interests. For example, if you follow interior design boards, we may suggest interior designers that you might like.","Suggest other people who have similar interests. For example, if you follow interior design boards, we may suggest interior designers that you might like.",https://pinterest.com,Low,20,,,,default_low_unverified,0.25,True,,,,0.0,train,AI-assisted weak label; requires human review before use as gold data
45af05d0dab1d342,Instagram,terms_of_service,7. Our Agreement and What Happens if We Disagree,"We always appreciate feedback or other suggestions, but may use them without any restrictions or obligation to compensate you for them, and are under no obligation to keep them confidential.","We always appreciate feedback or other suggestions, but may use them without any restrictions or obligation to compensate you for them, and are under no obligation to keep them confidential.",https://instagram.com,Low,20,,,,default_low_unverified,0.25,True,,,,0.0753,train,AI-assisted weak label; requires human review before use as gold data
6b114f70e8e31f5b,WhatsApp,privacy_policy,Third-Party Information,"Third-Party Service Providers. We work with third-party service providers and other Facebook Companies to help us operate, provide, improve, understand, customise, support, and market our Services. For example, we work with them to distribute our apps; provide our technical and physical infrastructure, delivery, and other systems; provide engineering support, cybersecurity support, and operational support; supply location, map, and places information; process payments; help us understand how people use our Services; market our Services; help you connect with businesses using our Services; conduct surveys and research for us; ensure safety, security and integrity; and help with customer service. These companies may provide us with information about you in certain circumstances; for example, app stores may provide us with reports to help us diagnose and fix service issues.","Third-Party Service Providers. We work with third-party service providers and other Facebook Companies to help us operate, provide, improve, understand, customise, support, and market our Services. For example, we work with them to distribute our apps; provide our technical and physical infrastructure, delivery, and other systems; provide engineering support, cybersecurity support, and operational support; supply location, map, and places information; process payments; help us understand how people use our Services; market our Services; help you connect with businesses using our Services; conduct surveys and research for us; ensure safety, security and integrity; and help with customer service. These companies may provide us with information about you in certain circumstances; for example, app stores may provide us with reports to help us diagnose and fix service issues.",https://whatsapp.com,Low,20,,,,default_low_unverified,0.25,True,,,,0.0411,test,AI-assisted weak label; requires human review before use as gold data
09b1989860dcfc89,Discord,privacy_policy,For our legitimate business interests,"To protect our services. We use your information to keep our services secure, to prevent misuse, and to enforce our Terms of Service and other policies against users who violate them.","To protect our services. We use your information to keep our services secure, to prevent misuse, and to enforce our Terms of Service and other policies against users who violate them.",https://discord.com,Low,20,,,,default_low_unverified,0.25,True,,,,0.074,train,AI-assisted weak label; requires human review before use as gold data
fb33db792af5e9c1,YouTube,privacy_policy,Your location information,"We collect location information when you use our services, which helps us offer features like driving directions, search results for things near you, and ads based on your location.","We collect location information when you use our services, which helps us offer features like driving directions, search results for things near you, and ads based on your location.",https://youtube.com,Low,20,,,,default_low_unverified,0.25,True,,,,0.0714,train,AI-assisted weak label; requires human review before use as gold data
718057550bb44d2d,Facebook,privacy_policy,"Pour offrir, personnaliser et améliorer nos Produits",Nous utilisons les informations à notre disposition pour fournir et améliorer nos Produits. Cela inclut :,Nous utilisons les informations à notre disposition pour fournir et améliorer nos Produits. Cela inclut :,https://facebook.com,Low,20,,,,default_low_unverified,0.25,True,,,,0.0,val,AI-assisted weak label; requires human review before use as gold data
07a366f988280739,Facebook,terms_of_service,3. Vos engagements envers Facebook et notre communauté,"votre contenu a été utilisé par des tiers conformément à la présente licence, et ces derniers ne l’ont pas supprimé (dans ce cas, cette licence continuera de s’appliquer jusqu’à la suppression du contenu) ;","votre contenu a été utilisé par des tiers conformément à la présente licence, et ces derniers ne l’ont pas supprimé (dans ce cas, cette licence continuera de s’appliquer jusqu’à la suppression du contenu) ;",https://facebook.com,Low,20,,,,default_low_unverified,0.25,True,,,,0.0,val,AI-assisted weak label; requires human review before use as gold data
ab7ebc3930634dc2,Amazon,privacy_policy,Information You Can Access,voice recordings associated with your account;,voice recordings associated with your account;,https://amazon.com,Low,20,,,,default_low_unverified,0.25,True,,,,0.0492,train,AI-assisted weak label; requires human review before use as gold data
5413c42f6590e4d6,Google,terms_of_service,Purpose,"operating and improving the services, which means allowing the services to work as designed and creating new features and functionalities. This includes using automated systems and algorithms to analyse your content:","operating and improving the services, which means allowing the services to work as designed and creating new features and functionalities. This includes using automated systems and algorithms to analyse your content:",https://google.com,Low,20,,,,default_low_unverified,0.25,True,,,,0.0563,train,AI-assisted weak label; requires human review before use as gold data
faad2bedb255c37c,Google,terms_of_service,Follow these terms and service-specific additional terms,The permission that we give you to access and use our services continues as long as you comply with:,The permission that we give you to access and use our services continues as long as you comply with:,https://google.com,Low,20,,,,default_low_unverified,0.25,True,,,,0.0738,train,AI-assisted weak label; requires human review before use as gold data
67247ce08f88f5be,Google,terms_of_service,Contact Google to withdraw from these terms,| Country | Phone number | | --- | --- | | Austria | 0800 001180 | | Åland Islands | 0800 526683 | | Belgium | 0800 58 142 | | Bulgaria | 0800 14 744 | | Canary Islands | +34 912 15 86 27 | | Ceuta & Melilla | +34 912 15 86 27 | | Croatia | 0800 787 086 | | Cyprus | 80 092492 | | Czechia | 800 720 070 | | Denmark | 80 40 01 11 | | Estonia | 8002 643 | | Finland | 0800 520030 | | France | 0 805 98 03 38 | | French Guiana | 0805 98 03 38 | | French Polynesia | +33 1 85 14 96 65 | | French Southern Territories | +33 1 85 14 96 65 | | Germany | 0800 6270502 | | Greece | 21 1180 9433 | | Guadeloupe | 0805 98 03 38 | | Hungary | 06 80 200 148 | | Iceland | 800 4177 | | Ireland | 1800 832 663 | | Italy | 800 598 905 | | Latvia | 80 205 391 | | Liechtenstein | 0800 566 814 | | Lithuania | 0 800 00 163 | | Luxembourg | 800 40 005 | | Malta | 8006 2257 | | Martinique | 0805 98 03 38 | | Mayotte | +33 1 85 14 96 65 | | Netherlands | 0800 3600010 | | New Caledonia | +33 1 85 14 96 65 | | Norway | 800 62 068 | | Poland | 800 410 575 | | Portugal | 808 203 430 | | Réunion | 0805 98 03 38 | | Romania | 0800 672 350 | | Slovakia | 0800 500 932 | | Slovenia | 080 688882 | | Spain | 900 906 451 | | St Barthélemy | +33 1 85 14 96 65 | | St Martin | +33 1 85 14 96 65 | | St Pierre & Miquelon | +33 1 85 14 96 65 | | Svalbard & Jan Mayen | 800 62 425 | | Sweden | 020-012 52 41 | | Vatican City | 800 599 102 | | Wallis & Futuna | +33 1 85 14 96 65 |,| Country | Phone number | | --- | --- | | Austria | 0800 001180 | | Åland Islands | 0800 526683 | | Belgium | 0800 58 142 | | Bulgaria | 0800 14 744 | | Canary Islands | +34 912 15 86 27 | | Ceuta & Melilla | +34 912 15 86 27 | | Croatia | 0800 787 086 | | Cyprus | 80 092492 | | Czechia | 800 720 070 | | Denmark | 80 40 01 11 | | Estonia | 8002 643 | | Finland | 0800 520030 | | France | 0 805 98 03 38 | | French Guiana | 0805 98 03 38 | | French Polynesia | +33 1 85 14 96 65 | | French Southern Territories | +33 1 85 14 96 65 | | Germany | 0800 6270502 | | Greece | 21 1180 9433 | | Guadeloupe | 0805 98 03 38 | | Hungary | 06 80 200 148 | | Iceland | 800 4177 | | Ireland | 1800 832 663 | | Italy | 800 598 905 | | Latvia | 80 205 391 | | Liechtenstein | 0800 566 814 | | Lithuania | 0 800 00 163 | | Luxembourg | 800 40 005 | | Malta | 8006 2257 | | Martinique | 0805 98 03 38 | | Mayotte | +33 1 85 14 96 65 | | Netherlands | 0800 3600010 | | New Caledonia | +33 1 85 14 96 65 | | Norway | 800 62 068 | | Poland | 800 410 575 | | Portugal | 808 203 430 | | Réunion | 0805 98 03 38 | | Romania | 0800 672 350 | | Slovakia | 0800 500 932 | | Slovenia | 080 688882 | | Spain | 900 906 451 | | St Barthélemy | +33 1 85 14 96 65 | | St Martin | +33 1 85 14 96 65 | | St Pierre & Miquelon | +33 1 85 14 96 65 | | Svalbard & Jan Mayen | 800 62 425 | | Sweden | 020-012 52 41 | | Vatican City | 800 599 102 | | Wallis & Futuna | +33 1 85 14 96 65 |,https://google.com,Low,20,,,,default_low_unverified,0.25,True,,,,0.0,train,AI-assisted weak label; requires human review before use as gold data
83f71e1adf7efcab,Facebook,privacy_policy,Mise à disposition et amélioration des Produits Meta,"fournir nos fonctionnalités qui font partie de l’IA par Meta et qui permettent par exemple de créer et de comprendre du contenu (comme du texte, de l’audio, des images et des vidéos) et d’entreprendre des actions ;","fournir nos fonctionnalités qui font partie de l’IA par Meta et qui permettent par exemple de créer et de comprendre du contenu (comme du texte, de l’audio, des images et des vidéos) et d’entreprendre des actions ;",https://facebook.com,Low,20,,,,default_low_unverified,0.25,True,,,,0.0,val,AI-assisted weak label; requires human review before use as gold data
625e9312244bdde3,Discord,privacy_policy,Contact us,Email us at privacy@discord.com with any questions about this Privacy Policy or how we process your information. We’ll be happy to help.,Email us at privacy@discord.com with any questions about this Privacy Policy or how we process your information. We’ll be happy to help.,https://discord.com,Low,20,,,,default_low_unverified,0.25,True,,,,0.0374,train,AI-assisted weak label; requires human review before use as gold data
c0f08ea2307fca2f,WhatsApp,terms_of_service,About Our Services,"Connecting You With Other People. We provide, and always strive to improve, ways for you to communicate with other WhatsApp users including through messages, voice and video calls, sending images and video, showing your status, and sharing your location with others when you choose. WhatsApp works with partners, service providers, and affiliated companies to help us provide ways for you to connect with their services.","Connecting You With Other People. We provide, and always strive to improve, ways for you to communicate with other WhatsApp users including through messages, voice and video calls, sending images and video, showing your status, and sharing your location with others when you choose. WhatsApp works with partners, service providers, and affiliated companies to help us provide ways for you to connect with their services.",https://whatsapp.com,Low,20,,,,default_low_unverified,0.25,True,,,,0.0386,test,AI-assisted weak label; requires human review before use as gold data
5e1ba00cffafe5f0,Facebook,terms_of_service,3. Vos engagements envers Facebook et notre communauté,Vous avez été reconnu coupable de délit sexuel.,Vous avez été reconnu coupable de délit sexuel.,https://facebook.com,Low,20,,,,default_low_unverified,0.25,True,,,,0.0,val,AI-assisted weak label; requires human review before use as gold data
f3b7d7e4a28f4e7c,GitHub,terms_of_service,2. Confidentiality of Private Repositories,"GitHub considers the contents of private repositories to be confidential to you. GitHub will protect the contents of private repositories from unauthorized use, access, or disclosure in the same manner that we would use to protect our own confidential information of a similar nature and in no event with less than a reasonable degree of care.","GitHub considers the contents of private repositories to be confidential to you. GitHub will protect the contents of private repositories from unauthorized use, access, or disclosure in the same manner that we would use to protect our own confidential information of a similar nature and in no event with less than a reasonable degree of care.",https://github.com,Low,20,,,,default_low_unverified,0.25,True,,,,0.0847,val,AI-assisted weak label; requires human review before use as gold data
52126f48f851a442,TikTok,privacy_policy,Your Rights and Choices,Delete your information. You can delete or ask us to delete your information. In-app controls enable you to:,Delete your information. You can delete or ask us to delete your information. In-app controls enable you to:,https://tiktok.com,Low,20,,,,default_low_unverified,0.25,True,,,,0.1391,train,AI-assisted weak label; requires human review before use as gold data
6a826b561b1dfd4d,Facebook,privacy_policy,"Informations provenant de partenaires, fournisseurs et tout autre tiers",Que se passe-t-il si vous ne nous laissez pas collecter certaines informations ?,Que se passe-t-il si vous ne nous laissez pas collecter certaines informations ?,https://facebook.com,Low,20,,,,default_low_unverified,0.25,True,,,,0.0,val,AI-assisted weak label; requires human review before use as gold data
25ca0ba41e69440f,PayPal,privacy_policy,Notice for Consumers of Financial Products and Services,"| | | | | --- | --- | --- | | Reasons we can share your personal information | Does PayPal share? | Can you limit this sharing? | | For our everyday business purposes – <br>such as to process your transactions, maintain your account(s), respond to court orders and legal investigations, or report to credit bureaus | Yes | No | | For our marketing purposes – <br>to offer our products and services to you | Yes | No | | For joint marketing with other financial companies | Yes | No | | For our affiliates' everyday business purposes – <br>information about your transactions and experiences | Yes | No | | For our affiliates' everyday business purposes – <br>information about your creditworthiness | Yes | Yes | | For our affiliates to market to you | Yes | Yes | | For our nonaffiliates to market to you | Yes | Yes |","| | | | | --- | --- | --- | | Reasons we can share your personal information | Does PayPal share? | Can you limit this sharing? | | For our everyday business purposes – <br>such as to process your transactions, maintain your account(s), respond to court orders and legal investigations, or report to credit bureaus | Yes | No | | For our marketing purposes – <br>to offer our products and services to you | Yes | No | | For joint marketing with other financial companies | Yes | No | | For our affiliates' everyday business purposes – <br>information about your transactions and experiences | Yes | No | | For our affiliates' everyday business purposes – <br>information about your creditworthiness | Yes | Yes | | For our affiliates to market to you | Yes | Yes | | For our nonaffiliates to market to you | Yes | Yes |",https://paypal.com,Low,20,,,,default_low_unverified,0.25,True,,,,0.109,train,AI-assisted weak label; requires human review before use as gold data
3c3dae6b5bcf6457,Google,privacy_policy,Non-personally identifiable information,This is information that is recorded about users so that it no longer reflects or refers to an individually identifiable user.,This is information that is recorded about users so that it no longer reflects or refers to an individually identifiable user.,https://google.com,Low,20,,,,default_low_unverified,0.25,True,,,,0.0323,train,AI-assisted weak label; requires human review before use as gold data
7c3fd63309623fec,YouTube,privacy_policy,We build security into our services to protect your information,"We work hard to protect you and Google from unauthorized access, alteration, disclosure, or destruction of information we hold, including:","We work hard to protect you and Google from unauthorized access, alteration, disclosure, or destruction of information we hold, including:",https://youtube.com,Low,20,,,,default_low_unverified,0.25,True,,,,0.0285,train,AI-assisted weak label; requires human review before use as gold data
6cf557300594e3ee,Amazon,privacy_policy,Information You Give Us When You Use Amazon Services,content of reviews and emails to us;,content of reviews and emails to us;,https://amazon.com,Low,20,,,,default_low_unverified,0.25,True,,,,0.1193,train,AI-assisted weak label; requires human review before use as gold data
620dd888736dbcdc,TikTok,privacy_policy,Information You Provide,"Purchase Information. When you make a purchase, a payment, or other transaction on or through the Platform, including when you buy TikTok Coins or purchase products through our shopping features, we collect information about the transaction, such as payment card information, billing, delivery, and contact information, and products you purchased.","Purchase Information. When you make a purchase, a payment, or other transaction on or through the Platform, including when you buy TikTok Coins or purchase products through our shopping features, we collect information about the transaction, such as payment card information, billing, delivery, and contact information, and products you purchased.",https://tiktok.com,Low,20,,,,default_low_unverified,0.25,True,,,,0.0417,train,AI-assisted weak label; requires human review before use as gold data
9931cc41e7067757,Facebook,privacy_policy,En bref,"Dans cette Politique de confidentialité, nous expliquons comment nous recueillons, utilisons, partageons, stockons et transférons les informations. Nous vous informons également de vos droits. Chaque section de la présente Politique comprend des exemples utiles et un langage simple pour rendre nos pratiques plus simples à comprendre. Nous avons également ajouté des liens vers des ressources qui vous permettent d’en savoir plus sur les thèmes relatifs à la confidentialité susceptibles de vous intéresser.","Dans cette Politique de confidentialité, nous expliquons comment nous recueillons, utilisons, partageons, stockons et transférons les informations. Nous vous informons également de vos droits. Chaque section de la présente Politique comprend des exemples utiles et un langage simple pour rendre nos pratiques plus simples à comprendre. Nous avons également ajouté des liens vers des ressources qui vous permettent d’en savoir plus sur les thèmes relatifs à la confidentialité susceptibles de vous intéresser.",https://facebook.com,Low,20,,,,default_low_unverified,0.25,True,,,,0.0,val,AI-assisted weak label; requires human review before use as gold data
f9681fede19bd118,Reddit,privacy_policy,How We Protect Your Information,You can help maintain the security of your account by configuring two-factor authentication.,You can help maintain the security of your account by configuring two-factor authentication.,https://reddit.com,Low,20,,,,default_low_unverified,0.25,True,,,,0.3719,test,AI-assisted weak label; requires human review before use as gold data
845ff0db27ae327e,Google,privacy_policy,We build security into our services to protect your information,"We review our information collection, storage and processing practices, including physical security measures, to prevent unauthorised access to our systems","We review our information collection, storage and processing practices, including physical security measures, to prevent unauthorised access to our systems",https://google.com,Low,20,,,,default_low_unverified,0.25,True,,,,0.1108,train,AI-assisted weak label; requires human review before use as gold data
8b6b06a62cd1780c,WhatsApp,privacy_policy,Information You And We Share,"Third-Party Service Providers. We work with third-party service providers and other Facebook Companies to help us operate, provide, improve, understand, customise, support, and market our Services. We work with these companies to support our Services, such as to provide technical infrastructure, delivery and other systems; market our Services; conduct surveys and research for us; protect the safety, security and integrity of users and others; and assist with customer service. When we share information with third-party service providers and other Facebook Companies in this capacity, we require them to use your information on our behalf in accordance with our instructions and terms. For further information on how the Facebook Companies help us to operate and provide our Services, see ""How We Work With Other Facebook Companies"" below. You can also learn more in our Help Center on how we work with the Facebook Companies.","Third-Party Service Providers. We work with third-party service providers and other Facebook Companies to help us operate, provide, improve, understand, customise, support, and market our Services. We work with these companies to support our Services, such as to provide technical infrastructure, delivery and other systems; market our Services; conduct surveys and research for us; protect the safety, security and integrity of users and others; and assist with customer service. When we share information with third-party service providers and other Facebook Companies in this capacity, we require them to use your information on our behalf in accordance with our instructions and terms. For further information on how the Facebook Companies help us to operate and provide our Services, see ""How We Work With Other Facebook Companies"" below. You can also learn more in our Help Center on how we work with the Facebook Companies.",https://whatsapp.com,Low,20,,,,default_low_unverified,0.25,True,,,,0.0548,test,AI-assisted weak label; requires human review before use as gold data
0e25dfe53bdf7ee8,Instagram,terms_of_service,4. Your Commitments,"You can't do anything unlawful, misleading, or fraudulent or for an illegal or unauthorized purpose.","You can't do anything unlawful, misleading, or fraudulent or for an illegal or unauthorized purpose.",https://instagram.com,Low,20,,,,default_low_unverified,0.25,True,,,,0.094,train,AI-assisted weak label; requires human review before use as gold data
17ab2f89b821dec1,YouTube,privacy_policy,For legal reasons,"Detect, prevent, or otherwise address fraud, security, or technical issues.","Detect, prevent, or otherwise address fraud, security, or technical issues.",https://youtube.com,Low,20,,,,default_low_unverified,0.25,True,,,,0.0615,train,AI-assisted weak label; requires human review before use as gold data
a535bb4e2b3030c5,Discord,terms_of_service,Indemnity,"You will indemnify and hold Discord and its officers, directors, employees and agents harmless from and against any claims, liabilities, damages, and costs (including reasonable legal and accounting fees) related to (a) your access to or use of our services or third-party services, (b) your content, (c) your violation of these terms, or (d) your negligence or willful misconduct.","You will indemnify and hold Discord and its officers, directors, employees and agents harmless from and against any claims, liabilities, damages, and costs (including reasonable legal and accounting fees) related to (a) your access to or use of our services or third-party services, (b) your content, (c) your violation of these terms, or (d) your negligence or willful misconduct.",https://discord.com,Low,20,,,,default_low_unverified,0.25,True,,,,0.1505,train,AI-assisted weak label; requires human review before use as gold data
0f77a58475913715,Steam,terms_of_service,D. Acceptance of Agreements,"In the case of Content and Services, we accept your offer, and conclude the agreement with you, by confirming the transaction and making the Content and Services available to you or, in the case of pre-orders, only by confirming the transaction to you and deducting the applicable price from your payment method.","In the case of Content and Services, we accept your offer, and conclude the agreement with you, by confirming the transaction and making the Content and Services available to you or, in the case of pre-orders, only by confirming the transaction to you and deducting the applicable price from your payment method.",https://steampowered.com,Low,20,,,,default_low_unverified,0.25,True,,,,0.0361,test,AI-assisted weak label; requires human review before use as gold data
5c4a49fa8a617684,PayPal,terms_of_service,Linking and Unlinking a Funding Source,"All money in your account is legally termed “electronic money”, which is recognized throughout the European Economic Area as a form of money suitable for use online.","All money in your account is legally termed “electronic money”, which is recognized throughout the European Economic Area as a form of money suitable for use online.",https://paypal.com,Low,20,,,,default_low_unverified,0.25,True,,,,0.0289,train,AI-assisted weak label; requires human review before use as gold data
9d664c6b642489c4,X (Twitter),privacy_policy,2. How We Use Information,"We use information you share with us, or that we collect to conduct research, surveys, product testing, and troubleshooting to help us operate and improve our products and services.","We use information you share with us, or that we collect to conduct research, surveys, product testing, and troubleshooting to help us operate and improve our products and services.",https://twitter.com,Low,20,,,,default_low_unverified,0.25,True,,,,0.0686,train,AI-assisted weak label; requires human review before use as gold data
e9fd6730fb9410e8,GitHub,privacy_policy,Dispute resolution process,"If you do not receive timely acknowledgment of your DPF Principles-related complaint from us, or if we have not addressed your DPF Principles-related complaint to your satisfaction, please visit https://go.adr.org/dpfirm.html for more information or to file a complaint. The services of the International Centre for Dispute Resolution are provided at no cost to you.","If you do not receive timely acknowledgment of your DPF Principles-related complaint from us, or if we have not addressed your DPF Principles-related complaint to your satisfaction, please visit https://go.adr.org/dpfirm.html for more information or to file a complaint. The services of the International Centre for Dispute Resolution are provided at no cost to you.",https://github.com,Low,20,,,,default_low_unverified,0.25,True,,,,0.1117,val,AI-assisted weak label; requires human review before use as gold data
af4706a459b8df9e,YouTube,terms_of_service,Your Use of the Service,"Content on the Service The content on the Service includes videos, audio (for example music and other sounds), graphics, photos, text (such as comments and scripts), branding (including trade names, trademarks, service marks, or logos), interactive features, software, metrics, and other materials whether provided by you, YouTube or a third-party (collectively, ""Content”).","Content on the Service The content on the Service includes videos, audio (for example music and other sounds), graphics, photos, text (such as comments and scripts), branding (including trade names, trademarks, service marks, or logos), interactive features, software, metrics, and other materials whether provided by you, YouTube or a third-party (collectively, ""Content”).",https://youtube.com,Low,20,,,,default_low_unverified,0.25,True,,,,0.1451,train,AI-assisted weak label; requires human review before use as gold data
dd9b7308b81fc4ad,Google,privacy_policy,Other useful resources,Google’s teen privacy guide provides answers to some of the top questions that we get asked about privacy,Google’s teen privacy guide provides answers to some of the top questions that we get asked about privacy,https://google.com,Low,20,,,,default_low_unverified,0.25,True,,,,0.0505,train,AI-assisted weak label; requires human review before use as gold data
68f1ae05b6a0eac5,Instagram,privacy_policy,Sharing information with third parties at your request,"We share your email (or other contact information) or other information you might choose when you direct us to share it with an advertiser so they can contact you with additional information about a promoted product, and","We share your email (or other contact information) or other information you might choose when you direct us to share it with an advertiser so they can contact you with additional information about a promoted product, and",https://instagram.com,Low,20,,,,default_low_unverified,0.25,True,,,,0.1324,train,AI-assisted weak label; requires human review before use as gold data
fac75b24b064426a,Steam,terms_of_service,C. License to Use Valve Developer Tools,Commercial use of some Valve game content is permitted via features such as Steam Workshop or a Steam Subscription Marketplace. Terms applicable to that use are set forth in Sections 3.D. and 6.B. below and in any Subscription Terms provided for those features.,Commercial use of some Valve game content is permitted via features such as Steam Workshop or a Steam Subscription Marketplace. Terms applicable to that use are set forth in Sections 3.D. and 6.B. below and in any Subscription Terms provided for those features.,https://steampowered.com,Low,20,,,,default_low_unverified,0.25,True,,,,0.054,test,AI-assisted weak label; requires human review before use as gold data
eadd33e257e9e888,Facebook,terms_of_service,4. Dispositions supplémentaires,"Aucune des dispositions des présentes Conditions générales ne vise à exclure ou à limiter notre responsabilité en cas de décès, de blessure physique ou de déclaration erronée et frauduleuse dus à notre négligence, ou dans le but de porter atteinte à vos droits légaux.","Aucune des dispositions des présentes Conditions générales ne vise à exclure ou à limiter notre responsabilité en cas de décès, de blessure physique ou de déclaration erronée et frauduleuse dus à notre négligence, ou dans le but de porter atteinte à vos droits légaux.",https://facebook.com,Low,20,,,,default_low_unverified,0.25,True,,,,0.0143,val,AI-assisted weak label; requires human review before use as gold data
2f6d605f4a76ae9c,X (Twitter),privacy_policy,10. How To Contact X,"X Switzerland GmbH Attn: Data Protection Officer c/o Wasag Treuhand AG Normannenstrasse 8 Postfach 783 3018 Bern, SWITZERLAND","X Switzerland GmbH Attn: Data Protection Officer c/o Wasag Treuhand AG Normannenstrasse 8 Postfach 783 3018 Bern, SWITZERLAND",https://twitter.com,Low,20,,,,default_low_unverified,0.25,True,,,,0.0366,train,AI-assisted weak label; requires human review before use as gold data
eb2a1addef0bf3d1,X (Twitter),privacy_policy,1. Information We Collect,"Device information. We collect information from and about the devices you use to access X, including:","Device information. We collect information from and about the devices you use to access X, including:",https://twitter.com,Low,20,,,,default_low_unverified,0.25,True,,,,0.1695,train,AI-assisted weak label; requires human review before use as gold data
b4c104bb2a5ff518,Discord,terms_of_service,Settling disputes between you and Discord,"Except as modified by this Agreement to Arbitrate, ADR Services will administer any arbitration in accordance with the ADR Services Arbitration Rules and General Fee Schedule in effect at the time any demand for arbitration is filed with ADR Services, including its rules regarding “Mass Arbitrations,” and excluding any rules permitting class or representative actions. The applicable ADR Services rules and procedures are available at www.adrservices.com.","Except as modified by this Agreement to Arbitrate, ADR Services will administer any arbitration in accordance with the ADR Services Arbitration Rules and General Fee Schedule in effect at the time any demand for arbitration is filed with ADR Services, including its rules regarding “Mass Arbitrations,” and excluding any rules permitting class or representative actions. The applicable ADR Services rules and procedures are available at www.adrservices.com.",https://discord.com,Low,20,,,,default_low_unverified,0.25,True,,,,0.0663,train,AI-assisted weak label; requires human review before use as gold data
0833fc3bc9806108,Instagram,privacy_policy,Personalizing Meta Products,"Personalize features and content (such as your Facebook Feed, Instagram Feed, our features that are part of AI at Meta and Stories);","Personalize features and content (such as your Facebook Feed, Instagram Feed, our features that are part of AI at Meta and Stories);",https://instagram.com,Low,20,,,,default_low_unverified,0.25,True,,,,0.069,train,AI-assisted weak label; requires human review before use as gold data
74836988f097b014,Discord,privacy_policy,Manage your content and servers,You may edit or delete specific pieces of information within the services:,You may edit or delete specific pieces of information within the services:,https://discord.com,Low,20,,,,default_low_unverified,0.25,True,,,,0.1055,train,AI-assisted weak label; requires human review before use as gold data
470f003948efa7cd,Discord,terms_of_service,Your Discord account,"You are responsible for the security of your account, and you agree to notify us immediately if you believe your account has been compromised. If you use a password, it must be strong, and we (strongly) recommend that you use that password only for your Discord account and that you enable two-factor authentication.","You are responsible for the security of your account, and you agree to notify us immediately if you believe your account has been compromised. If you use a password, it must be strong, and we (strongly) recommend that you use that password only for your Discord account and that you enable two-factor authentication.",https://discord.com,Low,20,,,,default_low_unverified,0.25,True,,,,0.2125,train,AI-assisted weak label; requires human review before use as gold data
6dc29a666d1783fd,GitHub,terms_of_service,P. Limitation of Liability,Short version: We will not be liable for damages or losses arising from your use or inability to use the service or otherwise arising under this agreement. Please read this section carefully; it limits our obligations to you.,Short version: We will not be liable for damages or losses arising from your use or inability to use the service or otherwise arising under this agreement. Please read this section carefully; it limits our obligations to you.,https://github.com,Low,20,,,,default_low_unverified,0.25,True,,,,0.1283,val,AI-assisted weak label; requires human review before use as gold data
66109b85b1f0e9b4,Netflix,privacy_policy,Why Does Netflix Use These Technologies?,"We use pixel tags in our emails to understand how members interact with our service. Our use of pixel tags helps us understand when links within messages are clicked, or the emails are opened. We may also use pixel tags placed on Advertiser sites and applications to support advertising.","We use pixel tags in our emails to understand how members interact with our service. Our use of pixel tags helps us understand when links within messages are clicked, or the emails are opened. We may also use pixel tags placed on Advertiser sites and applications to support advertising.",https://netflix.com,Low,20,,,,default_low_unverified,0.25,True,,,,0.0645,train,AI-assisted weak label; requires human review before use as gold data
48dc23a67effdd50,GitHub,terms_of_service,1. Pricing,"Our pricing and payment terms are available at github.com/pricing. If you agree to a subscription price, that will remain your price for the duration of the payment term; however, prices are subject to change at the end of a payment term.","Our pricing and payment terms are available at github.com/pricing. If you agree to a subscription price, that will remain your price for the duration of the payment term; however, prices are subject to change at the end of a payment term.",https://github.com,Low,20,,,,default_low_unverified,0.25,True,,,,0.0332,val,AI-assisted weak label; requires human review before use as gold data
6b76f54eb1174258,Facebook,privacy_policy,Fourniture d’une expérience fluide,"Pour proposer une expérience fluide, cohérente, plus riche et innovante sur l’ensemble des Produits des entités Meta et pour permettre des interactions entre les applications ainsi que le partage, l’affichage et l’interaction avec le contenu (y compris les messages et les vidéos) entre les apps.","Pour proposer une expérience fluide, cohérente, plus riche et innovante sur l’ensemble des Produits des entités Meta et pour permettre des interactions entre les applications ainsi que le partage, l’affichage et l’interaction avec le contenu (y compris les messages et les vidéos) entre les apps.",https://facebook.com,Low,20,,,,default_low_unverified,0.25,True,,,,0.021,val,AI-assisted weak label; requires human review before use as gold data
d2ab28b76afd0e15,Google,terms_of_service,Purpose,developing new technologies and services for Google consistent with these terms,developing new technologies and services for Google consistent with these terms,https://google.com,Low,20,,,,default_low_unverified,0.25,True,,,,0.0,train,AI-assisted weak label; requires human review before use as gold data
015a9a658dff23d0,TikTok,terms_of_service,4.5 What you can’t do on the Platform,"engage with others, including minors, in an exploitative or inappropriate way;","engage with others, including minors, in an exploitative or inappropriate way;",https://tiktok.com,Low,20,,,,default_low_unverified,0.25,True,,,,0.0,train,AI-assisted weak label; requires human review before use as gold data
c34bca47781f3914,PayPal,privacy_policy,ARCO Rights,"If you have an Account you can exercise your ARCO Rights by accessing “Data and Privacy” from Account Settings in the PayPal Website or mobile app, or you can ﬁle your request by calling our Customer Services line. We will verify your identity by (i) a security code via text message; (ii) a phone call to the phone number registered in the platform; or (iii) by requesting you to access to your Account.","If you have an Account you can exercise your ARCO Rights by accessing “Data and Privacy” from Account Settings in the PayPal Website or mobile app, or you can file your request by calling our Customer Services line. We will verify your identity by (i) a security code via text message; (ii) a phone call to the phone number registered in the platform; or (iii) by requesting you to access to your Account.",https://paypal.com,Low,20,,,,default_low_unverified,0.25,True,,,,0.0404,train,AI-assisted weak label; requires human review before use as gold data
d2ed767b9b2d499c,Reddit,terms_of_service,18. Miscellaneous,"Headings are used in these Terms for reference only and will not be considered when interpreting them. For purposes of these Terms: (a) the words “include,” “includes,” and “including” will be deemed to be followed by the words “without limitation;” (b) the words “such as,” “for example,” “e.g.,” and any derivatives of those words will mean by way of example and the items that follow these words will not be deemed an exhaustive list; and (c) the word “or” is used in the inclusive sense of “and/or” and the terms “or,” “any,” and “either” are not exclusive. No ambiguity will be construed against any party based on a claim that the party drafted the language.","Headings are used in these Terms for reference only and will not be considered when interpreting them. For purposes of these Terms: (a) the words “include,” “includes,” and “including” will be deemed to be followed by the words “without limitation;” (b) the words “such as,” “for example,” “e.g.,” and any derivatives of those words will mean by way of example and the items that follow these words will not be deemed an exhaustive list; and (c) the word “or” is used in the inclusive sense of “and/or” and the terms “or,” “any,” and “either” are not exclusive. No ambiguity will be construed against any party based on a claim that the party drafted the language.",https://reddit.com,Low,20,,,,default_low_unverified,0.25,True,,,,0.0565,test,AI-assisted weak label; requires human review before use as gold data
0e606873266b803e,Google,privacy_policy,use the information that we collect across our services,"The Google app can use data that you have stored in other Google products to show you personalised content, depending on your settings. For example, if you have searches stored in your Web & App Activity, the Google app can show you news articles and other information about your interests, for example sports scores, based on your activity.","The Google app can use data that you have stored in other Google products to show you personalised content, depending on your settings. For example, if you have searches stored in your Web & App Activity, the Google app can show you news articles and other information about your interests, for example sports scores, based on your activity.",https://google.com,Low,20,,,,default_low_unverified,0.25,True,,,,0.0751,train,AI-assisted weak label; requires human review before use as gold data
73d6b552bba581f8,Discord,privacy_policy,Information about local privacy laws,Right to object to the processing of your personal data,Right to object to the processing of your personal data,https://discord.com,Low,20,,,,default_low_unverified,0.25,True,,,,0.2284,train,AI-assisted weak label; requires human review before use as gold data
6a94481fc9b0890c,YouTube,privacy_policy,"Media (like images, files, audio and video) from your interactions","For example, you can interact with many Google services using your device’s microphone or camera, or by uploading multimedia like files, images, screenshots, audio, and video. When your device detects an audio activation command, like “Hey Google,” Google records your voice and audio plus a few seconds before the activation.","For example, you can interact with many Google services using your device’s microphone or camera, or by uploading multimedia like files, images, screenshots, audio, and video. When your device detects an audio activation command, like “Hey Google,” Google records your voice and audio plus a few seconds before the activation.",https://youtube.com,Low,20,,,,default_low_unverified,0.25,True,,,,0.0296,train,AI-assisted weak label; requires human review before use as gold data
3e2b7c177082da64,GitHub,terms_of_service,3. Section Headings and Summaries,"Throughout this Agreement, each section includes titles and brief summaries of the following terms and conditions. These section titles and brief summaries are not legally binding.","Throughout this Agreement, each section includes titles and brief summaries of the following terms and conditions. These section titles and brief summaries are not legally binding.",https://github.com,Low,20,,,,default_low_unverified,0.25,True,,,,0.0193,val,AI-assisted weak label; requires human review before use as gold data
dfd13e260fe357ca,TikTok,terms_of_service,4.5 What you can’t do on the Platform,engage in inauthentic commercial behaviours such as operating spam or impersonation accounts;,engage in inauthentic commercial behaviours such as operating spam or impersonation accounts;,https://tiktok.com,Low,20,,,,default_low_unverified,0.25,True,,,,0.0,train,AI-assisted weak label; requires human review before use as gold data
f9f8b62d4f78daa2,WhatsApp,privacy_policy,Compliance With A Legal Obligation,"Data Categories Used: The information we use for this processing varies depending on the circumstances but it generally is comprised of information described in the ""Information You Provide"" and ""Automatically Collected Information"" sections of this Privacy Policy.","Data Categories Used: The information we use for this processing varies depending on the circumstances but it generally is comprised of information described in the ""Information You Provide"" and ""Automatically Collected Information"" sections of this Privacy Policy.",https://whatsapp.com,Low,20,,,,default_low_unverified,0.25,True,,,,0.0784,test,AI-assisted weak label; requires human review before use as gold data
8fce31bc4d66dba5,PayPal,privacy_policy,Banking Regulations Notice for Users in the EEA,"PayPal may update the list of third parties referred to above on the first business day of every quarter (January, April, July and October). PayPal will only start transferring any Personal Information to any of the new entities or for the new purposes or Personal Information types indicated in each update after 30 days from the date when that list is made public through this Privacy Statement. You should review the list each quarter on the PayPal website on the dates stated above. If you do not object to the new Personal Information disclosure, within 30 days after the publication of the updated list of third parties, you are deemed to have accepted the changes to the list and to this Privacy Statement. If you do not agree with the changes, you may close your account and stop using our services.","PayPal may update the list of third parties referred to above on the first business day of every quarter (January, April, July and October). PayPal will only start transferring any Personal Information to any of the new entities or for the new purposes or Personal Information types indicated in each update after 30 days from the date when that list is made public through this Privacy Statement. You should review the list each quarter on the PayPal website on the dates stated above. If you do not object to the new Personal Information disclosure, within 30 days after the publication of the updated list of third parties, you are deemed to have accepted the changes to the list and to this Privacy Statement. If you do not agree with the changes, you may close your account and stop using our services.",https://paypal.com,Low,20,,,,default_low_unverified,0.25,True,,,,0.0802,train,AI-assisted weak label; requires human review before use as gold data
4b17215caa6d1ee7,WhatsApp,terms_of_service,Other,"Except as contemplated herein, our Terms do not give any third-party beneficiary rights.","Except as contemplated herein, our Terms do not give any third-party beneficiary rights.",https://whatsapp.com,Low,20,,,,default_low_unverified,0.25,True,,,,0.0742,test,AI-assisted weak label; requires human review before use as gold data
c97775cea28b6625,PayPal,privacy_policy,Our Contact Information,Call Hyperwallet Customer Service at 1-877-546-8220; or,Call Hyperwallet Customer Service at 1-877-546-8220; or,https://paypal.com,Low,20,,,,default_low_unverified,0.25,True,,,,0.038,train,AI-assisted weak label; requires human review before use as gold data
967616bb59e5ca42,Discord,privacy_policy,How we use your information,"Under certain data protection laws like GDPR, companies must have a “legal basis”—a valid reason—to process personal information. Discord relies on different legal bases to process your information for the purposes described in this Privacy Policy. We use the Information We Collect—Account information, Content you create, Payment information, Information from actions you take, Information used to enable optional features, Other information you provide directly to us, Information about your device, Information about your use of the apps or websites, other information that we collect automatically, and Information we receive from other sources—for the following reasons and according to these legal bases (where applicable). For each reason, we describe how we process your information to achieve each purpose. This processing can include use of automated technologies such as machine learning systems that help us power and improve our services. In certain jurisdictions, we rely on consent (implied or express) to collect, use and disclose personal information, subject to limited exceptions. As a result, the legal bases below may not apply to you.","Under certain data protection laws like GDPR, companies must have a “legal basis”—a valid reason—to process personal information. Discord relies on different legal bases to process your information for the purposes described in this Privacy Policy. We use the Information We Collect—Account information, Content you create, Payment information, Information from actions you take, Information used to enable optional features, Other information you provide directly to us, Information about your device, Information about your use of the apps or websites, other information that we collect automatically, and Information we receive from other sources—for the following reasons and according to these legal bases (where applicable). For each reason, we describe how we process your information to achieve each purpose. This processing can include use of automated technologies such as machine learning systems that help us power and improve our services. In certain jurisdictions, we rely on consent (implied or express) to collect, use and disclose personal information, subject to limited exceptions. As a result, the legal bases below may not apply to you.",https://discord.com,Low,20,,,,default_low_unverified,0.25,True,,,,0.1014,train,AI-assisted weak label; requires human review before use as gold data
e43060bd0412d588,TikTok,privacy_policy,Others,"Users and the Public. Based on your privacy settings, your information, including your Account Information, User Content, and Usage Information may be visible to other users and the public. For example, if you have a public account and have not restricted the visibility of your posts individually, your Account Information and User Content can be viewed or shared by anyone on or off the Platform, whether or not they have a TikTok account. Depending on your privacy settings, your Account Information and User Content may also appear on search engines, content aggregators, and news sites. You can learn about account types and privacy settings, including how to limit the audience for your videos here.","Users and the Public. Based on your privacy settings, your information, including your Account Information, User Content, and Usage Information may be visible to other users and the public. For example, if you have a public account and have not restricted the visibility of your posts individually, your Account Information and User Content can be viewed or shared by anyone on or off the Platform, whether or not they have a TikTok account. Depending on your privacy settings, your Account Information and User Content may also appear on search engines, content aggregators, and news sites. You can learn about account types and privacy settings, including how to limit the audience for your videos here.",https://tiktok.com,Low,20,,,,default_low_unverified,0.25,True,,,,0.0375,train,AI-assisted weak label; requires human review before use as gold data
a94751b885496a6d,YouTube,terms_of_service,Your Use of the Service,Your Information Our Privacy Policy explains how we treat your personal data and protect your privacy when you use the Service. The YouTube Kids Privacy Notice provides additional information about our privacy practices that are specific to YouTube Kids.,Your Information Our Privacy Policy explains how we treat your personal data and protect your privacy when you use the Service. The YouTube Kids Privacy Notice provides additional information about our privacy practices that are specific to YouTube Kids.,https://youtube.com,Low,20,,,,default_low_unverified,0.25,True,,,,0.1231,train,AI-assisted weak label; requires human review before use as gold data
4964673924d067e6,X (Twitter),privacy_policy,1. Information We Collect,1.3 Information we receive from third parties.,1.3 Information we receive from third parties.,https://twitter.com,Low,20,,,,default_low_unverified,0.25,True,,,,0.1608,train,AI-assisted weak label; requires human review before use as gold data
f4f804e1e520f2d0,Discord,terms_of_service,Discord’s content,"Our services include some content that belongs to us, such as the design of our apps and websites, our art and images, and content written by us. You may use our software as outlined in these terms. You may only use our trademarks (or other brand indicia) and copyrights as permitted in our Brand Guidelines or with our prior written permission. We retain all intellectual property rights in our content.","Our services include some content that belongs to us, such as the design of our apps and websites, our art and images, and content written by us. You may use our software as outlined in these terms. You may only use our trademarks (or other brand indicia) and copyrights as permitted in our Brand Guidelines or with our prior written permission. We retain all intellectual property rights in our content.",https://discord.com,Low,20,,,,default_low_unverified,0.25,True,,,,0.0465,train,AI-assisted weak label; requires human review before use as gold data
c42a6fa4f0ebc258,Reddit,privacy_policy,What Information We Collect,"For example, when you visit a site that uses Reddit Embeds, we may receive information about the web page you visited. Similarly, if an advertiser incorporates Reddit’s ad technology, Reddit may receive limited information about your activity on the advertiser’s site or app, such as whether you bought something from the advertiser. You can control how we use this information to personalize the Services and ads on and off Reddit for you as described in “Your Rights and Choices” below. | |","For example, when you visit a site that uses Reddit Embeds, we may receive information about the web page you visited. Similarly, if an advertiser incorporates Reddit’s ad technology, Reddit may receive limited information about your activity on the advertiser’s site or app, such as whether you bought something from the advertiser. You can control how we use this information to personalize the Services and ads on and off Reddit for you as described in “Your Rights and Choices” below. | |",https://reddit.com,Low,20,,,,default_low_unverified,0.25,True,,,,0.113,test,AI-assisted weak label; requires human review before use as gold data
0d4cad593ae42fd0,Google,privacy_policy,When this policy applies,"Services offered by other companies or individuals, including products or sites they offer that may include Google services to which the policy applies, or products or sites displayed to you in search results, or linked from our services","Services offered by other companies or individuals, including products or sites they offer that may include Google services to which the policy applies, or products or sites displayed to you in search results, or linked from our services",https://google.com,Low,20,,,,default_low_unverified,0.25,True,,,,0.044,train,AI-assisted weak label; requires human review before use as gold data
3d68c16bca780bc6,Google,terms_of_service,"We know it’s tempting to skip these Terms of Service, but it’s important to establish what you can expect from us as you use Google services, and what we expect from you.","Besides these terms, we also publish a Privacy Policy. Although it’s not part of these terms, we encourage you to read it to better understand how you can update, manage, export and delete your information.","Besides these terms, we also publish a Privacy Policy. Although it’s not part of these terms, we encourage you to read it to better understand how you can update, manage, export and delete your information.",https://google.com,Low,20,,,,default_low_unverified,0.25,True,,,,0.0984,train,AI-assisted weak label; requires human review before use as gold data
845b25e1a6d73d88,Reddit,terms_of_service,16. Additional Terms,"If you advertise on the Services, you must also agree to the Reddit Advertising Platform Terms.","If you advertise on the Services, you must also agree to the Reddit Advertising Platform Terms.",https://reddit.com,Low,20,,,,default_low_unverified,0.25,True,,,,0.0797,test,AI-assisted weak label; requires human review before use as gold data
bb398c7dd9ab592c,PayPal,privacy_policy,Definitions,"Partners and Merchants means our partners and the merchants, partners or businesses that our Users transact with for the purpose of obtaining goods or services.","Partners and Merchants means our partners and the merchants, partners or businesses that our Users transact with for the purpose of obtaining goods or services.",https://paypal.com,Low,20,,,,default_low_unverified,0.25,True,,,,0.0377,train,AI-assisted weak label; requires human review before use as gold data
10b4156093a12b29,TikTok,terms_of_service,Last updated: July 2026,In short: This is a contract between you and TikTok. You should read it and any other terms that apply to you.,In short: This is a contract between you and TikTok. You should read it and any other terms that apply to you.,https://tiktok.com,Low,20,,,,default_low_unverified,0.25,True,,,,0.1069,train,AI-assisted weak label; requires human review before use as gold data
c9b551dcb373d808,PayPal,privacy_policy,Your Data Protection Rights,"Under applicable data protection laws, depending upon the country in which you reside, and subject to applicable exceptions and definitional differences among various laws, you may have certain rights about how your Personal Information is collected, stored, used and shared.","Under applicable data protection laws, depending upon the country in which you reside, and subject to applicable exceptions and definitional differences among various laws, you may have certain rights about how your Personal Information is collected, stored, used and shared.",https://paypal.com,Low,20,,,,default_low_unverified,0.25,True,,,,0.1855,train,AI-assisted weak label; requires human review before use as gold data
696dd8453a043099,Pinterest,terms_of_service,Thank you for using Pinterest!,"Our Enforcement practices, which explain how we put our policies into practice, including restrictions we may impose on your content on or use of Pinterest.","Our Enforcement practices, which explain how we put our policies into practice, including restrictions we may impose on your content on or use of Pinterest.",https://pinterest.com,Low,20,,,,default_low_unverified,0.25,True,,,,0.0392,train,AI-assisted weak label; requires human review before use as gold data
7451bddc1569a89e,Pinterest,privacy_policy,"To improve, innovate and develop our Services, we:",Pinterest also has features that are supported by generative artificial intelligence technology. Learn more here.,Pinterest also has features that are supported by generative artificial intelligence technology. Learn more here.,https://pinterest.com,Low,20,,,,default_low_unverified,0.25,True,,,,0.0,train,AI-assisted weak label; requires human review before use as gold data
d1d6ece9254ade6f,Google,privacy_policy,Activity on Google services,"In some cases, areas that you have searched from in the past may be used to estimate a relevant location for your search. For example, if you search for coffee shops while in Chelsea, Google might show results for Chelsea in future searches.","In some cases, areas that you have searched from in the past may be used to estimate a relevant location for your search. For example, if you search for coffee shops while in Chelsea, Google might show results for Chelsea in future searches.",https://google.com,Low,20,,,,default_low_unverified,0.25,True,,,,0.0489,train,AI-assisted weak label; requires human review before use as gold data
4ac5381661aade8b,Steam,privacy_policy,3. The Types and Sources of Data We Collect,"3.5 Your Use of Games and other Subscriptions In order to provide you with services, we need to collect, store and use various information about your activity in our Content and Services. ""Content-Related Information"" includes your Steam ID, as well as what is usually referred to as ""game statistics"". By game statistics we mean information about your games' preferences, progress in the games, playtime, as well as information about the device you are using, including what operating system you are using, device settings, unique device identifiers, and crash data.","3.5 Your Use of Games and other Subscriptions In order to provide you with services, we need to collect, store and use various information about your activity in our Content and Services. ""Content-Related Information"" includes your Steam ID, as well as what is usually referred to as ""game statistics"". By game statistics we mean information about your games' preferences, progress in the games, playtime, as well as information about the device you are using, including what operating system you are using, device settings, unique device identifiers, and crash data.",https://steampowered.com,Low,20,,,,default_low_unverified,0.25,True,,,,0.0788,test,AI-assisted weak label; requires human review before use as gold data
ac88ecafac3b2fce,Facebook,privacy_policy,En bref,Voici les manières dont nous utilisons vos informations :,Voici les manières dont nous utilisons vos informations :,https://facebook.com,Low,20,,,,default_low_unverified,0.25,True,,,,0.0,val,AI-assisted weak label; requires human review before use as gold data
74b1fb8521e120b1,Discord,terms_of_service,Software in Discord’s services,"You may not copy, modify, create derivative works based upon, distribute, sell, lease, or sublicense any of our software or services. You also may not reverse engineer or decompile our software or services, attempt to do so, or assist anyone in doing so, unless you have our written consent or applicable law permits it.","You may not copy, modify, create derivative works based upon, distribute, sell, lease, or sublicense any of our software or services. You also may not reverse engineer or decompile our software or services, attempt to do so, or assist anyone in doing so, unless you have our written consent or applicable law permits it.",https://discord.com,Low,20,,,,default_low_unverified,0.25,True,,,,0.0508,train,AI-assisted weak label; requires human review before use as gold data
13a7814d9114d8eb,Facebook,privacy_policy,Traitement d’informations lorsque la loi l’exige,"Lorsque nous sommes soumis à l’obligation de divulguer certaines informations, par exemple si nous recevons une demande légale valide relative à certaines informations, telle qu’un mandat de perquisition, nous accédons à vos informations, les conservons et/ou les partageons avec des autorités de réglementation, les forces de l’ordre ou autres.","Lorsque nous sommes soumis à l’obligation de divulguer certaines informations, par exemple si nous recevons une demande légale valide relative à certaines informations, telle qu’un mandat de perquisition, nous accédons à vos informations, les conservons et/ou les partageons avec des autorités de réglementation, les forces de l’ordre ou autres.",https://facebook.com,Low,20,,,,default_low_unverified,0.25,True,,,,0.0,val,AI-assisted weak label; requires human review before use as gold data
bd092bdac6be5434,Reddit,privacy_policy,How We Share Your Information,"With linked services. If you link your Reddit account with a third-party service, Reddit will share the information you authorize with that third-party service. You can control this sharing as described in ""Your Rights and Choices"" below.","With linked services. If you link your Reddit account with a third-party service, Reddit will share the information you authorize with that third-party service. You can control this sharing as described in ""Your Rights and Choices"" below.",https://reddit.com,Low,20,,,,default_low_unverified,0.25,True,,,,0.0878,test,AI-assisted weak label; requires human review before use as gold data
6ca5c63b69007f0b,Facebook,terms_of_service,4. Dispositions supplémentaires,"Nous pouvons être amenés à changer le nom d’utilisateur associé à votre compte dans certaines circonstances (par exemple, lorsqu’une autre personne revendique le nom d’utilisateur et que le nom d’utilisateur semble sans rapport avec le nom que vous utilisez au quotidien).","Nous pouvons être amenés à changer le nom d’utilisateur associé à votre compte dans certaines circonstances (par exemple, lorsqu’une autre personne revendique le nom d’utilisateur et que le nom d’utilisateur semble sans rapport avec le nom que vous utilisez au quotidien).",https://facebook.com,Low,20,,,,default_low_unverified,0.25,True,,,,0.0,val,AI-assisted weak label; requires human review before use as gold data
fc0e7dd091b313c7,TikTok,privacy_policy,How We Use Your Information,Facilitate research conducted by independent researchers that meets certain criteria.,Facilitate research conducted by independent researchers that meets certain criteria.,https://tiktok.com,Low,20,,,,default_low_unverified,0.25,True,,,,0.0,train,AI-assisted weak label; requires human review before use as gold data
36ba86a3b207220c,Reddit,privacy_policy,How We Use Your Information,"Provide you personalized, age-appropriate services, content, and features;","Provide you personalized, age-appropriate services, content, and features;",https://reddit.com,Low,20,,,,default_low_unverified,0.25,True,,,,0.0756,test,AI-assisted weak label; requires human review before use as gold data
b1466d84edf9b44b,Amazon,terms_of_service,ELECTRONIC COMMUNICATIONS,"When you use Amazon Services, or send e-mails, text messages, and other communications from your desktop or mobile device to us, you may be communicating with us electronically. You consent to receive communications from us electronically, such as e-mails, texts, mobile push notices, or notices and messages on this site or through the other Amazon Services, such as our Message Center, and you can retain copies of these communications for your records. You agree that all agreements, notices, disclosures, and other communications that we provide to you electronically satisfy any legal requirement that such communications be in writing.","When you use Amazon Services, or send e-mails, text messages, and other communications from your desktop or mobile device to us, you may be communicating with us electronically. You consent to receive communications from us electronically, such as e-mails, texts, mobile push notices, or notices and messages on this site or through the other Amazon Services, such as our Message Center, and you can retain copies of these communications for your records. You agree that all agreements, notices, disclosures, and other communications that we provide to you electronically satisfy any legal requirement that such communications be in writing.",https://amazon.com,Low,20,,,,default_low_unverified,0.25,True,,,,0.0754,train,AI-assisted weak label; requires human review before use as gold data
a6a271cfc9096ed2,WhatsApp,privacy_policy,Information You Provide,"Transactions And Payments Data. If you use our payments services, or use our Services meant for purchases or other financial transactions, we process additional information about you, including payment account and transaction information. Payment account and transaction information includes information needed to complete the transaction (for example, information about your payment method, shipping details and transaction amount). If you use our payments services available in your country or territory, our privacy practices are described in the applicable payments privacy policy.","Transactions And Payments Data. If you use our payments services, or use our Services meant for purchases or other financial transactions, we process additional information about you, including payment account and transaction information. Payment account and transaction information includes information needed to complete the transaction (for example, information about your payment method, shipping details and transaction amount). If you use our payments services available in your country or territory, our privacy practices are described in the applicable payments privacy policy.",https://whatsapp.com,Low,20,,,,default_low_unverified,0.25,True,,,,0.0795,test,AI-assisted weak label; requires human review before use as gold data
e942971433161717,Discord,privacy_policy,Data Protection Officer,"We’ve appointed VeraSafe as Discord’s representative in the United Kingdom for data protection matters, pursuant to Article 27 of the UK General Data Protection Regulation. See the section “Contact Us” below. You can contact VeraSafe only on matters related to the processing of personal data.","We’ve appointed VeraSafe as Discord’s representative in the United Kingdom for data protection matters, pursuant to Article 27 of the UK General Data Protection Regulation. See the section “Contact Us” below. You can contact VeraSafe only on matters related to the processing of personal data.",https://discord.com,Low,20,,,,default_low_unverified,0.25,True,,,,0.1049,train,AI-assisted weak label; requires human review before use as gold data
e6bdec7c77c72532,Google,terms_of_service,"We know it’s tempting to skip these Terms of Service, but it’s important to establish what you can expect from us as you use Google services, and what we expect from you.","These Terms of Service reflect the way that Google’s business works, the laws that apply to our company, and certain things that we’ve always believed to be true. As a result, these Terms of Service help define Google’s relationship with you as you interact with our services. For example, these terms include the following topic headings:","These Terms of Service reflect the way that Google’s business works, the laws that apply to our company, and certain things that we’ve always believed to be true. As a result, these Terms of Service help define Google’s relationship with you as you interact with our services. For example, these terms include the following topic headings:",https://google.com,Low,20,,,,default_low_unverified,0.25,True,,,,0.0463,train,AI-assisted weak label; requires human review before use as gold data
211cfb50ff6422e7,Reddit,terms_of_service,"Reddit User Agreement if you live in the United States or outside the EEA, United Kingdom, and Switzerland","Hello, redditors and people of the Internet! This Reddit User Agreement (“Terms”) applies to your access to and use of the websites, mobile apps, widgets, APIs, emails, and other online products and services (collectively, the “Services”) provided by Reddit, Inc. (“Reddit,” “we,” “us,” or “our”).","Hello, redditors and people of the Internet! This Reddit User Agreement (“Terms”) applies to your access to and use of the websites, mobile apps, widgets, APIs, emails, and other online products and services (collectively, the “Services”) provided by Reddit, Inc. (“Reddit,” “we,” “us,” or “our”).",https://reddit.com,Low,20,,,,default_low_unverified,0.25,True,,,,0.0541,test,AI-assisted weak label; requires human review before use as gold data
95e22b5d6d47494c,GitHub,terms_of_service,A. Definitions,"An ""Account"" represents your legal relationship with GitHub. A “Personal Account” represents an individual User’s authorization to log in to and use the Service and serves as a User’s identity on GitHub. “Organizations” are shared workspaces that may be associated with a single entity or with one or more Users where multiple Users can collaborate across many projects at once. A Personal Account can be a member of any number of Organizations.","An ""Account"" represents your legal relationship with GitHub. A “Personal Account” represents an individual User’s authorization to log in to and use the Service and serves as a User’s identity on GitHub. “Organizations” are shared workspaces that may be associated with a single entity or with one or more Users where multiple Users can collaborate across many projects at once. A Personal Account can be a member of any number of Organizations.",https://github.com,Low,20,,,,default_low_unverified,0.25,True,,,,0.0438,val,AI-assisted weak label; requires human review before use as gold data
b9eaa25f101e3a1f,Facebook,privacy_policy,Partage d’informations avec des tiers lorsque vous le demandez,nous partageons votre adresse e-mail (ou d’autres coordonnées) ou d’autres informations que vous choisissez lorsque vous nous demandez de les partager avec un annonceur afin qu’il puisse vous contacter pour vous fournir de plus amples informations sur un produit présenté ; et,nous partageons votre adresse e-mail (ou d’autres coordonnées) ou d’autres informations que vous choisissez lorsque vous nous demandez de les partager avec un annonceur afin qu’il puisse vous contacter pour vous fournir de plus amples informations sur un produit présenté ; et,https://facebook.com,Low,20,,,,default_low_unverified,0.25,True,,,,0.0198,val,AI-assisted weak label; requires human review before use as gold data
09b750c201263620,PayPal,terms_of_service,What do you need to use the PayPal service?,"To use our service, you will need access to a smartphone and computer, or tablet and have an internet connection.","To use our service, you will need access to a smartphone and computer, or tablet and have an internet connection.",https://paypal.com,Low,20,,,,default_low_unverified,0.25,True,,,,0.1697,train,AI-assisted weak label; requires human review before use as gold data
3170db6f6e299557,Pinterest,privacy_policy,"To deliver ads, off Pinterest, that are relevant, interesting and personal to you about Pinterest, we:","Advertise Pinterest products and services to you on other sites. To do this, we disclose information such as cookie IDs, your IP address, and a hashed version of your email address to services we use to market Pinterest to you on sites and apps other than Pinterest, such as Facebook Ads, Google Marketing Platform, and others.","Advertise Pinterest products and services to you on other sites. To do this, we disclose information such as cookie IDs, your IP address, and a hashed version of your email address to services we use to market Pinterest to you on sites and apps other than Pinterest, such as Facebook Ads, Google Marketing Platform, and others.",https://pinterest.com,Low,20,,,,default_low_unverified,0.25,True,,,,0.1108,train,AI-assisted weak label; requires human review before use as gold data
3294a709a47b36dc,X (Twitter),privacy_policy,10. How To Contact X,"X Corp. Attn: Privacy Policy Inquiry 865 FM 1209, Building 2 Bastrop, TX 78602","X Corp. Attn: Privacy Policy Inquiry 865 FM 1209, Building 2 Bastrop, TX 78602",https://twitter.com,Low,20,,,,default_low_unverified,0.25,True,,,,0.083,train,AI-assisted weak label; requires human review before use as gold data
d0c43e018ea404a1,PayPal,terms_of_service,Withdrawing money,Convert the electronic money to money that we can transfer to your nominated funding source.,Convert the electronic money to money that we can transfer to your nominated funding source.,https://paypal.com,Low,20,,,,default_low_unverified,0.25,True,,,,0.0,train,AI-assisted weak label; requires human review before use as gold data
a2939c97804f7631,X (Twitter),privacy_policy,5. Take Control,"5.3 Objecting to, restricting, or withdrawing your consent.","5.3 Objecting to, restricting, or withdrawing your consent.",https://twitter.com,Low,20,,,,default_low_unverified,0.25,True,,,,0.0511,train,AI-assisted weak label; requires human review before use as gold data
1474725f6249a6ce,YouTube,privacy_policy,Activity on Google Services,"In some cases, depending on your personalization settings like Personalized Recommendations in Search services, areas that you have searched from in the past may be used to estimate a relevant location for your search. For example, if you search for coffee shops while in Chelsea, Google might show results for Chelsea in future searches.","In some cases, depending on your personalization settings like Personalized Recommendations in Search services, areas that you have searched from in the past may be used to estimate a relevant location for your search. For example, if you search for coffee shops while in Chelsea, Google might show results for Chelsea in future searches.",https://youtube.com,Low,20,,,,default_low_unverified,0.25,True,,,,0.0478,train,AI-assisted weak label; requires human review before use as gold data
223dd04999c75094,X (Twitter),terms_of_service,6. General,"The X User Agreement is written in English but is made available in multiple languages through translations. X strives to make the translations as accurate as possible to the original English version. However, in case of any discrepancies or inconsistencies, the English language version of the X User Agreement shall take precedence. You acknowledge that English shall be the language of reference for interpreting and constructing the terms of the X User Agreement.","The X User Agreement is written in English but is made available in multiple languages through translations. X strives to make the translations as accurate as possible to the original English version. However, in case of any discrepancies or inconsistencies, the English language version of the X User Agreement shall take precedence. You acknowledge that English shall be the language of reference for interpreting and constructing the terms of the X User Agreement.",https://twitter.com,Low,20,,,,default_low_unverified,0.25,True,,,,0.0503,train,AI-assisted weak label; requires human review before use as gold data
9665a90104db6ad6,WhatsApp,terms_of_service,Availability And Termination Of Our Services,"Termination. Although we hope you remain a WhatsApp user, you can terminate your relationship with WhatsApp anytime for any reason by deleting your account. For instructions on how to do so, please visit the Android, iPhone, or KaiOS articles in our Help Center.","Termination. Although we hope you remain a WhatsApp user, you can terminate your relationship with WhatsApp anytime for any reason by deleting your account. For instructions on how to do so, please visit the Android, iPhone, or KaiOS articles in our Help Center.",https://whatsapp.com,Low,20,,,,default_low_unverified,0.25,True,,,,0.064,test,AI-assisted weak label; requires human review before use as gold data
cbab0e830bc62a17,YouTube,privacy_policy,activity on third-party sites and apps that use our services,You can learn more about some of the ways you can control the information that is shared when you visit or interact with sites and apps that use Google services.,You can learn more about some of the ways you can control the information that is shared when you visit or interact with sites and apps that use Google services.,https://youtube.com,Low,20,,,,default_low_unverified,0.25,True,,,,0.0779,train,AI-assisted weak label; requires human review before use as gold data
00d5936f73cf73bf,Pinterest,privacy_policy,Your Rights and Choices,"Deletion/erasure: You can have your information deleted. In your settings, select “Delete your data and account” and follow the instructions.","Deletion/erasure: You can have your information deleted. In your settings, select “Delete your data and account” and follow the instructions.",https://pinterest.com,Low,20,,,,default_low_unverified,0.25,True,,,,0.1,train,AI-assisted weak label; requires human review before use as gold data
1c9e9f871f373b90,TikTok,terms_of_service,7.2 Reasons for changes,to reflect changes in the number of people who use the Platform or a feature or functionality of the Platform;,to reflect changes in the number of people who use the Platform or a feature or functionality of the Platform;,https://tiktok.com,Low,20,,,,default_low_unverified,0.25,True,,,,0.0395,train,AI-assisted weak label; requires human review before use as gold data
db3045ad571eae13,Pinterest,privacy_policy,2. We also get technical information when you use Pinterest,"User Choices: We will keep a record of choices you’ve selected in your settings, including privacy settings and whether you have enabled notifications.","User Choices: We will keep a record of choices you’ve selected in your settings, including privacy settings and whether you have enabled notifications.",https://pinterest.com,Low,20,,,,default_low_unverified,0.25,True,,,,0.0538,train,AI-assisted weak label; requires human review before use as gold data
306f7d40823926f0,GitHub,terms_of_service,H. API Terms,You may not share API tokens to exceed GitHub's rate limitations.,You may not share API tokens to exceed GitHub's rate limitations.,https://github.com,Low,20,,,,default_low_unverified,0.25,True,,,,0.0151,val,AI-assisted weak label; requires human review before use as gold data
331c87d7f3576eb9,Netflix,privacy_policy,The Categories of Personal Information We Collect,"Personal details: When you register with the Netflix service, we collect your contact information (such as your email address) and authentication information for your login (such as a password). Depending on your interaction with the Netflix service, we also collect one or more of the following: first and last name, phone number, postal address, gender, date of birth, and other identifiers you provide to us.","Personal details: When you register with the Netflix service, we collect your contact information (such as your email address) and authentication information for your login (such as a password). Depending on your interaction with the Netflix service, we also collect one or more of the following: first and last name, phone number, postal address, gender, date of birth, and other identifiers you provide to us.",https://netflix.com,Low,20,,,,default_low_unverified,0.25,True,,,,0.1293,train,AI-assisted weak label; requires human review before use as gold data
d8dac13c4380338f,GitHub,terms_of_service,1. Governing Law,"Except to the extent applicable law provides otherwise, this Agreement between you and GitHub and any access to or use of the Website or the Service are governed by the federal laws of the United States of America and the laws of the State of California, without regard to conflict of law provisions. You and GitHub agree to submit to the exclusive jurisdiction and venue of the courts located in the City and County of San Francisco, California. However, any claim for injunctive relief with respect to a violation of section D.9 may be brought in any jurisdiction.","Except to the extent applicable law provides otherwise, this Agreement between you and GitHub and any access to or use of the Website or the Service are governed by the federal laws of the United States of America and the laws of the State of California, without regard to conflict of law provisions. You and GitHub agree to submit to the exclusive jurisdiction and venue of the courts located in the City and County of San Francisco, California. However, any claim for injunctive relief with respect to a violation of section D.9 may be brought in any jurisdiction.",https://github.com,Low,20,,,,default_low_unverified,0.25,True,,,,0.0768,val,AI-assisted weak label; requires human review before use as gold data
bd39397e9fde6b46,X (Twitter),privacy_policy,1. Information We Collect,"When you access X and are not signed in, we may infer your identity based on the information we collect.","When you access X and are not signed in, we may infer your identity based on the information we collect.",https://twitter.com,Low,20,,,,default_low_unverified,0.25,True,,,,0.145,train,AI-assisted weak label; requires human review before use as gold data
f7d9519a528b02b6,Netflix,terms_of_service,1.4. Account Sharing,"1.4. Account Sharing. The Netflix service and any content accessed through it are for your personal, non-commercial use only and may not be shared with anyone outside of your household, unless, in countries where this feature is available, you purchased an Extra Member account.","1.4. Account Sharing. The Netflix service and any content accessed through it are for your personal, non-commercial use only and may not be shared with anyone outside of your household, unless, in countries where this feature is available, you purchased an Extra Member account.",https://netflix.com,Low,20,,,,default_low_unverified,0.25,True,,,,0.0708,train,AI-assisted weak label; requires human review before use as gold data
1ae28ab4f5adef79,Steam,terms_of_service,I. Refunds and Right of Withdrawal,"Without prejudice to any statutory rights you may have, you can request a refund for your orders or purchases on Steam in accordance with the terms of Valve’s Refund Policy http://store.steampowered.com/steamrefunds/.","Without prejudice to any statutory rights you may have, you can request a refund for your orders or purchases on Steam in accordance with the terms of Valve’s Refund Policy http://store.steampowered.com/steamrefunds/.",https://steampowered.com,Low,20,,,,default_low_unverified,0.25,True,,,,0.2417,test,AI-assisted weak label; requires human review before use as gold data
16d6caa3571bd54e,GitHub,terms_of_service,O. Disclaimer of Warranties,"Short version: We provide our service as is, and we make no promises or guarantees about this service. Please read this section carefully; you should understand what to expect.","Short version: We provide our service as is, and we make no promises or guarantees about this service. Please read this section carefully; you should understand what to expect.",https://github.com,Low,20,,,,default_low_unverified,0.25,True,,,,0.0943,val,AI-assisted weak label; requires human review before use as gold data
6129c568ca2d9e5a,PayPal,terms_of_service,Withdrawing money,"To a funding source (for example, bank account or card) denominated in a currency other than the original opening currency of your account, the conversion into the currency in which the funding source is denominated will be performed using our transaction exchange rate.","To a funding source (for example, bank account or card) denominated in a currency other than the original opening currency of your account, the conversion into the currency in which the funding source is denominated will be performed using our transaction exchange rate.",https://paypal.com,Low,20,,,,default_low_unverified,0.25,True,,,,0.02,train,AI-assisted weak label; requires human review before use as gold data
a4e6ff49e2dd199b,Google,privacy_policy,services to make and receive calls or send and receive messages,"Google Chat, for sending and receiving messages","Google Chat, for sending and receiving messages",https://google.com,Low,20,,,,default_low_unverified,0.25,True,,,,0.1285,train,AI-assisted weak label; requires human review before use as gold data
dd535313f0503bde,Facebook,privacy_policy,Mise à disposition et amélioration des Produits Meta,"Nous utilisons également les informations pour développer, rechercher et tester des améliorations des produits Meta. Nous utilisons les informations dont nous disposons pour :","Nous utilisons également les informations pour développer, rechercher et tester des améliorations des produits Meta. Nous utilisons les informations dont nous disposons pour :",https://facebook.com,Low,20,,,,default_low_unverified,0.25,True,,,,0.0,val,AI-assisted weak label; requires human review before use as gold data
40ff4d96b6322df2,GitHub,terms_of_service,1. Subject to Change,"Beta Previews may not be supported and may be changed at any time without notice. In addition, Beta Previews are not subject to the same security measures and auditing to which the Service has been and is subject. By using a Beta Preview, you use it at your own risk.","Beta Previews may not be supported and may be changed at any time without notice. In addition, Beta Previews are not subject to the same security measures and auditing to which the Service has been and is subject. By using a Beta Preview, you use it at your own risk.",https://github.com,Low,20,,,,default_low_unverified,0.25,True,,,,0.1684,val,AI-assisted weak label; requires human review before use as gold data
7364d5deace66ace,Facebook,privacy_policy,Personnalisation des Produits Meta,"Les types de contenus que vous visualisez ou avec lesquels vous interagissez, et la manière dont vous interagissez avec eux","Les types de contenus que vous visualisez ou avec lesquels vous interagissez, et la manière dont vous interagissez avec eux",https://facebook.com,Low,20,,,,default_low_unverified,0.25,True,,,,0.0535,val,AI-assisted weak label; requires human review before use as gold data
043cab68461536d7,PayPal,terms_of_service,Withdrawing money,"If you have a business account, this transactions exchange rate will not apply. Instead, you will pay a currency conversion fee applied on an external base exchange rate as described on the Fees Page (see also the ""How We Convert Currency"" section).","If you have a business account, this transactions exchange rate will not apply. Instead, you will pay a currency conversion fee applied on an external base exchange rate as described on the Fees Page (see also the ""How We Convert Currency"" section).",https://paypal.com,Low,20,,,,default_low_unverified,0.25,True,,,,0.0526,train,AI-assisted weak label; requires human review before use as gold data
a0269a5dda9755bc,X (Twitter),terms_of_service,Your License to Use the Services,"The Services are protected by copyright, trademark, and other laws of both the United States and other countries. Nothing in the Terms gives you a right to use the X name or Twitter name or any of the X or Twitter trademarks, logos, domain names, other distinctive brand features, and other proprietary rights, and you may not do so without our express written consent. All right, title, and interest in and to the Services (excluding Content provided by users) are and will remain our and our licensors' exclusive property. Any feedback, comments, or suggestions you may provide regarding X, or the Services is entirely voluntary and we will be free to use such feedback, comments or suggestions as we see fit and without any obligation to you.","The Services are protected by copyright, trademark, and other laws of both the United States and other countries. Nothing in the Terms gives you a right to use the X name or Twitter name or any of the X or Twitter trademarks, logos, domain names, other distinctive brand features, and other proprietary rights, and you may not do so without our express written consent. All right, title, and interest in and to the Services (excluding Content provided by users) are and will remain our and our licensors' exclusive property. Any feedback, comments, or suggestions you may provide regarding X, or the Services is entirely voluntary and we will be free to use such feedback, comments or suggestions as we see fit and without any obligation to you.",https://twitter.com,Low,20,,,,default_low_unverified,0.25,True,,,,0.0557,train,AI-assisted weak label; requires human review before use as gold data
d50eaf4ee0af7f3e,Amazon,terms_of_service,PRICING,"In addition to the stated purchase price, products may display other reference prices as a point of comparison to inform your purchase decisions. Click here for more information on reference prices and savings displays.","In addition to the stated purchase price, products may display other reference prices as a point of comparison to inform your purchase decisions. Click here for more information on reference prices and savings displays.",https://amazon.com,Low,20,,,,default_low_unverified,0.25,True,,,,0.0135,train,AI-assisted weak label; requires human review before use as gold data
9a37ce93429b7a6a,Facebook,terms_of_service,3. Vos engagements envers Facebook et notre communauté,"qui enfreint ou viole les droits d’autrui, y compris ses droits de propriété intellectuelle (comme en enfreignant les droits d’auteur ou la marque déposée d’une autre personne ou en distribuant ou en vendant des biens contrefaits ou piratés), sauf en cas d’exception ou de limitation prévue par les lois applicables.","qui enfreint ou viole les droits d’autrui, y compris ses droits de propriété intellectuelle (comme en enfreignant les droits d’auteur ou la marque déposée d’une autre personne ou en distribuant ou en vendant des biens contrefaits ou piratés), sauf en cas d’exception ou de limitation prévue par les lois applicables.",https://facebook.com,Low,20,,,,default_low_unverified,0.25,True,,,,0.0,val,AI-assisted weak label; requires human review before use as gold data
b8ff1b03799e6e47,Google,privacy_policy,deliver our services,"We use the IP address assigned to your device to send you the data you requested, such as loading a YouTube video","We use the IP address assigned to your device to send you the data you requested, such as loading a YouTube video",https://google.com,Low,20,,,,default_low_unverified,0.25,True,,,,0.1136,train,AI-assisted weak label; requires human review before use as gold data
9c95d258ce70e8e6,TikTok,terms_of_service,You can contact us here: Share your feedback,"In some countries, the law requires us to give you additional regulatory information and/or contact points, even though we may not be physically present there. You can find this information here.","In some countries, the law requires us to give you additional regulatory information and/or contact points, even though we may not be physically present there. You can find this information here.",https://tiktok.com,Low,20,,,,default_low_unverified,0.25,True,,,,0.0242,train,AI-assisted weak label; requires human review before use as gold data
11108cbc509312d2,Google,terms_of_service,About these terms,"We want to make these terms easy to understand, so we’ve used examples from our services. But not all the services mentioned may be available in your country.","We want to make these terms easy to understand, so we’ve used examples from our services. But not all the services mentioned may be available in your country.",https://google.com,Low,20,,,,default_low_unverified,0.25,True,,,,0.0378,train,AI-assisted weak label; requires human review before use as gold data
d774a57566102ab9,Netflix,privacy_policy,Where We Collect Personal Information From,"From other sources: We may collect the following categories of personal information about you from other sources: personal details, payment details, and device and network information. These sources include:","From other sources: We may collect the following categories of personal information about you from other sources: personal details, payment details, and device and network information. These sources include:",https://netflix.com,Low,20,,,,default_low_unverified,0.25,True,,,,0.1259,train,AI-assisted weak label; requires human review before use as gold data
29f0a2890b82f771,Facebook,privacy_policy,"Pour offrir, personnaliser et améliorer nos Produits","Nous utilisons les informations avec des protections spéciales que vous choisissez de fournir à ces fins, mais pas pour vous montrer des publicités.","Nous utilisons les informations avec des protections spéciales que vous choisissez de fournir à ces fins, mais pas pour vous montrer des publicités.",https://facebook.com,Low,20,,,,default_low_unverified,0.25,True,,,,0.0,val,AI-assisted weak label; requires human review before use as gold data
a588845a574927e4,Google,privacy_policy,Export your data,Delete your content from specific Google services,Delete your content from specific Google services,https://google.com,Low,10,,,,tosdr_similarity,0.73,False,You can delete your content from this service,good,45,0.461,train,AI-assisted weak label; requires human review before use as gold data
