clause_id,text,actual_categories,predicted_categories,scores
test:0,"last updated date : may 15 , 2017",[],[],"{""limitation_of_liability"": 0.007791347336024046, ""unilateral_termination"": 0.0033791535533964634, ""unilateral_change"": 0.007242161314934492, ""content_removal"": 0.0035187590401619673, ""contract_by_using"": 0.002923384541645646, ""choice_of_law"": 0.003812170121818781, ""jurisdiction"": 0.00254090060479939, ""arbitration"": 0.00458780350163579}"
test:1,"academia , inc. ( `` academia.edu '' or `` we '' ) offers a social networking service which enables its users , including graduate students and academics , to create academic profile pages and to connect with other users , including graduate students and academics , around the world with the same research interests ( the `` services '' ) through our website , accessible at academia.edu ( the `` site '' ) .",[],[],"{""limitation_of_liability"": 0.003959350287914276, ""unilateral_termination"": 0.003054696135222912, ""unilateral_change"": 0.005473340395838022, ""content_removal"": 0.0039590890519320965, ""contract_by_using"": 0.00460759038105607, ""choice_of_law"": 0.003469010116532445, ""jurisdiction"": 0.00256992201320827, ""arbitration"": 0.006081924773752689}"
test:2,"please read carefully the following terms and conditions ( `` terms '' ) and our privacy policy , which may be found at academia.edu/privacy and which is incorporated by reference into these terms .",[],[],"{""limitation_of_liability"": 0.003631741274148226, ""unilateral_termination"": 0.002404688159003854, ""unilateral_change"": 0.01600690744817257, ""content_removal"": 0.004463266581296921, ""contract_by_using"": 0.018158305436372757, ""choice_of_law"": 0.005494636949151754, ""jurisdiction"": 0.0027756919153034687, ""arbitration"": 0.00457649864256382}"
test:3,"these terms govern your access to and use of the site , services and collective content ( defined below ) , and constitute a binding legal agreement between you and academia.edu .",[],[],"{""limitation_of_liability"": 0.006796305067837238, ""unilateral_termination"": 0.003419387387111783, ""unilateral_change"": 0.003699541324749589, ""content_removal"": 0.005877702031284571, ""contract_by_using"": 0.06044122576713562, ""choice_of_law"": 0.018482785671949387, ""jurisdiction"": 0.011428892612457275, ""arbitration"": 0.029185209423303604}"
test:4,"arbitration notice : unless you opt out of arbitration within 30 days of the date you first agree to these terms by following the opt-out procedure specified in the `` arbitration '' section below , and except for certain types of disputes described in the `` arbitration `` section below , you agree that disputes between you and academia.edu will be resolved by binding , individual arbitration and you are waiving your right to a trial by jury or to participate as a plaintiff or class member in any purported class action or representative proceeding .","[""arbitration""]","[""arbitration""]","{""limitation_of_liability"": 0.04113283380866051, ""unilateral_termination"": 0.10394241660833359, ""unilateral_change"": 0.05448504537343979, ""content_removal"": 0.06171582266688347, ""contract_by_using"": 0.13964501023292542, ""choice_of_law"": 0.13144536316394806, ""jurisdiction"": 0.27886462211608887, ""arbitration"": 0.9323626756668091}"
test:5,"`` content '' means text , graphics , images , music , software , audio , video , information or other works of authorship .",[],[],"{""limitation_of_liability"": 0.005388266872614622, ""unilateral_termination"": 0.002991895889863372, ""unilateral_change"": 0.004966261330991983, ""content_removal"": 0.0033100824803113937, ""contract_by_using"": 0.0038100406527519226, ""choice_of_law"": 0.003164850641041994, ""jurisdiction"": 0.002508748322725296, ""arbitration"": 0.00517202029004693}"
test:6,"`` academia.edu content '' means content that academia.edu makes available through the site or services , including any content licensed from a third party , but excluding member content .",[],[],"{""limitation_of_liability"": 0.008806420490145683, ""unilateral_termination"": 0.0026703912299126387, ""unilateral_change"": 0.004296720959246159, ""content_removal"": 0.0032594799995422363, ""contract_by_using"": 0.0038590864278376102, ""choice_of_law"": 0.003306632861495018, ""jurisdiction"": 0.002045686123892665, ""arbitration"": 0.004516958724707365}"
test:7,"`` member '' means a person who completes academia.edu 's account registration process , as described under the `` account registration '' section below .",[],[],"{""limitation_of_liability"": 0.006631842348724604, ""unilateral_termination"": 0.0032661978621035814, ""unilateral_change"": 0.003307605627924204, ""content_removal"": 0.0036820215173065662, ""contract_by_using"": 0.0043313889764249325, ""choice_of_law"": 0.0034003963228315115, ""jurisdiction"": 0.002620134735479951, ""arbitration"": 0.005386026110500097}"
test:8,"`` member content '' means content that a member posts , uploads , publishes , submits or transmits to be made available through the site or services .",[],[],"{""limitation_of_liability"": 0.0055708917789161205, ""unilateral_termination"": 0.0036385441198945045, ""unilateral_change"": 0.003681253409013152, ""content_removal"": 0.0039262305945158005, ""contract_by_using"": 0.0038316757418215275, ""choice_of_law"": 0.002905110362917185, ""jurisdiction"": 0.0023091896437108517, ""arbitration"": 0.005416054278612137}"
test:9,"`` collective content '' means , collectively , academia.edu content and member content .",[],[],"{""limitation_of_liability"": 0.006207334343343973, ""unilateral_termination"": 0.002917057368904352, ""unilateral_change"": 0.003914946224540472, ""content_removal"": 0.003384490730240941, ""contract_by_using"": 0.0038298703730106354, ""choice_of_law"": 0.0029987122397869825, ""jurisdiction"": 0.0022673439234495163, ""arbitration"": 0.005076027940958738}"
test:10,certain areas of the site ( and your access to or use of certain services or collective content ) may have different terms and conditions posted or may require you to agree with and accept additional terms and conditions .,[],[],"{""limitation_of_liability"": 0.024675272405147552, ""unilateral_termination"": 0.020736219361424446, ""unilateral_change"": 0.7485304474830627, ""content_removal"": 0.0366097055375576, ""contract_by_using"": 0.8919932842254639, ""choice_of_law"": 0.0675593763589859, ""jurisdiction"": 0.032702844589948654, ""arbitration"": 0.04197089374065399}"
test:11,"if there is a conflict between these terms and terms and conditions posted for a specific area of the site , services or collective content , the latter terms and conditions will take precedence with respect to your use of or access to that area of the site , services or collective content , as applicable .",[],[],"{""limitation_of_liability"": 0.009608340449631214, ""unilateral_termination"": 0.005791643634438515, ""unilateral_change"": 0.005766178015619516, ""content_removal"": 0.004988549277186394, ""contract_by_using"": 0.008594382554292679, ""choice_of_law"": 0.0067955548875033855, ""jurisdiction"": 0.004757536109536886, ""arbitration"": 0.008025466464459896}"
test:12,"you acknowledge and agree that , by accessing or using the site or services or by downloading or posting any content from or on the site or through the services , you are indicating that you have read , and that you understand and agree to be bound by , these terms , whether or not you have registered on or through the site .","[""contract_by_using""]","[""contract_by_using""]","{""limitation_of_liability"": 0.025384780019521713, ""unilateral_termination"": 0.015461448580026627, ""unilateral_change"": 0.04694013670086861, ""content_removal"": 0.03724561631679535, ""contract_by_using"": 0.951001763343811, ""choice_of_law"": 0.054019104689359665, ""jurisdiction"": 0.05171530321240425, ""arbitration"": 0.07071617990732193}"
test:13,"if you do not agree to these terms , then you have no right to access or use the site , services or collective content .",[],[],"{""limitation_of_liability"": 0.008401020430028439, ""unilateral_termination"": 0.008946029469370842, ""unilateral_change"": 0.003729508724063635, ""content_removal"": 0.007693779654800892, ""contract_by_using"": 0.0029441381338983774, ""choice_of_law"": 0.0018260821234434843, ""jurisdiction"": 0.001813447568565607, ""arbitration"": 0.003550227964296937}"
test:14,"if you accept or agree to these terms on behalf of a company , university or other legal entity , you represent and warrant that you have the authority to bind that company , university or other legal entity to these terms and , in such event , `` you '' and `` your '' will refer and apply to that company or other legal entity .",[],[],"{""limitation_of_liability"": 0.004833266604691744, ""unilateral_termination"": 0.0023879692889750004, ""unilateral_change"": 0.004087669774889946, ""content_removal"": 0.0040270863100886345, ""contract_by_using"": 0.013737977482378483, ""choice_of_law"": 0.0033371765166521072, ""jurisdiction"": 0.002884260844439268, ""arbitration"": 0.004911361262202263}"
test:15,"academia.edu reserves the right , at its sole discretion , to modify the site , services and these terms , at any time and without prior notice .","[""unilateral_change""]","[""unilateral_change""]","{""limitation_of_liability"": 0.07142269611358643, ""unilateral_termination"": 0.3020309507846832, ""unilateral_change"": 0.9908507466316223, ""content_removal"": 0.13286802172660828, ""contract_by_using"": 0.09980091452598572, ""choice_of_law"": 0.05933867022395134, ""jurisdiction"": 0.03233278542757034, ""arbitration"": 0.05057426169514656}"
test:16,if we modify these terms we will post the modification on the site or provide you with notice of the modification .,[],[],"{""limitation_of_liability"": 0.004060488194227219, ""unilateral_termination"": 0.0077722021378576756, ""unilateral_change"": 0.1562487930059433, ""content_removal"": 0.006833679508417845, ""contract_by_using"": 0.022014204412698746, ""choice_of_law"": 0.004207177087664604, ""jurisdiction"": 0.0028120148926973343, ""arbitration"": 0.0047035012394189835}"
test:17,we will also update the `` last updated date '' at the top of these terms .,[],[],"{""limitation_of_liability"": 0.008274109102785587, ""unilateral_termination"": 0.008437336422502995, ""unilateral_change"": 0.42386752367019653, ""content_removal"": 0.00822572410106659, ""contract_by_using"": 0.022330479696393013, ""choice_of_law"": 0.010202493518590927, ""jurisdiction"": 0.004018869251012802, ""arbitration"": 0.006190270185470581}"
test:18,"by continuing to access or use the site or services after we have posted a modification on the site or have provided you with notice of a modification , you are indicating that you agree to be bound by the modified terms .","[""contract_by_using""]","[""contract_by_using""]","{""limitation_of_liability"": 0.04113742336630821, ""unilateral_termination"": 0.023008836433291435, ""unilateral_change"": 0.13564544916152954, ""content_removal"": 0.04398453235626221, ""contract_by_using"": 0.9810638427734375, ""choice_of_law"": 0.0796063244342804, ""jurisdiction"": 0.072903111577034, ""arbitration"": 0.0963628813624382}"
test:19,"if the modified terms are not acceptable to you , your only recourse is to cease using the site and services .",[],[],"{""limitation_of_liability"": 0.14420375227928162, ""unilateral_termination"": 0.01390125323086977, ""unilateral_change"": 0.004731850698590279, ""content_removal"": 0.007942050695419312, ""contract_by_using"": 0.004781260620802641, ""choice_of_law"": 0.0029101395048201084, ""jurisdiction"": 0.0032749883830547333, ""arbitration"": 0.0035344986245036125}"
test:20,the site and services are intended solely for persons who are 13 years of age or older .,[],[],"{""limitation_of_liability"": 0.006944919936358929, ""unilateral_termination"": 0.002924190601333976, ""unilateral_change"": 0.004129784647375345, ""content_removal"": 0.0033356607891619205, ""contract_by_using"": 0.003390016732737422, ""choice_of_law"": 0.0030122518073767424, ""jurisdiction"": 0.0021891884971410036, ""arbitration"": 0.0044740173034369946}"
test:21,any access to or use of the site or services by anyone under the age of 13 is expressly prohibited .,[],[],"{""limitation_of_liability"": 0.007516011130064726, ""unilateral_termination"": 0.006270864978432655, ""unilateral_change"": 0.0034325323067605495, ""content_removal"": 0.006242620293051004, ""contract_by_using"": 0.0030869527254253626, ""choice_of_law"": 0.0020718311425298452, ""jurisdiction"": 0.002197748515754938, ""arbitration"": 0.0037739595863968134}"
test:22,by accessing or using the site or services you represent and warrant that you are 13 years of age or older .,[],[],"{""limitation_of_liability"": 0.007619739510118961, ""unilateral_termination"": 0.0031914361752569675, ""unilateral_change"": 0.0028607191052287817, ""content_removal"": 0.0036838515661656857, ""contract_by_using"": 0.008699203841388226, ""choice_of_law"": 0.0026934172492474318, ""jurisdiction"": 0.0026150953490287066, ""arbitration"": 0.004282110370695591}"
test:23,in order to access certain features of the site and services and to post any member content on the site or through the services you must register to create an account ( `` account '' ) and become a member .,[],[],"{""limitation_of_liability"": 0.0033552260138094425, ""unilateral_termination"": 0.00324571062810719, ""unilateral_change"": 0.008301520720124245, ""content_removal"": 0.0045933970250189304, ""contract_by_using"": 0.005966739729046822, ""choice_of_law"": 0.0031452167313545942, ""jurisdiction"": 0.0021943484898656607, ""arbitration"": 0.0038917253259569407}"
test:24,"you may register directly via the site or by logging into your account with certain third party social media or social networking sites ( `` sns '' ) ( including , but not limited to , facebook ) via the site , as described herein .",[],[],"{""limitation_of_liability"": 0.003996165003627539, ""unilateral_termination"": 0.0037712440825998783, ""unilateral_change"": 0.0038736092392355204, ""content_removal"": 0.004525389056652784, ""contract_by_using"": 0.004502490162849426, ""choice_of_law"": 0.002499394118785858, ""jurisdiction"": 0.0025606199633330107, ""arbitration"": 0.005645877216011286}"
test:25,"if you decide to register through an sns , we will extract the personal information you have provided to the sns ( such as your `` real '' name , email address and other information you make publicly available via the sns ) from the account you have with the applicable sns and use that information to create your account .",[],[],"{""limitation_of_liability"": 0.004550831392407417, ""unilateral_termination"": 0.0032668625935912132, ""unilateral_change"": 0.004152227193117142, ""content_removal"": 0.005639817100018263, ""contract_by_using"": 0.005267041735351086, ""choice_of_law"": 0.0029273484833538532, ""jurisdiction"": 0.0030463053844869137, ""arbitration"": 0.005033015739172697}"
test:26,the specific information that we extract may depend on the privacy settings you have with the sns .,[],[],"{""limitation_of_liability"": 0.005056645721197128, ""unilateral_termination"": 0.003157620085403323, ""unilateral_change"": 0.004397333599627018, ""content_removal"": 0.0036210576072335243, ""contract_by_using"": 0.0036982959136366844, ""choice_of_law"": 0.00268455664627254, ""jurisdiction"": 0.002249069744721055, ""arbitration"": 0.004473968409001827}"
test:27,you hereby consent to our access to and collection of such personal information about you .,[],[],"{""limitation_of_liability"": 0.004607250913977623, ""unilateral_termination"": 0.004038288723677397, ""unilateral_change"": 0.003925451543182135, ""content_removal"": 0.004102720413357019, ""contract_by_using"": 0.003931168466806412, ""choice_of_law"": 0.0019936677999794483, ""jurisdiction"": 0.0023689246736466885, ""arbitration"": 0.00484890304505825}"
test:28,"during the registration process , you will be required to provide certain information and you will establish a username and a password .",[],[],"{""limitation_of_liability"": 0.0036057487595826387, ""unilateral_termination"": 0.005259861703962088, ""unilateral_change"": 0.0060941907577216625, ""content_removal"": 0.004981962498277426, ""contract_by_using"": 0.0037971478886902332, ""choice_of_law"": 0.0018923357129096985, ""jurisdiction"": 0.001943123061209917, ""arbitration"": 0.004147328436374664}"
test:29,"you agree to provide accurate , current and complete information during the registration process and to update such information to keep it accurate , current and complete .",[],[],"{""limitation_of_liability"": 0.006699781399220228, ""unilateral_termination"": 0.00321404542773962, ""unilateral_change"": 0.010007781907916069, ""content_removal"": 0.003843097249045968, ""contract_by_using"": 0.003597753820940852, ""choice_of_law"": 0.002660123398527503, ""jurisdiction"": 0.0019491062266752124, ""arbitration"": 0.0033952631056308746}"
test:30,"academia.edu reserves the right to suspend or terminate your account if any information provided during the registration process or thereafter proves to be inaccurate , not current or incomplete .","[""unilateral_termination""]","[""unilateral_termination""]","{""limitation_of_liability"": 0.12371372431516647, ""unilateral_termination"": 0.9757660627365112, ""unilateral_change"": 0.16642162203788757, ""content_removal"": 0.1828753799200058, ""contract_by_using"": 0.020893624052405357, ""choice_of_law"": 0.016624946147203445, ""jurisdiction"": 0.03317847102880478, ""arbitration"": 0.06047162786126137}"
test:31,you are responsible for safeguarding your password .,[],[],"{""limitation_of_liability"": 0.004704293794929981, ""unilateral_termination"": 0.0038096101488918066, ""unilateral_change"": 0.004815953318029642, ""content_removal"": 0.0039017717353999615, ""contract_by_using"": 0.003108372911810875, ""choice_of_law"": 0.0023805934470146894, ""jurisdiction"": 0.002251128666102886, ""arbitration"": 0.004650002345442772}"
test:32,"you agree that you will not disclose your password to any third party and that you will take sole responsibility for any activities or actions under your account , whether or not you have authorized such activities or actions .",[],[],"{""limitation_of_liability"": 0.030110973864793777, ""unilateral_termination"": 0.004082197789102793, ""unilateral_change"": 0.003435500431805849, ""content_removal"": 0.00499733816832304, ""contract_by_using"": 0.003613564418628812, ""choice_of_law"": 0.0019404523773118854, ""jurisdiction"": 0.0023268789518624544, ""arbitration"": 0.0037818357814103365}"
test:33,you will immediately notify academia.edu of any unauthorized use of your account .,[],[],"{""limitation_of_liability"": 0.00826304778456688, ""unilateral_termination"": 0.0059607322327792645, ""unilateral_change"": 0.003383343806490302, ""content_removal"": 0.004951720125973225, ""contract_by_using"": 0.0033668314572423697, ""choice_of_law"": 0.0015909926733002067, ""jurisdiction"": 0.0020609234925359488, ""arbitration"": 0.0038419582415372133}"
test:34,see academia.edu 's privacy policy at academia.edu/privacy for information and notices concerning academia.edu 's collection and use of your personal information .,[],[],"{""limitation_of_liability"": 0.005516091827303171, ""unilateral_termination"": 0.003419918706640601, ""unilateral_change"": 0.0037959215696901083, ""content_removal"": 0.0037158713676035404, ""contract_by_using"": 0.0037053264677524567, ""choice_of_law"": 0.0029748587403446436, ""jurisdiction"": 0.0023421705700457096, ""arbitration"": 0.0050894711166620255}"
test:35,academia.edu may offer you the ability to access certain features through purchase of a recurring subscription ( `` subscription '' ) .,[],[],"{""limitation_of_liability"": 0.004281966015696526, ""unilateral_termination"": 0.0038572223857045174, ""unilateral_change"": 0.005366683006286621, ""content_removal"": 0.003838304430246353, ""contract_by_using"": 0.004096760880202055, ""choice_of_law"": 0.002505022333934903, ""jurisdiction"": 0.0020042869728058577, ""arbitration"": 0.0046364846639335155}"
test:36,"when you purchase a subscription or make any other paid feature related purchase via the services ( each , a `` transaction '' ) , you expressly authorize us ( or our third party payment processor , e.g. stripe ) to charge you for such transaction .",[],[],"{""limitation_of_liability"": 0.0042468346655368805, ""unilateral_termination"": 0.002815527142956853, ""unilateral_change"": 0.004639823921024799, ""content_removal"": 0.0036311859730631113, ""contract_by_using"": 0.0065038506872951984, ""choice_of_law"": 0.002356497338041663, ""jurisdiction"": 0.0021878923289477825, ""arbitration"": 0.004660568665713072}"
test:37,"we may ask you to supply additional information relevant to your transaction , including , without limitation , your credit card number , the expiration date of your credit card , your billing address and additional information to verify your identity before completing your transaction ( such information , `` payment information '' ) .",[],[],"{""limitation_of_liability"": 0.0052220746874809265, ""unilateral_termination"": 0.0034449168015271425, ""unilateral_change"": 0.004991187248378992, ""content_removal"": 0.003946211189031601, ""contract_by_using"": 0.0032881218940019608, ""choice_of_law"": 0.002374465810135007, ""jurisdiction"": 0.0023632331285625696, ""arbitration"": 0.0040902504697442055}"
test:38,you represent and warrant that you have the legal right to use all payment method ( s ) represented by any such payment information .,[],[],"{""limitation_of_liability"": 0.005864262580871582, ""unilateral_termination"": 0.0028785504400730133, ""unilateral_change"": 0.003694446524605155, ""content_removal"": 0.003564869286492467, ""contract_by_using"": 0.0041536749340593815, ""choice_of_law"": 0.0025579589419066906, ""jurisdiction"": 0.002269236370921135, ""arbitration"": 0.00427069328725338}"
test:39,"when you initiate a transaction , you authorize us to store and continue billing you using your payment information and to provide your payment information to our third party payment processors as needed to complete your transactions .",[],[],"{""limitation_of_liability"": 0.0036641329061239958, ""unilateral_termination"": 0.004327927250415087, ""unilateral_change"": 0.004318749997764826, ""content_removal"": 0.004415302537381649, ""contract_by_using"": 0.004687651991844177, ""choice_of_law"": 0.001981227658689022, ""jurisdiction"": 0.0022365001495927572, ""arbitration"": 0.004633600357919931}"
test:40,we may also periodically authorize your payment method in anticipation of applicable fees or related charges .,[],[],"{""limitation_of_liability"": 0.0033100906293839216, ""unilateral_termination"": 0.006981234066188335, ""unilateral_change"": 0.010617896914482117, ""content_removal"": 0.005814515519887209, ""contract_by_using"": 0.0031694043427705765, ""choice_of_law"": 0.0019646165892481804, ""jurisdiction"": 0.002035084180533886, ""arbitration"": 0.004448157735168934}"
test:41,"further , as part of our order processing procedures , we may screen orders for fraud or other undesirable activity .",[],[],"{""limitation_of_liability"": 0.004236289765685797, ""unilateral_termination"": 0.01164725236594677, ""unilateral_change"": 0.009527735412120819, ""content_removal"": 0.020076844841241837, ""contract_by_using"": 0.0038273551035672426, ""choice_of_law"": 0.0026999188121408224, ""jurisdiction"": 0.0030734315514564514, ""arbitration"": 0.005676716100424528}"
test:42,"if we feel an order could be fraudulent , unauthorized , or illegal , we reserve the right to refuse to process that order .",[],[],"{""limitation_of_liability"": 0.006491528823971748, ""unilateral_termination"": 0.02240506000816822, ""unilateral_change"": 0.006413704250007868, ""content_removal"": 0.01399478130042553, ""contract_by_using"": 0.0022937175817787647, ""choice_of_law"": 0.00157558626960963, ""jurisdiction"": 0.002389997709542513, ""arbitration"": 0.0039232466369867325}"
test:43,your subscription continues until cancelled by you or we terminate your access to or use of the services or the subscription in accordance with these terms .,[],[],"{""limitation_of_liability"": 0.011412634514272213, ""unilateral_termination"": 0.48564836382865906, ""unilateral_change"": 0.010112219490110874, ""content_removal"": 0.06253501772880554, ""contract_by_using"": 0.012052786536514759, ""choice_of_law"": 0.003859447780996561, ""jurisdiction"": 0.010222453624010086, ""arbitration"": 0.016802646219730377}"
test:44,"if you elect to purchase an annual or monthly subscription , you will be charged the annual or monthly subscription fee ( `` subscription fee '' ) plus any applicable taxes , at the beginning of your subscription and each year or month thereafter , respectively , at the then-current rate .",[],[],"{""limitation_of_liability"": 0.011021515354514122, ""unilateral_termination"": 0.002096806652843952, ""unilateral_change"": 0.012945826165378094, ""content_removal"": 0.0029791740234941244, ""contract_by_using"": 0.00806853361427784, ""choice_of_law"": 0.004441690165549517, ""jurisdiction"": 0.0022545091342180967, ""arbitration"": 0.003955662716180086}"
test:45,"if you elect to purchase an annual subscription , we ( or our third party payment processor ) will automatically charge you on the anniversary of the commencement of your subscription using the payment information you have provided .",[],[],"{""limitation_of_liability"": 0.003372102975845337, ""unilateral_termination"": 0.005534608382731676, ""unilateral_change"": 0.00870927982032299, ""content_removal"": 0.004991466645151377, ""contract_by_using"": 0.00917393434792757, ""choice_of_law"": 0.0019414556445553899, ""jurisdiction"": 0.002489614998921752, ""arbitration"": 0.005237944424152374}"
test:46,"if you elect to purchase a monthly subscription , we ( or our third party payment processor ) will automatically charge you each month , on the calendar day corresponding to the commencement of your subscription , using the payment information you have provided .",[],[],"{""limitation_of_liability"": 0.004165217280387878, ""unilateral_termination"": 0.005119540262967348, ""unilateral_change"": 0.014850619249045849, ""content_removal"": 0.005306176375597715, ""contract_by_using"": 0.009138542227447033, ""choice_of_law"": 0.002191712846979499, ""jurisdiction"": 0.0025808708742260933, ""arbitration"": 0.004654676653444767}"
test:47,"in the event your subscription began on a day not contained in a given month , your payment method will be charged on a day in the applicable month or such other day as we deem appropriate .",[],[],"{""limitation_of_liability"": 0.010711726732552052, ""unilateral_termination"": 0.0025553021114319563, ""unilateral_change"": 0.010294876992702484, ""content_removal"": 0.003303251229226589, ""contract_by_using"": 0.0058947838842868805, ""choice_of_law"": 0.004233114887028933, ""jurisdiction"": 0.002474770415574312, ""arbitration"": 0.004171858541667461}"
test:48,"for example , if you started your subscription on january 31st , your next payment date is likely to be february 28th , and your payment method would be billed on that date .",[],[],"{""limitation_of_liability"": 0.006410511676222086, ""unilateral_termination"": 0.0029555524233728647, ""unilateral_change"": 0.004599863663315773, ""content_removal"": 0.0033266115933656693, ""contract_by_using"": 0.003831708338111639, ""choice_of_law"": 0.002739785937592387, ""jurisdiction"": 0.00210755062289536, ""arbitration"": 0.0040822457522153854}"
test:49,"by agreeing to these terms and electing to purchase a subscription , you acknowledge that your subscription has recurring payment features and you accept responsibility for all recurring payment obligations prior to cancellation of your subscription by you or academia.edu .",[],[],"{""limitation_of_liability"": 0.014195328578352928, ""unilateral_termination"": 0.0049542696215212345, ""unilateral_change"": 0.005940491799265146, ""content_removal"": 0.006989307701587677, ""contract_by_using"": 0.12721921503543854, ""choice_of_law"": 0.0035093314945697784, ""jurisdiction"": 0.004599232692271471, ""arbitration"": 0.007062396965920925}"
test:50,we may offer subscriptions on a free trial basis ( `` free trial '' ) for a specified period of time .,[],[],"{""limitation_of_liability"": 0.004634433891624212, ""unilateral_termination"": 0.004651132505387068, ""unilateral_change"": 0.012057612650096416, ""content_removal"": 0.004560241941362619, ""contract_by_using"": 0.0030086077749729156, ""choice_of_law"": 0.0029058821965008974, ""jurisdiction"": 0.002076950157061219, ""arbitration"": 0.003887162311002612}"
test:51,"if we offer you a free trial , the specific terms of your free trial will be provided at signup and/or in the promotional materials describing the free trial and your use of the free trial is subject to your compliance with such specific terms .",[],[],"{""limitation_of_liability"": 0.004643577616661787, ""unilateral_termination"": 0.002727795857936144, ""unilateral_change"": 0.0064543550834059715, ""content_removal"": 0.003604317083954811, ""contract_by_using"": 0.010171826928853989, ""choice_of_law"": 0.0023319642059504986, ""jurisdiction"": 0.0021071084775030613, ""arbitration"": 0.004289162810891867}"
test:52,free trials may not be combined with any other offer .,[],[],"{""limitation_of_liability"": 0.005278478842228651, ""unilateral_termination"": 0.0034243795089423656, ""unilateral_change"": 0.0053116255439817905, ""content_removal"": 0.003905059304088354, ""contract_by_using"": 0.003411040874198079, ""choice_of_law"": 0.00259639834985137, ""jurisdiction"": 0.002135936403647065, ""arbitration"": 0.004402561578899622}"
test:53,"except as may otherwise be provided in the specific terms for the free trial offer , free trials are only available to users who have not previously subscribed to the service in connection with which the free trial is being offered .",[],[],"{""limitation_of_liability"": 0.006056652404367924, ""unilateral_termination"": 0.0030326538253575563, ""unilateral_change"": 0.004770459141582251, ""content_removal"": 0.003476502140983939, ""contract_by_using"": 0.003760985564440489, ""choice_of_law"": 0.0024838452227413654, ""jurisdiction"": 0.0020977447275072336, ""arbitration"": 0.003796525299549103}"
test:54,"when you agree to a free trial , you are also agreeing to sign up for a subscription as described above and , consequently , unless you cancel your subscription prior to the end of your free trial , we ( or our third party payment processor ) will begin charging your payment method on a recurring basis for the subscription fee ( plus any applicable taxes ) until you cancel your subscription .",[],[],"{""limitation_of_liability"": 0.004115565679967403, ""unilateral_termination"": 0.005846863612532616, ""unilateral_change"": 0.004462611861526966, ""content_removal"": 0.005038826260715723, ""contract_by_using"": 0.006024726666510105, ""choice_of_law"": 0.001819420955143869, ""jurisdiction"": 0.002197727793827653, ""arbitration"": 0.005008770152926445}"
test:55,instructions for cancelling your subscription are stated below in the `` cancelling subscriptions '' section .,[],[],"{""limitation_of_liability"": 0.004652286879718304, ""unilateral_termination"": 0.0033457393292337656, ""unilateral_change"": 0.00456232251599431, ""content_removal"": 0.003928715828806162, ""contract_by_using"": 0.004493741784244776, ""choice_of_law"": 0.0028658462688326836, ""jurisdiction"": 0.0025989024434238672, ""arbitration"": 0.005098855122923851}"
test:56,"we reserve the right to modify or terminate free trials at any time , without notice and in our sole discretion .","[""unilateral_termination""]","[""unilateral_termination"", ""unilateral_change""]","{""limitation_of_liability"": 0.1958194524049759, ""unilateral_termination"": 0.9361439347267151, ""unilateral_change"": 0.9339241981506348, ""content_removal"": 0.24890132248401642, ""contract_by_using"": 0.041945043951272964, ""choice_of_law"": 0.031514089554548264, ""jurisdiction"": 0.033259067684412, ""arbitration"": 0.058043595403432846}"
test:57,you may cancel your subscription at any time .,[],[],"{""limitation_of_liability"": 0.0033558045979589224, ""unilateral_termination"": 0.019955893978476524, ""unilateral_change"": 0.027688654139637947, ""content_removal"": 0.007738818880170584, ""contract_by_using"": 0.004039974417537451, ""choice_of_law"": 0.0017401990480720997, ""jurisdiction"": 0.0024943645112216473, ""arbitration"": 0.004579025320708752}"
test:58,"please note , however , that , except for the thirty ( 30 ) day period following the start of your subscription , all sales are final .",[],[],"{""limitation_of_liability"": 0.0072916545905172825, ""unilateral_termination"": 0.003425419796258211, ""unilateral_change"": 0.0040451656095683575, ""content_removal"": 0.0036830888129770756, ""contract_by_using"": 0.003588238265365362, ""choice_of_law"": 0.00257676700130105, ""jurisdiction"": 0.002076175296679139, ""arbitration"": 0.004025161266326904}"
test:59,after the first thirty ( 30 ) day period following the start of your subscription you will not receive a refund of any portion of the subscription fee paid for the then current subscription period at the time of cancellation .,[],[],"{""limitation_of_liability"": 0.03449423611164093, ""unilateral_termination"": 0.0042257606983184814, ""unilateral_change"": 0.003117576939985156, ""content_removal"": 0.004271538928151131, ""contract_by_using"": 0.0049078455194830894, ""choice_of_law"": 0.001872605411335826, ""jurisdiction"": 0.0023644124157726765, ""arbitration"": 0.0036270837299525738}"
test:60,"to cancel , you can either ( i ) email us at support@academia.edu and follow instructions , if any , we provide to you in response to your cancellation request , or ( ii ) initiate a cancellation through your account settings within the services .",[],[],"{""limitation_of_liability"": 0.004026776645332575, ""unilateral_termination"": 0.01294120866805315, ""unilateral_change"": 0.003918570466339588, ""content_removal"": 0.0077582187950611115, ""contract_by_using"": 0.004229038488119841, ""choice_of_law"": 0.0016686496092006564, ""jurisdiction"": 0.0027675798628479242, ""arbitration"": 0.00576236005872488}"
test:61,you will be responsible for all subscription fees incurred for the then current subscription period .,[],[],"{""limitation_of_liability"": 0.006941172294318676, ""unilateral_termination"": 0.0026740815956145525, ""unilateral_change"": 0.004464904312044382, ""content_removal"": 0.0030078371055424213, ""contract_by_using"": 0.003942643757909536, ""choice_of_law"": 0.002587879542261362, ""jurisdiction"": 0.0020758435130119324, ""arbitration"": 0.004132385831326246}"
test:62,"if you cancel , your cancellation will be effective immediately , but academia.edu will allow you to access the subscription features until the most recently paid-up subscription period ends , and then we will terminate your access .",[],[],"{""limitation_of_liability"": 0.009400335140526295, ""unilateral_termination"": 0.5171423554420471, ""unilateral_change"": 0.012603930197656155, ""content_removal"": 0.06524468958377838, ""contract_by_using"": 0.011406986974179745, ""choice_of_law"": 0.004653965588659048, ""jurisdiction"": 0.010067559778690338, ""arbitration"": 0.017879165709018707}"
test:63,cancelling your subscription wo n't cancel your account .,[],[],"{""limitation_of_liability"": 0.004221432842314243, ""unilateral_termination"": 0.011635258793830872, ""unilateral_change"": 0.0038601073902100325, ""content_removal"": 0.006527151446789503, ""contract_by_using"": 0.00424690917134285, ""choice_of_law"": 0.0018193445866927505, ""jurisdiction"": 0.002709736814722419, ""arbitration"": 0.00738519337028265}"
test:64,see the termination and account cancellation section below for information on canceling your account .,[],[],"{""limitation_of_liability"": 0.0049848398193717, ""unilateral_termination"": 0.006771966814994812, ""unilateral_change"": 0.004149109590798616, ""content_removal"": 0.004523369949311018, ""contract_by_using"": 0.0029196646064519882, ""choice_of_law"": 0.0019497732864692807, ""jurisdiction"": 0.0021264399401843548, ""arbitration"": 0.00511743500828743}"
test:65,please be aware that any fee or subscription plan is exclusive of all taxes .,[],[],"{""limitation_of_liability"": 0.012265566736459732, ""unilateral_termination"": 0.002631802810356021, ""unilateral_change"": 0.004892239347100258, ""content_removal"": 0.0034941949415951967, ""contract_by_using"": 0.002988829044625163, ""choice_of_law"": 0.0033058784902095795, ""jurisdiction"": 0.002744703320786357, ""arbitration"": 0.004659265745431185}"
test:66,"if at any point any applicable sales use , vat , gst , excise , withholding or similar taxes or levies , whether domestic or foreign , exist , the member is liable for them .",[],[],"{""limitation_of_liability"": 0.17014363408088684, ""unilateral_termination"": 0.002889707451686263, ""unilateral_change"": 0.005293128080666065, ""content_removal"": 0.0037343748845160007, ""contract_by_using"": 0.006345304660499096, ""choice_of_law"": 0.004434120841324329, ""jurisdiction"": 0.0036584935151040554, ""arbitration"": 0.0044597843661904335}"
test:67,"if we believe , in our sole discretion , that any member of academia.edu or academia premium or other academia.edu paid services is in breach of our terms , or act outside of the letter or spirit of our terms , we reserve the right to add limitations to your access to www.academia.edu , up to and including terminating all access to www.academia.edu .","[""unilateral_termination"", ""unilateral_change""]","[""unilateral_termination"", ""content_removal""]","{""limitation_of_liability"": 0.12419082224369049, ""unilateral_termination"": 0.9671638011932373, ""unilateral_change"": 0.6621828675270081, ""content_removal"": 0.7036203145980835, ""contract_by_using"": 0.02973765879869461, ""choice_of_law"": 0.015525855123996735, ""jurisdiction"": 0.030369197949767113, ""arbitration"": 0.03617151454091072}"
test:68,"in this case , the member in question is not eligible for any refunds on any portion of their subscription payment .",[],[],"{""limitation_of_liability"": 0.24246825277805328, ""unilateral_termination"": 0.004072871524840593, ""unilateral_change"": 0.004740769974887371, ""content_removal"": 0.00483182817697525, ""contract_by_using"": 0.004524849820882082, ""choice_of_law"": 0.004308618139475584, ""jurisdiction"": 0.004200177267193794, ""arbitration"": 0.004892511293292046}"
test:69,"the site , services and collective content are protected by copyright , trademark , and other laws of the united states and foreign countries .",[],[],"{""limitation_of_liability"": 0.006223135162144899, ""unilateral_termination"": 0.0023994024377316236, ""unilateral_change"": 0.005145819392055273, ""content_removal"": 0.0038459403440356255, ""contract_by_using"": 0.005227544344961643, ""choice_of_law"": 0.007001988589763641, ""jurisdiction"": 0.003419977379962802, ""arbitration"": 0.005793408956378698}"
test:70,"you acknowledge and agree that the site , services and collective content , including all associated intellectual property rights , are the exclusive property of academia.edu and its licensors .",[],[],"{""limitation_of_liability"": 0.007697777822613716, ""unilateral_termination"": 0.0035931176971644163, ""unilateral_change"": 0.0031454679556190968, ""content_removal"": 0.004004515241831541, ""contract_by_using"": 0.004799310117959976, ""choice_of_law"": 0.0028484275098890066, ""jurisdiction"": 0.002223283052444458, ""arbitration"": 0.0045190309174358845}"
test:71,"you will not remove , alter or obscure any copyright , trademark , service mark or other proprietary rights notices incorporated in or accompanying the site , services or collective content .",[],[],"{""limitation_of_liability"": 0.00483911344781518, ""unilateral_termination"": 0.003892455715686083, ""unilateral_change"": 0.0040553854778409, ""content_removal"": 0.0067147184163331985, ""contract_by_using"": 0.004426068160682917, ""choice_of_law"": 0.0021795304492115974, ""jurisdiction"": 0.002240627072751522, ""arbitration"": 0.004106261767446995}"
test:72,licenses granted by academia.edu to academia.edu content and member content,[],[],"{""limitation_of_liability"": 0.007474833633750677, ""unilateral_termination"": 0.0037055411376059055, ""unilateral_change"": 0.0032930574379861355, ""content_removal"": 0.0039315735921263695, ""contract_by_using"": 0.0032028364948928356, ""choice_of_law"": 0.0025527558755129576, ""jurisdiction"": 0.0024170971009880304, ""arbitration"": 0.005114976316690445}"
test:73,"subject to your compliance with the terms and conditions of these terms , academia.edu authorizes you to download , view and print any academia.edu content , solely for your personal and non-commercial purposes , and to access and use the site and services , including to download , view and print any member content solely for your personal and non-commercial purposes , and subject to the restrictions set forth in these terms .",[],[],"{""limitation_of_liability"": 0.003959345165640116, ""unilateral_termination"": 0.004199163988232613, ""unilateral_change"": 0.005014610011130571, ""content_removal"": 0.006552449427545071, ""contract_by_using"": 0.007258925121277571, ""choice_of_law"": 0.002294291742146015, ""jurisdiction"": 0.0024561185855418444, ""arbitration"": 0.0038493943866342306}"
test:74,you have no right to sublicense the license rights granted in this section .,[],[],"{""limitation_of_liability"": 0.005520191974937916, ""unilateral_termination"": 0.0037786609027534723, ""unilateral_change"": 0.00359327276237309, ""content_removal"": 0.003704311326146126, ""contract_by_using"": 0.0035549558233469725, ""choice_of_law"": 0.002453375607728958, ""jurisdiction"": 0.0022663946729153395, ""arbitration"": 0.004884341731667519}"
test:75,"you will not use , copy , adapt , modify , prepare derivative works based upon , distribute , license , sell , transfer , publicly display , publicly perform , transmit , stream , broadcast or otherwise exploit the site , services or collective content , or any related information to which you may have access ; except as expressly permitted in these terms .",[],[],"{""limitation_of_liability"": 0.005257063079625368, ""unilateral_termination"": 0.0033098121639341116, ""unilateral_change"": 0.0038978559896349907, ""content_removal"": 0.004661081358790398, ""contract_by_using"": 0.004585213027894497, ""choice_of_law"": 0.002371532842516899, ""jurisdiction"": 0.0020450667943805456, ""arbitration"": 0.003968869801610708}"
test:76,"no licenses or rights are granted to you by implication or otherwise under any intellectual property rights owned or controlled by academia.edu or its licensors , except for the licenses and rights expressly granted in these terms .",[],[],"{""limitation_of_liability"": 0.006887475028634071, ""unilateral_termination"": 0.0033752969466149807, ""unilateral_change"": 0.004035267047584057, ""content_removal"": 0.003725706599652767, ""contract_by_using"": 0.0035942960530519485, ""choice_of_law"": 0.0027846803423017263, ""jurisdiction"": 0.0021560152526944876, ""arbitration"": 0.004176076035946608}"
test:77,"we may , in our sole discretion , permit members to post , upload , publish , submit or transmit member content .",[],[],"{""limitation_of_liability"": 0.00673666363582015, ""unilateral_termination"": 0.25569531321525574, ""unilateral_change"": 0.15186481177806854, ""content_removal"": 0.2935662865638733, ""contract_by_using"": 0.007591909728944302, ""choice_of_law"": 0.004167924169450998, ""jurisdiction"": 0.009547014720737934, ""arbitration"": 0.010195865295827389}"
test:78,"by making any member content available through the site or services , you hereby grant to academia.edu a worldwide , revocable , non-exclusive , transferable license to exercise any and all rights under copyright , in any medium , and to authorize others to do the same , in connection with operating and providing the services and content to you and to other members , provided that the member content is not sold for a profit .",[],[],"{""limitation_of_liability"": 0.0034064985811710358, ""unilateral_termination"": 0.00583984749391675, ""unilateral_change"": 0.00534516666084528, ""content_removal"": 0.006700574420392513, ""contract_by_using"": 0.02142607420682907, ""choice_of_law"": 0.0026168457698076963, ""jurisdiction"": 0.003825034014880657, ""arbitration"": 0.008785376325249672}"
test:79,academia.edu does not claim any ownership rights in any member content and nothing in these terms will be deemed to restrict any rights that you may have to use and exploit any member content .,[],[],"{""limitation_of_liability"": 0.00899416208267212, ""unilateral_termination"": 0.002983140992000699, ""unilateral_change"": 0.004142122343182564, ""content_removal"": 0.004406068008393049, ""contract_by_using"": 0.0036880122497677803, ""choice_of_law"": 0.002828644122928381, ""jurisdiction"": 0.0019041980849578977, ""arbitration"": 0.003417626256123185}"
test:80,you acknowledge and agree that you are solely responsible for all member content that you make available through the site or services .,[],[],"{""limitation_of_liability"": 0.00790555588901043, ""unilateral_termination"": 0.0030033134389668703, ""unilateral_change"": 0.004100474528968334, ""content_removal"": 0.00370610854588449, ""contract_by_using"": 0.003811012953519821, ""choice_of_law"": 0.002340929815545678, ""jurisdiction"": 0.0018998105078935623, ""arbitration"": 0.0036328667774796486}"
test:81,"accordingly , you represent and warrant that : ( i ) you either are the sole and exclusive owner of all member content that you make available through the site or services or you have all rights , licenses , consents and releases that are necessary to grant to academia.edu the rights in such member content , as contemplated under these terms ; and ( ii ) neither the member content nor your posting , uploading , publication , submission or transmittal of the member content or academia.edu 's use of the member content ( or any portion thereof ) on , through or by means of the site or services will infringe , misappropriate or violate a third party 's patent , copyright , trademark , trade secret , moral rights or other intellectual property rights , or rights of publicity or privacy , or result in the violation of any applicable law or regulation .",[],[],"{""limitation_of_liability"": 0.00683465413749218, ""unilateral_termination"": 0.00357426842674613, ""unilateral_change"": 0.0031516789458692074, ""content_removal"": 0.004372307565063238, ""contract_by_using"": 0.005458717700093985, ""choice_of_law"": 0.002280142856761813, ""jurisdiction"": 0.002308274619281292, ""arbitration"": 0.0038241511210799217}"
test:82,content from social media and networking sites,[],[],"{""limitation_of_liability"": 0.006030623335391283, ""unilateral_termination"": 0.003508948255330324, ""unilateral_change"": 0.004811172839254141, ""content_removal"": 0.003564855782315135, ""contract_by_using"": 0.003217909252271056, ""choice_of_law"": 0.0027122171595692635, ""jurisdiction"": 0.0024347815196961164, ""arbitration"": 0.005081632640212774}"
test:83,"as part of the functionality of the site and services , you may link your account with online accounts you may have with third party service providers ( each such account , a `` third party account '' ) by either : ( i ) providing your third party account login information to academia.edu through the site or services ; or ( ii ) allowing academia.edu to access your third party account , as is permitted under the applicable terms and conditions that govern your use of each third party account .",[],[],"{""limitation_of_liability"": 0.003570444881916046, ""unilateral_termination"": 0.0031815278343856335, ""unilateral_change"": 0.006008671130985022, ""content_removal"": 0.0045682815834879875, ""contract_by_using"": 0.007445007096976042, ""choice_of_law"": 0.0022725758608430624, ""jurisdiction"": 0.0020749231334775686, ""arbitration"": 0.004114420618861914}"
test:84,"you represent that you are entitled to disclose your third party account login information to academia.edu and/or to grant academia.edu access to your third party account ( including , but not limited to , for use for the purposes described herein ) , without breach by you of any of the terms and conditions that govern your use of the applicable third party account and without obligating academia.edu to pay any fees or making academia.edu subject to any usage limitations imposed by such third party service providers .",[],[],"{""limitation_of_liability"": 0.007000559940934181, ""unilateral_termination"": 0.006653635296970606, ""unilateral_change"": 0.003465622663497925, ""content_removal"": 0.005688530392944813, ""contract_by_using"": 0.004016438033431768, ""choice_of_law"": 0.0015626513632014394, ""jurisdiction"": 0.0018830954795703292, ""arbitration"": 0.0033657962922006845}"
test:85,"by granting academia.edu access to any third party accounts , you understand that academia.edu will access , make available and store ( if applicable ) any content that you have provided to and stored in your third party account ( `` third party account content '' ) so that it is available on and through the site and services via your account .",[],[],"{""limitation_of_liability"": 0.0039712777361273766, ""unilateral_termination"": 0.0031928399112075567, ""unilateral_change"": 0.0051979986019432545, ""content_removal"": 0.004832686390727758, ""contract_by_using"": 0.005830668844282627, ""choice_of_law"": 0.0021526056807488203, ""jurisdiction"": 0.0019736767280846834, ""arbitration"": 0.0039406088180840015}"
test:86,"unless otherwise specified in these terms , all third party account content , if any , will be considered to be member content for all purposes of these terms .",[],[],"{""limitation_of_liability"": 0.013617941178381443, ""unilateral_termination"": 0.0023548509925603867, ""unilateral_change"": 0.005840769503265619, ""content_removal"": 0.004332966636866331, ""contract_by_using"": 0.005902904085814953, ""choice_of_law"": 0.006904802285134792, ""jurisdiction"": 0.002957262797281146, ""arbitration"": 0.004072310868650675}"
test:87,"depending on the third party accounts you choose and subject to the privacy settings that you have set in such third party accounts , personally identifiable information that you post to your third party accounts will be available on and through your account on the site and services .",[],[],"{""limitation_of_liability"": 0.00508543336763978, ""unilateral_termination"": 0.0029796839226037264, ""unilateral_change"": 0.004899108782410622, ""content_removal"": 0.0036607766523957253, ""contract_by_using"": 0.004298163112252951, ""choice_of_law"": 0.002953578718006611, ""jurisdiction"": 0.0021650479175150394, ""arbitration"": 0.004044647328555584}"
test:88,"please note that if a third party account or associated service becomes unavailable or academia.edu 's access to such third party account is terminated by the third party service provider , then the third party account content that was available from such third party account will no longer be available on and through the site and services .",[],[],"{""limitation_of_liability"": 0.010402466170489788, ""unilateral_termination"": 0.040546126663684845, ""unilateral_change"": 0.005074660759419203, ""content_removal"": 0.01572251506149769, ""contract_by_using"": 0.002846694318577647, ""choice_of_law"": 0.0017285979120060802, ""jurisdiction"": 0.002341125626116991, ""arbitration"": 0.0039480216801166534}"
test:89,"you have the ability to disable the connection between your account and your third party accounts , at any time , by accessing your account settings page .",[],[],"{""limitation_of_liability"": 0.011553911492228508, ""unilateral_termination"": 0.016005031764507294, ""unilateral_change"": 0.007118820212781429, ""content_removal"": 0.012868725694715977, ""contract_by_using"": 0.0031128444243222475, ""choice_of_law"": 0.0016142798122018576, ""jurisdiction"": 0.001976138912141323, ""arbitration"": 0.0027025071904063225}"
test:90,please note that your relationship with the third party service providers associated wth your third party accounts is governed solely by your agreement ( s ) with such third party service providers .,[],[],"{""limitation_of_liability"": 0.0049326252192258835, ""unilateral_termination"": 0.002910710871219635, ""unilateral_change"": 0.003920563962310553, ""content_removal"": 0.003321613185107708, ""contract_by_using"": 0.005677267909049988, ""choice_of_law"": 0.0037439814768731594, ""jurisdiction"": 0.0025747616309672594, ""arbitration"": 0.00561126321554184}"
test:91,"academia.edu makes no effort to review any third party account content for any purpose , including but not limited to , for accuracy , legality or non-infringement and academia.edu is not responsible for any third party account content .",[],[],"{""limitation_of_liability"": 0.35221001505851746, ""unilateral_termination"": 0.005393277388066053, ""unilateral_change"": 0.006153353955596685, ""content_removal"": 0.007730551064014435, ""contract_by_using"": 0.004064285196363926, ""choice_of_law"": 0.005445539020001888, ""jurisdiction"": 0.004292781464755535, ""arbitration"": 0.004315576981753111}"
test:92,"we welcome and encourage you to provide feedback , comments and suggestions for improvements to the site or services ( `` feedback '' ) .",[],[],"{""limitation_of_liability"": 0.004177905153483152, ""unilateral_termination"": 0.0032161634881049395, ""unilateral_change"": 0.0060731456615030766, ""content_removal"": 0.003590045962482691, ""contract_by_using"": 0.0041048889979720116, ""choice_of_law"": 0.002387763699516654, ""jurisdiction"": 0.0020050681196153164, ""arbitration"": 0.0045989202335476875}"
test:93,you may submit feedback by emailing us at feedback@academia.eduor through the `` ideas '' section of the site .,[],[],"{""limitation_of_liability"": 0.004415071569383144, ""unilateral_termination"": 0.0034737049136310816, ""unilateral_change"": 0.004017247352749109, ""content_removal"": 0.004113998729735613, ""contract_by_using"": 0.0037985872477293015, ""choice_of_law"": 0.0027348536532372236, ""jurisdiction"": 0.002509420271962881, ""arbitration"": 0.00517814327031374}"
test:94,"you acknowledge and agree that if you submit any feedback to us , you hereby grant to us a non-exclusive , worldwide , perpetual , irrevocable , fully-paid , royalty-free , sub-licensable and transferable license under any and all intellectual property rights that you own or control to use , copy , modify , create derivative works based upon and otherwise exploit the feedback for any purpose .",[],[],"{""limitation_of_liability"": 0.0035473257303237915, ""unilateral_termination"": 0.00531642185524106, ""unilateral_change"": 0.004279813263565302, ""content_removal"": 0.005393397994339466, ""contract_by_using"": 0.010016856715083122, ""choice_of_law"": 0.0022975467145442963, ""jurisdiction"": 0.003162543987855315, ""arbitration"": 0.007195177488029003}"
test:95,you agree not to do any of the following :,[],[],"{""limitation_of_liability"": 0.009241923689842224, ""unilateral_termination"": 0.003232340095564723, ""unilateral_change"": 0.003573794849216938, ""content_removal"": 0.003753102384507656, ""contract_by_using"": 0.0034894163254648447, ""choice_of_law"": 0.0024861027486622334, ""jurisdiction"": 0.0024187967646867037, ""arbitration"": 0.004335594363510609}"
test:96,"• post , upload , publish , submit or transmit any content that : ( i ) infringes , misappropriates or violates a third party 's patent , copyright , trademark , trade secret , moral rights or other intellectual property rights , or rights of publicity or privacy ; ( ii ) violates , or encourages any conduct that would violate , any applicable law or regulation or would give rise to civil liability ; ( iii ) is fraudulent , knowingly false , misleading or deceptive ; ( iv ) is defamatory , obscene , pornographic , vulgar or offensive ; ( v ) promotes discrimination , bigotry , racism , hatred , harassment or harm against any individual or group ; ( vi ) is violent or threatening or promotes violence or actions that are threatening to any person or entity ; or ( vii ) promotes illegal or harmful activities or substances ;",[],[],"{""limitation_of_liability"": 0.00774391321465373, ""unilateral_termination"": 0.004671288654208183, ""unilateral_change"": 0.003919033799320459, ""content_removal"": 0.005541212856769562, ""contract_by_using"": 0.0034630317240953445, ""choice_of_law"": 0.0022694673389196396, ""jurisdiction"": 0.002361373044550419, ""arbitration"": 0.004367411136627197}"
test:97,• disclose information that you do not have the right to disclose ( such as confidential information of others ( including your employer ) ;,[],[],"{""limitation_of_liability"": 0.012704238295555115, ""unilateral_termination"": 0.003422123147174716, ""unilateral_change"": 0.0033981541637331247, ""content_removal"": 0.003834787290543318, ""contract_by_using"": 0.003179196733981371, ""choice_of_law"": 0.0024552273098379374, ""jurisdiction"": 0.0025054679717868567, ""arbitration"": 0.004242366645485163}"
test:98,"• use , display , mirror or frame the site , or any individual element within the site or services , academia.edu 's name , any academia.edu trademark , logo or other proprietary information , or the layout and design of any page or form contained on a page , without academia.edu 's express written consent ;",[],[],"{""limitation_of_liability"": 0.006124276202172041, ""unilateral_termination"": 0.0030249690171331167, ""unilateral_change"": 0.00365452584810555, ""content_removal"": 0.004485027864575386, ""contract_by_using"": 0.004723925609141588, ""choice_of_law"": 0.0024203923530876637, ""jurisdiction"": 0.002224787836894393, ""arbitration"": 0.004100059624761343}"
test:99,"• access , tamper with , or use non-public areas of the site , academia.edu 's computer systems , or the technical delivery systems of academia.edu 's providers ;",[],[],"{""limitation_of_liability"": 0.01341329701244831, ""unilateral_termination"": 0.002814813982695341, ""unilateral_change"": 0.0036019578110426664, ""content_removal"": 0.0030514926183968782, ""contract_by_using"": 0.003431765828281641, ""choice_of_law"": 0.002781098475679755, ""jurisdiction"": 0.002408514032140374, ""arbitration"": 0.004520970396697521}"
test:100,"• attempt to probe , scan , or test the vulnerability of any academia.edu system or network or breach any security or authentication measures ;",[],[],"{""limitation_of_liability"": 0.027352171018719673, ""unilateral_termination"": 0.004193708300590515, ""unilateral_change"": 0.0033053176011890173, ""content_removal"": 0.0044408258982002735, ""contract_by_using"": 0.003087269375100732, ""choice_of_law"": 0.0023350082337856293, ""jurisdiction"": 0.002342035761103034, ""arbitration"": 0.003531702095642686}"
test:101,"• avoid , bypass , remove , deactivate , impair , descramble or otherwise circumvent any technological measure implemented by academia.edu or any of academia.edu 's providers or any other third party ( including another user ) to protect the site , services or collective content ;",[],[],"{""limitation_of_liability"": 0.016852015629410744, ""unilateral_termination"": 0.009125753305852413, ""unilateral_change"": 0.0035234822425991297, ""content_removal"": 0.01585559733211994, ""contract_by_using"": 0.002879389561712742, ""choice_of_law"": 0.0025394363328814507, ""jurisdiction"": 0.0026415386237204075, ""arbitration"": 0.0033655567094683647}"
test:102,"• scrape or copy profiles and information of others through any means ( including crawlers , browser plugins and add-ons , and any other technology or manual work ) ;",[],[],"{""limitation_of_liability"": 0.014842814765870571, ""unilateral_termination"": 0.002860965207219124, ""unilateral_change"": 0.004460659343749285, ""content_removal"": 0.003534401301294565, ""contract_by_using"": 0.003293417626991868, ""choice_of_law"": 0.002887682756409049, ""jurisdiction"": 0.002278096741065383, ""arbitration"": 0.003827411448583007}"
test:103,"• sell , sponsor , or otherwise monetize any feature of the services , without academia.edu 's consent ;",[],[],"{""limitation_of_liability"": 0.007748021744191647, ""unilateral_termination"": 0.006434348877519369, ""unilateral_change"": 0.00414374191313982, ""content_removal"": 0.008149373345077038, ""contract_by_using"": 0.004663827829062939, ""choice_of_law"": 0.0018745281267911196, ""jurisdiction"": 0.0020721890032291412, ""arbitration"": 0.0032920376397669315}"
test:104,"• attempt to access or search the site , services or collective content or download collective content from the site or services through the use of any engine , software , tool , agent , device or mechanism ( including spiders , robots , crawlers , data mining tools or the like ) other than the software and/or search agents provided by academia.edu or other generally available third party web browsers ;",[],[],"{""limitation_of_liability"": 0.008271104656159878, ""unilateral_termination"": 0.0027627896051853895, ""unilateral_change"": 0.004290727432817221, ""content_removal"": 0.003745288820937276, ""contract_by_using"": 0.003546587424352765, ""choice_of_law"": 0.002728769090026617, ""jurisdiction"": 0.002172888023778796, ""arbitration"": 0.0038509618025273085}"
test:105,"• use bots or other automated methods to access the services , add or download contacts or profile information ;",[],[],"{""limitation_of_liability"": 0.021225878968834877, ""unilateral_termination"": 0.0029343783389776945, ""unilateral_change"": 0.005462187808007002, ""content_removal"": 0.0037487614899873734, ""contract_by_using"": 0.0033391627948731184, ""choice_of_law"": 0.002890615491196513, ""jurisdiction"": 0.002288299845531583, ""arbitration"": 0.0032897633500397205}"
test:106,"• send any unsolicited or unauthorized advertising , promotional materials , email , junk mail , spam , chain letters or other form of solicitation ;",[],[],"{""limitation_of_liability"": 0.010524144396185875, ""unilateral_termination"": 0.002915387973189354, ""unilateral_change"": 0.0035500305239111185, ""content_removal"": 0.0035646422766149044, ""contract_by_using"": 0.0037356719840317965, ""choice_of_law"": 0.0023331528063863516, ""jurisdiction"": 0.0022384747862815857, ""arbitration"": 0.003874742891639471}"
test:107,"• use any meta tags or other hidden text or metadata utilizing a academia.edu trademark , logo url or product name without academia.edu 's express written consent ;",[],[],"{""limitation_of_liability"": 0.005739017389714718, ""unilateral_termination"": 0.0029104326386004686, ""unilateral_change"": 0.0033654910512268543, ""content_removal"": 0.004262154921889305, ""contract_by_using"": 0.0046686576679348946, ""choice_of_law"": 0.0028183776885271072, ""jurisdiction"": 0.0026435290928930044, ""arbitration"": 0.004822823219001293}"
test:108,"• use the site , services or collective content for any commercial purpose or the benefit of any third party or in any manner not permitted by these terms ;",[],[],"{""limitation_of_liability"": 0.02314186468720436, ""unilateral_termination"": 0.0030725086107850075, ""unilateral_change"": 0.003989118617027998, ""content_removal"": 0.0039357454515993595, ""contract_by_using"": 0.0039995391853153706, ""choice_of_law"": 0.003304229350760579, ""jurisdiction"": 0.002188993850722909, ""arbitration"": 0.0031274312641471624}"
test:109,"• forge any tcp/ip packet header or any part of the header information in any email or newsgroup posting , or in any way use the site , services or collective content to send altered , deceptive or false source-identifying information ;",[],[],"{""limitation_of_liability"": 0.014008612371981144, ""unilateral_termination"": 0.002869193209335208, ""unilateral_change"": 0.003767765127122402, ""content_removal"": 0.0038998352829366922, ""contract_by_using"": 0.0034790057688951492, ""choice_of_law"": 0.0026565175503492355, ""jurisdiction"": 0.002336152596399188, ""arbitration"": 0.003521858248859644}"
test:110,"• attempt to decipher , decompile , disassemble or reverse engineer any of the software used to provide the site , services or collective content ;",[],[],"{""limitation_of_liability"": 0.010602403432130814, ""unilateral_termination"": 0.004365365486592054, ""unilateral_change"": 0.00344482040964067, ""content_removal"": 0.005849971901625395, ""contract_by_using"": 0.003277124371379614, ""choice_of_law"": 0.002084959065541625, ""jurisdiction"": 0.0019425572827458382, ""arbitration"": 0.0034951227717101574}"
test:111,"• interfere with , or attempt to interfere with , the access of any user , host or network , including , without limitation , sending a virus , overloading , flooding , spamming , or mail-bombing the site or services ;",[],[],"{""limitation_of_liability"": 0.015558663755655289, ""unilateral_termination"": 0.0038365311920642853, ""unilateral_change"": 0.0033202951308339834, ""content_removal"": 0.004764059092849493, ""contract_by_using"": 0.003481026506051421, ""choice_of_law"": 0.0022811160888522863, ""jurisdiction"": 0.0021555975545197725, ""arbitration"": 0.003249556990340352}"
test:112,• collect or store any personally identifiable information from the site or services from other users of the site or services without their express permission ;,[],[],"{""limitation_of_liability"": 0.011668656952679157, ""unilateral_termination"": 0.0035121524706482887, ""unilateral_change"": 0.003392999991774559, ""content_removal"": 0.0038105587009340525, ""contract_by_using"": 0.0033880695700645447, ""choice_of_law"": 0.0024054558016359806, ""jurisdiction"": 0.0021835400257259607, ""arbitration"": 0.0034987202379852533}"
test:113,• impersonate or misrepresent your affiliation with any person or entity ;,[],[],"{""limitation_of_liability"": 0.02193276770412922, ""unilateral_termination"": 0.004938486497849226, ""unilateral_change"": 0.002916942350566387, ""content_removal"": 0.00408656382933259, ""contract_by_using"": 0.002667087595909834, ""choice_of_law"": 0.002471932675689459, ""jurisdiction"": 0.0030354217160493135, ""arbitration"": 0.004904686473309994}"
test:114,• violate any applicable law or regulation ; or,[],[],"{""limitation_of_liability"": 0.046762704849243164, ""unilateral_termination"": 0.00883975625038147, ""unilateral_change"": 0.003526128362864256, ""content_removal"": 0.006948966532945633, ""contract_by_using"": 0.0028979431372135878, ""choice_of_law"": 0.004304769914597273, ""jurisdiction"": 0.003686243202537298, ""arbitration"": 0.00445642601698637}"
test:115,• encourage or enable any other individual to do any of the foregoing .,[],[],"{""limitation_of_liability"": 0.007874765433371067, ""unilateral_termination"": 0.0032070272136479616, ""unilateral_change"": 0.0050286524929106236, ""content_removal"": 0.003809058340266347, ""contract_by_using"": 0.003322645789012313, ""choice_of_law"": 0.0022156306076794863, ""jurisdiction"": 0.0019521350041031837, ""arbitration"": 0.0034724853467196226}"
test:116,academia.edu will have the right to investigate and prosecute violations of any of the above to the fullest extent of the law .,[],[],"{""limitation_of_liability"": 0.0618007630109787, ""unilateral_termination"": 0.031081749126315117, ""unilateral_change"": 0.014988642185926437, ""content_removal"": 0.029880709946155548, ""contract_by_using"": 0.002575512742623687, ""choice_of_law"": 0.008229665458202362, ""jurisdiction"": 0.008599954657256603, ""arbitration"": 0.005267441272735596}"
test:117,academia.edu may involve and cooperate with law enforcement authorities in prosecuting users who violate these terms .,[],[],"{""limitation_of_liability"": 0.0038388241082429886, ""unilateral_termination"": 0.005982328671962023, ""unilateral_change"": 0.005210010800510645, ""content_removal"": 0.0058134933933615685, ""contract_by_using"": 0.00293521536514163, ""choice_of_law"": 0.002466317731887102, ""jurisdiction"": 0.0024126640055328608, ""arbitration"": 0.004967250861227512}"
test:118,"you acknowledge that academia.edu has no obligation to monitor your access to or use of the site , services or collective content or to review or edit any collective content , but has the right to do so for the purpose of operating the site and services , to ensure your compliance with these terms , or to comply with applicable law or the order or requirement of a court , administrative agency or other governmental body .",[],[],"{""limitation_of_liability"": 0.032928258180618286, ""unilateral_termination"": 0.006194754038006067, ""unilateral_change"": 0.005535046104341745, ""content_removal"": 0.012331018224358559, ""contract_by_using"": 0.002874994184821844, ""choice_of_law"": 0.00393274798989296, ""jurisdiction"": 0.002433051820844412, ""arbitration"": 0.003147674025967717}"
test:119,"academia.edu reserves the right , at any time and without prior notice , to remove or disable access to any collective content , including , but not limited to , collective content that academia.edu , at its sole discretion , considers to be in violation of these terms or otherwise harmful to the site or services .","[""unilateral_termination"", ""content_removal""]","[""content_removal""]","{""limitation_of_liability"": 0.10944680124521255, ""unilateral_termination"": 0.5679608583450317, ""unilateral_change"": 0.2808906137943268, ""content_removal"": 0.9646143913269043, ""contract_by_using"": 0.03641204908490181, ""choice_of_law"": 0.07751783728599548, ""jurisdiction"": 0.08799461275339127, ""arbitration"": 0.05142902582883835}"
test:120,academia.edu respects copyright law and expects its users to do the same .,[],[],"{""limitation_of_liability"": 0.0058099557645618916, ""unilateral_termination"": 0.002983520971611142, ""unilateral_change"": 0.004827661905437708, ""content_removal"": 0.003554280148819089, ""contract_by_using"": 0.0033702957443892956, ""choice_of_law"": 0.0031223290134221315, ""jurisdiction"": 0.0023104653228074312, ""arbitration"": 0.004488603677600622}"
test:121,"it is academia.edu 's policy to terminate , in appropriate circumstances , members or other account holders who repeatedly infringe or are believed to be repeatedly infringing the rights of copyright holders .","[""unilateral_termination""]","[""unilateral_termination""]","{""limitation_of_liability"": 0.07384197413921356, ""unilateral_termination"": 0.9734209775924683, ""unilateral_change"": 0.07345207035541534, ""content_removal"": 0.25969240069389343, ""contract_by_using"": 0.024017462506890297, ""choice_of_law"": 0.015474410727620125, ""jurisdiction"": 0.036382611840963364, ""arbitration"": 0.0752076730132103}"
test:122,"please see academia.edu 's copyright policy at academia.edu/copyright , for further information .",[],[],"{""limitation_of_liability"": 0.005283177364617586, ""unilateral_termination"": 0.00375285092741251, ""unilateral_change"": 0.003850319655612111, ""content_removal"": 0.0038133200723677874, ""contract_by_using"": 0.0034422562457621098, ""choice_of_law"": 0.00284399650990963, ""jurisdiction"": 0.002569732256233692, ""arbitration"": 0.005692671984434128}"
test:123,the site or services may contain links to third-party websites or resources .,[],[],"{""limitation_of_liability"": 0.006007184740155935, ""unilateral_termination"": 0.0036419013049453497, ""unilateral_change"": 0.008954129181802273, ""content_removal"": 0.0045545222237706184, ""contract_by_using"": 0.002845680806785822, ""choice_of_law"": 0.003162258304655552, ""jurisdiction"": 0.0024215078447014093, ""arbitration"": 0.00377160613425076}"
test:124,"you acknowledge and agree that academia.edu is not responsible or liable for : ( i ) the availability or accuracy of such websites or resources ; or ( ii ) the content , products , or services on or available from such websites or resources .",[],"[""limitation_of_liability""]","{""limitation_of_liability"": 0.9807360172271729, ""unilateral_termination"": 0.022898860275745392, ""unilateral_change"": 0.02242489717900753, ""content_removal"": 0.030177295207977295, ""contract_by_using"": 0.020403996109962463, ""choice_of_law"": 0.03439411148428917, ""jurisdiction"": 0.03918379545211792, ""arbitration"": 0.016354704275727272}"
test:125,"links to such websites or resources do not imply any endorsement by academia.edu of such websites or resources or the content , products , or services available from such websites or resources .",[],[],"{""limitation_of_liability"": 0.007004846818745136, ""unilateral_termination"": 0.002519589848816395, ""unilateral_change"": 0.00564104737713933, ""content_removal"": 0.0036290038842707872, ""contract_by_using"": 0.0037455898709595203, ""choice_of_law"": 0.0030482362490147352, ""jurisdiction"": 0.0021537253633141518, ""arbitration"": 0.0037131384015083313}"
test:126,"you acknowledge sole responsibility for and assume all risk arising from your use of any such websites or resources or the content , products , or services on or available from such websites or resources .",[],[],"{""limitation_of_liability"": 0.3081272840499878, ""unilateral_termination"": 0.0036090260837227106, ""unilateral_change"": 0.006051200442016125, ""content_removal"": 0.005873754620552063, ""contract_by_using"": 0.014024842530488968, ""choice_of_law"": 0.005897603463381529, ""jurisdiction"": 0.004143494181334972, ""arbitration"": 0.0045732674188911915}"
test:127,"academia.edu reserves the right , at its sole discretion , to discontinue or terminate the site and services and to terminate these terms , at any time and without prior notice .","[""unilateral_termination""]","[""unilateral_termination""]","{""limitation_of_liability"": 0.06307138502597809, ""unilateral_termination"": 0.9752382040023804, ""unilateral_change"": 0.18079990148544312, ""content_removal"": 0.23437459766864777, ""contract_by_using"": 0.018906686455011368, ""choice_of_law"": 0.017386505380272865, ""jurisdiction"": 0.02769147790968418, ""arbitration"": 0.06739134341478348}"
test:128,"if you breach any of these terms , academia.edu will have the right to suspend or disable your account or terminate these terms , at its sole discretion and without prior notice to you .","[""unilateral_termination""]","[""unilateral_termination""]","{""limitation_of_liability"": 0.1372339278459549, ""unilateral_termination"": 0.9828994274139404, ""unilateral_change"": 0.18517865240573883, ""content_removal"": 0.2847330570220947, ""contract_by_using"": 0.01830657571554184, ""choice_of_law"": 0.018218476325273514, ""jurisdiction"": 0.03025723248720169, ""arbitration"": 0.06773367524147034}"
test:129,"academia.edu reserves the right to revoke your access to and use of the site , services and collective content at any time , with or without cause .","[""unilateral_termination""]","[""unilateral_termination"", ""content_removal""]","{""limitation_of_liability"": 0.02278149500489235, ""unilateral_termination"": 0.9240618944168091, ""unilateral_change"": 0.6268549561500549, ""content_removal"": 0.6565996408462524, ""contract_by_using"": 0.032261524349451065, ""choice_of_law"": 0.016260886564850807, ""jurisdiction"": 0.02136569283902645, ""arbitration"": 0.02798013761639595}"
test:130,you may cancel your account at any time by visiting your account settings page and clicking on `` remove '' or by sending an email to feedback@academia.edu .,[],[],"{""limitation_of_liability"": 0.0035623142030090094, ""unilateral_termination"": 0.0070039937272667885, ""unilateral_change"": 0.005387329030781984, ""content_removal"": 0.011282945051789284, ""contract_by_using"": 0.004071945324540138, ""choice_of_law"": 0.0020783995278179646, ""jurisdiction"": 0.002474139677360654, ""arbitration"": 0.004193664528429508}"
test:131,"the site , services and collective content are provided `` as is '' , without warranty of any kind , either express or implied .",[],[],"{""limitation_of_liability"": 0.010292050428688526, ""unilateral_termination"": 0.0030789596494287252, ""unilateral_change"": 0.003645863849669695, ""content_removal"": 0.003575725946575403, ""contract_by_using"": 0.004136098548769951, ""choice_of_law"": 0.002558651380240917, ""jurisdiction"": 0.0018053107196465135, ""arbitration"": 0.003627592232078314}"
test:132,"without limiting the foregoing , academia.edu explicitly disclaims any warranties of merchantability , fitness for a particular purpose , quiet enjoyment or non-infringement , and any warranties arising out of course of dealing or usage of trade .",[],[],"{""limitation_of_liability"": 0.020032985135912895, ""unilateral_termination"": 0.00251017976552248, ""unilateral_change"": 0.003050463041290641, ""content_removal"": 0.0031829297076910734, ""contract_by_using"": 0.005600560922175646, ""choice_of_law"": 0.0026042750105261803, ""jurisdiction"": 0.0024276254698634148, ""arbitration"": 0.004227163270115852}"
test:133,"academia.edu makes no warranty that the site , services or collective content will meet your requirements or be available on an uninterrupted , secure , or error-free basis .",[],[],"{""limitation_of_liability"": 0.010281938128173351, ""unilateral_termination"": 0.0032347622327506542, ""unilateral_change"": 0.0038189049810171127, ""content_removal"": 0.0037160818465054035, ""contract_by_using"": 0.0035899383947253227, ""choice_of_law"": 0.0021827174350619316, ""jurisdiction"": 0.001681810012087226, ""arbitration"": 0.0033210846595466137}"
test:134,"academia.edu makes no warranty regarding the quality of any products , services or collective content purchased or obtained through the site or services or the accuracy , timeliness , truthfulness , completeness or reliability of any content obtained through the site or services .",[],[],"{""limitation_of_liability"": 0.06703033298254013, ""unilateral_termination"": 0.0038219213020056486, ""unilateral_change"": 0.004091503564268351, ""content_removal"": 0.0038556966464966536, ""contract_by_using"": 0.004153534770011902, ""choice_of_law"": 0.0027459070552140474, ""jurisdiction"": 0.002205508528277278, ""arbitration"": 0.0035811990965157747}"
test:135,"no advice or information , whether oral or written , obtained from academia.edu or through the site , services or collective content , will create any warranty not expressly made herein .",[],[],"{""limitation_of_liability"": 0.017043784260749817, ""unilateral_termination"": 0.003249280620366335, ""unilateral_change"": 0.002956215525045991, ""content_removal"": 0.004061896353960037, ""contract_by_using"": 0.00552838109433651, ""choice_of_law"": 0.002130963373929262, ""jurisdiction"": 0.0021523558534681797, ""arbitration"": 0.003802965860813856}"
test:136,you are solely responsible for all of your communications and interactions with other users of the site and services and with other persons with whom you communicate or interact as a result of your use of the site or services .,[],[],"{""limitation_of_liability"": 0.005755114834755659, ""unilateral_termination"": 0.002834281185641885, ""unilateral_change"": 0.003955754917114973, ""content_removal"": 0.0033479102421551943, ""contract_by_using"": 0.004552858415991068, ""choice_of_law"": 0.0027243399526923895, ""jurisdiction"": 0.002196550602093339, ""arbitration"": 0.00449226563796401}"
test:137,"you understand that academia.edu does not screen or inquire into the background of any users of the site or services , nor does academia.edu make any attempt to verify the statements of users of the site or services .",[],[],"{""limitation_of_liability"": 0.009646644815802574, ""unilateral_termination"": 0.0029815826565027237, ""unilateral_change"": 0.0035376236774027348, ""content_removal"": 0.004344421438872814, ""contract_by_using"": 0.0038078788202255964, ""choice_of_law"": 0.002506531309336424, ""jurisdiction"": 0.0021801660768687725, ""arbitration"": 0.0035250999499112368}"
test:138,academia.edu makes no representations or warranties as to the conduct of users of the site or services or their compatibility with any current or future users of the site or services .,[],[],"{""limitation_of_liability"": 0.043013349175453186, ""unilateral_termination"": 0.002907950198277831, ""unilateral_change"": 0.003679003333672881, ""content_removal"": 0.003199464874342084, ""contract_by_using"": 0.0046628667041659355, ""choice_of_law"": 0.003035330679267645, ""jurisdiction"": 0.0021936052944511175, ""arbitration"": 0.0034807769116014242}"
test:139,"you agree to take reasonable precautions in all communications and interactions with other users of the site and services and with other persons with whom you communicate or interact as a result of your use of the site or services , particularly if you decide to meet offline or in person .",[],[],"{""limitation_of_liability"": 0.012277865782380104, ""unilateral_termination"": 0.006531286519020796, ""unilateral_change"": 0.004472133703529835, ""content_removal"": 0.006998421624302864, ""contract_by_using"": 0.0030604328494518995, ""choice_of_law"": 0.002055118093267083, ""jurisdiction"": 0.0023896407801657915, ""arbitration"": 0.0030608344823122025}"
test:140,"you agree to defend , indemnify , and hold academia.edu , its officers , directors , employees and agents , harmless from and against any claims , liabilities , damages , losses , and expenses , including , without limitation , reasonable legal and accounting fees , arising out of or in any way connected with your access to or use of the site , services or collective content , or your violation of these terms .",[],[],"{""limitation_of_liability"": 0.008620007894933224, ""unilateral_termination"": 0.0030921355355530977, ""unilateral_change"": 0.003019855357706547, ""content_removal"": 0.003902452066540718, ""contract_by_using"": 0.004511017352342606, ""choice_of_law"": 0.0022473554126918316, ""jurisdiction"": 0.002298070350661874, ""arbitration"": 0.0038529287558048964}"
test:141,"you acknowledge and agree that , to the maximum extent permitted by law , the entire risk arising out of your access to and use of the site , services and collective content remains with you .",[],[],"{""limitation_of_liability"": 0.718080461025238, ""unilateral_termination"": 0.00954930018633604, ""unilateral_change"": 0.005814920645207167, ""content_removal"": 0.009665527381002903, ""contract_by_using"": 0.00643538823351264, ""choice_of_law"": 0.010783778503537178, ""jurisdiction"": 0.011135110631585121, ""arbitration"": 0.006850996054708958}"
test:142,"neither academia.edu nor any other person or entity involved in creating , producing , or delivering the site , services or collective content will be liable for any incidental , special , exemplary or consequential damages , or lost profits , loss of data or loss of goodwill , service interruption , computer damage or system failure or the cost of substitute products or services , or for any damages for personal or bodily injury or emotional distress arising out of or in connection with these terms or from the use of or inability to use the site , services or collective content , or from any communications , interactions or meetings with other users of the site or services or other persons with whom you communicate or interact as a result of your use of the site or services , whether based on warranty , contract , tort ( including negligence ) , product liability or any other legal theory , whether or not academia.edu has been informed of the possibility of such damage , and whether or not foreseeable , even if a limited remedy set forth herein is found to have failed of its essential purpose .","[""limitation_of_liability""]","[""limitation_of_liability""]","{""limitation_of_liability"": 0.98224937915802, ""unilateral_termination"": 0.03165610879659653, ""unilateral_change"": 0.0176259595900774, ""content_removal"": 0.029707029461860657, ""contract_by_using"": 0.016816934570670128, ""choice_of_law"": 0.030541999265551567, ""jurisdiction"": 0.03719053044915199, ""arbitration"": 0.015638789162039757}"
test:143,"in no event will academia.edu 's aggregate liability arising out of or in connection with these terms or from the use of or inability to use the site , services or collective content exceed the greater of fifty dollars ( $ 50 ) and subscription fees paid by you during the 12 month period before the act giving rise to the liability .","[""limitation_of_liability""]","[""limitation_of_liability""]","{""limitation_of_liability"": 0.9844522476196289, ""unilateral_termination"": 0.037070173770189285, ""unilateral_change"": 0.024787690490484238, ""content_removal"": 0.03137621283531189, ""contract_by_using"": 0.019561633467674255, ""choice_of_law"": 0.0321347713470459, ""jurisdiction"": 0.03862597793340683, ""arbitration"": 0.01856287755072117}"
test:144,the limitations of damages set forth above are fundamental elements of the basis of the bargain between academia.edu and you .,[],[],"{""limitation_of_liability"": 0.1872987151145935, ""unilateral_termination"": 0.010465238243341446, ""unilateral_change"": 0.003702405607327819, ""content_removal"": 0.005352668464183807, ""contract_by_using"": 0.003417522646486759, ""choice_of_law"": 0.004375214222818613, ""jurisdiction"": 0.004646856337785721, ""arbitration"": 0.004404669161885977}"
test:145,"some jurisdictions do not allow the exclusion or limitation of liability for consequential or incidental damages , so the above limitation may not apply to you .",[],[],"{""limitation_of_liability"": 0.036377400159835815, ""unilateral_termination"": 0.0032936884090304375, ""unilateral_change"": 0.003948383964598179, ""content_removal"": 0.0031677386723458767, ""contract_by_using"": 0.003523999359458685, ""choice_of_law"": 0.0031900801695883274, ""jurisdiction"": 0.002780982991680503, ""arbitration"": 0.0034025348722934723}"
test:146,"all trademarks , service marks , logos , trade names and any other proprietary designations of academia.edu used herein are trademarks or registered trademarks of academia.edu .",[],[],"{""limitation_of_liability"": 0.005787737667560577, ""unilateral_termination"": 0.002604319714009762, ""unilateral_change"": 0.004071666859090328, ""content_removal"": 0.003475055331364274, ""contract_by_using"": 0.0047020637430250645, ""choice_of_law"": 0.0032268569339066744, ""jurisdiction"": 0.0023483694531023502, ""arbitration"": 0.0048096999526023865}"
test:147,"any other trademarks , service marks , logos , trade names and any other proprietary designations are the trademarks or registered trademarks of their respective parties .",[],[],"{""limitation_of_liability"": 0.005073179490864277, ""unilateral_termination"": 0.0024800049141049385, ""unilateral_change"": 0.004470947198569775, ""content_removal"": 0.0032623019069433212, ""contract_by_using"": 0.005219335667788982, ""choice_of_law"": 0.00324838375672698, ""jurisdiction"": 0.0024368020240217447, ""arbitration"": 0.00474218325689435}"
test:148,these terms and any action related thereto will be governed by the laws of the state of california without regard to its conflict of laws provisions .,"[""choice_of_law""]","[""choice_of_law""]","{""limitation_of_liability"": 0.10336583107709885, ""unilateral_termination"": 0.055904701352119446, ""unilateral_change"": 0.10570020973682404, ""content_removal"": 0.0795811340212822, ""contract_by_using"": 0.1272657811641693, ""choice_of_law"": 0.9648922085762024, ""jurisdiction"": 0.2653230130672455, ""arbitration"": 0.1520155370235443}"
test:149,"these terms constitute the entire and exclusive understanding and agreement between academia.edu and you regarding the site , services and collective content , and these terms supersede and replace any and all prior oral or written understandings or agreements between academia.edu and you regarding the site , services and collective content .",[],[],"{""limitation_of_liability"": 0.004848448093980551, ""unilateral_termination"": 0.0023209122009575367, ""unilateral_change"": 0.004916180390864611, ""content_removal"": 0.0036239298060536385, ""contract_by_using"": 0.009054126217961311, ""choice_of_law"": 0.004870661534368992, ""jurisdiction"": 0.002880446845665574, ""arbitration"": 0.0069850957952439785}"
test:150,"you may not assign or transfer these terms , by operation of law or otherwise , without academia.edu 's prior written consent .",[],[],"{""limitation_of_liability"": 0.003570049535483122, ""unilateral_termination"": 0.004825668875128031, ""unilateral_change"": 0.006745420396327972, ""content_removal"": 0.00743777584284544, ""contract_by_using"": 0.007650922983884811, ""choice_of_law"": 0.002851145574823022, ""jurisdiction"": 0.002371711190789938, ""arbitration"": 0.004527917597442865}"
test:151,"any attempt by you to assign or transfer these terms , without such consent , will be null and of no effect .",[],[],"{""limitation_of_liability"": 0.0068310839124023914, ""unilateral_termination"": 0.022537872195243835, ""unilateral_change"": 0.003667416051030159, ""content_removal"": 0.012038939632475376, ""contract_by_using"": 0.0033524222671985626, ""choice_of_law"": 0.0032645324245095253, ""jurisdiction"": 0.0033050240017473698, ""arbitration"": 0.006575272884219885}"
test:152,"academia.edu may assign or transfer these terms , at its sole discretion , without restriction .",[],[],"{""limitation_of_liability"": 0.004710844252258539, ""unilateral_termination"": 0.029915671795606613, ""unilateral_change"": 0.20981568098068237, ""content_removal"": 0.03334672749042511, ""contract_by_using"": 0.007821789011359215, ""choice_of_law"": 0.005249605048447847, ""jurisdiction"": 0.0034171459265053272, ""arbitration"": 0.004966548644006252}"
test:153,"subject to the foregoing , these terms will bind and inure to the benefit of the parties , their successors and permitted assigns .",[],[],"{""limitation_of_liability"": 0.0055028353817760944, ""unilateral_termination"": 0.001903498312458396, ""unilateral_change"": 0.0051172408275306225, ""content_removal"": 0.003240189515054226, ""contract_by_using"": 0.011703478172421455, ""choice_of_law"": 0.006071577314287424, ""jurisdiction"": 0.003537398763000965, ""arbitration"": 0.006262179929763079}"
test:154,"any notices or other communications permitted or required hereunder , including those regarding modifications to these terms , will be in writing and given by academia.edu ( i ) via email ( in each case to the address that you provide ) ; or ( ii ) by posting to the site .",[],[],"{""limitation_of_liability"": 0.0054777758195996284, ""unilateral_termination"": 0.0030127011705189943, ""unilateral_change"": 0.01706952415406704, ""content_removal"": 0.00499781034886837, ""contract_by_using"": 0.01679544895887375, ""choice_of_law"": 0.008694401942193508, ""jurisdiction"": 0.003950492013245821, ""arbitration"": 0.0070612868294119835}"
test:155,"for notices made by e-mail , the date of receipt will be deemed the date on which such notice is transmitted .",[],[],"{""limitation_of_liability"": 0.007945936173200607, ""unilateral_termination"": 0.0023481526877731085, ""unilateral_change"": 0.005869315937161446, ""content_removal"": 0.0030868309549987316, ""contract_by_using"": 0.007809135597199202, ""choice_of_law"": 0.004297810140997171, ""jurisdiction"": 0.0025979720521718264, ""arbitration"": 0.004144603852182627}"
test:156,"you and academia.edu agree that any dispute , claim or controversy arising out of or relating to these terms or the breach , termination , enforcement , interpretation or validity thereof or the use of the site or services ( collectively , `` disputes '' ) will be settled by binding arbitration , except that each party retains the right : ( i ) to bring an individual action in small claims court and ( ii ) to seek injunctive or other equitable relief in a court of competent jurisdiction to prevent the actual or threatened infringement , misappropriation or violation of a party 's copyrights , trademarks , trade secrets , patents or other intellectual property rights ( the action described in the foregoing clause ( ii ) , an `` ip protection action '' ) .","[""arbitration""]","[""arbitration""]","{""limitation_of_liability"": 0.04620729014277458, ""unilateral_termination"": 0.1064322292804718, ""unilateral_change"": 0.0658041462302208, ""content_removal"": 0.061656247824430466, ""contract_by_using"": 0.11572055518627167, ""choice_of_law"": 0.1423296481370926, ""jurisdiction"": 0.2759217321872711, ""arbitration"": 0.931738555431366}"
test:157,( the actions described in clauses ( i ) and ( ii ) are the `` litigable actions . '' ),[],[],"{""limitation_of_liability"": 0.01342929620295763, ""unilateral_termination"": 0.0033587035723030567, ""unilateral_change"": 0.00320945936255157, ""content_removal"": 0.003484775312244892, ""contract_by_using"": 0.003292151726782322, ""choice_of_law"": 0.003785612527281046, ""jurisdiction"": 0.0031506966333836317, ""arbitration"": 0.005020701792091131}"
test:158,"without limiting the preceding sentence , you will also have the right to litigate any dispute other than a litigable action , if you provide academia.edu with written notice of your desire to do so by email or regular mail at 251 kearny st , 5th floor , san francisco ca 94108 within thirty ( 30 ) days following the date you first agree to these terms ( such notice , an `` arbitration opt-out notice '' ) .",[],[],"{""limitation_of_liability"": 0.0036564867477864027, ""unilateral_termination"": 0.007218725513666868, ""unilateral_change"": 0.007600069511681795, ""content_removal"": 0.007796720135957003, ""contract_by_using"": 0.008947852067649364, ""choice_of_law"": 0.003871924476698041, ""jurisdiction"": 0.010694454424083233, ""arbitration"": 0.034016139805316925}"
test:159,"if you do n't provide academia.edu with an arbitration opt-out notice within the thirty ( 30 ) day period , you will be deemed to have knowingly and intentionally waived your right to litigate any dispute except for litigable actions .",[],[],"{""limitation_of_liability"": 0.004836161155253649, ""unilateral_termination"": 0.004540140274912119, ""unilateral_change"": 0.003732370911166072, ""content_removal"": 0.0042344494722783566, ""contract_by_using"": 0.006821298506110907, ""choice_of_law"": 0.0030069993808865547, ""jurisdiction"": 0.005494728218764067, ""arbitration"": 0.0160907544195652}"
test:160,"the exclusive jurisdiction and venue of any ip protection action or , if you timely provide academia.edu with an arbitration opt-out notice , any dispute other than an individual action brought in small claims court , will be the state and federal courts located in the northern district of california and each of the parties hereto waives any objection to jurisdiction and venue in such courts .","[""jurisdiction""]","[""jurisdiction""]","{""limitation_of_liability"": 0.16523927450180054, ""unilateral_termination"": 0.05245639756321907, ""unilateral_change"": 0.03089158795773983, ""content_removal"": 0.09029974043369293, ""contract_by_using"": 0.051973093301057816, ""choice_of_law"": 0.3140896260738373, ""jurisdiction"": 0.934430718421936, ""arbitration"": 0.2647877633571625}"
test:161,"unless you timely provide cir with an arbitration opt-out notice , you acknowledge and agree that you and academia.edu are each waiving the right to a trial by jury or to participate as a plaintiff or class member in any purported class action or representative proceeding .",[],[],"{""limitation_of_liability"": 0.005442304536700249, ""unilateral_termination"": 0.0038429272826761007, ""unilateral_change"": 0.0034982766956090927, ""content_removal"": 0.004203283693641424, ""contract_by_using"": 0.010426240973174572, ""choice_of_law"": 0.002560138702392578, ""jurisdiction"": 0.004815846215933561, ""arbitration"": 0.012145265005528927}"
test:162,"further , unless both you and academia.edu otherwise agree in writing , the arbitrator may not consolidate more than one person 's claims , and may not otherwise preside over any form of any class or representative proceeding .",[],[],"{""limitation_of_liability"": 0.006754138506948948, ""unilateral_termination"": 0.0050564538687467575, ""unilateral_change"": 0.0064336820505559444, ""content_removal"": 0.007840290665626526, ""contract_by_using"": 0.004210272803902626, ""choice_of_law"": 0.00403521116822958, ""jurisdiction"": 0.007052816916257143, ""arbitration"": 0.01675426959991455}"
test:163,"if this specific paragraph is held unenforceable , then the entirety of this `` dispute resolution '' section will be deemed void .",[],[],"{""limitation_of_liability"": 0.006446059327572584, ""unilateral_termination"": 0.005998552776873112, ""unilateral_change"": 0.0027124807238578796, ""content_removal"": 0.0045450590550899506, ""contract_by_using"": 0.003672495251521468, ""choice_of_law"": 0.0024294862523674965, ""jurisdiction"": 0.0027485277969390154, ""arbitration"": 0.006787633057683706}"
test:164,"except as provided in the preceding sentence , this `` dispute resolution '' section will survive any termination of these terms .",[],[],"{""limitation_of_liability"": 0.005438369233161211, ""unilateral_termination"": 0.005273045971989632, ""unilateral_change"": 0.00399355823174119, ""content_removal"": 0.003511932212859392, ""contract_by_using"": 0.006637898739427328, ""choice_of_law"": 0.0030712890438735485, ""jurisdiction"": 0.002900823252275586, ""arbitration"": 0.008050655014812946}"
test:165,arbitration rules and governing law .,[],[],"{""limitation_of_liability"": 0.0060825045220553875, ""unilateral_termination"": 0.0033106456976383924, ""unilateral_change"": 0.007141852285712957, ""content_removal"": 0.0031191797461360693, ""contract_by_using"": 0.00702042318880558, ""choice_of_law"": 0.009705767035484314, ""jurisdiction"": 0.0062925852835178375, ""arbitration"": 0.014459596015512943}"
test:166,"the arbitration will be administered by the american arbitration association ( `` aaa '' ) in accordance with the commercial arbitration rules and the supplementary procedures for consumer related disputes ( the `` aaa rules '' ) then in effect , except as modified by this `` dispute resolution '' section .",[],[],"{""limitation_of_liability"": 0.012653185054659843, ""unilateral_termination"": 0.021256769075989723, ""unilateral_change"": 0.02154274471104145, ""content_removal"": 0.013064493425190449, ""contract_by_using"": 0.05844812095165253, ""choice_of_law"": 0.046516768634319305, ""jurisdiction"": 0.06891818344593048, ""arbitration"": 0.5256869792938232}"
test:167,( the aaa rules are available at www.adr.org/arb_med or by calling the aaa at 1-800-778-7879 . ),[],[],"{""limitation_of_liability"": 0.0057399398647248745, ""unilateral_termination"": 0.003018745919689536, ""unilateral_change"": 0.004927448462694883, ""content_removal"": 0.0036769190337508917, ""contract_by_using"": 0.003692512633278966, ""choice_of_law"": 0.003634140593931079, ""jurisdiction"": 0.002702411962673068, ""arbitration"": 0.005052164196968079}"
test:168,the federal arbitration act will govern the interpretation and enforcement of this section .,[],[],"{""limitation_of_liability"": 0.00443553552031517, ""unilateral_termination"": 0.0029310572426766157, ""unilateral_change"": 0.005490854848176241, ""content_removal"": 0.0033485260792076588, ""contract_by_using"": 0.006303065922111273, ""choice_of_law"": 0.004988864529877901, ""jurisdiction"": 0.004609211347997189, ""arbitration"": 0.01047370582818985}"
test:169,a party who desires to initiate arbitration must provide the other party with a written demand for arbitration as specified in the aaa rules .,[],[],"{""limitation_of_liability"": 0.0033466871827840805, ""unilateral_termination"": 0.004696049261838198, ""unilateral_change"": 0.007665352895855904, ""content_removal"": 0.0037019995506852865, ""contract_by_using"": 0.007524075452238321, ""choice_of_law"": 0.0029766950756311417, ""jurisdiction"": 0.004296062048524618, ""arbitration"": 0.01355165895074606}"
test:170,( the aaa provides a form demand for arbitration at http://www.adr.org/aaa/showpdf?doc=adrstg_004175 and a separate form for california residents at http://www.adr.org/aaa/showpdf?doc=adrstg_015822 . ),[],[],"{""limitation_of_liability"": 0.004235229920595884, ""unilateral_termination"": 0.0036883451975882053, ""unilateral_change"": 0.00466989865526557, ""content_removal"": 0.0036611035466194153, ""contract_by_using"": 0.004758084658533335, ""choice_of_law"": 0.0029711821116507053, ""jurisdiction"": 0.003174609038978815, ""arbitration"": 0.008996016345918179}"
test:171,the arbitrator will be either a retired judge or an attorney licensed to practice law and will be selected by the parties from the aaa 's roster of arbitrators .,[],[],"{""limitation_of_liability"": 0.004425219260156155, ""unilateral_termination"": 0.003755028359591961, ""unilateral_change"": 0.00405007554218173, ""content_removal"": 0.003800763748586178, ""contract_by_using"": 0.005731626879423857, ""choice_of_law"": 0.003150784643366933, ""jurisdiction"": 0.003157367929816246, ""arbitration"": 0.00883508287370205}"
test:172,"if the parties are unable to agree upon an arbitrator within seven ( 7 ) days of delivery of the demand for arbitration , then the aaa will appoint the arbitrator in accordance with the aaa rules .",[],[],"{""limitation_of_liability"": 0.004445555154234171, ""unilateral_termination"": 0.003854484762996435, ""unilateral_change"": 0.013694164343178272, ""content_removal"": 0.005381282418966293, ""contract_by_using"": 0.02477482333779335, ""choice_of_law"": 0.006691610906273127, ""jurisdiction"": 0.009710260666906834, ""arbitration"": 0.035705942660570145}"
test:173,"unless you and academia.edu otherwise agree , the arbitration will be conducted in the county where you reside .",[],"[""arbitration""]","{""limitation_of_liability"": 0.023932628333568573, ""unilateral_termination"": 0.039796244353055954, ""unilateral_change"": 0.022873373702168465, ""content_removal"": 0.025987533852458, ""contract_by_using"": 0.06113233417272568, ""choice_of_law"": 0.04975792393088341, ""jurisdiction"": 0.1871192902326584, ""arbitration"": 0.7568191885948181}"
test:174,"if your claim does not exceed $ 10,000 , then the arbitration will be conducted solely on the basis of the documents that you and academia.edu submit to the arbitrator , unless you request a hearing or the arbitrator determines that a hearing is necessary .",[],[],"{""limitation_of_liability"": 0.015210618264973164, ""unilateral_termination"": 0.04561011865735054, ""unilateral_change"": 0.021622437983751297, ""content_removal"": 0.029351161792874336, ""contract_by_using"": 0.03505384549498558, ""choice_of_law"": 0.023488672450184822, ""jurisdiction"": 0.0574411042034626, ""arbitration"": 0.5470231175422668}"
test:175,"if your claim exceeds $ 10,000 , your right to a hearing will be determined by the aaa rules .",[],[],"{""limitation_of_liability"": 0.003241423051804304, ""unilateral_termination"": 0.01207707729190588, ""unilateral_change"": 0.013428603298962116, ""content_removal"": 0.006607616785913706, ""contract_by_using"": 0.004401184618473053, ""choice_of_law"": 0.0023309881798923016, ""jurisdiction"": 0.002969178603962064, ""arbitration"": 0.00912668090313673}"
test:176,"subject to the aaa rules , the arbitrator will have the discretion to direct a reasonable exchange of information by the parties , consistent with the expedited nature of the arbitration .",[],[],"{""limitation_of_liability"": 0.006864356808364391, ""unilateral_termination"": 0.007264692801982164, ""unilateral_change"": 0.0239877887070179, ""content_removal"": 0.007322847377508879, ""contract_by_using"": 0.010095078498125076, ""choice_of_law"": 0.0035867998376488686, ""jurisdiction"": 0.008592736907303333, ""arbitration"": 0.0266956128180027}"
test:177,the arbitrator will render an award within the time frame specified in the aaa rules .,[],[],"{""limitation_of_liability"": 0.004809428472071886, ""unilateral_termination"": 0.0030585932545363903, ""unilateral_change"": 0.005315088201314211, ""content_removal"": 0.003367261728271842, ""contract_by_using"": 0.004280042834579945, ""choice_of_law"": 0.0025266187731176615, ""jurisdiction"": 0.002412063768133521, ""arbitration"": 0.005348585546016693}"
test:178,the arbitrator 's decision will include the essential findings and conclusions upon which the arbitrator based the award .,[],[],"{""limitation_of_liability"": 0.005115769803524017, ""unilateral_termination"": 0.003584470832720399, ""unilateral_change"": 0.004648332018405199, ""content_removal"": 0.0033680510241538286, ""contract_by_using"": 0.00530967814847827, ""choice_of_law"": 0.0021314015612006187, ""jurisdiction"": 0.0022470098920166492, ""arbitration"": 0.005634259898215532}"
test:179,judgment on the arbitration award may be entered in any court having jurisdiction thereof .,[],[],"{""limitation_of_liability"": 0.003565397812053561, ""unilateral_termination"": 0.006628589238971472, ""unilateral_change"": 0.006153721362352371, ""content_removal"": 0.005861291661858559, ""contract_by_using"": 0.006986574735492468, ""choice_of_law"": 0.005998507142066956, ""jurisdiction"": 0.008947920054197311, ""arbitration"": 0.014399109408259392}"
test:180,the arbitrator 's award damages must be consistent with the terms of the `` limitation of liability '' section above as to the types and the amounts of damages for which a party may be held liable .,[],[],"{""limitation_of_liability"": 0.10553892701864243, ""unilateral_termination"": 0.0039976816624403, ""unilateral_change"": 0.003905318910256028, ""content_removal"": 0.0034370175562798977, ""contract_by_using"": 0.004998396150767803, ""choice_of_law"": 0.003987328615039587, ""jurisdiction"": 0.003541756421327591, ""arbitration"": 0.005087178200483322}"
test:181,the arbitrator may award declaratory or injunctive relief only in favor of the claimant and only to the extent necessary to provide relief warranted by the claimant 's individual claim .,[],[],"{""limitation_of_liability"": 0.011528980918228626, ""unilateral_termination"": 0.01522296667098999, ""unilateral_change"": 0.004656842444092035, ""content_removal"": 0.006672561634331942, ""contract_by_using"": 0.0022833861876279116, ""choice_of_law"": 0.0018088484648615122, ""jurisdiction"": 0.0040252795442938805, ""arbitration"": 0.007518714293837547}"
test:182,"if you prevail in arbitration you will be entitled to an award of attorneys ' fees and expenses , to the extent provided under applicable law .",[],[],"{""limitation_of_liability"": 0.014989368617534637, ""unilateral_termination"": 0.00427048048004508, ""unilateral_change"": 0.0044275373220443726, ""content_removal"": 0.002901208121329546, ""contract_by_using"": 0.004066167399287224, ""choice_of_law"": 0.0024108043871819973, ""jurisdiction"": 0.003385763382539153, ""arbitration"": 0.007806302513927221}"
test:183,"academia.edu will not seek , and hereby waives all rights it may have under applicable law to recover , attorneys ' fees and expenses if it prevails in arbitration .",[],[],"{""limitation_of_liability"": 0.010782746598124504, ""unilateral_termination"": 0.0037464171182364225, ""unilateral_change"": 0.0046060881577432156, ""content_removal"": 0.003857539501041174, ""contract_by_using"": 0.0047716498374938965, ""choice_of_law"": 0.0033922421280294657, ""jurisdiction"": 0.006971911992877722, ""arbitration"": 0.014304743148386478}"
test:184,"your responsibility to pay any aaa filing , administrative and arbitrator fees will be solely as set forth in the aaa rules .",[],[],"{""limitation_of_liability"": 0.009304995648562908, ""unilateral_termination"": 0.0022090983111411333, ""unilateral_change"": 0.007860089652240276, ""content_removal"": 0.0032172061037272215, ""contract_by_using"": 0.004163071978837252, ""choice_of_law"": 0.0039849188178777695, ""jurisdiction"": 0.0024485900066792965, ""arbitration"": 0.004198083188384771}"
test:185,"however , if your claim for damages does not exceed $ 75,000 , academia.edu will pay all such fees unless the arbitrator finds that either the substance of your claim or the relief sought in your demand for arbitration was frivolous or was brought for an improper purpose ( as measured by the standards set forth in federal rule of civil procedure 11 ( b ) ) .",[],[],"{""limitation_of_liability"": 0.019123123958706856, ""unilateral_termination"": 0.004660411272197962, ""unilateral_change"": 0.0045716483145952225, ""content_removal"": 0.00478214118629694, ""contract_by_using"": 0.0036271114367991686, ""choice_of_law"": 0.0018749777227640152, ""jurisdiction"": 0.0026868938002735376, ""arbitration"": 0.005572046153247356}"
test:186,"notwithstanding the provisions of the `` modification '' section above , if academia.edu changes this `` dispute resolution '' section after the date you first accepted these terms ( or accepted any subsequent changes to these terms ) , you may reject any such change by sending us written notice ( including by email to feedback@academia.edu ) within 30 days of the date such change became effective , as indicated in the `` last updated date '' above or in the date of academia.edu 's email to you notifying you of such change .",[],[],"{""limitation_of_liability"": 0.002956286072731018, ""unilateral_termination"": 0.005951746366918087, ""unilateral_change"": 0.04177846014499664, ""content_removal"": 0.00598294660449028, ""contract_by_using"": 0.03240686282515526, ""choice_of_law"": 0.0037816385738551617, ""jurisdiction"": 0.0038428998086601496, ""arbitration"": 0.008394059725105762}"
test:187,"by rejecting any change , you are agreeing that you will arbitrate any dispute between you and academia.edu in accordance with the provisions of this `` dispute resolution '' section as of the date you first accepted these terms ( or accepted any subsequent changes to these terms ) .",[],[],"{""limitation_of_liability"": 0.007788328919559717, ""unilateral_termination"": 0.006433781702071428, ""unilateral_change"": 0.008922849781811237, ""content_removal"": 0.008650865405797958, ""contract_by_using"": 0.11697869747877121, ""choice_of_law"": 0.011355973780155182, ""jurisdiction"": 0.02782353200018406, ""arbitration"": 0.13688048720359802}"
test:188,the failure of academia.edu to enforce any right or provision of these terms will not constitute a waiver of future enforcement of that right or provision .,[],[],"{""limitation_of_liability"": 0.018154794350266457, ""unilateral_termination"": 0.004549621604382992, ""unilateral_change"": 0.004147844854742289, ""content_removal"": 0.0050682262517511845, ""contract_by_using"": 0.008079257793724537, ""choice_of_law"": 0.0031960373744368553, ""jurisdiction"": 0.003109691431745887, ""arbitration"": 0.005278135649859905}"
test:189,the waiver of any such right or provision will be effective only if in writing and signed by a duly authorized representative of academia.edu .,[],[],"{""limitation_of_liability"": 0.0075875818729400635, ""unilateral_termination"": 0.003263242309913039, ""unilateral_change"": 0.005051756277680397, ""content_removal"": 0.0038369609974324703, ""contract_by_using"": 0.009355854243040085, ""choice_of_law"": 0.004201738629490137, ""jurisdiction"": 0.003107663942500949, ""arbitration"": 0.00654776394367218}"
test:190,"except as expressly set forth in these terms , the exercise by either party of any of its remedies under these terms will be without prejudice to its other remedies under these terms or otherwise .",[],[],"{""limitation_of_liability"": 0.2219592183828354, ""unilateral_termination"": 0.031067943200469017, ""unilateral_change"": 0.0239189974963665, ""content_removal"": 0.011356085538864136, ""contract_by_using"": 0.010558695532381535, ""choice_of_law"": 0.035258419811725616, ""jurisdiction"": 0.01397132221609354, ""arbitration"": 0.008106890134513378}"
test:191,"if for any reason a court of competent jurisdiction finds any provision of these terms invalid or unenforceable , that provision will be enforced to the maximum extent permissible and the other provisions of these terms will remain in full force and effect .",[],[],"{""limitation_of_liability"": 0.01503531914204359, ""unilateral_termination"": 0.0076803541742265224, ""unilateral_change"": 0.0060545289888978004, ""content_removal"": 0.006008617114275694, ""contract_by_using"": 0.00371959968470037, ""choice_of_law"": 0.006161413621157408, ""jurisdiction"": 0.0061459019780159, ""arbitration"": 0.005771024152636528}"
test:192,"if you have any questions about these terms , please contact academia.edu at feedback@academia.edu .",[],[],"{""limitation_of_liability"": 0.0040940479375422, ""unilateral_termination"": 0.003749378025531769, ""unilateral_change"": 0.005021323449909687, ""content_removal"": 0.0040127430111169815, ""contract_by_using"": 0.0042268382385373116, ""choice_of_law"": 0.0027987209614366293, ""jurisdiction"": 0.0024015482049435377, ""arbitration"": 0.005278413649648428}"
test:193,"last updated : may 30 , 2017",[],[],"{""limitation_of_liability"": 0.009556916542351246, ""unilateral_termination"": 0.0036616255529224873, ""unilateral_change"": 0.007932836189866066, ""content_removal"": 0.0038998464588075876, ""contract_by_using"": 0.002665869193151593, ""choice_of_law"": 0.004406438674777746, ""jurisdiction"": 0.0028833544347435236, ""arbitration"": 0.004824643023312092}"
test:194,"amazon services llc and/or its affiliates ( `` amazon '' ) provide website features and other products and services to you when you visit or shop at amazon.com , use amazon products or services , use amazon applications for mobile , or use software provided by amazon in connection with any of the foregoing ( collectively , `` amazon services '' ) .",[],[],"{""limitation_of_liability"": 0.004664350301027298, ""unilateral_termination"": 0.0031833339016884565, ""unilateral_change"": 0.003916311543434858, ""content_removal"": 0.0036081019788980484, ""contract_by_using"": 0.004878539592027664, ""choice_of_law"": 0.0023239892907440662, ""jurisdiction"": 0.0023115177173167467, ""arbitration"": 0.005089891608804464}"
test:195,amazon provides the amazon services subject to the following conditions .,[],[],"{""limitation_of_liability"": 0.00520419841632247, ""unilateral_termination"": 0.002957073040306568, ""unilateral_change"": 0.005987619515508413, ""content_removal"": 0.003200707258656621, ""contract_by_using"": 0.0045504034496843815, ""choice_of_law"": 0.0024020655546337366, ""jurisdiction"": 0.0019699924159795046, ""arbitration"": 0.004358399193733931}"
test:196,"by using amazon services , you agree to these conditions .","[""contract_by_using""]","[""contract_by_using""]","{""limitation_of_liability"": 0.025408316403627396, ""unilateral_termination"": 0.011819985695183277, ""unilateral_change"": 0.05928928032517433, ""content_removal"": 0.025893721729516983, ""contract_by_using"": 0.9492639899253845, ""choice_of_law"": 0.041247762739658356, ""jurisdiction"": 0.04063663259148598, ""arbitration"": 0.05741647258400917}"
test:197,"we offer a wide range of amazon services , and sometimes additional terms may apply .",[],[],"{""limitation_of_liability"": 0.0042120120488107204, ""unilateral_termination"": 0.00348529196344316, ""unilateral_change"": 0.006721890531480312, ""content_removal"": 0.003474731929600239, ""contract_by_using"": 0.004324283916503191, ""choice_of_law"": 0.0027632128912955523, ""jurisdiction"": 0.0021551987156271935, ""arbitration"": 0.00466103944927454}"
test:198,"when you use an amazon service ( for example , your profile , gift cards , amazon video , your media library , amazon devices , or amazon applications ) you also will be subject to the guidelines , terms and agreements applicable to that amazon service ( `` service terms '' ) .",[],[],"{""limitation_of_liability"": 0.004403339233249426, ""unilateral_termination"": 0.0030168849043548107, ""unilateral_change"": 0.004390016198158264, ""content_removal"": 0.003190005896613002, ""contract_by_using"": 0.008059699088335037, ""choice_of_law"": 0.0027351973112672567, ""jurisdiction"": 0.0022025953512638807, ""arbitration"": 0.004923054948449135}"
test:199,"if these conditions of use are inconsistent with the service terms , those service terms will control .",[],[],"{""limitation_of_liability"": 0.003029843792319298, ""unilateral_termination"": 0.007033825386315584, ""unilateral_change"": 0.030087217688560486, ""content_removal"": 0.005584028549492359, ""contract_by_using"": 0.03066089190542698, ""choice_of_law"": 0.005361652933061123, ""jurisdiction"": 0.0026182199362665415, ""arbitration"": 0.004643804859369993}"
test:200,"please review our privacy notice , which also governs your use of amazon services , to understand our practices .",[],[],"{""limitation_of_liability"": 0.0030230528209358454, ""unilateral_termination"": 0.003291283268481493, ""unilateral_change"": 0.00826223473995924, ""content_removal"": 0.003920778166502714, ""contract_by_using"": 0.007842413149774075, ""choice_of_law"": 0.0031001181341707706, ""jurisdiction"": 0.0022780350409448147, ""arbitration"": 0.005130468867719173}"
test:201,"when you use amazon services , or send e-mails , text messages , and other communications from your desktop or mobile device to us , you may be communicating with us electronically .",[],[],"{""limitation_of_liability"": 0.004942075349390507, ""unilateral_termination"": 0.0033843894489109516, ""unilateral_change"": 0.0037957015447318554, ""content_removal"": 0.0036829470191150904, ""contract_by_using"": 0.004258699715137482, ""choice_of_law"": 0.0029815216548740864, ""jurisdiction"": 0.0025870895478874445, ""arbitration"": 0.005565058905631304}"
test:202,"you consent to receive communications from us electronically , such as e-mails , texts , mobile push notices , or notices and messages on this site or through the other amazon services , such as our message center , and you can retain copies of these communications for your records .",[],[],"{""limitation_of_liability"": 0.004354618489742279, ""unilateral_termination"": 0.003145412541925907, ""unilateral_change"": 0.0037918894086033106, ""content_removal"": 0.003951901104301214, ""contract_by_using"": 0.004859554581344128, ""choice_of_law"": 0.002769807819277048, ""jurisdiction"": 0.002867588074877858, ""arbitration"": 0.005476430058479309}"
test:203,"you agree that all agreements , notices , disclosures , and other communications that we provide to you electronically satisfy any legal requirement that such communications be in writing .",[],[],"{""limitation_of_liability"": 0.004527137614786625, ""unilateral_termination"": 0.0024410157930105925, ""unilateral_change"": 0.005950143560767174, ""content_removal"": 0.0035441010259091854, ""contract_by_using"": 0.006356579717248678, ""choice_of_law"": 0.003456375328823924, ""jurisdiction"": 0.002592968987300992, ""arbitration"": 0.004631285089999437}"
test:204,"all content included in or made available through any amazon service , such as text , graphics , logos , button icons , images , audio clips , digital downloads , data compilations , and software is the property of amazon or its content suppliers and protected by united states and international copyright laws .",[],[],"{""limitation_of_liability"": 0.0061881993897259235, ""unilateral_termination"": 0.00310215400531888, ""unilateral_change"": 0.003586888313293457, ""content_removal"": 0.003864235244691372, ""contract_by_using"": 0.00397183932363987, ""choice_of_law"": 0.003152894088998437, ""jurisdiction"": 0.002472344320267439, ""arbitration"": 0.0050101676024496555}"
test:205,the compilation of all content included in or made available through any amazon service is the exclusive property of amazon and protected by u.s. and international copyright laws .,[],[],"{""limitation_of_liability"": 0.007345920894294977, ""unilateral_termination"": 0.004617755766957998, ""unilateral_change"": 0.003331647487357259, ""content_removal"": 0.005471539217978716, ""contract_by_using"": 0.005230443552136421, ""choice_of_law"": 0.004228596575558186, ""jurisdiction"": 0.00295439874753356, ""arbitration"": 0.006077758502215147}"
test:206,click here to see a non-exhaustive list of amazon trademarks .,[],[],"{""limitation_of_liability"": 0.005137682892382145, ""unilateral_termination"": 0.003636992070823908, ""unilateral_change"": 0.004703941289335489, ""content_removal"": 0.003754769917577505, ""contract_by_using"": 0.0031635407358407974, ""choice_of_law"": 0.002608700655400753, ""jurisdiction"": 0.0024781113024801016, ""arbitration"": 0.005460061598569155}"
test:207,"in addition , graphics , logos , page headers , button icons , scripts , and service names included in or made available through any amazon service are trademarks or trade dress of amazon in the u.s. and other countries .",[],[],"{""limitation_of_liability"": 0.0046198382042348385, ""unilateral_termination"": 0.0027641155757009983, ""unilateral_change"": 0.0047774482518434525, ""content_removal"": 0.0035440553911030293, ""contract_by_using"": 0.00437902333214879, ""choice_of_law"": 0.0030013350769877434, ""jurisdiction"": 0.0025449488312005997, ""arbitration"": 0.004918298684060574}"
test:208,"amazon 's trademarks and trade dress may not be used in connection with any product or service that is not amazon 's , in any manner that is likely to cause confusion among customers , or in any manner that disparages or discredits amazon .",[],[],"{""limitation_of_liability"": 0.006060255691409111, ""unilateral_termination"": 0.004055770579725504, ""unilateral_change"": 0.004191149957478046, ""content_removal"": 0.00519415782764554, ""contract_by_using"": 0.003435546299442649, ""choice_of_law"": 0.0023894282057881355, ""jurisdiction"": 0.002119142096489668, ""arbitration"": 0.003942943178117275}"
test:209,"all other trademarks not owned by amazon that appear in any amazon service are the property of their respective owners , who may or may not be affiliated with , connected to , or sponsored by amazon .",[],[],"{""limitation_of_liability"": 0.008967281319200993, ""unilateral_termination"": 0.003184047993272543, ""unilateral_change"": 0.0026741870678961277, ""content_removal"": 0.0037197822239249945, ""contract_by_using"": 0.004236305598169565, ""choice_of_law"": 0.0026092499028891325, ""jurisdiction"": 0.0023403652012348175, ""arbitration"": 0.00456609670072794}"
test:210,one or more patents owned by amazon apply to the amazon services and to the features and services accessible via the amazon services .,[],[],"{""limitation_of_liability"": 0.0056555066257715225, ""unilateral_termination"": 0.002958226017653942, ""unilateral_change"": 0.003939214628189802, ""content_removal"": 0.0033281107898801565, ""contract_by_using"": 0.004120266530662775, ""choice_of_law"": 0.0027773526962846518, ""jurisdiction"": 0.002380835823714733, ""arbitration"": 0.0052400073036551476}"
test:211,portions of the amazon services operate under license of one or more patents .,[],[],"{""limitation_of_liability"": 0.005870673339813948, ""unilateral_termination"": 0.003167567076161504, ""unilateral_change"": 0.00385054643265903, ""content_removal"": 0.003396144136786461, ""contract_by_using"": 0.003723611356690526, ""choice_of_law"": 0.0026264963671565056, ""jurisdiction"": 0.002393759321421385, ""arbitration"": 0.005294333212077618}"
test:212,click here to see a non-exhaustive list of applicable amazon patents and applicable licensed patents .,[],[],"{""limitation_of_liability"": 0.0055646104738116264, ""unilateral_termination"": 0.003122630063444376, ""unilateral_change"": 0.004694460425525904, ""content_removal"": 0.0036631969269365072, ""contract_by_using"": 0.0032510957680642605, ""choice_of_law"": 0.002826903946697712, ""jurisdiction"": 0.0023770921397954226, ""arbitration"": 0.004883764777332544}"
test:213,"subject to your compliance with these conditions of use and any service terms , and your payment of any applicable fees , amazon or its content providers grant you a limited , non-exclusive , non-transferable , non-sublicensable license to access and make personal and non-commercial use of the amazon services .",[],[],"{""limitation_of_liability"": 0.005276326090097427, ""unilateral_termination"": 0.0037704131100326777, ""unilateral_change"": 0.0037257845979183912, ""content_removal"": 0.004183114040642977, ""contract_by_using"": 0.007369302213191986, ""choice_of_law"": 0.0021235307212918997, ""jurisdiction"": 0.0022475444711744785, ""arbitration"": 0.005063732620328665}"
test:214,"this license does not include any resale or commercial use of any amazon service , or its contents ; any collection and use of any product listings , descriptions , or prices ; any derivative use of any amazon service or its contents ; any downloading , copying , or other use of account information for the benefit of any third party ; or any use of data mining , robots , or similar data gathering and extraction tools .",[],[],"{""limitation_of_liability"": 0.008118381723761559, ""unilateral_termination"": 0.003275791648775339, ""unilateral_change"": 0.00333598256111145, ""content_removal"": 0.0037509938701987267, ""contract_by_using"": 0.003627650672569871, ""choice_of_law"": 0.0022416776046156883, ""jurisdiction"": 0.002062779851257801, ""arbitration"": 0.004168508108705282}"
test:215,"all rights not expressly granted to you in these conditions of use or any service terms are reserved and retained by amazon or its licensors , suppliers , publishers , rightsholders , or other content providers .",[],[],"{""limitation_of_liability"": 0.006081792991608381, ""unilateral_termination"": 0.003966853488236666, ""unilateral_change"": 0.00319457333534956, ""content_removal"": 0.003937538247555494, ""contract_by_using"": 0.004263031296432018, ""choice_of_law"": 0.002327089197933674, ""jurisdiction"": 0.002069330308586359, ""arbitration"": 0.004324365872889757}"
test:216,"no amazon service , nor any part of any amazon service , may be reproduced , duplicated , copied , sold , resold , visited , or otherwise exploited for any commercial purpose without express written consent of amazon .",[],[],"{""limitation_of_liability"": 0.005814554635435343, ""unilateral_termination"": 0.004920032806694508, ""unilateral_change"": 0.0032563817221671343, ""content_removal"": 0.005339048337191343, ""contract_by_using"": 0.0033329399302601814, ""choice_of_law"": 0.0023359304759651423, ""jurisdiction"": 0.002140688942745328, ""arbitration"": 0.004494228400290012}"
test:217,"you may not frame or utilize framing techniques to enclose any trademark , logo , or other proprietary information ( including images , text , page layout , or form ) of amazon without express written consent .",[],[],"{""limitation_of_liability"": 0.004683264531195164, ""unilateral_termination"": 0.003551763016730547, ""unilateral_change"": 0.0037742804270237684, ""content_removal"": 0.004203589167445898, ""contract_by_using"": 0.004131281282752752, ""choice_of_law"": 0.002377456286922097, ""jurisdiction"": 0.002330169780179858, ""arbitration"": 0.004719231277704239}"
test:218,you may not use any meta tags or any other `` hidden text '' utilizing amazon 's name or trademarks without the express written consent of amazon .,[],[],"{""limitation_of_liability"": 0.004234290681779385, ""unilateral_termination"": 0.0034806961193680763, ""unilateral_change"": 0.0038058063946664333, ""content_removal"": 0.004440703894942999, ""contract_by_using"": 0.0042332555167376995, ""choice_of_law"": 0.002559236716479063, ""jurisdiction"": 0.002475387416779995, ""arbitration"": 0.005181430839002132}"
test:219,you may not misuse the amazon services .,[],[],"{""limitation_of_liability"": 0.004841270390897989, ""unilateral_termination"": 0.0034430907107889652, ""unilateral_change"": 0.004869027528911829, ""content_removal"": 0.003654124913737178, ""contract_by_using"": 0.003566961968317628, ""choice_of_law"": 0.0025681783445179462, ""jurisdiction"": 0.0023811133578419685, ""arbitration"": 0.0052426597103476524}"
test:220,you may use the amazon services only as permitted by law .,[],[],"{""limitation_of_liability"": 0.005358953028917313, ""unilateral_termination"": 0.0030604535713791847, ""unilateral_change"": 0.004132482223212719, ""content_removal"": 0.0035636364482343197, ""contract_by_using"": 0.0038049877621233463, ""choice_of_law"": 0.0027250731363892555, ""jurisdiction"": 0.002337224083021283, ""arbitration"": 0.004694665316492319}"
test:221,the licenses granted by amazon terminate if you do not comply with these conditions of use or any service terms .,"[""unilateral_termination""]","[""unilateral_termination""]","{""limitation_of_liability"": 0.02984580211341381, ""unilateral_termination"": 0.854215681552887, ""unilateral_change"": 0.024647802114486694, ""content_removal"": 0.10780883580446243, ""contract_by_using"": 0.00993361882865429, ""choice_of_law"": 0.005945277865976095, ""jurisdiction"": 0.012879621237516403, ""arbitration"": 0.02800644189119339}"
test:222,"you may need your own amazon account to use certain amazon services , and you may be required to be logged in to the account and have a valid payment method associated with it .",[],[],"{""limitation_of_liability"": 0.0048878611996769905, ""unilateral_termination"": 0.0035517090000212193, ""unilateral_change"": 0.004116820637136698, ""content_removal"": 0.0038191049825400114, ""contract_by_using"": 0.0036637503653764725, ""choice_of_law"": 0.002670655259862542, ""jurisdiction"": 0.002381047699600458, ""arbitration"": 0.004799319431185722}"
test:223,"you are responsible for maintaining the confidentiality of your account and password and for restricting access to your account , and you agree to accept responsibility for all activities that occur under your account or password .",[],[],"{""limitation_of_liability"": 0.02390497364103794, ""unilateral_termination"": 0.003379474626854062, ""unilateral_change"": 0.005878905765712261, ""content_removal"": 0.003798463148996234, ""contract_by_using"": 0.012996392324566841, ""choice_of_law"": 0.0019354481482878327, ""jurisdiction"": 0.0023632217198610306, ""arbitration"": 0.0038290354423224926}"
test:224,"amazon does sell products for children , but it sells them to adults , who can purchase with a credit card or other permitted payment method .",[],[],"{""limitation_of_liability"": 0.006167060229927301, ""unilateral_termination"": 0.0033220823388546705, ""unilateral_change"": 0.0037768969777971506, ""content_removal"": 0.0036744303070008755, ""contract_by_using"": 0.0032514233607798815, ""choice_of_law"": 0.0028955263551324606, ""jurisdiction"": 0.0024453296791762114, ""arbitration"": 0.005222882144153118}"
test:225,"if you are under 18 , you may use the amazon services only with involvement of a parent or guardian .",[],[],"{""limitation_of_liability"": 0.00549728237092495, ""unilateral_termination"": 0.003599193412810564, ""unilateral_change"": 0.0035546650178730488, ""content_removal"": 0.0036182303447276354, ""contract_by_using"": 0.003500857623293996, ""choice_of_law"": 0.0024687647819519043, ""jurisdiction"": 0.0022992196027189493, ""arbitration"": 0.004947354551404715}"
test:226,alcohol listings on amazon are intended for adults .,[],[],"{""limitation_of_liability"": 0.005923645570874214, ""unilateral_termination"": 0.0034193710889667273, ""unilateral_change"": 0.003763237502425909, ""content_removal"": 0.0034562470391392708, ""contract_by_using"": 0.0034361339639872313, ""choice_of_law"": 0.0029211947694420815, ""jurisdiction"": 0.0027456250973045826, ""arbitration"": 0.006220893934369087}"
test:227,"you must be at least 21 years of age to purchase alcohol , or use any site functionality related to alcohol .",[],[],"{""limitation_of_liability"": 0.006831449922174215, ""unilateral_termination"": 0.003705565817654133, ""unilateral_change"": 0.0036541945300996304, ""content_removal"": 0.004061263520270586, ""contract_by_using"": 0.003116920590400696, ""choice_of_law"": 0.002367110224440694, ""jurisdiction"": 0.0019607851281762123, ""arbitration"": 0.003962883725762367}"
test:228,"amazon reserves the right to refuse service , terminate accounts , terminate your rights to use amazon services , remove or edit content , or cancel orders in its sole discretion .","[""unilateral_termination"", ""content_removal""]","[""unilateral_termination"", ""content_removal""]","{""limitation_of_liability"": 0.07015056908130646, ""unilateral_termination"": 0.9856981635093689, ""unilateral_change"": 0.12139499932527542, ""content_removal"": 0.5835743546485901, ""contract_by_using"": 0.027327660471200943, ""choice_of_law"": 0.027971962466835976, ""jurisdiction"": 0.05059535428881645, ""arbitration"": 0.10103204101324081}"
test:229,"reviews , comments , communications , and other content",[],[],"{""limitation_of_liability"": 0.005902038887143135, ""unilateral_termination"": 0.003456193022429943, ""unilateral_change"": 0.006644335109740496, ""content_removal"": 0.003566888626664877, ""contract_by_using"": 0.0032833621371537447, ""choice_of_law"": 0.0028058751486241817, ""jurisdiction"": 0.002203709678724408, ""arbitration"": 0.004722345620393753}"
test:230,"you may post reviews , comments , photos , videos , and other content ; send e-cards and other communications ; and submit suggestions , ideas , comments , questions , or other information , so long as the content is not illegal , obscene , threatening , defamatory , invasive of privacy , infringing of intellectual property rights ( including publicity rights ) , or otherwise injurious to third parties or objectionable , and does not consist of or contain software viruses , political campaigning , commercial solicitation , chain letters , mass mailings , or any form of `` spam '' or unsolicited commercial electronic messages .",[],[],"{""limitation_of_liability"": 0.004247387405484915, ""unilateral_termination"": 0.0033805540297180414, ""unilateral_change"": 0.005097778979688883, ""content_removal"": 0.004091248847544193, ""contract_by_using"": 0.003955495543777943, ""choice_of_law"": 0.0027277402114123106, ""jurisdiction"": 0.002375498181208968, ""arbitration"": 0.004712438676506281}"
test:231,"you may not use a false e-mail address , impersonate any person or entity , or otherwise mislead as to the origin of a card or other content .",[],[],"{""limitation_of_liability"": 0.006476133596152067, ""unilateral_termination"": 0.003254212439060211, ""unilateral_change"": 0.0036459905095398426, ""content_removal"": 0.0038750297389924526, ""contract_by_using"": 0.0036538976710289717, ""choice_of_law"": 0.0024386830627918243, ""jurisdiction"": 0.002432320499792695, ""arbitration"": 0.004611351527273655}"
test:232,"amazon reserves the right ( but not the obligation ) to remove or edit such content , but does not regularly review posted content .","[""content_removal""]","[""content_removal""]","{""limitation_of_liability"": 0.04097204655408859, ""unilateral_termination"": 0.03042270615696907, ""unilateral_change"": 0.10337701439857483, ""content_removal"": 0.5582658052444458, ""contract_by_using"": 0.019946672022342682, ""choice_of_law"": 0.024547604843974113, ""jurisdiction"": 0.020354481413960457, ""arbitration"": 0.016561390832066536}"
test:233,"if you do post content or submit material , and unless we indicate otherwise , you grant amazon a nonexclusive , royalty-free , perpetual , irrevocable , and fully sublicensable right to use , reproduce , modify , adapt , publish , perform , translate , create derivative works from , distribute , and display such content throughout the world in any media .",[],[],"{""limitation_of_liability"": 0.003726030234247446, ""unilateral_termination"": 0.004395707510411739, ""unilateral_change"": 0.005128838121891022, ""content_removal"": 0.00509585440158844, ""contract_by_using"": 0.0052533987909555435, ""choice_of_law"": 0.001929145772010088, ""jurisdiction"": 0.0021441529970616102, ""arbitration"": 0.004363765940070152}"
test:234,"you grant amazon and sublicensees the right to use the name that you submit in connection with such content , if they choose .",[],[],"{""limitation_of_liability"": 0.004355655983090401, ""unilateral_termination"": 0.0044398922473192215, ""unilateral_change"": 0.004037200938910246, ""content_removal"": 0.0048207505606114864, ""contract_by_using"": 0.0035140621475875378, ""choice_of_law"": 0.002111185109242797, ""jurisdiction"": 0.0021617591846734285, ""arbitration"": 0.0044808294624090195}"
test:235,you represent and warrant that you own or otherwise control all of the rights to the content that you post ; that the content is accurate ; that use of the content you supply does not violate this policy and will not cause injury to any person or entity ; and that you will indemnify amazon for all claims resulting from content you supply .,[],[],"{""limitation_of_liability"": 0.013768279924988747, ""unilateral_termination"": 0.004444105550646782, ""unilateral_change"": 0.0025072586722671986, ""content_removal"": 0.0040755728259682655, ""contract_by_using"": 0.004572787322103977, ""choice_of_law"": 0.0018828213214874268, ""jurisdiction"": 0.00255623459815979, ""arbitration"": 0.004354376345872879}"
test:236,amazon has the right but not the obligation to monitor and edit or remove any activity or content .,"[""content_removal""]","[""content_removal""]","{""limitation_of_liability"": 0.0511532761156559, ""unilateral_termination"": 0.03813961520791054, ""unilateral_change"": 0.04184381291270256, ""content_removal"": 0.5288011431694031, ""contract_by_using"": 0.01165775116533041, ""choice_of_law"": 0.01588200218975544, ""jurisdiction"": 0.01531429123133421, ""arbitration"": 0.01136745698750019}"
test:237,amazon takes no responsibility and assumes no liability for any content posted by you or any third party .,"[""limitation_of_liability""]","[""limitation_of_liability""]","{""limitation_of_liability"": 0.9579023122787476, ""unilateral_termination"": 0.020639507099986076, ""unilateral_change"": 0.01056343037635088, ""content_removal"": 0.01908431388437748, ""contract_by_using"": 0.011729737743735313, ""choice_of_law"": 0.01661652885377407, ""jurisdiction"": 0.021139351651072502, ""arbitration"": 0.010472104884684086}"
test:238,amazon respects the intellectual property of others .,[],[],"{""limitation_of_liability"": 0.007724682800471783, ""unilateral_termination"": 0.0030509456992149353, ""unilateral_change"": 0.004330307710915804, ""content_removal"": 0.0034259045496582985, ""contract_by_using"": 0.003146390663459897, ""choice_of_law"": 0.0029617107938975096, ""jurisdiction"": 0.0023871094454079866, ""arbitration"": 0.005151796620339155}"
test:239,"if you believe that your work has been copied in a way that constitutes copyright infringement , please follow our notice and procedure for making claims of copyright infringement",[],[],"{""limitation_of_liability"": 0.004351857118308544, ""unilateral_termination"": 0.004433771129697561, ""unilateral_change"": 0.0037503361236304045, ""content_removal"": 0.004566852934658527, ""contract_by_using"": 0.0038953644689172506, ""choice_of_law"": 0.0021977757569402456, ""jurisdiction"": 0.0024230219423770905, ""arbitration"": 0.0055449712090194225}"
test:240,all purchases of physical items from amazon are made pursuant to a shipment contract .,[],[],"{""limitation_of_liability"": 0.0056594680063426495, ""unilateral_termination"": 0.003097675973549485, ""unilateral_change"": 0.0035065081901848316, ""content_removal"": 0.0034022550098598003, ""contract_by_using"": 0.004432367626577616, ""choice_of_law"": 0.0028715378139168024, ""jurisdiction"": 0.002616883022710681, ""arbitration"": 0.006022647954523563}"
test:241,this means that the risk of loss and title for such items pass to you upon our delivery to the carrier .,[],[],"{""limitation_of_liability"": 0.01454645674675703, ""unilateral_termination"": 0.003592083230614662, ""unilateral_change"": 0.004203201737254858, ""content_removal"": 0.003244294784963131, ""contract_by_using"": 0.004081724211573601, ""choice_of_law"": 0.0019765696488320827, ""jurisdiction"": 0.001725723734125495, ""arbitration"": 0.0033754301257431507}"
test:242,amazon does not take title to returned items until the item arrives at our fulfillment center .,[],[],"{""limitation_of_liability"": 0.008536787703633308, ""unilateral_termination"": 0.005169317126274109, ""unilateral_change"": 0.0030047730542719364, ""content_removal"": 0.004635009914636612, ""contract_by_using"": 0.0028557884506881237, ""choice_of_law"": 0.002005369635298848, ""jurisdiction"": 0.002270095981657505, ""arbitration"": 0.004597179125994444}"
test:243,"at our discretion , a refund may be issued without requiring a return .",[],[],"{""limitation_of_liability"": 0.027246274054050446, ""unilateral_termination"": 0.01753605529665947, ""unilateral_change"": 0.02039424143731594, ""content_removal"": 0.011116104200482368, ""contract_by_using"": 0.002913164207711816, ""choice_of_law"": 0.0018271853914484382, ""jurisdiction"": 0.0023100092075765133, ""arbitration"": 0.003489189315587282}"
test:244,"in this situation , amazon does not take title to the refunded item .",[],[],"{""limitation_of_liability"": 0.010681677609682083, ""unilateral_termination"": 0.00337793817743659, ""unilateral_change"": 0.003391325008124113, ""content_removal"": 0.003990147728472948, ""contract_by_using"": 0.0029596639797091484, ""choice_of_law"": 0.002674660412594676, ""jurisdiction"": 0.0024191790726035833, ""arbitration"": 0.0046872650273144245}"
test:245,"for more information about our returns and refunds , please see our returns center .",[],[],"{""limitation_of_liability"": 0.005391367245465517, ""unilateral_termination"": 0.003920188173651695, ""unilateral_change"": 0.004356996156275272, ""content_removal"": 0.003821378108114004, ""contract_by_using"": 0.0031561674550175667, ""choice_of_law"": 0.0025704512372612953, ""jurisdiction"": 0.0026501729153096676, ""arbitration"": 0.005564571358263493}"
test:246,amazon attempts to be as accurate as possible .,[],[],"{""limitation_of_liability"": 0.007777996826916933, ""unilateral_termination"": 0.003182459156960249, ""unilateral_change"": 0.004885880742222071, ""content_removal"": 0.003468248760327697, ""contract_by_using"": 0.003109153127297759, ""choice_of_law"": 0.0024271460715681314, ""jurisdiction"": 0.002067903056740761, ""arbitration"": 0.004380387719720602}"
test:247,"however , amazon does not warrant that product descriptions or other content of any amazon service is accurate , complete , reliable , current , or error-free .",[],[],"{""limitation_of_liability"": 0.013843147084116936, ""unilateral_termination"": 0.0032105438876897097, ""unilateral_change"": 0.0037570393178611994, ""content_removal"": 0.0035990739706903696, ""contract_by_using"": 0.003229912370443344, ""choice_of_law"": 0.00211045378819108, ""jurisdiction"": 0.002005580812692642, ""arbitration"": 0.0035011782310903072}"
test:248,"if a product offered by amazon itself is not as described , your sole remedy is to return it in unused condition .",[],[],"{""limitation_of_liability"": 0.08511506766080856, ""unilateral_termination"": 0.028843458741903305, ""unilateral_change"": 0.003448621602728963, ""content_removal"": 0.016141941770911217, ""contract_by_using"": 0.002778433496132493, ""choice_of_law"": 0.0019755400717258453, ""jurisdiction"": 0.003358341520652175, ""arbitration"": 0.003172830678522587}"
test:249,"`` list price '' means the suggested retail price of a product as provided by a manufacturer , supplier , or seller .",[],[],"{""limitation_of_liability"": 0.007105142343789339, ""unilateral_termination"": 0.002799462527036667, ""unilateral_change"": 0.005227983463555574, ""content_removal"": 0.0036450810730457306, ""contract_by_using"": 0.003647435223683715, ""choice_of_law"": 0.0035291353706270456, ""jurisdiction"": 0.0021199104376137257, ""arbitration"": 0.004237834829837084}"
test:250,we regularly check list prices against prices recently found on amazon and other retailers .,[],[],"{""limitation_of_liability"": 0.004591139033436775, ""unilateral_termination"": 0.003844307968392968, ""unilateral_change"": 0.006843858864158392, ""content_removal"": 0.0035870724823325872, ""contract_by_using"": 0.0032967061270028353, ""choice_of_law"": 0.0025546483229845762, ""jurisdiction"": 0.0019498197361826897, ""arbitration"": 0.004502789117395878}"
test:251,"certain products may have a `` was price '' displayed , which is determined using recent price history of the product on amazon .",[],[],"{""limitation_of_liability"": 0.005384830757975578, ""unilateral_termination"": 0.0029901566449552774, ""unilateral_change"": 0.004699591547250748, ""content_removal"": 0.0037774674128741026, ""contract_by_using"": 0.003436609636992216, ""choice_of_law"": 0.002939359052106738, ""jurisdiction"": 0.002249769866466522, ""arbitration"": 0.004733577836304903}"
test:252,"with respect to items sold by amazon , we can not confirm the price of an item until you order .",[],[],"{""limitation_of_liability"": 0.005271155387163162, ""unilateral_termination"": 0.003420234424993396, ""unilateral_change"": 0.003977232612669468, ""content_removal"": 0.0038440865464508533, ""contract_by_using"": 0.0038855080492794514, ""choice_of_law"": 0.002251529134809971, ""jurisdiction"": 0.002121539320796728, ""arbitration"": 0.004627126269042492}"
test:253,"despite our best efforts , a small number of the items in our catalog may be mispriced .",[],[],"{""limitation_of_liability"": 0.00960465706884861, ""unilateral_termination"": 0.007004803046584129, ""unilateral_change"": 0.004543333314359188, ""content_removal"": 0.005935498978942633, ""contract_by_using"": 0.00257491716183722, ""choice_of_law"": 0.0017245272174477577, ""jurisdiction"": 0.001789481844753027, ""arbitration"": 0.0032564187422394753}"
test:254,"if the correct price of an item sold by amazon is higher than our stated price , we will , at our discretion , either contact you for instructions before shipping or cancel your order and notify you of such cancellation .",[],[],"{""limitation_of_liability"": 0.005506210494786501, ""unilateral_termination"": 0.11155311018228531, ""unilateral_change"": 0.01632116176187992, ""content_removal"": 0.03981594368815422, ""contract_by_using"": 0.004073343705385923, ""choice_of_law"": 0.0016730129718780518, ""jurisdiction"": 0.003384743118658662, ""arbitration"": 0.0065092481672763824}"
test:255,other merchants may follow different policies in the event of a mispriced item .,[],[],"{""limitation_of_liability"": 0.0064292908646166325, ""unilateral_termination"": 0.004051628056913614, ""unilateral_change"": 0.006437352392822504, ""content_removal"": 0.0038050347939133644, ""contract_by_using"": 0.0027368066366761923, ""choice_of_law"": 0.0025062307249754667, ""jurisdiction"": 0.001914637628942728, ""arbitration"": 0.0037166730035096407}"
test:256,"we generally do not charge your credit card until after your order has entered the shipping process or , for digital products , until we make the digital product available to you .",[],[],"{""limitation_of_liability"": 0.0047528985887765884, ""unilateral_termination"": 0.0036457150708884, ""unilateral_change"": 0.004174708388745785, ""content_removal"": 0.004018038976937532, ""contract_by_using"": 0.003786067245528102, ""choice_of_law"": 0.0021714793983846903, ""jurisdiction"": 0.002098465571179986, ""arbitration"": 0.004421412479132414}"
test:257,"when you use apps created by amazon , such as the amazon app or kindle app , you may grant certain permissions to us for your device .",[],[],"{""limitation_of_liability"": 0.004071436822414398, ""unilateral_termination"": 0.003390432335436344, ""unilateral_change"": 0.004324491135776043, ""content_removal"": 0.003830960253253579, ""contract_by_using"": 0.004526091739535332, ""choice_of_law"": 0.0026695835404098034, ""jurisdiction"": 0.002447042614221573, ""arbitration"": 0.0051668556407094}"
test:258,most mobile devices provide you with information about these permissions .,[],[],"{""limitation_of_liability"": 0.004479100462049246, ""unilateral_termination"": 0.0037133919540792704, ""unilateral_change"": 0.004824789706617594, ""content_removal"": 0.003648939775303006, ""contract_by_using"": 0.003382871625944972, ""choice_of_law"": 0.0026236847043037415, ""jurisdiction"": 0.0023399856872856617, ""arbitration"": 0.005113134626299143}"
test:259,"to learn more about these permissions , click here .",[],[],"{""limitation_of_liability"": 0.004552415106445551, ""unilateral_termination"": 0.0036299768835306168, ""unilateral_change"": 0.0051009333692491055, ""content_removal"": 0.003971773665398359, ""contract_by_using"": 0.003188155358657241, ""choice_of_law"": 0.002953166142106056, ""jurisdiction"": 0.002633478259667754, ""arbitration"": 0.005624520126730204}"
test:260,you may not use any amazon service if you are the subject of u.s. sanctions or of sanctions consistent with u.s. law imposed by the governments of the country where you are using amazon services .,[],[],"{""limitation_of_liability"": 0.006649750284850597, ""unilateral_termination"": 0.0038089717272669077, ""unilateral_change"": 0.003030813066288829, ""content_removal"": 0.0037950105033814907, ""contract_by_using"": 0.004436496179550886, ""choice_of_law"": 0.0025512061547487974, ""jurisdiction"": 0.002810948295518756, ""arbitration"": 0.005394940264523029}"
test:261,"you must comply with all u.s. or other export and re-export restrictions that may apply to goods , software ( including amazon software ) , technology , and services .",[],[],"{""limitation_of_liability"": 0.005416149273514748, ""unilateral_termination"": 0.0029419215861707926, ""unilateral_change"": 0.004113517701625824, ""content_removal"": 0.0036606306675821543, ""contract_by_using"": 0.004166934639215469, ""choice_of_law"": 0.0027068208437412977, ""jurisdiction"": 0.0022207966540008783, ""arbitration"": 0.004437732510268688}"
test:262,"parties other than amazon operate stores , provide services or software , or sell product lines through the amazon services .",[],[],"{""limitation_of_liability"": 0.005255671683698893, ""unilateral_termination"": 0.0032874392345547676, ""unilateral_change"": 0.003837095806375146, ""content_removal"": 0.0034368853084743023, ""contract_by_using"": 0.0040170676074922085, ""choice_of_law"": 0.0025534238666296005, ""jurisdiction"": 0.002408587373793125, ""arbitration"": 0.005572056397795677}"
test:263,"in addition , we provide links to the sites of affiliated companies and certain other businesses .",[],[],"{""limitation_of_liability"": 0.005503733176738024, ""unilateral_termination"": 0.003735794685781002, ""unilateral_change"": 0.0054269814863801, ""content_removal"": 0.003966429270803928, ""contract_by_using"": 0.002960803685709834, ""choice_of_law"": 0.0023877599742263556, ""jurisdiction"": 0.0021747013088315725, ""arbitration"": 0.0042983549647033215}"
test:264,"we are not responsible for examining or evaluating , and we do not warrant , the offerings of any of these businesses or individuals ( including the content of their web sites ) .",[],[],"{""limitation_of_liability"": 0.01931137591600418, ""unilateral_termination"": 0.0031450148671865463, ""unilateral_change"": 0.003966600634157658, ""content_removal"": 0.004880769178271294, ""contract_by_using"": 0.0037895473651587963, ""choice_of_law"": 0.003186105517670512, ""jurisdiction"": 0.002508533652871847, ""arbitration"": 0.0033692612778395414}"
test:265,"amazon does not assume any responsibility or liability for the actions , product , and content of all these and any other third parties .",[],"[""limitation_of_liability""]","{""limitation_of_liability"": 0.9151760339736938, ""unilateral_termination"": 0.012672358192503452, ""unilateral_change"": 0.008005588315427303, ""content_removal"": 0.012702521868050098, ""contract_by_using"": 0.009751356206834316, ""choice_of_law"": 0.013161571696400642, ""jurisdiction"": 0.01405325811356306, ""arbitration"": 0.008457815274596214}"
test:266,you should carefully review their privacy statements and other conditions of use .,[],[],"{""limitation_of_liability"": 0.0030908554326742887, ""unilateral_termination"": 0.005896351765841246, ""unilateral_change"": 0.013015435077250004, ""content_removal"": 0.0069386777468025684, ""contract_by_using"": 0.004868010990321636, ""choice_of_law"": 0.0025154410395771265, ""jurisdiction"": 0.0018750911112874746, ""arbitration"": 0.004721538629382849}"
test:267,disclaimer of warranties and limitation of liability,[],[],"{""limitation_of_liability"": 0.007345019839704037, ""unilateral_termination"": 0.003275109687820077, ""unilateral_change"": 0.004365667700767517, ""content_removal"": 0.0032454775646328926, ""contract_by_using"": 0.0033945178147405386, ""choice_of_law"": 0.0026614784728735685, ""jurisdiction"": 0.0025124468374997377, ""arbitration"": 0.005127376411110163}"
test:268,"the amazon services and all information , content , materials , products ( including software ) and other services included on or otherwise made available to you through the amazon services are provided by amazon on an `` as is '' and `` as available '' basis , unless otherwise specified in writing .",[],[],"{""limitation_of_liability"": 0.005472099874168634, ""unilateral_termination"": 0.0024825292639434338, ""unilateral_change"": 0.005075122229754925, ""content_removal"": 0.0031273984350264072, ""contract_by_using"": 0.005756096914410591, ""choice_of_law"": 0.0030223096255213022, ""jurisdiction"": 0.002098688157275319, ""arbitration"": 0.004386967979371548}"
test:269,"amazon makes no representations or warranties of any kind , express or implied , as to the operation of the amazon services , or the information , content , materials , products ( including software ) or other services included on or otherwise made available to you through the amazon services , unless otherwise specified in writing .",[],[],"{""limitation_of_liability"": 0.02204701118171215, ""unilateral_termination"": 0.0023313332349061966, ""unilateral_change"": 0.0037583941593766212, ""content_removal"": 0.00293846451677382, ""contract_by_using"": 0.006172623950988054, ""choice_of_law"": 0.0026811196003109217, ""jurisdiction"": 0.0021564059425145388, ""arbitration"": 0.0033378778025507927}"
test:270,you expressly agree that your use of the amazon services is at your sole risk .,[],[],"{""limitation_of_liability"": 0.012098225764930248, ""unilateral_termination"": 0.004763536620885134, ""unilateral_change"": 0.002765956334769726, ""content_removal"": 0.0038161161355674267, ""contract_by_using"": 0.0037271548062562943, ""choice_of_law"": 0.0018856747774407268, ""jurisdiction"": 0.0020228365901857615, ""arbitration"": 0.004160698503255844}"
test:271,"to the full extent permissible by law , amazon disclaims all warranties , express or implied , including , but not limited to , implied warranties of merchantability and fitness for a particular purpose .",[],[],"{""limitation_of_liability"": 0.023626111447811127, ""unilateral_termination"": 0.0030259673949331045, ""unilateral_change"": 0.002709871158003807, ""content_removal"": 0.0035050453152507544, ""contract_by_using"": 0.00489977840334177, ""choice_of_law"": 0.002638419857248664, ""jurisdiction"": 0.0024580981116741896, ""arbitration"": 0.0038650501519441605}"
test:272,"amazon does not warrant that the amazon services , information , content , materials , products ( including software ) or other services included on or otherwise made available to you through the amazon services , amazon 's servers or electronic communications sent from amazon are free of viruses or other harmful components .",[],[],"{""limitation_of_liability"": 0.009526587091386318, ""unilateral_termination"": 0.003300814190879464, ""unilateral_change"": 0.0031678169034421444, ""content_removal"": 0.0035538561642169952, ""contract_by_using"": 0.0036086663603782654, ""choice_of_law"": 0.0021847684402018785, ""jurisdiction"": 0.0021794899366796017, ""arbitration"": 0.003980210516601801}"
test:273,"to the full extent permissible by law , amazon will not be liable for any damages of any kind arising from the use of any amazon service , or from any information , content , materials , products ( including software ) or other services included on or otherwise made available to you through any amazon service , including , but not limited to direct , indirect , incidental , punitive , and consequential damages , unless otherwise specified in writing .","[""limitation_of_liability""]","[""limitation_of_liability""]","{""limitation_of_liability"": 0.9856473207473755, ""unilateral_termination"": 0.027884162962436676, ""unilateral_change"": 0.01985039748251438, ""content_removal"": 0.029078885912895203, ""contract_by_using"": 0.020553700625896454, ""choice_of_law"": 0.03614141047000885, ""jurisdiction"": 0.05037235841155052, ""arbitration"": 0.01984560489654541}"
test:274,"any dispute or claim relating in any way to your use of any amazon service , or to any products or services sold or distributed by amazon or through amazon.com will be resolved by binding arbitration , rather than in court , except that you may assert claims in small claims court if your claims qualify .","[""arbitration""]","[""arbitration""]","{""limitation_of_liability"": 0.05663122609257698, ""unilateral_termination"": 0.13620710372924805, ""unilateral_change"": 0.07808930426836014, ""content_removal"": 0.08475350588560104, ""contract_by_using"": 0.1478257179260254, ""choice_of_law"": 0.16750136017799377, ""jurisdiction"": 0.33567553758621216, ""arbitration"": 0.9455471634864807}"
test:275,the federal arbitration act and federal arbitration law apply to this agreement .,[],[],"{""limitation_of_liability"": 0.004163149278610945, ""unilateral_termination"": 0.003403682727366686, ""unilateral_change"": 0.005719476845115423, ""content_removal"": 0.003480892861261964, ""contract_by_using"": 0.007232664618641138, ""choice_of_law"": 0.005343144293874502, ""jurisdiction"": 0.0049792141653597355, ""arbitration"": 0.01196564082056284}"
test:276,"there is no judge or jury in arbitration , and court review of an arbitration award is limited .",[],[],"{""limitation_of_liability"": 0.0052643115632236, ""unilateral_termination"": 0.00379098579287529, ""unilateral_change"": 0.003961756359785795, ""content_removal"": 0.003682581475004554, ""contract_by_using"": 0.004034590907394886, ""choice_of_law"": 0.0026767191011458635, ""jurisdiction"": 0.0033056398387998343, ""arbitration"": 0.007615377195179462}"
test:277,"however , an arbitrator can award on an individual basis the same damages and relief as a court ( including injunctive and declaratory relief or statutory damages ) , and must follow the terms of these conditions of use as a court would .",[],[],"{""limitation_of_liability"": 0.006904848385602236, ""unilateral_termination"": 0.00492405891418457, ""unilateral_change"": 0.005834240932017565, ""content_removal"": 0.003943898249417543, ""contract_by_using"": 0.004285563714802265, ""choice_of_law"": 0.0019333821255713701, ""jurisdiction"": 0.002585779409855604, ""arbitration"": 0.006384459789842367}"
test:278,"to begin an arbitration proceeding , you must send a letter requesting arbitration and describing your claim to our registered agent corporation service company , 300 deschutes way sw , suite 304 , tumwater , wa 98501 .",[],[],"{""limitation_of_liability"": 0.004006484057754278, ""unilateral_termination"": 0.003953538369387388, ""unilateral_change"": 0.003587899263948202, ""content_removal"": 0.004526308737695217, ""contract_by_using"": 0.006830068305134773, ""choice_of_law"": 0.0025858695153146982, ""jurisdiction"": 0.004040680825710297, ""arbitration"": 0.009391617961227894}"
test:279,"the arbitration will be conducted by the american arbitration association ( aaa ) under its rules , including the aaa 's supplementary procedures for consumer-related disputes .",[],[],"{""limitation_of_liability"": 0.01236854400485754, ""unilateral_termination"": 0.02399054542183876, ""unilateral_change"": 0.016825901344418526, ""content_removal"": 0.013721778057515621, ""contract_by_using"": 0.046364329755306244, ""choice_of_law"": 0.03026706911623478, ""jurisdiction"": 0.05623418465256691, ""arbitration"": 0.5050340890884399}"
test:280,the aaa 's rules are available at www.adr.org or by calling 1-800-778-7879 .,[],[],"{""limitation_of_liability"": 0.004544003866612911, ""unilateral_termination"": 0.0032458524219691753, ""unilateral_change"": 0.00787120871245861, ""content_removal"": 0.00374398659914732, ""contract_by_using"": 0.004150527995079756, ""choice_of_law"": 0.0039891451597213745, ""jurisdiction"": 0.002592511475086212, ""arbitration"": 0.0048205056227743626}"
test:281,"payment of all filing , administration and arbitrator fees will be governed by the aaa 's rules .",[],[],"{""limitation_of_liability"": 0.006292513571679592, ""unilateral_termination"": 0.00264666136354208, ""unilateral_change"": 0.013257385231554508, ""content_removal"": 0.003504024352878332, ""contract_by_using"": 0.007072047796100378, ""choice_of_law"": 0.013015631586313248, ""jurisdiction"": 0.003896763315424323, ""arbitration"": 0.007518949452787638}"
test:282,"we will reimburse those fees for claims totaling less than $ 10,000 unless the arbitrator determines the claims are frivolous .",[],[],"{""limitation_of_liability"": 0.007496139034628868, ""unilateral_termination"": 0.0032788491807878017, ""unilateral_change"": 0.005593984387814999, ""content_removal"": 0.0034017169382423162, ""contract_by_using"": 0.0031023486517369747, ""choice_of_law"": 0.0021932662930339575, ""jurisdiction"": 0.0020896063651889563, ""arbitration"": 0.0044593485072255135}"
test:283,"likewise , amazon will not seek attorneys ' fees and costs in arbitration unless the arbitrator determines the claims are frivolous .",[],[],"{""limitation_of_liability"": 0.006599674466997385, ""unilateral_termination"": 0.0035666499752551317, ""unilateral_change"": 0.003638269379734993, ""content_removal"": 0.0035506784915924072, ""contract_by_using"": 0.0034925497602671385, ""choice_of_law"": 0.0022810325026512146, ""jurisdiction"": 0.0027202358469367027, ""arbitration"": 0.00627921475097537}"
test:284,"you may choose to have the arbitration conducted by telephone , based on written submissions , or in person in the county where you live or at another mutually agreed location .",[],[],"{""limitation_of_liability"": 0.010040114633738995, ""unilateral_termination"": 0.019652577117085457, ""unilateral_change"": 0.01206705067306757, ""content_removal"": 0.015494917519390583, ""contract_by_using"": 0.01880447193980217, ""choice_of_law"": 0.012386986054480076, ""jurisdiction"": 0.05818427726626396, ""arbitration"": 0.28697556257247925}"
test:285,"we each agree that any dispute resolution proceedings will be conducted only on an individual basis and not in a class , consolidated or representative action .",[],[],"{""limitation_of_liability"": 0.006695881951600313, ""unilateral_termination"": 0.004053348209708929, ""unilateral_change"": 0.003927241545170546, ""content_removal"": 0.004577445797622204, ""contract_by_using"": 0.0036834245547652245, ""choice_of_law"": 0.0034075235016644, ""jurisdiction"": 0.0042581153102219105, ""arbitration"": 0.010061630979180336}"
test:286,if for any reason a claim proceeds in court rather than in arbitration we each waive any right to a jury trial .,[],[],"{""limitation_of_liability"": 0.00527535704895854, ""unilateral_termination"": 0.005587805528193712, ""unilateral_change"": 0.00473746145144105, ""content_removal"": 0.004093513358384371, ""contract_by_using"": 0.004541704896837473, ""choice_of_law"": 0.0024152235127985477, ""jurisdiction"": 0.0042698499746620655, ""arbitration"": 0.010665001347661018}"
test:287,we also both agree that you or we may bring suit in court to enjoin infringement or other misuse of intellectual property rights .,[],[],"{""limitation_of_liability"": 0.0036588709335774183, ""unilateral_termination"": 0.012049510143697262, ""unilateral_change"": 0.005304497666656971, ""content_removal"": 0.007130821235477924, ""contract_by_using"": 0.0032561293337494135, ""choice_of_law"": 0.0021536436397582293, ""jurisdiction"": 0.00424941023811698, ""arbitration"": 0.008600438013672829}"
test:288,"by using any amazon service , you agree that the federal arbitration act , applicable federal law , and the laws of the state of washington , without regard to principles of conflict of laws , will govern these conditions of use and any dispute of any sort that might arise between you and amazon .","[""contract_by_using"", ""choice_of_law""]","[""choice_of_law""]","{""limitation_of_liability"": 0.06459257006645203, ""unilateral_termination"": 0.024643316864967346, ""unilateral_change"": 0.06918314844369888, ""content_removal"": 0.040458835661411285, ""contract_by_using"": 0.10221998393535614, ""choice_of_law"": 0.9308997988700867, ""jurisdiction"": 0.19272397458553314, ""arbitration"": 0.1797412633895874}"
test:289,"site policies , modification , and severability",[],[],"{""limitation_of_liability"": 0.0056148613803088665, ""unilateral_termination"": 0.0028581139631569386, ""unilateral_change"": 0.0048519461415708065, ""content_removal"": 0.003112353151664138, ""contract_by_using"": 0.004090524278581142, ""choice_of_law"": 0.003202873282134533, ""jurisdiction"": 0.0031591046135872602, ""arbitration"": 0.006110609043389559}"
test:290,"please review our other policies , such as our pricing policy , posted on this site .",[],[],"{""limitation_of_liability"": 0.004062963183969259, ""unilateral_termination"": 0.0028778784908354282, ""unilateral_change"": 0.02063632942736149, ""content_removal"": 0.0040965876542031765, ""contract_by_using"": 0.010926819406449795, ""choice_of_law"": 0.00557958148419857, ""jurisdiction"": 0.0024646231904625893, ""arbitration"": 0.0054812259040772915}"
test:291,these policies also govern your use of amazon services .,[],[],"{""limitation_of_liability"": 0.004488199483603239, ""unilateral_termination"": 0.003777681151404977, ""unilateral_change"": 0.004583239555358887, ""content_removal"": 0.0034432653337717056, ""contract_by_using"": 0.003999594133347273, ""choice_of_law"": 0.0028088693507015705, ""jurisdiction"": 0.0023986995220184326, ""arbitration"": 0.005724902730435133}"
test:292,"we reserve the right to make changes to our site , policies , service terms , and these conditions of use at any time .","[""unilateral_change""]","[""unilateral_change""]","{""limitation_of_liability"": 0.05888064205646515, ""unilateral_termination"": 0.1903839111328125, ""unilateral_change"": 0.9873987436294556, ""content_removal"": 0.07008824497461319, ""contract_by_using"": 0.08848786354064941, ""choice_of_law"": 0.05544320121407509, ""jurisdiction"": 0.027509145438671112, ""arbitration"": 0.041734643280506134}"
test:293,"if any of these conditions shall be deemed invalid , void , or for any reason unenforceable , that condition shall be deemed severable and shall not affect the validity and enforceability of any remaining condition .",[],[],"{""limitation_of_liability"": 0.010159092955291271, ""unilateral_termination"": 0.0047029186971485615, ""unilateral_change"": 0.0034662834368646145, ""content_removal"": 0.00435981247574091, ""contract_by_using"": 0.003224791958928108, ""choice_of_law"": 0.0032808149699121714, ""jurisdiction"": 0.0027649584226310253, ""arbitration"": 0.0052684033289551735}"
test:294,the following terms ( `` software terms '' ) apply to any software ( including any updates or upgrades to the software ) and any related documentation we make available to you in connection with amazon services ( the `` amazon software '' ) .,[],[],"{""limitation_of_liability"": 0.0049794455990195274, ""unilateral_termination"": 0.0022251191549003124, ""unilateral_change"": 0.010655783116817474, ""content_removal"": 0.003164850641041994, ""contract_by_using"": 0.008655446581542492, ""choice_of_law"": 0.004054888617247343, ""jurisdiction"": 0.002226902637630701, ""arbitration"": 0.004069752991199493}"
test:295,use of the amazon software .,[],[],"{""limitation_of_liability"": 0.006166162900626659, ""unilateral_termination"": 0.0032911691814661026, ""unilateral_change"": 0.003915602341294289, ""content_removal"": 0.0034760399721562862, ""contract_by_using"": 0.0036744517274200916, ""choice_of_law"": 0.003049213206395507, ""jurisdiction"": 0.00277061783708632, ""arbitration"": 0.0063102818094193935}"
test:296,"you may use amazon software solely for purposes of enabling you to use the amazon services as provided by amazon , and as permitted by these conditions of use and any service terms .",[],[],"{""limitation_of_liability"": 0.004212954547256231, ""unilateral_termination"": 0.0028492212295532227, ""unilateral_change"": 0.004683493636548519, ""content_removal"": 0.0038274351973086596, ""contract_by_using"": 0.007847776636481285, ""choice_of_law"": 0.0025239414535462856, ""jurisdiction"": 0.0021367466542869806, ""arbitration"": 0.004095480777323246}"
test:297,"you may not incorporate any portion of the amazon software into other programs or compile any portion of it in combination with other programs , or otherwise copy ( except to exercise rights granted in this section ) , modify , create derivative works of , distribute , assign any rights to , or license the amazon software in whole or in part .",[],[],"{""limitation_of_liability"": 0.004376571159809828, ""unilateral_termination"": 0.003719727275893092, ""unilateral_change"": 0.004272990860044956, ""content_removal"": 0.004533868748694658, ""contract_by_using"": 0.00440225237980485, ""choice_of_law"": 0.002192750805988908, ""jurisdiction"": 0.002158509334549308, ""arbitration"": 0.004321149550378323}"
test:298,all software used in any amazon service is the property of amazon or its software suppliers and is protected by united states and international copyright laws .,[],[],"{""limitation_of_liability"": 0.005392993800342083, ""unilateral_termination"": 0.0033415518701076508, ""unilateral_change"": 0.0035807874519377947, ""content_removal"": 0.0037576016038656235, ""contract_by_using"": 0.003960569389164448, ""choice_of_law"": 0.002916771685704589, ""jurisdiction"": 0.002514494815841317, ""arbitration"": 0.005685192532837391}"
test:299,use of third party services .,[],[],"{""limitation_of_liability"": 0.007445391267538071, ""unilateral_termination"": 0.0031477126758545637, ""unilateral_change"": 0.004638762678951025, ""content_removal"": 0.0032845279201865196, ""contract_by_using"": 0.0032608883921056986, ""choice_of_law"": 0.002864591311663389, ""jurisdiction"": 0.0023690792731940746, ""arbitration"": 0.0049105314537882805}"
test:300,"when you use the amazon software , you may also be using the services of one or more third parties , such as a wireless carrier or a mobile software provider .",[],[],"{""limitation_of_liability"": 0.005451595410704613, ""unilateral_termination"": 0.0030970412772148848, ""unilateral_change"": 0.003436166560277343, ""content_removal"": 0.00339789898134768, ""contract_by_using"": 0.004701385740190744, ""choice_of_law"": 0.0025235202629119158, ""jurisdiction"": 0.002353409770876169, ""arbitration"": 0.0051391529850661755}"
test:301,"your use of these third party services may be subject to the separate policies , terms of use , and fees of these third parties .",[],[],"{""limitation_of_liability"": 0.004401819780468941, ""unilateral_termination"": 0.003580554621294141, ""unilateral_change"": 0.006366493180394173, ""content_removal"": 0.003721056040376425, ""contract_by_using"": 0.005821096710860729, ""choice_of_law"": 0.0027166332583874464, ""jurisdiction"": 0.0018968036165460944, ""arbitration"": 0.0038619600236415863}"
test:302,"you may not reverse engineer , decompile or disassemble , tamper with , or bypass any security associated with the amazon software , whether in whole or in part .",[],[],"{""limitation_of_liability"": 0.0056183659471571445, ""unilateral_termination"": 0.0035021600779145956, ""unilateral_change"": 0.00390683813020587, ""content_removal"": 0.004043951630592346, ""contract_by_using"": 0.0034466718789190054, ""choice_of_law"": 0.002221877919510007, ""jurisdiction"": 0.0020136300008744, ""arbitration"": 0.004327865783125162}"
test:303,we may offer automatic or manual updates to the amazon software at any time and without notice to you .,[],[],"{""limitation_of_liability"": 0.011578131467103958, ""unilateral_termination"": 0.1615515500307083, ""unilateral_change"": 0.8539756536483765, ""content_removal"": 0.07066132128238678, ""contract_by_using"": 0.017437197268009186, ""choice_of_law"": 0.010273444466292858, ""jurisdiction"": 0.007995017804205418, ""arbitration"": 0.013845153152942657}"
test:304,"if you are a u.s. government end user , we are licensing the amazon software to you as a `` commercial item '' as that term is defined in the u.s. code of federal regulations ( see 48 c.f.r. § 2.101 ) , and the rights we grant you to the amazon software are the same as the rights we grant to all others under these conditions of use .",[],[],"{""limitation_of_liability"": 0.0036970924120396376, ""unilateral_termination"": 0.003468805691227317, ""unilateral_change"": 0.005146320443600416, ""content_removal"": 0.004363657906651497, ""contract_by_using"": 0.004769850056618452, ""choice_of_law"": 0.0027390187606215477, ""jurisdiction"": 0.002136562718078494, ""arbitration"": 0.004868303891271353}"
test:305,"in the event of any conflict between these conditions of use and any other amazon or third-party terms applicable to any portion of amazon software , such as open-source license terms , such other terms will control as to that portion of the amazon software and to the extent of the conflict .",[],[],"{""limitation_of_liability"": 0.011403766460716724, ""unilateral_termination"": 0.002406592480838299, ""unilateral_change"": 0.006865449249744415, ""content_removal"": 0.0032814620062708855, ""contract_by_using"": 0.0056358445435762405, ""choice_of_law"": 0.005289779976010323, ""jurisdiction"": 0.0026205070316791534, ""arbitration"": 0.004089885391294956}"
test:306,"if you have a subpoena to serve on amazon , please note that amazon does not accept service via e-mail or fax and will not respond to the subpoena .",[],[],"{""limitation_of_liability"": 0.004876431077718735, ""unilateral_termination"": 0.0037492727860808372, ""unilateral_change"": 0.003354019019752741, ""content_removal"": 0.0040683019906282425, ""contract_by_using"": 0.004294524434953928, ""choice_of_law"": 0.0026233165990561247, ""jurisdiction"": 0.0032417019829154015, ""arbitration"": 0.006400411948561668}"
test:307,"all subpoenas must be properly served on amazon.com , preferably by mailing the subpoena to corporation service company ( csc ) , amazon 's national registered agent .",[],[],"{""limitation_of_liability"": 0.004861385561525822, ""unilateral_termination"": 0.003841239493340254, ""unilateral_change"": 0.0034512169659137726, ""content_removal"": 0.004274103324860334, ""contract_by_using"": 0.004491415340453386, ""choice_of_law"": 0.0030888712499290705, ""jurisdiction"": 0.0038204998709261417, ""arbitration"": 0.007339320611208677}"
test:308,please find below the washington address for csc ( the csc office in your jurisdiction may be located through the secretary of state 's website ) :,[],[],"{""limitation_of_liability"": 0.00751485163345933, ""unilateral_termination"": 0.004326992202550173, ""unilateral_change"": 0.004938449244946241, ""content_removal"": 0.005478458479046822, ""contract_by_using"": 0.0034939853940159082, ""choice_of_law"": 0.004507226869463921, ""jurisdiction"": 0.0048236907459795475, ""arbitration"": 0.0061660753563046455}"
test:309,"300 deschutes way sw , suite 304",[],[],"{""limitation_of_liability"": 0.006278450135141611, ""unilateral_termination"": 0.003820922691375017, ""unilateral_change"": 0.004984111525118351, ""content_removal"": 0.004122515674680471, ""contract_by_using"": 0.002814008155837655, ""choice_of_law"": 0.0026746857911348343, ""jurisdiction"": 0.0024033342488110065, ""arbitration"": 0.004575117025524378}"
test:310,attn : legal department -- subpoena,[],[],"{""limitation_of_liability"": 0.005453747231513262, ""unilateral_termination"": 0.004505459684878588, ""unilateral_change"": 0.0037069341633468866, ""content_removal"": 0.003959896042943001, ""contract_by_using"": 0.003268011612817645, ""choice_of_law"": 0.0028110325802117586, ""jurisdiction"": 0.0030373239424079657, ""arbitration"": 0.007287090178579092}"
test:311,please note also that providing detailed and accurate information at the outset will facilitate efficient processing of your request .,[],[],"{""limitation_of_liability"": 0.0035437645856291056, ""unilateral_termination"": 0.005280471872538328, ""unilateral_change"": 0.006441623438149691, ""content_removal"": 0.004972563590854406, ""contract_by_using"": 0.00479873875156045, ""choice_of_law"": 0.00200493261218071, ""jurisdiction"": 0.002195084700360894, ""arbitration"": 0.004593497142195702}"
test:312,"that information will include , for example , e-mail and/or credit card number used to make purchases for retail purchase information ; the name , e-mail , and physical address of a seller for seller information ; device serial number for amazon devices ; and ip address and complete time stamps .",[],[],"{""limitation_of_liability"": 0.006178752519190311, ""unilateral_termination"": 0.0029018190689384937, ""unilateral_change"": 0.004429593216627836, ""content_removal"": 0.0034695102367550135, ""contract_by_using"": 0.0034422576427459717, ""choice_of_law"": 0.002828153083100915, ""jurisdiction"": 0.0023492989130318165, ""arbitration"": 0.004569140262901783}"
test:313,notice and procedure for making claims of copyright infringement,[],[],"{""limitation_of_liability"": 0.005660498980432749, ""unilateral_termination"": 0.00356445275247097, ""unilateral_change"": 0.0048700300976634026, ""content_removal"": 0.003466105554252863, ""contract_by_using"": 0.0031154006719589233, ""choice_of_law"": 0.0023860852234065533, ""jurisdiction"": 0.0022766515612602234, ""arbitration"": 0.005052092019468546}"
test:314,"if you believe that your work has been copied in a way that constitutes copyright infringement , please submit your complaint using our online form .",[],[],"{""limitation_of_liability"": 0.004357947967946529, ""unilateral_termination"": 0.004748013336211443, ""unilateral_change"": 0.003379304427653551, ""content_removal"": 0.005910438485443592, ""contract_by_using"": 0.004566673189401627, ""choice_of_law"": 0.0023323248606175184, ""jurisdiction"": 0.002780382987111807, ""arbitration"": 0.005432732403278351}"
test:315,we respond quickly to the concerns of rights owners about any alleged infringement .,[],[],"{""limitation_of_liability"": 0.005515000782907009, ""unilateral_termination"": 0.0034633378963917494, ""unilateral_change"": 0.004783439449965954, ""content_removal"": 0.003384598530828953, ""contract_by_using"": 0.0034167123958468437, ""choice_of_law"": 0.002219254383817315, ""jurisdiction"": 0.002147737890481949, ""arbitration"": 0.004898832179605961}"
test:316,"if you prefer to submit a report in writing , please provide us with this information :",[],[],"{""limitation_of_liability"": 0.005903807934373617, ""unilateral_termination"": 0.0037799032870680094, ""unilateral_change"": 0.0040924749337136745, ""content_removal"": 0.00434998981654644, ""contract_by_using"": 0.003012827131897211, ""choice_of_law"": 0.0027735955081880093, ""jurisdiction"": 0.00263443635776639, ""arbitration"": 0.005184307228773832}"
test:317,a physical signature of the person authorized to act on behalf of the owner of the copyright interest ;,[],[],"{""limitation_of_liability"": 0.012169774621725082, ""unilateral_termination"": 0.003117318032309413, ""unilateral_change"": 0.0031786104664206505, ""content_removal"": 0.0039129555225372314, ""contract_by_using"": 0.003443116554990411, ""choice_of_law"": 0.0031075868755578995, ""jurisdiction"": 0.0028802864253520966, ""arbitration"": 0.004474187269806862}"
test:318,a description of the copyrighted work that you claim has been infringed upon ;,[],[],"{""limitation_of_liability"": 0.009568428620696068, ""unilateral_termination"": 0.003686932846903801, ""unilateral_change"": 0.003011315129697323, ""content_removal"": 0.00401708297431469, ""contract_by_using"": 0.0033767197746783495, ""choice_of_law"": 0.0027473450172692537, ""jurisdiction"": 0.0027514463290572166, ""arbitration"": 0.0052224090322852135}"
test:319,a description of where the material that you claim is infringing is located on the site ;,[],[],"{""limitation_of_liability"": 0.008933874778449535, ""unilateral_termination"": 0.0035677547566592693, ""unilateral_change"": 0.0034713849890977144, ""content_removal"": 0.0038809264078736305, ""contract_by_using"": 0.003043071599677205, ""choice_of_law"": 0.0026664738543331623, ""jurisdiction"": 0.0026243971660733223, ""arbitration"": 0.004760002251714468}"
test:320,"your address , telephone number , and e-mail address ;",[],[],"{""limitation_of_liability"": 0.00872541218996048, ""unilateral_termination"": 0.0032279936131089926, ""unilateral_change"": 0.00335507420822978, ""content_removal"": 0.003429925302043557, ""contract_by_using"": 0.0033899361733347178, ""choice_of_law"": 0.0033138636499643326, ""jurisdiction"": 0.0029653373640030622, ""arbitration"": 0.005337316542863846}"
test:321,"a statement by you that you have a good-faith belief that the disputed use is not authorized by the copyright owner , its agent , or the law ;",[],[],"{""limitation_of_liability"": 0.020404426380991936, ""unilateral_termination"": 0.0036506091710180044, ""unilateral_change"": 0.002727479673922062, ""content_removal"": 0.0038856982719153166, ""contract_by_using"": 0.0037399923894554377, ""choice_of_law"": 0.0029033164028078318, ""jurisdiction"": 0.0026969111058861017, ""arbitration"": 0.003946996293962002}"
test:322,"a statement by you , made under penalty of perjury , that the above information in your notice is accurate and that you are the copyright owner or authorized to act on the copyright owner 's behalf .",[],[],"{""limitation_of_liability"": 0.010284651070833206, ""unilateral_termination"": 0.003789417678490281, ""unilateral_change"": 0.0028561060316860676, ""content_removal"": 0.004032845608890057, ""contract_by_using"": 0.003895501373335719, ""choice_of_law"": 0.002386379288509488, ""jurisdiction"": 0.0024982828181236982, ""arbitration"": 0.004062103107571602}"
test:323,amazon 's copyright agent for notice of claims of copyright infringement on its site can be reached as follows :,[],[],"{""limitation_of_liability"": 0.0051443628035485744, ""unilateral_termination"": 0.005306103732436895, ""unilateral_change"": 0.004580657929182053, ""content_removal"": 0.005220190156251192, ""contract_by_using"": 0.003586968407034874, ""choice_of_law"": 0.0027828416787087917, ""jurisdiction"": 0.0024917309638112783, ""arbitration"": 0.0059694405645132065}"
test:324,please note that this procedure is exclusively for notifying amazon that your copyrighted material has been infringed .,[],[],"{""limitation_of_liability"": 0.005526894703507423, ""unilateral_termination"": 0.004065259825438261, ""unilateral_change"": 0.003629811108112335, ""content_removal"": 0.004113320726901293, ""contract_by_using"": 0.0031784893944859505, ""choice_of_law"": 0.0026280581951141357, ""jurisdiction"": 0.0026435265317559242, ""arbitration"": 0.0060787927359342575}"
test:325,"netflix provides a subscription service that allows our members to access movies and tv shows ( `` netflix content '' ) streamed over the internet to certain internet-connected tvs , computers and other devices ( `` netflix ready devices '' ) .",[],[],"{""limitation_of_liability"": 0.005258721765130758, ""unilateral_termination"": 0.003578494768589735, ""unilateral_change"": 0.004417413379997015, ""content_removal"": 0.0033530325163155794, ""contract_by_using"": 0.003833530703559518, ""choice_of_law"": 0.0025186650454998016, ""jurisdiction"": 0.0023601187858730555, ""arbitration"": 0.0052529131062328815}"
test:326,"the netflix service is provided to you by netflix international b.v. , a netherlands limited liability company .",[],[],"{""limitation_of_liability"": 0.008860339410603046, ""unilateral_termination"": 0.0047274380922317505, ""unilateral_change"": 0.003028695937246084, ""content_removal"": 0.0032366078812628984, ""contract_by_using"": 0.004683428909629583, ""choice_of_law"": 0.00228122784756124, ""jurisdiction"": 0.002251981059089303, ""arbitration"": 0.004871583543717861}"
test:327,these terms of use govern your use of our service .,[],[],"{""limitation_of_liability"": 0.003720773383975029, ""unilateral_termination"": 0.003091753227636218, ""unilateral_change"": 0.0068360292352736, ""content_removal"": 0.0032820466440171003, ""contract_by_using"": 0.010871831327676773, ""choice_of_law"": 0.0032864846289157867, ""jurisdiction"": 0.002304485999047756, ""arbitration"": 0.005161804612725973}"
test:328,"as used in these terms of use , `` netflix service '' , `` our service '' or `` the service '' means the service provided by netflix for discovering and watching netflix content , including all features and functionalities , recommendations and reviews , the website , and user interfaces , as well as all content and software associated with our service .",[],[],"{""limitation_of_liability"": 0.005219650454819202, ""unilateral_termination"": 0.0026594377122819424, ""unilateral_change"": 0.005830505862832069, ""content_removal"": 0.003329893806949258, ""contract_by_using"": 0.008927835151553154, ""choice_of_law"": 0.003333220025524497, ""jurisdiction"": 0.00201475340873003, ""arbitration"": 0.004243555478751659}"
test:329,your netflix membership will continue month-to-month until terminated .,[],[],"{""limitation_of_liability"": 0.006012029945850372, ""unilateral_termination"": 0.01068985927850008, ""unilateral_change"": 0.004940989892929792, ""content_removal"": 0.004767618607729673, ""contract_by_using"": 0.00405572634190321, ""choice_of_law"": 0.0017645604675635695, ""jurisdiction"": 0.0019236644729971886, ""arbitration"": 0.0045536598190665245}"
test:330,"to use the netflix service you must have internet access and a netflix ready device , and provide a current , valid , accepted method of payment , which you may update from time to time ( `` payment method '' ) .",[],[],"{""limitation_of_liability"": 0.0035056662745773792, ""unilateral_termination"": 0.0034716520458459854, ""unilateral_change"": 0.029613904654979706, ""content_removal"": 0.0033146666828542948, ""contract_by_using"": 0.012066385708749294, ""choice_of_law"": 0.004259043838828802, ""jurisdiction"": 0.002438398776575923, ""arbitration"": 0.004889846779406071}"
test:331,"unless you cancel your membership before your monthly billing date , you authorize us to charge your next month 's membership fee to your payment method ( see `` cancellation '' below ) .",[],[],"{""limitation_of_liability"": 0.004045100416988134, ""unilateral_termination"": 0.0037679490633308887, ""unilateral_change"": 0.00483330711722374, ""content_removal"": 0.003956562839448452, ""contract_by_using"": 0.004664168693125248, ""choice_of_law"": 0.0021316632628440857, ""jurisdiction"": 0.002198923146352172, ""arbitration"": 0.005106853786855936}"
test:332,you can find specific details regarding your netflix membership by visiting our website and clicking on the `` your account '' link available at the top of the pages of the netflix website under your profile name .,[],[],"{""limitation_of_liability"": 0.00470324419438839, ""unilateral_termination"": 0.00312424567528069, ""unilateral_change"": 0.004089266061782837, ""content_removal"": 0.003752605291083455, ""contract_by_using"": 0.004265989176928997, ""choice_of_law"": 0.0028637524228543043, ""jurisdiction"": 0.002481952076777816, ""arbitration"": 0.004798665642738342}"
test:333,your netflix membership may start with a free trial .,[],[],"{""limitation_of_liability"": 0.005385686177760363, ""unilateral_termination"": 0.00510980561375618, ""unilateral_change"": 0.0036141565069556236, ""content_removal"": 0.0039398507215082645, ""contract_by_using"": 0.003362261690199375, ""choice_of_law"": 0.0020663223695009947, ""jurisdiction"": 0.0022008176892995834, ""arbitration"": 0.005178108345717192}"
test:334,"the free trial period of your membership lasts for one month , or as otherwise specified during sign-up and is intended to allow new members and certain former members to try the service .",[],[],"{""limitation_of_liability"": 0.004523321054875851, ""unilateral_termination"": 0.004647566471248865, ""unilateral_change"": 0.00414107833057642, ""content_removal"": 0.004433011636137962, ""contract_by_using"": 0.004956028424203396, ""choice_of_law"": 0.0021116905845701694, ""jurisdiction"": 0.0020178246777504683, ""arbitration"": 0.00399269163608551}"
test:335,free trial eligibility is determined by netflix at its sole discretion and we may limit eligibility to prevent free trial abuse .,[],[],"{""limitation_of_liability"": 0.013548962771892548, ""unilateral_termination"": 0.10878972709178925, ""unilateral_change"": 0.02180228754878044, ""content_removal"": 0.03475933149456978, ""contract_by_using"": 0.002394892508164048, ""choice_of_law"": 0.0017336922464892268, ""jurisdiction"": 0.003988359123468399, ""arbitration"": 0.006515399552881718}"
test:336,we reserve the right to revoke the free trial and put your account on hold in the event that we determine that you are not eligible .,"[""unilateral_termination""]",[],"{""limitation_of_liability"": 0.005316618364304304, ""unilateral_termination"": 0.24750588834285736, ""unilateral_change"": 0.042266346514225006, ""content_removal"": 0.1327531337738037, ""contract_by_using"": 0.0064368764869868755, ""choice_of_law"": 0.004315083380788565, ""jurisdiction"": 0.007595047354698181, ""arbitration"": 0.00927333440631628}"
test:337,members of households with an existing or recent netflix membership are not eligible .,[],[],"{""limitation_of_liability"": 0.010633912868797779, ""unilateral_termination"": 0.003305649384856224, ""unilateral_change"": 0.003648429876193404, ""content_removal"": 0.0029763116035610437, ""contract_by_using"": 0.0032823479268699884, ""choice_of_law"": 0.002357109449803829, ""jurisdiction"": 0.001995433121919632, ""arbitration"": 0.003950055222958326}"
test:338,"we may use information such as device id , method of payment or an account email address used with an existing or recent netflix membership to determine eligibility .",[],[],"{""limitation_of_liability"": 0.003920413088053465, ""unilateral_termination"": 0.003981006797403097, ""unilateral_change"": 0.007587421219795942, ""content_removal"": 0.004858731292188168, ""contract_by_using"": 0.0037978708278387785, ""choice_of_law"": 0.0023505352437496185, ""jurisdiction"": 0.0020453035831451416, ""arbitration"": 0.0035405734088271856}"
test:339,"for combinations with other offers , restrictions may apply .",[],[],"{""limitation_of_liability"": 0.007015638053417206, ""unilateral_termination"": 0.005448212381452322, ""unilateral_change"": 0.008333212696015835, ""content_removal"": 0.003988325130194426, ""contract_by_using"": 0.0027465480379760265, ""choice_of_law"": 0.00249420665204525, ""jurisdiction"": 0.0018117799190804362, ""arbitration"": 0.0034884465858340263}"
test:340,"we will charge your payment method for your monthly membership fee at the end of the free trial period unless you cancel your membership prior to the end of the free trial period to view the monthly membership price and end date of your free trial period , visit our website and click the `` billing details '' link on the `` your account '' page .",[],[],"{""limitation_of_liability"": 0.004142427816987038, ""unilateral_termination"": 0.0030707870610058308, ""unilateral_change"": 0.0058816843666136265, ""content_removal"": 0.003838291857391596, ""contract_by_using"": 0.00453662034124136, ""choice_of_law"": 0.002488144673407078, ""jurisdiction"": 0.002222979674115777, ""arbitration"": 0.0044241310097277164}"
test:341,"the membership fee for the netflix service and any other charges you may incur in connection with your use of the service , such as taxes and possible transaction fees , will be charged on a monthly basis to your payment method on the calendar day corresponding to the commencement of the paying portion of your membership .",[],[],"{""limitation_of_liability"": 0.01560080423951149, ""unilateral_termination"": 0.002545391907915473, ""unilateral_change"": 0.05444365739822388, ""content_removal"": 0.0037786217872053385, ""contract_by_using"": 0.016352226957678795, ""choice_of_law"": 0.010420521721243858, ""jurisdiction"": 0.003459314815700054, ""arbitration"": 0.006183333229273558}"
test:342,"in some cases your payment date may change , for example if your payment method has not successfully settled or if your paid membership began on a day not contained in a given month .",[],[],"{""limitation_of_liability"": 0.006077697966247797, ""unilateral_termination"": 0.011503701098263264, ""unilateral_change"": 0.07257449626922607, ""content_removal"": 0.005091195926070213, ""contract_by_using"": 0.008822168223559856, ""choice_of_law"": 0.00363289937376976, ""jurisdiction"": 0.002465974073857069, ""arbitration"": 0.005298146512359381}"
test:343,visit our website and click on the `` billing details '' link on the `` your account '' page to see your next payment date .,[],[],"{""limitation_of_liability"": 0.0046781818382442, ""unilateral_termination"": 0.0031094220466911793, ""unilateral_change"": 0.004564863163977861, ""content_removal"": 0.0033876958768814802, ""contract_by_using"": 0.0043828049674630165, ""choice_of_law"": 0.0031270314939320087, ""jurisdiction"": 0.002625745488330722, ""arbitration"": 0.005407461430877447}"
test:344,you can change your payment method by visiting our website and clicking on the `` your account '' link .,[],[],"{""limitation_of_liability"": 0.0034889604430645704, ""unilateral_termination"": 0.0036874674260616302, ""unilateral_change"": 0.007667536847293377, ""content_removal"": 0.0040289899334311485, ""contract_by_using"": 0.004202574957162142, ""choice_of_law"": 0.002797104651108384, ""jurisdiction"": 0.002227838383987546, ""arbitration"": 0.004729827865958214}"
test:345,"if a payment is not successfully settled , due to expiration , insufficient funds , or otherwise , and you do not change your payment method or cancel your account , we may suspend your access to the service until we have obtained a valid payment method .",[],"[""unilateral_termination""]","{""limitation_of_liability"": 0.022330941632390022, ""unilateral_termination"": 0.870042085647583, ""unilateral_change"": 0.06144499406218529, ""content_removal"": 0.09771028906106949, ""contract_by_using"": 0.009916717186570168, ""choice_of_law"": 0.006978979799896479, ""jurisdiction"": 0.016119109466671944, ""arbitration"": 0.030641309916973114}"
test:346,"when you update your payment method , you authorize us to continue charging the updated payment method , and you remain responsible for any uncollected amounts .",[],[],"{""limitation_of_liability"": 0.004136500880122185, ""unilateral_termination"": 0.00487107690423727, ""unilateral_change"": 0.025000087916851044, ""content_removal"": 0.004805666394531727, ""contract_by_using"": 0.009882674552500248, ""choice_of_law"": 0.0023624945897608995, ""jurisdiction"": 0.0019352766685187817, ""arbitration"": 0.0033358572982251644}"
test:347,this may result in a change to your payment billing dates .,[],[],"{""limitation_of_liability"": 0.00621052598580718, ""unilateral_termination"": 0.008236000314354897, ""unilateral_change"": 0.13327842950820923, ""content_removal"": 0.00540318014100194, ""contract_by_using"": 0.011157951317727566, ""choice_of_law"": 0.006032595876604319, ""jurisdiction"": 0.0028552887961268425, ""arbitration"": 0.005925097968429327}"
test:348,"for some payment methods , the issuer of your payment method may charge you certain fees , such as a foreign transaction fee or other fees relating to the processing of your payment method .",[],[],"{""limitation_of_liability"": 0.005222282838076353, ""unilateral_termination"": 0.003077869303524494, ""unilateral_change"": 0.007856138050556183, ""content_removal"": 0.003498570993542671, ""contract_by_using"": 0.004234757274389267, ""choice_of_law"": 0.002408857923001051, ""jurisdiction"": 0.0018480820581316948, ""arbitration"": 0.0036788671277463436}"
test:349,local tax charges may vary depending on the payment method used .,[],[],"{""limitation_of_liability"": 0.005227804649621248, ""unilateral_termination"": 0.003288923529908061, ""unilateral_change"": 0.017983168363571167, ""content_removal"": 0.0031745517626404762, ""contract_by_using"": 0.004584305454045534, ""choice_of_law"": 0.00484928535297513, ""jurisdiction"": 0.0026051942259073257, ""arbitration"": 0.004881533328443766}"
test:350,check with your payment method service provider for details .,[],[],"{""limitation_of_liability"": 0.005362530704587698, ""unilateral_termination"": 0.0040837000124156475, ""unilateral_change"": 0.00409194640815258, ""content_removal"": 0.003500020829960704, ""contract_by_using"": 0.0034008794464170933, ""choice_of_law"": 0.0024334315676242113, ""jurisdiction"": 0.0023013120517134666, ""arbitration"": 0.0055382391437888145}"
test:351,"you can cancel your netflix membership at any time , and you will continue to have access to the netflix service through the end of your monthly billing period .",[],[],"{""limitation_of_liability"": 0.004703559447079897, ""unilateral_termination"": 0.009628375992178917, ""unilateral_change"": 0.00879734754562378, ""content_removal"": 0.004964805208146572, ""contract_by_using"": 0.007192919496446848, ""choice_of_law"": 0.0015226817922666669, ""jurisdiction"": 0.0018456814577803016, ""arbitration"": 0.0038873557932674885}"
test:352,"to the extent permitted by the applicable law , payments are non-refundable and we do not provide refunds or credits for any partial-month membership periods or unwatched netflix content .",[],[],"{""limitation_of_liability"": 0.33785557746887207, ""unilateral_termination"": 0.0039556510746479034, ""unilateral_change"": 0.005717535503208637, ""content_removal"": 0.0052535682916641235, ""contract_by_using"": 0.005141200963407755, ""choice_of_law"": 0.00656027952209115, ""jurisdiction"": 0.005582582671195269, ""arbitration"": 0.005382882431149483}"
test:353,"to cancel , go to the `` your account '' page and follow the instructions for cancellation .",[],[],"{""limitation_of_liability"": 0.00396176939830184, ""unilateral_termination"": 0.006143330596387386, ""unilateral_change"": 0.004250502213835716, ""content_removal"": 0.00473529240116477, ""contract_by_using"": 0.00352689903229475, ""choice_of_law"": 0.0026954852510243654, ""jurisdiction"": 0.002906374167650938, ""arbitration"": 0.006561693735420704}"
test:354,"if you cancel your membership , your account will automatically close at the end of your current billing period .",[],[],"{""limitation_of_liability"": 0.004407019820064306, ""unilateral_termination"": 0.008699611760675907, ""unilateral_change"": 0.004093932919204235, ""content_removal"": 0.005091608501970768, ""contract_by_using"": 0.0036105113103985786, ""choice_of_law"": 0.0019148772116750479, ""jurisdiction"": 0.0022280197590589523, ""arbitration"": 0.005175144411623478}"
test:355,"to see when your account will close , click `` billing details '' on the `` your account '' page .",[],[],"{""limitation_of_liability"": 0.00463221687823534, ""unilateral_termination"": 0.0032787604723125696, ""unilateral_change"": 0.005190584342926741, ""content_removal"": 0.003929966129362583, ""contract_by_using"": 0.0036590152885764837, ""choice_of_law"": 0.0031403794419020414, ""jurisdiction"": 0.002558465115725994, ""arbitration"": 0.005083930678665638}"
test:356,"if you signed up for netflix using your account with a third party as a payment method and wish to cancel your netflix membership , you may need to do so through such third party , for example by visiting your account with the applicable third party and turning off auto-renew , or unsubscribing from the netflix service through that third party .",[],[],"{""limitation_of_liability"": 0.0043787844479084015, ""unilateral_termination"": 0.004359005019068718, ""unilateral_change"": 0.0043644532561302185, ""content_removal"": 0.004536648280918598, ""contract_by_using"": 0.003997668623924255, ""choice_of_law"": 0.001859277137555182, ""jurisdiction"": 0.0020093906205147505, ""arbitration"": 0.003932430874556303}"
test:357,you may also find billing information about your netflix membership by visiting your account with the applicable third party .,[],[],"{""limitation_of_liability"": 0.004807751160115004, ""unilateral_termination"": 0.003783424384891987, ""unilateral_change"": 0.004122233483940363, ""content_removal"": 0.0037568288389593363, ""contract_by_using"": 0.003443031571805477, ""choice_of_law"": 0.0022704070433974266, ""jurisdiction"": 0.0022378498688340187, ""arbitration"": 0.004741883836686611}"
test:358,changes to the price and service plans .,[],[],"{""limitation_of_liability"": 0.008742776699364185, ""unilateral_termination"": 0.003334660781547427, ""unilateral_change"": 0.03151094540953636, ""content_removal"": 0.0035474994219839573, ""contract_by_using"": 0.005656997207552195, ""choice_of_law"": 0.006061818450689316, ""jurisdiction"": 0.0023080245591700077, ""arbitration"": 0.00402333028614521}"
test:359,"we may change our service plans and the price of our service from time to time ; however , any price changes or changes to our service plans will apply to you no earlier than 30 days following notice to you .","[""unilateral_change""]","[""unilateral_change""]","{""limitation_of_liability"": 0.04649713262915611, ""unilateral_termination"": 0.09267137944698334, ""unilateral_change"": 0.9785602688789368, ""content_removal"": 0.03786642849445343, ""contract_by_using"": 0.09401880949735641, ""choice_of_law"": 0.052162449806928635, ""jurisdiction"": 0.02183104120194912, ""arbitration"": 0.034741971641778946}"
test:360,"you must be 18 years of age , or the age of majority in your province , territory or country , to become a member of the netflix service .",[],[],"{""limitation_of_liability"": 0.007809099275618792, ""unilateral_termination"": 0.004256912507116795, ""unilateral_change"": 0.002613161923363805, ""content_removal"": 0.0036568413488566875, ""contract_by_using"": 0.0040010251104831696, ""choice_of_law"": 0.002747961552813649, ""jurisdiction"": 0.0024725901894271374, ""arbitration"": 0.004854947328567505}"
test:361,minors may only use the service under the supervision of an adult .,[],[],"{""limitation_of_liability"": 0.005224666092544794, ""unilateral_termination"": 0.003456871258094907, ""unilateral_change"": 0.004335435573011637, ""content_removal"": 0.003408216405659914, ""contract_by_using"": 0.003582232166081667, ""choice_of_law"": 0.0024263737723231316, ""jurisdiction"": 0.002255168743431568, ""arbitration"": 0.00474600400775671}"
test:362,the netflix service and any content viewed through the service are for your personal and non-commercial use only .,[],[],"{""limitation_of_liability"": 0.006539606023579836, ""unilateral_termination"": 0.004315425641834736, ""unilateral_change"": 0.003925320692360401, ""content_removal"": 0.004015181213617325, ""contract_by_using"": 0.00486249104142189, ""choice_of_law"": 0.0021002446301281452, ""jurisdiction"": 0.0017573192017152905, ""arbitration"": 0.003689480945467949}"
test:363,"during your netflix membership we grant you a limited , non-exclusive , non-transferable , license to access the netflix service and view netflix content .",[],[],"{""limitation_of_liability"": 0.004588235169649124, ""unilateral_termination"": 0.004706891253590584, ""unilateral_change"": 0.00347729679197073, ""content_removal"": 0.004508309531956911, ""contract_by_using"": 0.004636028781533241, ""choice_of_law"": 0.002230181125923991, ""jurisdiction"": 0.00230960501357913, ""arbitration"": 0.004925094544887543}"
test:364,"except for the foregoing limited license , no right , title or interest shall be transferred to you .",[],[],"{""limitation_of_liability"": 0.007128019351512194, ""unilateral_termination"": 0.005312598310410976, ""unilateral_change"": 0.003919767215847969, ""content_removal"": 0.0060634855180978775, ""contract_by_using"": 0.0027591357938945293, ""choice_of_law"": 0.002040356397628784, ""jurisdiction"": 0.002143087098374963, ""arbitration"": 0.003862370504066348}"
test:365,you agree not to use the service for public performances .,[],[],"{""limitation_of_liability"": 0.004751356318593025, ""unilateral_termination"": 0.0034056571312248707, ""unilateral_change"": 0.004546126816421747, ""content_removal"": 0.0032661263830959797, ""contract_by_using"": 0.004669965244829655, ""choice_of_law"": 0.0022860101889818907, ""jurisdiction"": 0.0019603129476308823, ""arbitration"": 0.004567069932818413}"
test:366,you may view the netflix content primarily within the country in which you have established your account and only in geographic locations where we offer our service and have licensed such content .,[],[],"{""limitation_of_liability"": 0.004460642114281654, ""unilateral_termination"": 0.004024673253297806, ""unilateral_change"": 0.003467265283688903, ""content_removal"": 0.004455761983990669, ""contract_by_using"": 0.0048279366455972195, ""choice_of_law"": 0.002666720887646079, ""jurisdiction"": 0.0024209378752857447, ""arbitration"": 0.005026836879551411}"
test:367,the content that may be available to watch will vary by geographic location and will change from time to time .,[],"[""unilateral_change""]","{""limitation_of_liability"": 0.018980437889695168, ""unilateral_termination"": 0.03064051829278469, ""unilateral_change"": 0.9343481659889221, ""content_removal"": 0.0237510334700346, ""contract_by_using"": 0.07678569853305817, ""choice_of_law"": 0.0367194339632988, ""jurisdiction"": 0.015858938917517662, ""arbitration"": 0.019936371594667435}"
test:368,the number of devices on which you may simultaneously watch depends on your chosen subscription plan and is specified on the `` your account '' page .,[],[],"{""limitation_of_liability"": 0.005492016207426786, ""unilateral_termination"": 0.003511863760650158, ""unilateral_change"": 0.0039725713431835175, ""content_removal"": 0.003841967321932316, ""contract_by_using"": 0.003972886595875025, ""choice_of_law"": 0.003104840638116002, ""jurisdiction"": 0.002415220020338893, ""arbitration"": 0.00486356858164072}"
test:369,"netflix regularly makes changes to the service , including the content library .","[""unilateral_change""]",[],"{""limitation_of_liability"": 0.013176759704947472, ""unilateral_termination"": 0.013796993531286716, ""unilateral_change"": 0.5713894367218018, ""content_removal"": 0.010568393394351006, ""contract_by_using"": 0.029010282829403877, ""choice_of_law"": 0.00990070030093193, ""jurisdiction"": 0.004505643621087074, ""arbitration"": 0.007458323612809181}"
test:370,"in addition , we continually test various aspects of our service , including our website , user interfaces , promotional features and availability of netflix content .",[],[],"{""limitation_of_liability"": 0.0038227452896535397, ""unilateral_termination"": 0.0071139587089419365, ""unilateral_change"": 0.008132805116474628, ""content_removal"": 0.0065964460372924805, ""contract_by_using"": 0.0037072175182402134, ""choice_of_law"": 0.0018617388559505343, ""jurisdiction"": 0.0020318173337727785, ""arbitration"": 0.004377514589577913}"
test:371,you can at any time opt-out of tests by visiting the `` your account '' page and changing the `` test participation '' settings .,[],[],"{""limitation_of_liability"": 0.0038369097746908665, ""unilateral_termination"": 0.00342455692589283, ""unilateral_change"": 0.004651044495403767, ""content_removal"": 0.003989798948168755, ""contract_by_using"": 0.0047528985887765884, ""choice_of_law"": 0.0027009770274162292, ""jurisdiction"": 0.0024895761162042618, ""arbitration"": 0.004950056783854961}"
test:372,some netflix content is available for temporary download and offline viewing on certain supported devices ( `` offline titles '' ) .,[],[],"{""limitation_of_liability"": 0.004125781822949648, ""unilateral_termination"": 0.006283931899815798, ""unilateral_change"": 0.005190776661038399, ""content_removal"": 0.005164175294339657, ""contract_by_using"": 0.0031448279041796923, ""choice_of_law"": 0.0022235095966607332, ""jurisdiction"": 0.002161979442462325, ""arbitration"": 0.004803274758160114}"
test:373,"limitations apply , including restrictions on the number of offline titles per account , the maximum number of devices that can contain offline titles , the time period within which you will need to begin viewing offline titles and how long the offline titles will remain accessible .",[],[],"{""limitation_of_liability"": 0.07971084117889404, ""unilateral_termination"": 0.015252573415637016, ""unilateral_change"": 0.020037036389112473, ""content_removal"": 0.012534086592495441, ""contract_by_using"": 0.003049324732273817, ""choice_of_law"": 0.004291410092264414, ""jurisdiction"": 0.0027642562054097652, ""arbitration"": 0.003161765169352293}"
test:374,"some offline titles may not be playable in certain countries and if you go online in a country where you would not be able to stream that offline title , the offline title will not be playable while you are in that country .",[],[],"{""limitation_of_liability"": 0.005883658770471811, ""unilateral_termination"": 0.003332252614200115, ""unilateral_change"": 0.004656794015318155, ""content_removal"": 0.0041423821821808815, ""contract_by_using"": 0.0032951724715530872, ""choice_of_law"": 0.0023881897795945406, ""jurisdiction"": 0.001982391346246004, ""arbitration"": 0.0038086839485913515}"
test:375,"you agree to use the netflix service , including all features and functionalities associated therewith , in accordance with all applicable laws , rules and regulations , or other restrictions on use of the service or content therein .",[],[],"{""limitation_of_liability"": 0.016465673223137856, ""unilateral_termination"": 0.006686640903353691, ""unilateral_change"": 0.09797250479459763, ""content_removal"": 0.009497405029833317, ""contract_by_using"": 0.09058883786201477, ""choice_of_law"": 0.041922178119421005, ""jurisdiction"": 0.006602589040994644, ""arbitration"": 0.006332488730549812}"
test:376,"you agree not to archive , reproduce , distribute , modify , display , perform , publish , license , create derivative works from , offer for sale , or use ( except as explicitly authorized in these terms of use ) content and information contained on or obtained from or through the netflix service .",[],[],"{""limitation_of_liability"": 0.0047029186971485615, ""unilateral_termination"": 0.003597858129069209, ""unilateral_change"": 0.004091445356607437, ""content_removal"": 0.005806324537843466, ""contract_by_using"": 0.004287609364837408, ""choice_of_law"": 0.002242062473669648, ""jurisdiction"": 0.0022335578687489033, ""arbitration"": 0.00401128176599741}"
test:377,"you also agree not to : circumvent , remove , alter , deactivate , degrade or thwart any of the content protections in the netflix service ; use any robot , spider , scraper or other automated means to access the netflix service ; decompile , reverse engineer or disassemble any software or other products or processes accessible through the netflix service ; insert any code or product or manipulate the content of the netflix service in any way ; or use any data mining , data gathering or extraction method .",[],[],"{""limitation_of_liability"": 0.0070353904739022255, ""unilateral_termination"": 0.010889423079788685, ""unilateral_change"": 0.006655958015471697, ""content_removal"": 0.02796279639005661, ""contract_by_using"": 0.004727756604552269, ""choice_of_law"": 0.0024573723785579205, ""jurisdiction"": 0.002640108112245798, ""arbitration"": 0.0036106484476476908}"
test:378,"in addition , you agree not to upload , post , e-mail or otherwise send or transmit any material designed to interrupt , destroy or limit the functionality of any computer software or hardware or telecommunications equipment associated with the netflix service , including any software viruses or any other computer code , files or programs .",[],[],"{""limitation_of_liability"": 0.005852637346833944, ""unilateral_termination"": 0.003492447081953287, ""unilateral_change"": 0.004656502045691013, ""content_removal"": 0.0050577446818351746, ""contract_by_using"": 0.0038055279292166233, ""choice_of_law"": 0.0018137868028134108, ""jurisdiction"": 0.001860943273641169, ""arbitration"": 0.0032209823839366436}"
test:379,we may terminate or restrict your use of our service if you violate these terms of use or are engaged in illegal or fraudulent use of the service .,"[""unilateral_termination""]","[""unilateral_termination""]","{""limitation_of_liability"": 0.04319290071725845, ""unilateral_termination"": 0.9709331393241882, ""unilateral_change"": 0.10271897166967392, ""content_removal"": 0.26119834184646606, ""contract_by_using"": 0.0286207627505064, ""choice_of_law"": 0.014413428492844105, ""jurisdiction"": 0.026934634894132614, ""arbitration"": 0.08889026194810867}"
test:380,"the quality of the display of the netflix content may vary from device to device , and may be affected by a variety of factors , such as your location , the bandwidth available through and/or speed of your internet connection .",[],[],"{""limitation_of_liability"": 0.016909997910261154, ""unilateral_termination"": 0.003941649571061134, ""unilateral_change"": 0.03636360540986061, ""content_removal"": 0.0054738023318350315, ""contract_by_using"": 0.005942418240010738, ""choice_of_law"": 0.006866044364869595, ""jurisdiction"": 0.0022917850874364376, ""arbitration"": 0.0037663206458091736}"
test:381,"hd , ultra hd and hdr availability is subject to your internet service and device capabilities .",[],[],"{""limitation_of_liability"": 0.005297177005559206, ""unilateral_termination"": 0.003922342788428068, ""unilateral_change"": 0.004483365453779697, ""content_removal"": 0.0035703564062714577, ""contract_by_using"": 0.003614893415942788, ""choice_of_law"": 0.0021930814255028963, ""jurisdiction"": 0.001831351313740015, ""arbitration"": 0.004004247020930052}"
test:382,"not all content is available in all formats , such as hd , ultra hd and hdr , and not all subscription plans allow you to receive content in all formats .",[],[],"{""limitation_of_liability"": 0.004547680728137493, ""unilateral_termination"": 0.0029058519285172224, ""unilateral_change"": 0.005480462219566107, ""content_removal"": 0.004025172907859087, ""contract_by_using"": 0.004046987276524305, ""choice_of_law"": 0.0028044453356415033, ""jurisdiction"": 0.0021741343662142754, ""arbitration"": 0.004282094072550535}"
test:383,"default playback settings on cellular networks exclude hd , ultra hd and hdr content .",[],[],"{""limitation_of_liability"": 0.006490640342235565, ""unilateral_termination"": 0.0035196503158658743, ""unilateral_change"": 0.0040792906656861305, ""content_removal"": 0.003501072060316801, ""contract_by_using"": 0.00315857189707458, ""choice_of_law"": 0.0023947365116328, ""jurisdiction"": 0.0021118461154401302, ""arbitration"": 0.004667211323976517}"
test:384,"the minimum connection speed for sd quality is 0.5 mbps ; however , we recommend a faster connection for improved video quality .",[],[],"{""limitation_of_liability"": 0.004204063676297665, ""unilateral_termination"": 0.008211459964513779, ""unilateral_change"": 0.015382318757474422, ""content_removal"": 0.005001764744520187, ""contract_by_using"": 0.005037532653659582, ""choice_of_law"": 0.0019405059283599257, ""jurisdiction"": 0.0016553087625652552, ""arbitration"": 0.0043638525530695915}"
test:385,a download speed of at least 5.0 mbps per stream is recommended to receive hd content ( defined as a resolution of 720p or higher ) .,[],[],"{""limitation_of_liability"": 0.0044435965828597546, ""unilateral_termination"": 0.004928175359964371, ""unilateral_change"": 0.004887283779680729, ""content_removal"": 0.004634207114577293, ""contract_by_using"": 0.003704471280798316, ""choice_of_law"": 0.002144821221008897, ""jurisdiction"": 0.001909517915919423, ""arbitration"": 0.004428932908922434}"
test:386,a download speed of at least 25.0 mbps per stream is recommended to receive ultra hd ( defined as a resolution of 1080p or higher ) and hdr content .,[],[],"{""limitation_of_liability"": 0.003889553714543581, ""unilateral_termination"": 0.005414305720478296, ""unilateral_change"": 0.004912610165774822, ""content_removal"": 0.005072763655334711, ""contract_by_using"": 0.0039830757305026054, ""choice_of_law"": 0.0022912409622222185, ""jurisdiction"": 0.0020318860188126564, ""arbitration"": 0.004639989230781794}"
test:387,you are responsible for all internet access charges .,[],[],"{""limitation_of_liability"": 0.0054424358531832695, ""unilateral_termination"": 0.0029895270708948374, ""unilateral_change"": 0.00477492343634367, ""content_removal"": 0.003164572175592184, ""contract_by_using"": 0.0038158169481903315, ""choice_of_law"": 0.0026298309676349163, ""jurisdiction"": 0.002309184055775404, ""arbitration"": 0.004919893108308315}"
test:388,please check with your internet provider for information on possible internet data usage charges .,[],[],"{""limitation_of_liability"": 0.0048562330193817616, ""unilateral_termination"": 0.004255235660821199, ""unilateral_change"": 0.00412968872115016, ""content_removal"": 0.003850508015602827, ""contract_by_using"": 0.003315411973744631, ""choice_of_law"": 0.0024619107134640217, ""jurisdiction"": 0.002423984697088599, ""arbitration"": 0.005564595106989145}"
test:389,"the time it takes to begin watching netflix content will vary based on a number of factors , including your location , available bandwidth at the time , the content you have selected and the configuration of your netflix ready device .",[],[],"{""limitation_of_liability"": 0.009261229075491428, ""unilateral_termination"": 0.0038753666449338198, ""unilateral_change"": 0.04407844692468643, ""content_removal"": 0.004866022616624832, ""contract_by_using"": 0.008798059076070786, ""choice_of_law"": 0.00659077987074852, ""jurisdiction"": 0.0023229834623634815, ""arbitration"": 0.0042267139069736}"
test:390,"the netflix software is developed by , or for , netflix and is designed to enable viewing of netflix content through netflix ready devices .",[],[],"{""limitation_of_liability"": 0.005652860272675753, ""unilateral_termination"": 0.0035402183420956135, ""unilateral_change"": 0.004124522674828768, ""content_removal"": 0.0037062170449644327, ""contract_by_using"": 0.003998215310275555, ""choice_of_law"": 0.0022955986205488443, ""jurisdiction"": 0.001960241235792637, ""arbitration"": 0.004071245435625315}"
test:391,"the netflix software may vary by device and medium , and functionalities and features may also differ between devices .",[],[],"{""limitation_of_liability"": 0.005830110516399145, ""unilateral_termination"": 0.0035445676185190678, ""unilateral_change"": 0.012300873175263405, ""content_removal"": 0.0037423595786094666, ""contract_by_using"": 0.0035026194527745247, ""choice_of_law"": 0.0042834198102355, ""jurisdiction"": 0.0021489770151674747, ""arbitration"": 0.0044741337187588215}"
test:392,you acknowledge that the use of the service may require third party software that is subject to third party licenses .,[],[],"{""limitation_of_liability"": 0.004618684761226177, ""unilateral_termination"": 0.004845096729695797, ""unilateral_change"": 0.00517328642308712, ""content_removal"": 0.004098864272236824, ""contract_by_using"": 0.0033887105528265238, ""choice_of_law"": 0.0018660456407815218, ""jurisdiction"": 0.001966456649824977, ""arbitration"": 0.004457682836800814}"
test:393,you agree that you may automatically receive updated versions of the netflix and related third-party software .,[],[],"{""limitation_of_liability"": 0.0029893266037106514, ""unilateral_termination"": 0.004578766413033009, ""unilateral_change"": 0.007331056986004114, ""content_removal"": 0.004653431475162506, ""contract_by_using"": 0.00483158091083169, ""choice_of_law"": 0.002047223737463355, ""jurisdiction"": 0.002104929881170392, ""arbitration"": 0.004503161180764437}"
test:394,the member who created the netflix account and whose payment method is charged ( the `` account owner '' ) has access and control over the netflix account and the netflix ready devices that are used to access our service .,[],[],"{""limitation_of_liability"": 0.005241652950644493, ""unilateral_termination"": 0.003160474356263876, ""unilateral_change"": 0.004069637041538954, ""content_removal"": 0.0034801019355654716, ""contract_by_using"": 0.004727103281766176, ""choice_of_law"": 0.002716905903071165, ""jurisdiction"": 0.002090401016175747, ""arbitration"": 0.004327322822064161}"
test:395,"to maintain control over the account and to prevent anyone from accessing the account ( which would include information on viewing history for the account ) , the account owner should maintain control over the netflix ready devices that are used to access the service and not reveal the password nor details of the payment method associated with the account to anyone .",[],[],"{""limitation_of_liability"": 0.004866698756814003, ""unilateral_termination"": 0.007281114347279072, ""unilateral_change"": 0.006074708886444569, ""content_removal"": 0.007651545573025942, ""contract_by_using"": 0.0027740688528865576, ""choice_of_law"": 0.002289791591465473, ""jurisdiction"": 0.002106928965076804, ""arbitration"": 0.0034404948819428682}"
test:396,you are responsible for updating and maintaining the accuracy of the information you provide to us relating to your account .,[],[],"{""limitation_of_liability"": 0.006286466494202614, ""unilateral_termination"": 0.0030502136796712875, ""unilateral_change"": 0.005949029698967934, ""content_removal"": 0.0032869877759367228, ""contract_by_using"": 0.0036470142658799887, ""choice_of_law"": 0.0023280272725969553, ""jurisdiction"": 0.001841310178861022, ""arbitration"": 0.0036896683741360903}"
test:397,"we can terminate your account or place your account on hold in order to protect you , netflix or our partners from identity theft or other fraudulent activity .",[],"[""unilateral_termination""]","{""limitation_of_liability"": 0.03434927389025688, ""unilateral_termination"": 0.9450404644012451, ""unilateral_change"": 0.0335811972618103, ""content_removal"": 0.19940102100372314, ""contract_by_using"": 0.018244851380586624, ""choice_of_law"": 0.013400550000369549, ""jurisdiction"": 0.031125498935580254, ""arbitration"": 0.07682685554027557}"
test:398,these terms of use shall be governed by and construed in accordance with the laws of the netherlands .,"[""choice_of_law""]","[""choice_of_law""]","{""limitation_of_liability"": 0.06907649338245392, ""unilateral_termination"": 0.04540684446692467, ""unilateral_change"": 0.10849867761135101, ""content_removal"": 0.061871279031038284, ""contract_by_using"": 0.10751178860664368, ""choice_of_law"": 0.9555348753929138, ""jurisdiction"": 0.23385074734687805, ""arbitration"": 0.1456768661737442}"
test:399,these terms will not limit any consumer protection rights that you may be entitled to under the mandatory laws of your country of residence .,[],[],"{""limitation_of_liability"": 0.00586631428450346, ""unilateral_termination"": 0.0028443674091249704, ""unilateral_change"": 0.004480735398828983, ""content_removal"": 0.003548362525179982, ""contract_by_using"": 0.00482538528740406, ""choice_of_law"": 0.004513940773904324, ""jurisdiction"": 0.0026861578226089478, ""arbitration"": 0.0048813181929290295}"
test:400,"netflix does not accept unsolicited materials or ideas for netflix content , and is not responsible for the similarity of any of its content or programming in any media to materials or ideas transmitted to netflix .",[],[],"{""limitation_of_liability"": 0.06317232549190521, ""unilateral_termination"": 0.0031824701000005007, ""unilateral_change"": 0.003491892945021391, ""content_removal"": 0.0039447699673473835, ""contract_by_using"": 0.003948615863919258, ""choice_of_law"": 0.0029174459632486105, ""jurisdiction"": 0.002483075950294733, ""arbitration"": 0.0037318533286452293}"
test:401,"to find more information about our service and its features or if you need assistance with your account , please visit the netflix help center on our website ( www.netflix.com/help ) .",[],[],"{""limitation_of_liability"": 0.003375513246282935, ""unilateral_termination"": 0.0032656965777277946, ""unilateral_change"": 0.007409172598272562, ""content_removal"": 0.004323041532188654, ""contract_by_using"": 0.00578339584171772, ""choice_of_law"": 0.0030107242055237293, ""jurisdiction"": 0.0024344087578356266, ""arbitration"": 0.004702030681073666}"
test:402,"in certain instances , customer service may best be able to assist you by using a remote access support tool through which we have full access to your computer .",[],[],"{""limitation_of_liability"": 0.004252621438354254, ""unilateral_termination"": 0.006423901300877333, ""unilateral_change"": 0.0059981378726661205, ""content_removal"": 0.004848305135965347, ""contract_by_using"": 0.003173619508743286, ""choice_of_law"": 0.0016268850304186344, ""jurisdiction"": 0.0017911726608872414, ""arbitration"": 0.0037880714517086744}"
test:403,"if you do not want us to have this access , you should not consent to support through the remote access tool , and we will assist you through other means .",[],[],"{""limitation_of_liability"": 0.00410222914069891, ""unilateral_termination"": 0.004421017598360777, ""unilateral_change"": 0.003918659407645464, ""content_removal"": 0.004913687240332365, ""contract_by_using"": 0.0049540940672159195, ""choice_of_law"": 0.0020345808006823063, ""jurisdiction"": 0.0023247820790857077, ""arbitration"": 0.00477604242041707}"
test:404,"in the event of any conflict between these terms of use and information provided by customer support or other portions of our website , these terms of use will control .",[],[],"{""limitation_of_liability"": 0.0058950940147042274, ""unilateral_termination"": 0.003380628302693367, ""unilateral_change"": 0.011594399809837341, ""content_removal"": 0.004305936861783266, ""contract_by_using"": 0.010897624306380749, ""choice_of_law"": 0.010023180395364761, ""jurisdiction"": 0.0030827014707028866, ""arbitration"": 0.005541373044252396}"
test:405,"if any provision or provisions of these terms of use shall be held to be invalid , illegal , or unenforceable , the validity , legality and enforceability of the remaining provisions shall remain in full force and effect .",[],[],"{""limitation_of_liability"": 0.011215989477932453, ""unilateral_termination"": 0.0032778331078588963, ""unilateral_change"": 0.00804862193763256, ""content_removal"": 0.004582404159009457, ""contract_by_using"": 0.009536315687000751, ""choice_of_law"": 0.014374030753970146, ""jurisdiction"": 0.004825982730835676, ""arbitration"": 0.005461281165480614}"
test:406,changes to terms of use .,[],[],"{""limitation_of_liability"": 0.00701477425172925, ""unilateral_termination"": 0.003354098880663514, ""unilateral_change"": 0.07076502591371536, ""content_removal"": 0.004297943320125341, ""contract_by_using"": 0.009351100772619247, ""choice_of_law"": 0.009738785214722157, ""jurisdiction"": 0.0031198987271636724, ""arbitration"": 0.004660331644117832}"
test:407,"netflix may , from time to time , change these terms of use .","[""unilateral_change""]","[""unilateral_change""]","{""limitation_of_liability"": 0.04424629360437393, ""unilateral_termination"": 0.07073477655649185, ""unilateral_change"": 0.971284031867981, ""content_removal"": 0.045243773609399796, ""contract_by_using"": 0.08006028831005096, ""choice_of_law"": 0.03147074207663536, ""jurisdiction"": 0.019564377143979073, ""arbitration"": 0.023953692987561226}"
test:408,we will notify you at least 30 days before these new terms of use apply to you .,[],[],"{""limitation_of_liability"": 0.002722380682826042, ""unilateral_termination"": 0.004589702934026718, ""unilateral_change"": 0.022737735882401466, ""content_removal"": 0.0036006849259138107, ""contract_by_using"": 0.009460057131946087, ""choice_of_law"": 0.0033865803852677345, ""jurisdiction"": 0.002247776370495558, ""arbitration"": 0.005207025911659002}"
test:409,"we will send you information relating to your account ( e.g. payment authorizations , invoices , changes in password or payment method , confirmation messages , notices ) in electronic form only , for example via emails to your email address provided during registration .",[],[],"{""limitation_of_liability"": 0.0045091998763382435, ""unilateral_termination"": 0.003270474262535572, ""unilateral_change"": 0.005107376724481583, ""content_removal"": 0.0037485305219888687, ""contract_by_using"": 0.0036271235439926386, ""choice_of_law"": 0.00251831510104239, ""jurisdiction"": 0.002410383429378271, ""arbitration"": 0.004545897711068392}"
test:410,last updated : 1 january 2017,[],[],"{""limitation_of_liability"": 0.00829918123781681, ""unilateral_termination"": 0.003726002061739564, ""unilateral_change"": 0.007577961776405573, ""content_removal"": 0.003791439812630415, ""contract_by_using"": 0.0027590994723141193, ""choice_of_law"": 0.004247572738677263, ""jurisdiction"": 0.0030513708479702473, ""arbitration"": 0.005242610350251198}"
test:411,snap group limited terms of service,[],[],"{""limitation_of_liability"": 0.005289697088301182, ""unilateral_termination"": 0.004279213957488537, ""unilateral_change"": 0.009479193016886711, ""content_removal"": 0.0028618373908102512, ""contract_by_using"": 0.005936280824244022, ""choice_of_law"": 0.0025459257885813713, ""jurisdiction"": 0.002105077961459756, ""arbitration"": 0.004040358122438192}"
test:412,( if you live outside the united states ),[],[],"{""limitation_of_liability"": 0.00646204175427556, ""unilateral_termination"": 0.003421744331717491, ""unilateral_change"": 0.003914118744432926, ""content_removal"": 0.0036530017387121916, ""contract_by_using"": 0.003172037424519658, ""choice_of_law"": 0.0029330796096473932, ""jurisdiction"": 0.0029050300363451242, ""arbitration"": 0.0058523681946098804}"
test:413,"effective : january 10 , 2017",[],[],"{""limitation_of_liability"": 0.005798121448606253, ""unilateral_termination"": 0.0036995396949350834, ""unilateral_change"": 0.005394750740379095, ""content_removal"": 0.003647030098363757, ""contract_by_using"": 0.003313167253509164, ""choice_of_law"": 0.003528737695887685, ""jurisdiction"": 0.0028012932743877172, ""arbitration"": 0.00567682646214962}"
test:414,"we 're thrilled you 've decided to use snapchat and our other products and services , all of which we refer to simply as the `` services . ''",[],[],"{""limitation_of_liability"": 0.004636059980839491, ""unilateral_termination"": 0.0027798963710665703, ""unilateral_change"": 0.004857495427131653, ""content_removal"": 0.003656514687463641, ""contract_by_using"": 0.004814780782908201, ""choice_of_law"": 0.002930021844804287, ""jurisdiction"": 0.002170711988583207, ""arbitration"": 0.004884571302682161}"
test:415,we 've drafted these terms of service ( which we call the `` terms '' ) so you 'll know the rules that govern our relationship with you .,[],[],"{""limitation_of_liability"": 0.003367033088579774, ""unilateral_termination"": 0.0030567210633307695, ""unilateral_change"": 0.01984769105911255, ""content_removal"": 0.004038162063807249, ""contract_by_using"": 0.05348796397447586, ""choice_of_law"": 0.0054708207026124, ""jurisdiction"": 0.0034063609782606363, ""arbitration"": 0.00658060098066926}"
test:416,"although we have tried our best to strip the legalese from the terms , there are places where these terms may still read like a traditional contract .",[],[],"{""limitation_of_liability"": 0.004057236481457949, ""unilateral_termination"": 0.002958953380584717, ""unilateral_change"": 0.00801793485879898, ""content_removal"": 0.004021473228931427, ""contract_by_using"": 0.004611333832144737, ""choice_of_law"": 0.003577189054340124, ""jurisdiction"": 0.0022589603904634714, ""arbitration"": 0.004214749671518803}"
test:417,there 's a good reason for that : these terms do indeed form a legally binding contract between you and snap group limited .,[],[],"{""limitation_of_liability"": 0.006224905140697956, ""unilateral_termination"": 0.004128380678594112, ""unilateral_change"": 0.0033892355859279633, ""content_removal"": 0.003967866767197847, ""contract_by_using"": 0.0039029261097311974, ""choice_of_law"": 0.002331872470676899, ""jurisdiction"": 0.0022912637796252966, ""arbitration"": 0.004861708730459213}"
test:418,so please read them carefully .,[],[],"{""limitation_of_liability"": 0.0044851154088974, ""unilateral_termination"": 0.003463716246187687, ""unilateral_change"": 0.005186934024095535, ""content_removal"": 0.0037256889045238495, ""contract_by_using"": 0.0034361928701400757, ""choice_of_law"": 0.0028613475151360035, ""jurisdiction"": 0.002579451072961092, ""arbitration"": 0.005390237085521221}"
test:419,"by using the services , you agree to the terms .","[""contract_by_using""]","[""contract_by_using""]","{""limitation_of_liability"": 0.04432045668363571, ""unilateral_termination"": 0.018745385110378265, ""unilateral_change"": 0.13799527287483215, ""content_removal"": 0.0402074009180069, ""contract_by_using"": 0.9761289358139038, ""choice_of_law"": 0.06025296077132225, ""jurisdiction"": 0.07194731384515762, ""arbitration"": 0.08010506629943848}"
test:420,"of course , if you do n't agree with them , then do n't use the services .",[],[],"{""limitation_of_liability"": 0.005222121719270945, ""unilateral_termination"": 0.0029288646765053272, ""unilateral_change"": 0.004952525720000267, ""content_removal"": 0.0036329340655356646, ""contract_by_using"": 0.004786196164786816, ""choice_of_law"": 0.0022014009300619364, ""jurisdiction"": 0.0018451649229973555, ""arbitration"": 0.0035233767703175545}"
test:421,these terms apply to you if you live outside the united states or if you are using the services on behalf of a business located outside the united states .,[],[],"{""limitation_of_liability"": 0.004766177386045456, ""unilateral_termination"": 0.0031436814460903406, ""unilateral_change"": 0.004567633382976055, ""content_removal"": 0.0033487409818917513, ""contract_by_using"": 0.007036469876766205, ""choice_of_law"": 0.003778305370360613, ""jurisdiction"": 0.0026921811513602734, ""arbitration"": 0.005520959384739399}"
test:422,"if you live in the united states or are using the services on behalf of a business located there , the snap inc. .",[],[],"{""limitation_of_liability"": 0.005501579958945513, ""unilateral_termination"": 0.0031345633324235678, ""unilateral_change"": 0.003759803017601371, ""content_removal"": 0.003479721723124385, ""contract_by_using"": 0.004066420719027519, ""choice_of_law"": 0.002724803751334548, ""jurisdiction"": 0.002403880702331662, ""arbitration"": 0.004929471295326948}"
test:423,"arbitration notice : if you 're using the services on behalf of a business , then your business will be bound by the arbitration clause that appears later in these terms .",[],[],"{""limitation_of_liability"": 0.009146317839622498, ""unilateral_termination"": 0.006029531359672546, ""unilateral_change"": 0.005960105452686548, ""content_removal"": 0.00784551165997982, ""contract_by_using"": 0.16831551492214203, ""choice_of_law"": 0.01037357933819294, ""jurisdiction"": 0.017517326399683952, ""arbitration"": 0.07279478758573532}"
test:424,no one under 13 is allowed to create an account or use the services .,[],[],"{""limitation_of_liability"": 0.005412259139120579, ""unilateral_termination"": 0.0034129670821130276, ""unilateral_change"": 0.005262079648673534, ""content_removal"": 0.004005454480648041, ""contract_by_using"": 0.003217005869373679, ""choice_of_law"": 0.0022059304174035788, ""jurisdiction"": 0.0019275584490969777, ""arbitration"": 0.003904192941263318}"
test:425,we may offer additional services with additional terms that may require you to be even older to use them .,[],[],"{""limitation_of_liability"": 0.0035513259936124086, ""unilateral_termination"": 0.007595424074679613, ""unilateral_change"": 0.03467895835638046, ""content_removal"": 0.005530035123229027, ""contract_by_using"": 0.005064611788839102, ""choice_of_law"": 0.002220461843535304, ""jurisdiction"": 0.001885819248855114, ""arbitration"": 0.003555834060534835}"
test:426,so please read all terms carefully .,[],[],"{""limitation_of_liability"": 0.0037637848872691393, ""unilateral_termination"": 0.003418336156755686, ""unilateral_change"": 0.005847703665494919, ""content_removal"": 0.0038125989958643913, ""contract_by_using"": 0.0041323211044073105, ""choice_of_law"": 0.002918113023042679, ""jurisdiction"": 0.0025056335143744946, ""arbitration"": 0.005385629832744598}"
test:427,"by using the services , you affirm that :",[],[],"{""limitation_of_liability"": 0.009797406382858753, ""unilateral_termination"": 0.003712561447173357, ""unilateral_change"": 0.004260932561010122, ""content_removal"": 0.005428533535450697, ""contract_by_using"": 0.07196927070617676, ""choice_of_law"": 0.003284880891442299, ""jurisdiction"": 0.004748170729726553, ""arbitration"": 0.007109742611646652}"
test:428,you can form a binding contract with snap group limited .,[],[],"{""limitation_of_liability"": 0.004401974380016327, ""unilateral_termination"": 0.003543772967532277, ""unilateral_change"": 0.004769320599734783, ""content_removal"": 0.00373125565238297, ""contract_by_using"": 0.00371921481564641, ""choice_of_law"": 0.0027792751789093018, ""jurisdiction"": 0.0024473906960338354, ""arbitration"": 0.005272881127893925}"
test:429,"you are not a person who is barred from receiving the services under the laws of the united states , the united kingdom , or any other applicable jurisdiction -- meaning that you do not appear on the u.s. treasury department 's list of specially designated nationals or face any other similar prohibition .",[],[],"{""limitation_of_liability"": 0.008252390660345554, ""unilateral_termination"": 0.0025144326500594616, ""unilateral_change"": 0.0037861464079469442, ""content_removal"": 0.0037509032990783453, ""contract_by_using"": 0.005053093656897545, ""choice_of_law"": 0.005546023603528738, ""jurisdiction"": 0.0034378389827907085, ""arbitration"": 0.004747988656163216}"
test:430,"you will comply with these terms and all applicable local , state , national , and international laws , rules , and regulations .",[],[],"{""limitation_of_liability"": 0.0053603206761181355, ""unilateral_termination"": 0.0026110252365469933, ""unilateral_change"": 0.007473942823708057, ""content_removal"": 0.004210188519209623, ""contract_by_using"": 0.005315267015248537, ""choice_of_law"": 0.005563993472605944, ""jurisdiction"": 0.002585445065051317, ""arbitration"": 0.004229094833135605}"
test:431,"if you are using the services on behalf of a business or some other entity , you affirm that you are authorized to grant all licenses set forth in these terms and to agree to these terms on behalf of the business or entity .",[],[],"{""limitation_of_liability"": 0.010094783268868923, ""unilateral_termination"": 0.005909718573093414, ""unilateral_change"": 0.01857081428170204, ""content_removal"": 0.01410455908626318, ""contract_by_using"": 0.5756077170372009, ""choice_of_law"": 0.008578920736908913, ""jurisdiction"": 0.012435058131814003, ""arbitration"": 0.013548167422413826}"
test:432,"snap group limited grants you a personal , worldwide , royalty-free , non-assignable , nonexclusive , revocable , and non-sublicensable license to access and use the services .",[],[],"{""limitation_of_liability"": 0.004633211065083742, ""unilateral_termination"": 0.002818705979734659, ""unilateral_change"": 0.00421935273334384, ""content_removal"": 0.0036745979450643063, ""contract_by_using"": 0.005082421004772186, ""choice_of_law"": 0.0026587483007460833, ""jurisdiction"": 0.0023762148339301348, ""arbitration"": 0.004680986981838942}"
test:433,"this license is for the sole purpose of letting you use and enjoy the services ' benefits in a way that these terms and our usage policies , such as our community guidelines , allow .",[],[],"{""limitation_of_liability"": 0.0035573700442910194, ""unilateral_termination"": 0.003561914898455143, ""unilateral_change"": 0.004391957074403763, ""content_removal"": 0.004728059284389019, ""contract_by_using"": 0.007047833409160376, ""choice_of_law"": 0.0032345301005989313, ""jurisdiction"": 0.002505088923498988, ""arbitration"": 0.005566938780248165}"
test:434,"any software that we provide you may automatically download and install upgrades , updates , or other new features .",[],[],"{""limitation_of_liability"": 0.002624533139169216, ""unilateral_termination"": 0.00840448122471571, ""unilateral_change"": 0.04282321035861969, ""content_removal"": 0.010279879905283451, ""contract_by_using"": 0.008736166171729565, ""choice_of_law"": 0.0024031708016991615, ""jurisdiction"": 0.002121698809787631, ""arbitration"": 0.004134468734264374}"
test:435,you may be able to adjust these automatic downloads through your device 's settings .,[],[],"{""limitation_of_liability"": 0.004057309590280056, ""unilateral_termination"": 0.004062035121023655, ""unilateral_change"": 0.005113838706165552, ""content_removal"": 0.004162117373198271, ""contract_by_using"": 0.0034525045193731785, ""choice_of_law"": 0.0022835657000541687, ""jurisdiction"": 0.0020277558360248804, ""arbitration"": 0.004565090872347355}"
test:436,"you may not copy , modify , distribute , sell , or lease any part of our services .",[],[],"{""limitation_of_liability"": 0.0040674516931176186, ""unilateral_termination"": 0.00412433035671711, ""unilateral_change"": 0.00583723746240139, ""content_removal"": 0.0044156210497021675, ""contract_by_using"": 0.0038329095114022493, ""choice_of_law"": 0.0020128146279603243, ""jurisdiction"": 0.0017765124794095755, ""arbitration"": 0.003813877934589982}"
test:437,"nor may you reverse engineer or attempt to extract the source code of that software , unless laws prohibit these restrictions or you have our written permission to do so .",[],[],"{""limitation_of_liability"": 0.004691489040851593, ""unilateral_termination"": 0.005789518356323242, ""unilateral_change"": 0.004261164925992489, ""content_removal"": 0.0069322045892477036, ""contract_by_using"": 0.002988357562571764, ""choice_of_law"": 0.002212174702435732, ""jurisdiction"": 0.0021244240924715996, ""arbitration"": 0.004241157788783312}"
test:438,"many of our services let you create , upload , post , send , receive , and store content .",[],[],"{""limitation_of_liability"": 0.004615724086761475, ""unilateral_termination"": 0.005204956047236919, ""unilateral_change"": 0.003868656000122428, ""content_removal"": 0.004454742185771465, ""contract_by_using"": 0.0033649427350610495, ""choice_of_law"": 0.0022378701251000166, ""jurisdiction"": 0.002407198306173086, ""arbitration"": 0.005187096539884806}"
test:439,"when you do that , you retain whatever ownership rights in that content you had to begin with .",[],[],"{""limitation_of_liability"": 0.004791047424077988, ""unilateral_termination"": 0.003905112622305751, ""unilateral_change"": 0.003853485221043229, ""content_removal"": 0.004366345703601837, ""contract_by_using"": 0.004147903528064489, ""choice_of_law"": 0.002221011323854327, ""jurisdiction"": 0.0019997586496174335, ""arbitration"": 0.004062666557729244}"
test:440,but you grant us a license to use that content .,[],[],"{""limitation_of_liability"": 0.0045467824675142765, ""unilateral_termination"": 0.0034765617456287146, ""unilateral_change"": 0.004768118727952242, ""content_removal"": 0.003717858111485839, ""contract_by_using"": 0.0035380644258111715, ""choice_of_law"": 0.0028720444533973932, ""jurisdiction"": 0.0025283258873969316, ""arbitration"": 0.005517803132534027}"
test:441,how broad that license is depends on which services you use and the settings you have selected .,[],[],"{""limitation_of_liability"": 0.00519026443362236, ""unilateral_termination"": 0.00332869915291667, ""unilateral_change"": 0.005035862792283297, ""content_removal"": 0.003506238106638193, ""contract_by_using"": 0.003837128635495901, ""choice_of_law"": 0.002595545258373022, ""jurisdiction"": 0.0020095251966267824, ""arbitration"": 0.00438312953338027}"
test:442,"for all services other than live , local , and any other crowd-sourced service , you grant snap group limited , snap inc. , and their affiliates a worldwide , royalty-free , sublicensable , and transferable license to host , store , use , display , reproduce , modify , adapt , edit , publish , and distribute that content for as long as you use the services .",[],[],"{""limitation_of_liability"": 0.0034064077772200108, ""unilateral_termination"": 0.003825063118711114, ""unilateral_change"": 0.005044111981987953, ""content_removal"": 0.004768512677401304, ""contract_by_using"": 0.005601565353572369, ""choice_of_law"": 0.002271849662065506, ""jurisdiction"": 0.002246671123430133, ""arbitration"": 0.004925045650452375}"
test:443,"this license is for the limited purpose of operating , developing , providing , promoting , and improving the services and researching and developing new ones .",[],[],"{""limitation_of_liability"": 0.005725983064621687, ""unilateral_termination"": 0.004344417247921228, ""unilateral_change"": 0.004057208076119423, ""content_removal"": 0.004926568828523159, ""contract_by_using"": 0.003380480455234647, ""choice_of_law"": 0.0027577877044677734, ""jurisdiction"": 0.0020920655224472284, ""arbitration"": 0.004345568362623453}"
test:444,"because live , local , and any other crowd-sourced services are inherently public and chronicle matters of public interest , the license you grant us for content submitted to those services is broader .",[],[],"{""limitation_of_liability"": 0.003619303461164236, ""unilateral_termination"": 0.0035133142955601215, ""unilateral_change"": 0.00434536999091506, ""content_removal"": 0.004211162682622671, ""contract_by_using"": 0.005465064197778702, ""choice_of_law"": 0.0027724059764295816, ""jurisdiction"": 0.002365724416449666, ""arbitration"": 0.005513293202966452}"
test:445,"in addition to granting us the rights mentioned in the previous paragraph , you also grant us a license to create derivative works from , promote , exhibit , broadcast , syndicate , sublicense , publicly perform , and publicly display content submitted to live , local , or any other crowd-sourced services in any form and in any and all media or distribution methods ( now known or later developed ) .",[],[],"{""limitation_of_liability"": 0.0038217632099986076, ""unilateral_termination"": 0.003476375248283148, ""unilateral_change"": 0.004243696574121714, ""content_removal"": 0.004409198649227619, ""contract_by_using"": 0.005071036051958799, ""choice_of_law"": 0.0023559301625937223, ""jurisdiction"": 0.0023418464697897434, ""arbitration"": 0.004691673908382654}"
test:446,"to the extent it 's necessary , when you appear in , create , upload , post , or send live , local , or other crowd-sourced content , you also grant snap group limited , snap inc. , and our affiliates and business partners the unrestricted , worldwide right and license to use your name , likeness , and voice .",[],[],"{""limitation_of_liability"": 0.003588799387216568, ""unilateral_termination"": 0.004403387196362019, ""unilateral_change"": 0.004727586172521114, ""content_removal"": 0.005664942320436239, ""contract_by_using"": 0.005146591458469629, ""choice_of_law"": 0.0023032056633383036, ""jurisdiction"": 0.0022986859548836946, ""arbitration"": 0.00451577128842473}"
test:447,"this means , among other things , that you will not be entitled to any compensation from snap group limited , snap inc. , or our affiliates and business partners if your name , likeness , or voice is conveyed through live , local , or other crowd-sourced services , either on the snapchat application or on one of our business partner 's platforms .",[],[],"{""limitation_of_liability"": 0.16818563640117645, ""unilateral_termination"": 0.006950278766453266, ""unilateral_change"": 0.005690108984708786, ""content_removal"": 0.006117218639701605, ""contract_by_using"": 0.0032505581621080637, ""choice_of_law"": 0.005589755717664957, ""jurisdiction"": 0.0034767817705869675, ""arbitration"": 0.003427316900342703}"
test:448,"for more information about how to tailor who can watch your content , please take a look at our privacy policy and support site .",[],[],"{""limitation_of_liability"": 0.0037130482960492373, ""unilateral_termination"": 0.0037705081049352884, ""unilateral_change"": 0.005677526351064444, ""content_removal"": 0.004147220402956009, ""contract_by_using"": 0.004365373868495226, ""choice_of_law"": 0.0027060077991336584, ""jurisdiction"": 0.0022959753405302763, ""arbitration"": 0.0049251108430325985}"
test:449,"while we 're not required to do so , we may access , review , screen , and delete your content at any time and for any reason , including if we think your content violates these terms .","[""content_removal""]","[""content_removal""]","{""limitation_of_liability"": 0.03540100157260895, ""unilateral_termination"": 0.3814409673213959, ""unilateral_change"": 0.6887629628181458, ""content_removal"": 0.8567795157432556, ""contract_by_using"": 0.03228035569190979, ""choice_of_law"": 0.0458541214466095, ""jurisdiction"": 0.03399565815925598, ""arbitration"": 0.02191314660012722}"
test:450,"you alone , though , remain responsible for the content you create , upload , post , send , or store through the services .",[],[],"{""limitation_of_liability"": 0.007067147642374039, ""unilateral_termination"": 0.004352501593530178, ""unilateral_change"": 0.0033018181566148996, ""content_removal"": 0.0043051112443208694, ""contract_by_using"": 0.0034314412623643875, ""choice_of_law"": 0.002037813188508153, ""jurisdiction"": 0.0020445415284484625, ""arbitration"": 0.003901665797457099}"
test:451,the services may contain advertisements .,[],[],"{""limitation_of_liability"": 0.004510242026299238, ""unilateral_termination"": 0.0034944869112223387, ""unilateral_change"": 0.007166536524891853, ""content_removal"": 0.0037753991782665253, ""contract_by_using"": 0.0033321052324026823, ""choice_of_law"": 0.0029170631896704435, ""jurisdiction"": 0.002443391364067793, ""arbitration"": 0.004916350357234478}"
test:452,"in consideration for snap group limited letting you access and use the services , you agree that we , snap inc. , our affiliates , and our third-party partners may place advertising on the services , including personalized advertising based upon the information you provide us or we collect or obtain about you .",[],[],"{""limitation_of_liability"": 0.008114270865917206, ""unilateral_termination"": 0.003973986487835646, ""unilateral_change"": 0.014454289339482784, ""content_removal"": 0.006862442009150982, ""contract_by_using"": 0.368314266204834, ""choice_of_law"": 0.006305356975644827, ""jurisdiction"": 0.007398674264550209, ""arbitration"": 0.014297072775661945}"
test:453,"because the services contain content that you and other users provide us , advertising may sometimes appear near your content .",[],[],"{""limitation_of_liability"": 0.004194987006485462, ""unilateral_termination"": 0.0038673128001391888, ""unilateral_change"": 0.004949042107909918, ""content_removal"": 0.004329604562371969, ""contract_by_using"": 0.003575291018933058, ""choice_of_law"": 0.0025423297192901373, ""jurisdiction"": 0.0020993673242628574, ""arbitration"": 0.004527030512690544}"
test:454,we always love to hear from our users .,[],[],"{""limitation_of_liability"": 0.004966501146554947, ""unilateral_termination"": 0.003995231352746487, ""unilateral_change"": 0.005004380363970995, ""content_removal"": 0.003627900965511799, ""contract_by_using"": 0.0030810078606009483, ""choice_of_law"": 0.002680558478459716, ""jurisdiction"": 0.00240936572663486, ""arbitration"": 0.005520598031580448}"
test:455,"but if you volunteer feedback or suggestions , just know that we can use your ideas without compensating you .",[],[],"{""limitation_of_liability"": 0.004829857032746077, ""unilateral_termination"": 0.004114143084734678, ""unilateral_change"": 0.0043070497922599316, ""content_removal"": 0.003977164626121521, ""contract_by_using"": 0.0035256759729236364, ""choice_of_law"": 0.002048179507255554, ""jurisdiction"": 0.0020514209754765034, ""arbitration"": 0.00463495496660471}"
test:456,"much of the content on our services is produced by users , publishers , and other third parties .",[],[],"{""limitation_of_liability"": 0.007707877084612846, ""unilateral_termination"": 0.00327809015288949, ""unilateral_change"": 0.003938442096114159, ""content_removal"": 0.003832105081528425, ""contract_by_using"": 0.003244035644456744, ""choice_of_law"": 0.0031887218356132507, ""jurisdiction"": 0.002281052991747856, ""arbitration"": 0.00438691396266222}"
test:457,"whether that content is posted publicly or sent privately , the content is the sole responsibility of the person or organization that submitted it .",[],[],"{""limitation_of_liability"": 0.028491973876953125, ""unilateral_termination"": 0.003862642217427492, ""unilateral_change"": 0.0026180173736065626, ""content_removal"": 0.00451751658692956, ""contract_by_using"": 0.003732800018042326, ""choice_of_law"": 0.0033741246443241835, ""jurisdiction"": 0.002589919837191701, ""arbitration"": 0.004273080267012119}"
test:458,"although snap group limited reserves the right to review all content that appears on the services and to remove any content that violates these terms , we do not necessarily review all of it .",[],"[""content_removal""]","{""limitation_of_liability"": 0.17076058685779572, ""unilateral_termination"": 0.37827691435813904, ""unilateral_change"": 0.220949187874794, ""content_removal"": 0.9511447548866272, ""contract_by_using"": 0.03438625857234001, ""choice_of_law"": 0.1204184889793396, ""jurisdiction"": 0.1065770834684372, ""arbitration"": 0.05269993469119072}"
test:459,so we can not -- and do not -- take responsibility for any content that others provide through the services .,[],[],"{""limitation_of_liability"": 0.2729197144508362, ""unilateral_termination"": 0.006957506760954857, ""unilateral_change"": 0.00464140297845006, ""content_removal"": 0.008113887161016464, ""contract_by_using"": 0.003354881424456835, ""choice_of_law"": 0.004420148674398661, ""jurisdiction"": 0.0036286318209022284, ""arbitration"": 0.0034275660291314125}"
test:460,"through these terms and our community guidelines , we make clear that we do not want the services put to bad uses .",[],[],"{""limitation_of_liability"": 0.004553056787699461, ""unilateral_termination"": 0.0032543963752686977, ""unilateral_change"": 0.006661834195256233, ""content_removal"": 0.004285260569304228, ""contract_by_using"": 0.004392619710415602, ""choice_of_law"": 0.002975019859150052, ""jurisdiction"": 0.00202367827296257, ""arbitration"": 0.003914091270416975}"
test:461,"but because we do not review all content , we can not guarantee that content on the services will always conform to our terms or guidelines .",[],[],"{""limitation_of_liability"": 0.008909172378480434, ""unilateral_termination"": 0.003513467963784933, ""unilateral_change"": 0.007330446038395166, ""content_removal"": 0.004915226250886917, ""contract_by_using"": 0.004055308643728495, ""choice_of_law"": 0.0026440811343491077, ""jurisdiction"": 0.0015134094282984734, ""arbitration"": 0.0026780026964843273}"
test:462,your privacy matters to us .,[],[],"{""limitation_of_liability"": 0.004877189639955759, ""unilateral_termination"": 0.003954680170863867, ""unilateral_change"": 0.004207623191177845, ""content_removal"": 0.003496770979836583, ""contract_by_using"": 0.003523964202031493, ""choice_of_law"": 0.0027152718976140022, ""jurisdiction"": 0.0028615242335945368, ""arbitration"": 0.0066826194524765015}"
test:463,you can learn how your information is handled when you use our services by reading the privacy policy .,[],[],"{""limitation_of_liability"": 0.0037186795379966497, ""unilateral_termination"": 0.003618974471464753, ""unilateral_change"": 0.004346789792180061, ""content_removal"": 0.0038214819505810738, ""contract_by_using"": 0.004877648316323757, ""choice_of_law"": 0.0028452167753130198, ""jurisdiction"": 0.0025508904363960028, ""arbitration"": 0.006016819272190332}"
test:464,"we encourage you to give the privacy policy a careful look because , by using our services , you agree that your information may be collected and processed by snap group limited in the uk and snap inc. in the u.s. , as well as their affiliates , and transferred outside of the country in which you reside , including to countries that may not have the same data-protection laws as your country .","[""contract_by_using""]",[],"{""limitation_of_liability"": 0.003048534970730543, ""unilateral_termination"": 0.00307398266158998, ""unilateral_change"": 0.006691126152873039, ""content_removal"": 0.005540524143725634, ""contract_by_using"": 0.015717962756752968, ""choice_of_law"": 0.0034803517628461123, ""jurisdiction"": 0.0031249895691871643, ""arbitration"": 0.005580052733421326}"
test:465,snap group limited respects the rights of others .,[],[],"{""limitation_of_liability"": 0.006740247365087271, ""unilateral_termination"": 0.0033219573087990284, ""unilateral_change"": 0.0048197004944086075, ""content_removal"": 0.0034729342442005873, ""contract_by_using"": 0.0032237835694104433, ""choice_of_law"": 0.003082494717091322, ""jurisdiction"": 0.002158894669264555, ""arbitration"": 0.004325057379901409}"
test:466,you therefore may not use the services in a manner that :,[],[],"{""limitation_of_liability"": 0.0071250805631279945, ""unilateral_termination"": 0.004415677860379219, ""unilateral_change"": 0.004109433852136135, ""content_removal"": 0.004960326477885246, ""contract_by_using"": 0.003258618526160717, ""choice_of_law"": 0.0019260637927800417, ""jurisdiction"": 0.0018873923690989614, ""arbitration"": 0.0038131349720060825}"
test:467,"violates or infringes someone else 's rights of publicity , privacy , copyright , trademark , or other intellectual-property right .",[],[],"{""limitation_of_liability"": 0.004563316702842712, ""unilateral_termination"": 0.003558655036613345, ""unilateral_change"": 0.004611758515238762, ""content_removal"": 0.003914226777851582, ""contract_by_using"": 0.0034725430887192488, ""choice_of_law"": 0.0026250327937304974, ""jurisdiction"": 0.00230272370390594, ""arbitration"": 0.004897519014775753}"
test:468,"bullies , harasses , or intimidates .",[],[],"{""limitation_of_liability"": 0.004758389666676521, ""unilateral_termination"": 0.0032953701447695494, ""unilateral_change"": 0.005519061349332333, ""content_removal"": 0.003656914224848151, ""contract_by_using"": 0.00357741373591125, ""choice_of_law"": 0.002589126583188772, ""jurisdiction"": 0.0022120734211057425, ""arbitration"": 0.0045043607242405415}"
test:469,spams or solicits our users .,[],[],"{""limitation_of_liability"": 0.005211958196014166, ""unilateral_termination"": 0.003672903636470437, ""unilateral_change"": 0.004250361118465662, ""content_removal"": 0.003595094894990325, ""contract_by_using"": 0.003411974525079131, ""choice_of_law"": 0.002540615387260914, ""jurisdiction"": 0.0022066861856728792, ""arbitration"": 0.004966647829860449}"
test:470,"you must also respect the rights of snap group limited and its affiliates , including snap inc. .",[],[],"{""limitation_of_liability"": 0.005282438360154629, ""unilateral_termination"": 0.0036415637005120516, ""unilateral_change"": 0.003926887642592192, ""content_removal"": 0.0035828123800456524, ""contract_by_using"": 0.004127061925828457, ""choice_of_law"": 0.002415076596662402, ""jurisdiction"": 0.002128113992512226, ""arbitration"": 0.004395375959575176}"
test:471,these terms do not grant you any right to :,[],[],"{""limitation_of_liability"": 0.006055251695215702, ""unilateral_termination"": 0.006190766114741564, ""unilateral_change"": 0.004482069984078407, ""content_removal"": 0.004821898881345987, ""contract_by_using"": 0.002646126551553607, ""choice_of_law"": 0.002191517734900117, ""jurisdiction"": 0.002092008013278246, ""arbitration"": 0.004123151767998934}"
test:472,"use branding , logos , designs , photographs , videos , or any other materials used in our services .",[],[],"{""limitation_of_liability"": 0.005280887708067894, ""unilateral_termination"": 0.002830479061231017, ""unilateral_change"": 0.004226470831781626, ""content_removal"": 0.003374515799805522, ""contract_by_using"": 0.004324156325310469, ""choice_of_law"": 0.0028365489561110735, ""jurisdiction"": 0.002255629049614072, ""arbitration"": 0.004550062585622072}"
test:473,"copy , archive , download , upload , distribute , syndicate , broadcast , perform , display , make available , or otherwise use any portion of the services or the content on the services except as set forth in these terms .",[],[],"{""limitation_of_liability"": 0.004927260801196098, ""unilateral_termination"": 0.0024790000170469284, ""unilateral_change"": 0.006480728276073933, ""content_removal"": 0.004035815130919218, ""contract_by_using"": 0.008076070807874203, ""choice_of_law"": 0.0026371250860393047, ""jurisdiction"": 0.0020331861451268196, ""arbitration"": 0.0033343087416142225}"
test:474,"use the services , any tools provided by the services , or any content on the services for any commercial purposes without our consent .",[],[],"{""limitation_of_liability"": 0.006015615537762642, ""unilateral_termination"": 0.0034068499226123095, ""unilateral_change"": 0.004921916872262955, ""content_removal"": 0.004291305784136057, ""contract_by_using"": 0.005451197270303965, ""choice_of_law"": 0.002127882093191147, ""jurisdiction"": 0.001715324935503304, ""arbitration"": 0.0031984553206712008}"
test:475,in short : you may not use the services or the content on the services in ways that are not authorized by these terms .,[],[],"{""limitation_of_liability"": 0.004961637780070305, ""unilateral_termination"": 0.003578311065211892, ""unilateral_change"": 0.0042186337523162365, ""content_removal"": 0.00445686187595129, ""contract_by_using"": 0.004218042828142643, ""choice_of_law"": 0.002396743278950453, ""jurisdiction"": 0.0020340029150247574, ""arbitration"": 0.003878331510350108}"
test:476,nor may you help anyone else in doing so .,[],[],"{""limitation_of_liability"": 0.005395997315645218, ""unilateral_termination"": 0.0037314987275749445, ""unilateral_change"": 0.005136254709213972, ""content_removal"": 0.0038023872766643763, ""contract_by_using"": 0.0028871020767837763, ""choice_of_law"": 0.0022585841361433268, ""jurisdiction"": 0.002070691669359803, ""arbitration"": 0.0041596852242946625}"
test:477,we therefore take reasonable steps to expeditiously remove from our services any infringing material that we become aware of .,[],"[""content_removal""]","{""limitation_of_liability"": 0.05207459256052971, ""unilateral_termination"": 0.09443848580121994, ""unilateral_change"": 0.06210843846201897, ""content_removal"": 0.7503277659416199, ""contract_by_using"": 0.018339473754167557, ""choice_of_law"": 0.028596168383955956, ""jurisdiction"": 0.03649093955755234, ""arbitration"": 0.02815089374780655}"
test:478,"and if snap group limited becomes aware that one of its users has repeatedly infringed copyrights , we will take reasonable steps within our power to terminate the user 's account .","[""unilateral_termination""]","[""unilateral_termination""]","{""limitation_of_liability"": 0.03671891242265701, ""unilateral_termination"": 0.9573200345039368, ""unilateral_change"": 0.0590810552239418, ""content_removal"": 0.20633582770824432, ""contract_by_using"": 0.020235830917954445, ""choice_of_law"": 0.011999042704701424, ""jurisdiction"": 0.027425585314631462, ""arbitration"": 0.06079380214214325}"
test:479,we make it easy for you to report suspected copyright infringement .,[],[],"{""limitation_of_liability"": 0.0046674455516040325, ""unilateral_termination"": 0.004596843384206295, ""unilateral_change"": 0.004189884755760431, ""content_removal"": 0.003929693717509508, ""contract_by_using"": 0.0030741507653146982, ""choice_of_law"": 0.002595044206827879, ""jurisdiction"": 0.0025903719943016768, ""arbitration"": 0.006067196372896433}"
test:480,"if you believe that anything on the services infringes a copyright that you own or control , please fill out this form .",[],[],"{""limitation_of_liability"": 0.004588341806083918, ""unilateral_termination"": 0.004737688694149256, ""unilateral_change"": 0.004047886934131384, ""content_removal"": 0.006674663629382849, ""contract_by_using"": 0.005603503901511431, ""choice_of_law"": 0.0028086889069527388, ""jurisdiction"": 0.002940190490335226, ""arbitration"": 0.0048887887969613075}"
test:481,or you may file a notice with our designated agent :,[],[],"{""limitation_of_liability"": 0.004976880736649036, ""unilateral_termination"": 0.004590725060552359, ""unilateral_change"": 0.003982205409556627, ""content_removal"": 0.004333406686782837, ""contract_by_using"": 0.003045820165425539, ""choice_of_law"": 0.002426927676424384, ""jurisdiction"": 0.002560317749157548, ""arbitration"": 0.005686931312084198}"
test:482,"if you file a notice with our copyright agent , it must :",[],[],"{""limitation_of_liability"": 0.00668118242174387, ""unilateral_termination"": 0.004299575462937355, ""unilateral_change"": 0.003483214182779193, ""content_removal"": 0.004398473538458347, ""contract_by_using"": 0.003023890545591712, ""choice_of_law"": 0.00260157510638237, ""jurisdiction"": 0.0025682076811790466, ""arbitration"": 0.005511221010237932}"
test:483,contain the physical or electronic signature of a person authorized to act on behalf of the copyright owner .,[],[],"{""limitation_of_liability"": 0.006533709354698658, ""unilateral_termination"": 0.0036329252179712057, ""unilateral_change"": 0.0035546093713492155, ""content_removal"": 0.004263195209205151, ""contract_by_using"": 0.003116157604381442, ""choice_of_law"": 0.0026407784316688776, ""jurisdiction"": 0.0025057087186723948, ""arbitration"": 0.004723735619336367}"
test:484,identify the copyrighted work claimed to have been infringed .,[],[],"{""limitation_of_liability"": 0.0057798163034021854, ""unilateral_termination"": 0.0034048559609800577, ""unilateral_change"": 0.0043030534870922565, ""content_removal"": 0.004108220338821411, ""contract_by_using"": 0.0030916768591850996, ""choice_of_law"": 0.0028475283179432154, ""jurisdiction"": 0.002364888321608305, ""arbitration"": 0.004773077089339495}"
test:485,"identify the material that is claimed to be infringing or to be the subject of infringing activity and that is to be removed , or access to which is to be disabled , and information reasonably sufficient to let us locate the material .",[],[],"{""limitation_of_liability"": 0.006190360989421606, ""unilateral_termination"": 0.004091326612979174, ""unilateral_change"": 0.004130588844418526, ""content_removal"": 0.007012731861323118, ""contract_by_using"": 0.0032015503384172916, ""choice_of_law"": 0.0026060305535793304, ""jurisdiction"": 0.0023448874708265066, ""arbitration"": 0.003726488910615444}"
test:486,"provide your contact information , including your address , telephone number , and an email address .",[],[],"{""limitation_of_liability"": 0.005959167145192623, ""unilateral_termination"": 0.00345267984084785, ""unilateral_change"": 0.0038390266709029675, ""content_removal"": 0.0035891232546418905, ""contract_by_using"": 0.0034265380818396807, ""choice_of_law"": 0.0029635203536599874, ""jurisdiction"": 0.002497672103345394, ""arbitration"": 0.004866655450314283}"
test:487,"provide a personal statement that you have a good-faith belief that the use of the material in the manner complained of is not authorized by the copyright owner , its agent , or the law .",[],[],"{""limitation_of_liability"": 0.007703097071498632, ""unilateral_termination"": 0.0031836910638958216, ""unilateral_change"": 0.0033196124713867903, ""content_removal"": 0.0038311295211315155, ""contract_by_using"": 0.0037359080743044615, ""choice_of_law"": 0.0025520301423966885, ""jurisdiction"": 0.002386274980381131, ""arbitration"": 0.0039318762719631195}"
test:488,"provide a statement that the information in the notification is accurate and , under penalty of perjury , that you are authorized to act on behalf of the copyright owner .",[],[],"{""limitation_of_liability"": 0.007266780827194452, ""unilateral_termination"": 0.0033400151878595352, ""unilateral_change"": 0.0028788051567971706, ""content_removal"": 0.003973301965743303, ""contract_by_using"": 0.003955811262130737, ""choice_of_law"": 0.0024210496339946985, ""jurisdiction"": 0.002580847591161728, ""arbitration"": 0.0045667774975299835}"
test:489,we try hard to keep our services a safe place for all users .,[],[],"{""limitation_of_liability"": 0.004779511597007513, ""unilateral_termination"": 0.004240781534463167, ""unilateral_change"": 0.004991139285266399, ""content_removal"": 0.0038776297587901354, ""contract_by_using"": 0.0031076520681381226, ""choice_of_law"": 0.0025534287560731173, ""jurisdiction"": 0.002106902888044715, ""arbitration"": 0.004644783679395914}"
test:490,but we ca n't guarantee it .,[],[],"{""limitation_of_liability"": 0.006158744916319847, ""unilateral_termination"": 0.0032872639130800962, ""unilateral_change"": 0.004080766811966896, ""content_removal"": 0.003343982622027397, ""contract_by_using"": 0.00390871986746788, ""choice_of_law"": 0.0025910348631441593, ""jurisdiction"": 0.0026488725561648607, ""arbitration"": 0.005672223400324583}"
test:491,that 's where you come in .,[],[],"{""limitation_of_liability"": 0.006753735244274139, ""unilateral_termination"": 0.0029872239101678133, ""unilateral_change"": 0.004199603106826544, ""content_removal"": 0.003639599308371544, ""contract_by_using"": 0.003441078821197152, ""choice_of_law"": 0.0032491725869476795, ""jurisdiction"": 0.0025694123469293118, ""arbitration"": 0.004724874161183834}"
test:492,"by using the services , you agree that :",[],[],"{""limitation_of_liability"": 0.05187680572271347, ""unilateral_termination"": 0.006685598287731409, ""unilateral_change"": 0.01862349547445774, ""content_removal"": 0.01315548550337553, ""contract_by_using"": 0.7774916887283325, ""choice_of_law"": 0.015634246170520782, ""jurisdiction"": 0.023633146658539772, ""arbitration"": 0.02737465314567089}"
test:493,you will not use the services for any purpose that is illegal or prohibited in these terms .,[],[],"{""limitation_of_liability"": 0.005140254739671946, ""unilateral_termination"": 0.0037244802806526423, ""unilateral_change"": 0.00402331305667758, ""content_removal"": 0.004331890493631363, ""contract_by_using"": 0.005039978306740522, ""choice_of_law"": 0.0021530441008508205, ""jurisdiction"": 0.0019514070590958, ""arbitration"": 0.003866004990413785}"
test:494,"you will not use any robot , spider , crawler , scraper , or other automated means or interface to access the services or extract other user 's information .",[],[],"{""limitation_of_liability"": 0.005353278014808893, ""unilateral_termination"": 0.003147702431306243, ""unilateral_change"": 0.003839221317321062, ""content_removal"": 0.003597517963498831, ""contract_by_using"": 0.003990754019469023, ""choice_of_law"": 0.0023899772204458714, ""jurisdiction"": 0.002231298480182886, ""arbitration"": 0.0047095478512346745}"
test:495,you will not use or develop any third-party applications that interact with the services or other users ' content or information without our written consent .,[],[],"{""limitation_of_liability"": 0.004481910262256861, ""unilateral_termination"": 0.004003769718110561, ""unilateral_change"": 0.003930335398763418, ""content_removal"": 0.004581577610224485, ""contract_by_using"": 0.0041745794005692005, ""choice_of_law"": 0.00220269407145679, ""jurisdiction"": 0.001980347093194723, ""arbitration"": 0.004449591506272554}"
test:496,"you will not use the services in a way that could interfere with , disrupt , negatively affect , or inhibit other users from fully enjoying the services , or that could damage , disable , overburden , or impair the functioning of the services .",[],[],"{""limitation_of_liability"": 0.0048650228418409824, ""unilateral_termination"": 0.004066484048962593, ""unilateral_change"": 0.004816945176571608, ""content_removal"": 0.00423571839928627, ""contract_by_using"": 0.0038165294099599123, ""choice_of_law"": 0.002037944970652461, ""jurisdiction"": 0.0017557096434757113, ""arbitration"": 0.0035344245843589306}"
test:497,"you will not use or attempt to use another user 's account , username , or password without their permission .",[],[],"{""limitation_of_liability"": 0.00430136825889349, ""unilateral_termination"": 0.004112662747502327, ""unilateral_change"": 0.004034797661006451, ""content_removal"": 0.004501250572502613, ""contract_by_using"": 0.003508973401039839, ""choice_of_law"": 0.0023983183782547712, ""jurisdiction"": 0.002368771703913808, ""arbitration"": 0.005021321587264538}"
test:498,you will not solicit login credentials from another user .,[],[],"{""limitation_of_liability"": 0.004902133718132973, ""unilateral_termination"": 0.003948125056922436, ""unilateral_change"": 0.004215467721223831, ""content_removal"": 0.0036254969891160727, ""contract_by_using"": 0.0033466187305748463, ""choice_of_law"": 0.0024209897965192795, ""jurisdiction"": 0.0023419877979904413, ""arbitration"": 0.005412552040070295}"
test:499,"you will not post content that contains pornography , graphic violence , threats , hate speech , or incitements to violence .",[],[],"{""limitation_of_liability"": 0.004597775172442198, ""unilateral_termination"": 0.0035214233212172985, ""unilateral_change"": 0.004351388197392225, ""content_removal"": 0.0037480476312339306, ""contract_by_using"": 0.003665114985778928, ""choice_of_law"": 0.0027481094002723694, ""jurisdiction"": 0.0024786132853478193, ""arbitration"": 0.005429339595139027}"
test:500,you will not upload viruses or other malicious code or otherwise compromise the security of the services .,[],[],"{""limitation_of_liability"": 0.00515369325876236, ""unilateral_termination"": 0.004161842633038759, ""unilateral_change"": 0.0035252422094345093, ""content_removal"": 0.004223680589348078, ""contract_by_using"": 0.004223479889333248, ""choice_of_law"": 0.0020810114219784737, ""jurisdiction"": 0.002163852332159877, ""arbitration"": 0.004744357895106077}"
test:501,"you will not attempt to circumvent any content-filtering techniques we employ , or attempt to access areas or features of the services that you are not authorized to access .",[],[],"{""limitation_of_liability"": 0.004823494236916304, ""unilateral_termination"": 0.0051406496204435825, ""unilateral_change"": 0.0037079467438161373, ""content_removal"": 0.006192323751747608, ""contract_by_using"": 0.0039695086888968945, ""choice_of_law"": 0.002240207279101014, ""jurisdiction"": 0.0023465792182832956, ""arbitration"": 0.004512139596045017}"
test:502,"you will not probe , scan , or test the vulnerability of our services or any system or network .",[],[],"{""limitation_of_liability"": 0.0070201498456299305, ""unilateral_termination"": 0.0037618400529026985, ""unilateral_change"": 0.0036192138213664293, ""content_removal"": 0.0037350631318986416, ""contract_by_using"": 0.003515362972393632, ""choice_of_law"": 0.002004331676289439, ""jurisdiction"": 0.0018694493919610977, ""arbitration"": 0.0038905178662389517}"
test:503,you will not encourage or promote any activity that violates these terms .,[],[],"{""limitation_of_liability"": 0.0040287356823682785, ""unilateral_termination"": 0.00430345768108964, ""unilateral_change"": 0.0047655487433075905, ""content_removal"": 0.004584542941302061, ""contract_by_using"": 0.004183828830718994, ""choice_of_law"": 0.0020432022865861654, ""jurisdiction"": 0.0020371791906654835, ""arbitration"": 0.004415912553668022}"
test:504,we also care about your safety while using our services .,[],[],"{""limitation_of_liability"": 0.004300786182284355, ""unilateral_termination"": 0.004173096735030413, ""unilateral_change"": 0.005207665264606476, ""content_removal"": 0.0036016928497701883, ""contract_by_using"": 0.003645910881459713, ""choice_of_law"": 0.0022863256745040417, ""jurisdiction"": 0.0022024475038051605, ""arbitration"": 0.005435476545244455}"
test:505,so do not use our services in a way that would distract you from obeying traffic or safety laws .,[],[],"{""limitation_of_liability"": 0.005450750235468149, ""unilateral_termination"": 0.0041168248280882835, ""unilateral_change"": 0.003966342657804489, ""content_removal"": 0.003913120366632938, ""contract_by_using"": 0.003579486394301057, ""choice_of_law"": 0.002268343698233366, ""jurisdiction"": 0.0021325538400560617, ""arbitration"": 0.004338221624493599}"
test:506,"for example , never snap and drive .",[],[],"{""limitation_of_liability"": 0.006977753713726997, ""unilateral_termination"": 0.0036006781738251448, ""unilateral_change"": 0.0050554294139146805, ""content_removal"": 0.0037120552733540535, ""contract_by_using"": 0.0027661181520670652, ""choice_of_law"": 0.0030617499724030495, ""jurisdiction"": 0.0023214975371956825, ""arbitration"": 0.004814545623958111}"
test:507,and never put yourself or others in harm 's way just to capture a snap .,[],[],"{""limitation_of_liability"": 0.005923561751842499, ""unilateral_termination"": 0.003378927009180188, ""unilateral_change"": 0.004146824590861797, ""content_removal"": 0.003911251202225685, ""contract_by_using"": 0.0033211158588528633, ""choice_of_law"": 0.002417075214907527, ""jurisdiction"": 0.002130757551640272, ""arbitration"": 0.004342167638242245}"
test:508,you are responsible for any activity that occurs in your snapchat account .,[],[],"{""limitation_of_liability"": 0.0056175533682107925, ""unilateral_termination"": 0.0033391707111150026, ""unilateral_change"": 0.004382767714560032, ""content_removal"": 0.0036262983921915293, ""contract_by_using"": 0.003421282861381769, ""choice_of_law"": 0.0024126286152750254, ""jurisdiction"": 0.0020317439921200275, ""arbitration"": 0.004231215454638004}"
test:509,so it 's important that you keep your account secure .,[],[],"{""limitation_of_liability"": 0.005006575025618076, ""unilateral_termination"": 0.0038225401658564806, ""unilateral_change"": 0.0047439588233828545, ""content_removal"": 0.003711963538080454, ""contract_by_using"": 0.0031283351127058268, ""choice_of_law"": 0.0025443302001804113, ""jurisdiction"": 0.0022110024001449347, ""arbitration"": 0.004862428642809391}"
test:510,one way to do that is to select a strong password that you do n't use for any other account .,[],[],"{""limitation_of_liability"": 0.004415197763592005, ""unilateral_termination"": 0.003741554683074355, ""unilateral_change"": 0.005264965817332268, ""content_removal"": 0.0040693217888474464, ""contract_by_using"": 0.0032689685467630625, ""choice_of_law"": 0.002297036349773407, ""jurisdiction"": 0.0021879984997212887, ""arbitration"": 0.004377339966595173}"
test:511,"by using the services , you agree that , in addition to exercising common sense :",[],[],"{""limitation_of_liability"": 0.03955624997615814, ""unilateral_termination"": 0.00996034312993288, ""unilateral_change"": 0.035036783665418625, ""content_removal"": 0.026370516046881676, ""contract_by_using"": 0.9150588512420654, ""choice_of_law"": 0.027881428599357605, ""jurisdiction"": 0.044038597494363785, ""arbitration"": 0.05338050425052643}"
test:512,you will not create more than one account for yourself .,[],[],"{""limitation_of_liability"": 0.004486416466534138, ""unilateral_termination"": 0.004010491538792849, ""unilateral_change"": 0.004218749701976776, ""content_removal"": 0.0038560887333005667, ""contract_by_using"": 0.003470814088359475, ""choice_of_law"": 0.0024008171167224646, ""jurisdiction"": 0.0024258927442133427, ""arbitration"": 0.005565811414271593}"
test:513,"you will not create another account if we have already disabled your account , unless you have our written permission to do so .",[],[],"{""limitation_of_liability"": 0.005823892541229725, ""unilateral_termination"": 0.006084966938942671, ""unilateral_change"": 0.0037225750274956226, ""content_removal"": 0.004915853496640921, ""contract_by_using"": 0.002643886022269726, ""choice_of_law"": 0.0020338324829936028, ""jurisdiction"": 0.0020265982020646334, ""arbitration"": 0.004201912321150303}"
test:514,"you will not buy , sell , rent , or lease access to your snapchat account , live , snaps , a snapchat username , or a friend link without our written permission .",[],[],"{""limitation_of_liability"": 0.0051423548720777035, ""unilateral_termination"": 0.0032554916106164455, ""unilateral_change"": 0.0041260309517383575, ""content_removal"": 0.0038136497605592012, ""contract_by_using"": 0.003770115552470088, ""choice_of_law"": 0.0028586334083229303, ""jurisdiction"": 0.0023272132966667414, ""arbitration"": 0.004836842883378267}"
test:515,you will not share your password .,[],[],"{""limitation_of_liability"": 0.0046010492369532585, ""unilateral_termination"": 0.003534831339493394, ""unilateral_change"": 0.005236905999481678, ""content_removal"": 0.0035625325981527567, ""contract_by_using"": 0.0033729670103639364, ""choice_of_law"": 0.0025239367969334126, ""jurisdiction"": 0.002449538093060255, ""arbitration"": 0.005196356680244207}"
test:516,you will not log in or attempt to access the services through unauthorized third-party applications or clients .,[],[],"{""limitation_of_liability"": 0.0050102295354008675, ""unilateral_termination"": 0.004324848297983408, ""unilateral_change"": 0.004025428555905819, ""content_removal"": 0.0043919822201132774, ""contract_by_using"": 0.0035548002924770117, ""choice_of_law"": 0.001843701465986669, ""jurisdiction"": 0.0020469052251428366, ""arbitration"": 0.004287719260901213}"
test:517,"if you think that someone has gained access to your account , please immediately reach out to snapchat support .",[],[],"{""limitation_of_liability"": 0.004134087823331356, ""unilateral_termination"": 0.004546700976788998, ""unilateral_change"": 0.005079793278127909, ""content_removal"": 0.0045682517811656, ""contract_by_using"": 0.0033965769689530134, ""choice_of_law"": 0.0022152881138026714, ""jurisdiction"": 0.0021398202516138554, ""arbitration"": 0.0045595294795930386}"
test:518,"memories is our data-storage service that makes it easier for you to reminisce anytime , anywhere .",[],[],"{""limitation_of_liability"": 0.0045409188605844975, ""unilateral_termination"": 0.004745988175272942, ""unilateral_change"": 0.004800317343324423, ""content_removal"": 0.004074833355844021, ""contract_by_using"": 0.003237943397834897, ""choice_of_law"": 0.001994343241676688, ""jurisdiction"": 0.0019193516345694661, ""arbitration"": 0.004148656502366066}"
test:519,"by agreeing to these terms , you automatically enable memories .",[],[],"{""limitation_of_liability"": 0.0045292675495147705, ""unilateral_termination"": 0.0029084174893796444, ""unilateral_change"": 0.005484843160957098, ""content_removal"": 0.003835442941635847, ""contract_by_using"": 0.02513413317501545, ""choice_of_law"": 0.0031091056298464537, ""jurisdiction"": 0.002899176673963666, ""arbitration"": 0.005587039515376091}"
test:520,"once memories is enabled , it will remain enabled for as long as you maintain your snapchat account .",[],[],"{""limitation_of_liability"": 0.005522629711776972, ""unilateral_termination"": 0.0050170230679214, ""unilateral_change"": 0.004531842190772295, ""content_removal"": 0.004320335108786821, ""contract_by_using"": 0.0028351813089102507, ""choice_of_law"": 0.0021029915660619736, ""jurisdiction"": 0.001898741815239191, ""arbitration"": 0.003939594607800245}"
test:521,but you can always turn off certain memories features through settings .,[],[],"{""limitation_of_liability"": 0.005042039789259434, ""unilateral_termination"": 0.004322239197790623, ""unilateral_change"": 0.004419433418661356, ""content_removal"": 0.003909767139703035, ""contract_by_using"": 0.0030771992169320583, ""choice_of_law"": 0.002386197680607438, ""jurisdiction"": 0.0022820094600319862, ""arbitration"": 0.005106054712086916}"
test:522,"one of the options we provide with memories is the ability to create a restricted area by setting a passcode , which might be a pin or a passphrase or some other mechanism .",[],[],"{""limitation_of_liability"": 0.005214889068156481, ""unilateral_termination"": 0.003656563349068165, ""unilateral_change"": 0.004790847655385733, ""content_removal"": 0.0038031679578125477, ""contract_by_using"": 0.0033584802877157927, ""choice_of_law"": 0.0023298596497625113, ""jurisdiction"": 0.0019643744453787804, ""arbitration"": 0.003990308381617069}"
test:523,"this is similar to the device-lock option you may be using on your mobile device ; by setting a passcode , you make it less likely that another person who gets ahold of your device will be able to see what you saved to the restricted area of memories .",[],[],"{""limitation_of_liability"": 0.0049690380692481995, ""unilateral_termination"": 0.003366924589499831, ""unilateral_change"": 0.0040237028151750565, ""content_removal"": 0.003933510277420282, ""contract_by_using"": 0.003650684142485261, ""choice_of_law"": 0.0026863636448979378, ""jurisdiction"": 0.0024075175169855356, ""arbitration"": 0.004654122516512871}"
test:524,"but here 's a big warning : if you lose or forget your memories passcode , or if you enter the wrong one too many times , you will lose access to any content you saved in the restricted area of memories .",[],[],"{""limitation_of_liability"": 0.0068282769061625, ""unilateral_termination"": 0.006100249942392111, ""unilateral_change"": 0.0033441586419939995, ""content_removal"": 0.005028306506574154, ""contract_by_using"": 0.002712137531489134, ""choice_of_law"": 0.0018442263826727867, ""jurisdiction"": 0.0021703524980694056, ""arbitration"": 0.004238659981638193}"
test:525,we do n't offer any passcode recovery features for this restricted area .,[],[],"{""limitation_of_liability"": 0.004970570560544729, ""unilateral_termination"": 0.0037246800493448973, ""unilateral_change"": 0.004545442759990692, ""content_removal"": 0.003573301015421748, ""contract_by_using"": 0.0036111511290073395, ""choice_of_law"": 0.0021420472767204046, ""jurisdiction"": 0.002119596814736724, ""arbitration"": 0.004769587889313698}"
test:526,you are solely responsible for remembering your passcode .,[],[],"{""limitation_of_liability"": 0.005275459960103035, ""unilateral_termination"": 0.003800220787525177, ""unilateral_change"": 0.0037861119490116835, ""content_removal"": 0.003693588078022003, ""contract_by_using"": 0.0034575185272842646, ""choice_of_law"": 0.002752223750576377, ""jurisdiction"": 0.002672861097380519, ""arbitration"": 0.00607313634827733}"
test:527,please go to our support site for more details on passcodes .,[],[],"{""limitation_of_liability"": 0.005536550655961037, ""unilateral_termination"": 0.003625757060945034, ""unilateral_change"": 0.004413011949509382, ""content_removal"": 0.003571264212951064, ""contract_by_using"": 0.003159433603286743, ""choice_of_law"": 0.0028711475897580385, ""jurisdiction"": 0.002622565720230341, ""arbitration"": 0.005342341028153896}"
test:528,"your content in memories might become unavailable for any number of reasons , including things like an operational glitch or a decision on our end to terminate your account .","[""unilateral_termination"", ""content_removal""]","[""unilateral_termination""]","{""limitation_of_liability"": 0.04234544187784195, ""unilateral_termination"": 0.9362003803253174, ""unilateral_change"": 0.03687114268541336, ""content_removal"": 0.2127065807580948, ""contract_by_using"": 0.015963846817612648, ""choice_of_law"": 0.009853530675172806, ""jurisdiction"": 0.023936215788125992, ""arbitration"": 0.03795706853270531}"
test:529,"since we ca n't promise that your content will always be available , we recommend keeping a separate copy of the content you save to memories .",[],[],"{""limitation_of_liability"": 0.003961461130529642, ""unilateral_termination"": 0.0037063215859234333, ""unilateral_change"": 0.004445202648639679, ""content_removal"": 0.005034429486840963, ""contract_by_using"": 0.005659181158989668, ""choice_of_law"": 0.002351955743506551, ""jurisdiction"": 0.00227739242836833, ""arbitration"": 0.004285126458853483}"
test:530,we make no promise that memories will be able to accommodate your precise storage needs .,[],[],"{""limitation_of_liability"": 0.007699690293520689, ""unilateral_termination"": 0.004155606497079134, ""unilateral_change"": 0.0036198014859110117, ""content_removal"": 0.00377263268455863, ""contract_by_using"": 0.0030390541069209576, ""choice_of_law"": 0.0020251318346709013, ""jurisdiction"": 0.0019742560107260942, ""arbitration"": 0.003979445435106754}"
test:531,"we reserve the right to set storage limits for memories , and we may change these limits from time to time in our sole discretion .","[""unilateral_change""]","[""unilateral_change""]","{""limitation_of_liability"": 0.09675503522157669, ""unilateral_termination"": 0.27994504570961, ""unilateral_change"": 0.9820820689201355, ""content_removal"": 0.08156152069568634, ""contract_by_using"": 0.04222521558403969, ""choice_of_law"": 0.046711597591638565, ""jurisdiction"": 0.02530601993203163, ""arbitration"": 0.034707680344581604}"
test:532,"and just as with our other services , your use of memories may take up space on your device and may incur mobile data charges .",[],[],"{""limitation_of_liability"": 0.00580282649025321, ""unilateral_termination"": 0.0034357556141912937, ""unilateral_change"": 0.0038810812402516603, ""content_removal"": 0.0034779496490955353, ""contract_by_using"": 0.004085149150341749, ""choice_of_law"": 0.002272350015118718, ""jurisdiction"": 0.0019890174735337496, ""arbitration"": 0.0042892079800367355}"
test:533,you may not resell any memories features .,[],[],"{""limitation_of_liability"": 0.0048722377978265285, ""unilateral_termination"": 0.0041399989277124405, ""unilateral_change"": 0.005104092415422201, ""content_removal"": 0.0038199173286557198, ""contract_by_using"": 0.003279128111898899, ""choice_of_law"": 0.0022316458635032177, ""jurisdiction"": 0.0021747953724116087, ""arbitration"": 0.004948631394654512}"
test:534,this means you ca n't do something like use memories to operate your own file-storage or distribution service for other people .,[],[],"{""limitation_of_liability"": 0.004736941773444414, ""unilateral_termination"": 0.0038462455850094557, ""unilateral_change"": 0.003936569672077894, ""content_removal"": 0.003785178530961275, ""contract_by_using"": 0.0034653889015316963, ""choice_of_law"": 0.0024802822154015303, ""jurisdiction"": 0.0023731705732643604, ""arbitration"": 0.005220938008278608}"
test:535,"you are responsible for any mobile charges that you may incur for using our services , including text-messaging and data charges .",[],[],"{""limitation_of_liability"": 0.00696902722120285, ""unilateral_termination"": 0.002877264516428113, ""unilateral_change"": 0.004695003852248192, ""content_removal"": 0.0030883571598678827, ""contract_by_using"": 0.0036537032574415207, ""choice_of_law"": 0.002490083919838071, ""jurisdiction"": 0.0020740206819027662, ""arbitration"": 0.004201751202344894}"
test:536,"if you 're unsure what those charges may be , you should ask your service provider before using the services .",[],[],"{""limitation_of_liability"": 0.0041855499148368835, ""unilateral_termination"": 0.004393237177282572, ""unilateral_change"": 0.004465892445296049, ""content_removal"": 0.004250750411301851, ""contract_by_using"": 0.004393756855279207, ""choice_of_law"": 0.002067889552563429, ""jurisdiction"": 0.001995797036215663, ""arbitration"": 0.004771693143993616}"
test:537,"if you change or deactivate the mobile phone number that you used to create a snapchat account , you must update your account information through settings within 72 hours to prevent us from sending to someone else messages intended for you .",[],[],"{""limitation_of_liability"": 0.0035556009970605373, ""unilateral_termination"": 0.010819229297339916, ""unilateral_change"": 0.00846799835562706, ""content_removal"": 0.009622758254408836, ""contract_by_using"": 0.004131554160267115, ""choice_of_law"": 0.0016099127242341638, ""jurisdiction"": 0.0020537269301712513, ""arbitration"": 0.003862218465656042}"
test:538,"if you use a service , feature , or functionality that is operated by a third party and made available through our services ( including services we jointly offer with the third party ) , each party 's terms will govern the respective party 's relationship with you .",[],[],"{""limitation_of_liability"": 0.004424521699547768, ""unilateral_termination"": 0.002118745818734169, ""unilateral_change"": 0.011394442990422249, ""content_removal"": 0.003448477713391185, ""contract_by_using"": 0.04820147156715393, ""choice_of_law"": 0.008271762169897556, ""jurisdiction"": 0.0039115468971431255, ""arbitration"": 0.0076765501871705055}"
test:539,neither snap group limited nor snap inc. is responsible or liable for a third party 's terms or actions taken under the third party 's terms .,[],"[""limitation_of_liability""]","{""limitation_of_liability"": 0.9641339182853699, ""unilateral_termination"": 0.02008037455379963, ""unilateral_change"": 0.013424793258309364, ""content_removal"": 0.01790982112288475, ""contract_by_using"": 0.012905430048704147, ""choice_of_law"": 0.020140184089541435, ""jurisdiction"": 0.021793656051158905, ""arbitration"": 0.010590810328722}"
test:540,we 're relentlessly improving our services and creating new ones all the time .,[],[],"{""limitation_of_liability"": 0.004716573283076286, ""unilateral_termination"": 0.02161291427910328, ""unilateral_change"": 0.031086301431059837, ""content_removal"": 0.01106264628469944, ""contract_by_using"": 0.0046927654184401035, ""choice_of_law"": 0.0020673335529863834, ""jurisdiction"": 0.0017010810552164912, ""arbitration"": 0.0033816273789852858}"
test:541,"that means we may add or remove features , products , or functionalities , and we may also suspend or stop the services altogether .","[""unilateral_termination"", ""unilateral_change""]","[""unilateral_termination"", ""content_removal""]","{""limitation_of_liability"": 0.05211583524942398, ""unilateral_termination"": 0.960282027721405, ""unilateral_change"": 0.764467716217041, ""content_removal"": 0.7469088435173035, ""contract_by_using"": 0.02378210425376892, ""choice_of_law"": 0.026315461844205856, ""jurisdiction"": 0.02668742462992668, ""arbitration"": 0.04419708624482155}"
test:542,"we may take any of these actions at any time , and when we do , we will try to notify you beforehand , but this wo n't always be possible .","[""unilateral_change""]",[],"{""limitation_of_liability"": 0.004110786132514477, ""unilateral_termination"": 0.04318791627883911, ""unilateral_change"": 0.09489479660987854, ""content_removal"": 0.027872232720255852, ""contract_by_using"": 0.006127840839326382, ""choice_of_law"": 0.003986891359090805, ""jurisdiction"": 0.0030697945039719343, ""arbitration"": 0.004853265825659037}"
test:543,"while we hope you remain a lifelong snapchatter , you can terminate these terms at any time and for any reason by deleting your account .",[],"[""unilateral_termination""]","{""limitation_of_liability"": 0.013694120571017265, ""unilateral_termination"": 0.8675826191902161, ""unilateral_change"": 0.1397625356912613, ""content_removal"": 0.22485192120075226, ""contract_by_using"": 0.022451169788837433, ""choice_of_law"": 0.006171705201268196, ""jurisdiction"": 0.012918277643620968, ""arbitration"": 0.02710971236228943}"
test:544,"snap group limited may also terminate these terms with you at any time , for any reason .","[""unilateral_termination""]","[""unilateral_termination""]","{""limitation_of_liability"": 0.035980600863695145, ""unilateral_termination"": 0.9520009756088257, ""unilateral_change"": 0.17364348471164703, ""content_removal"": 0.12950348854064941, ""contract_by_using"": 0.02273445762693882, ""choice_of_law"": 0.011860371567308903, ""jurisdiction"": 0.022260203957557678, ""arbitration"": 0.061837177723646164}"
test:545,"and while we 'll try to give you advance notice , we ca n't guarantee it .",[],[],"{""limitation_of_liability"": 0.004459470976144075, ""unilateral_termination"": 0.0037971532437950373, ""unilateral_change"": 0.0043737213127315044, ""content_removal"": 0.0038448278792202473, ""contract_by_using"": 0.003578640753403306, ""choice_of_law"": 0.002453302266076207, ""jurisdiction"": 0.002375810407102108, ""arbitration"": 0.005208083428442478}"
test:546,"our right to terminate these terms means that we may stop providing you with any services , or impose new or additional limits on your ability to use the services .","[""unilateral_termination""]","[""unilateral_termination""]","{""limitation_of_liability"": 0.08142252266407013, ""unilateral_termination"": 0.9762402772903442, ""unilateral_change"": 0.1955983191728592, ""content_removal"": 0.23170006275177002, ""contract_by_using"": 0.01926768198609352, ""choice_of_law"": 0.017757544293999672, ""jurisdiction"": 0.024908818304538727, ""arbitration"": 0.056753575801849365}"
test:547,"for example , we may deactivate your account due to prolonged inactivity , and we may reclaim your username at any time for any reason .","[""unilateral_termination""]","[""unilateral_termination"", ""content_removal""]","{""limitation_of_liability"": 0.034956179559230804, ""unilateral_termination"": 0.9258425831794739, ""unilateral_change"": 0.060635268688201904, ""content_removal"": 0.5067285299301147, ""contract_by_using"": 0.012064249254763126, ""choice_of_law"": 0.007314065471291542, ""jurisdiction"": 0.021628068760037422, ""arbitration"": 0.03762614727020264}"
test:548,"regardless of who terminates these terms , both you and snap group limited continue to be bound by sections 3 , 6 , 9 , 10 , and 13-22 of the terms .",[],[],"{""limitation_of_liability"": 0.011661608703434467, ""unilateral_termination"": 0.00521547207608819, ""unilateral_change"": 0.014118173159658909, ""content_removal"": 0.009778947569429874, ""contract_by_using"": 0.40000587701797485, ""choice_of_law"": 0.013820057734847069, ""jurisdiction"": 0.008182518184185028, ""arbitration"": 0.01042963657528162}"
test:549,"you agree , to the extent permitted by law , to indemnify , defend , and hold harmless snap group limited , snap inc. , and our affiliates , directors , officers , stockholders , employees , licensors , and agents from and against any complaints , charges , claims , damages , losses , costs , liabilities , and expenses ( including attorneys ' fees ) due to , arising out of , or relating in any way to : ( a ) your access to or use of the services ; ( b ) your content ; and ( c ) your breach of these terms .",[],[],"{""limitation_of_liability"": 0.007586475927382708, ""unilateral_termination"": 0.0028192647732794285, ""unilateral_change"": 0.003448651172220707, ""content_removal"": 0.003713564947247505, ""contract_by_using"": 0.0054366495460271835, ""choice_of_law"": 0.00230664131231606, ""jurisdiction"": 0.002286040922626853, ""arbitration"": 0.0036114428658038378}"
test:550,we try to keep the services up and running and free of annoyances .,[],[],"{""limitation_of_liability"": 0.0050752186216413975, ""unilateral_termination"": 0.0032093205954879522, ""unilateral_change"": 0.00478691840544343, ""content_removal"": 0.0037737388629466295, ""contract_by_using"": 0.0034593327436596155, ""choice_of_law"": 0.00282570393756032, ""jurisdiction"": 0.002268256386741996, ""arbitration"": 0.004280530847609043}"
test:551,but we make no promises that we will succeed .,[],[],"{""limitation_of_liability"": 0.004539745859801769, ""unilateral_termination"": 0.00350754102692008, ""unilateral_change"": 0.004911467898637056, ""content_removal"": 0.0035052867606282234, ""contract_by_using"": 0.003846778767183423, ""choice_of_law"": 0.002477434463799, ""jurisdiction"": 0.002366478554904461, ""arbitration"": 0.005075500812381506}"
test:552,"the services are provided `` as is '' and `` as available '' and to the extent permitted by law without warranties of any kind , either express or implied , including , but not limited to , implied warranties , conditions , or other terms relating to merchantability , satisfactory quality , fitness for a particular purpose , title , quiet enjoyment , non-infringement , or arising from a course of dealing .",[],[],"{""limitation_of_liability"": 0.007476953789591789, ""unilateral_termination"": 0.0026907927822321653, ""unilateral_change"": 0.004409807734191418, ""content_removal"": 0.0034604163374751806, ""contract_by_using"": 0.004450337029993534, ""choice_of_law"": 0.0029042621608823538, ""jurisdiction"": 0.0020125475712120533, ""arbitration"": 0.003790760412812233}"
test:553,"in addition , while snap group limited attempts to provide a good user experience , we do not represent or warrant that : ( a ) the services will always be secure , error-free , or timely ; ( b ) the services will always function without delays , disruption , or imperfections ; or ( c ) that any content or information you obtain through the services will be timely or accurate .",[],[],"{""limitation_of_liability"": 0.010955308564007282, ""unilateral_termination"": 0.005090103950351477, ""unilateral_change"": 0.005692669190466404, ""content_removal"": 0.00531586492434144, ""contract_by_using"": 0.0036051562055945396, ""choice_of_law"": 0.0015395449008792639, ""jurisdiction"": 0.0014746111119166017, ""arbitration"": 0.0023992881178855896}"
test:554,"snap group limited , snap inc. , and their affiliates take no responsibility and assume no liability for any content that you , another user , or a third party creates , uploads , posts , sends , receives , or stores on or through our services .","[""limitation_of_liability""]","[""limitation_of_liability""]","{""limitation_of_liability"": 0.9465339779853821, ""unilateral_termination"": 0.017818529158830643, ""unilateral_change"": 0.009679445996880531, ""content_removal"": 0.018308347091078758, ""contract_by_using"": 0.011102154850959778, ""choice_of_law"": 0.016646716743707657, ""jurisdiction"": 0.0181602593511343, ""arbitration"": 0.00946897640824318}"
test:555,"you understand and agree that you may be exposed to content that might be offensive , illegal , misleading , or otherwise inappropriate , none of which snap group limited , snap inc. , nor their affiliates will be responsible for .",[],[],"{""limitation_of_liability"": 0.014383782632648945, ""unilateral_termination"": 0.003165735164657235, ""unilateral_change"": 0.003514085430651903, ""content_removal"": 0.0035883798263967037, ""contract_by_using"": 0.0040267459116876125, ""choice_of_law"": 0.002196267480030656, ""jurisdiction"": 0.0021505162585526705, ""arbitration"": 0.0038253923412412405}"
test:556,"when permitted by law , snap group limited , snap inc. , and our affiliates , directors , officers , stockholders , employees , licensors , and agents , will not be liable for any indirect , incidental , special , consequential , punitive , or multiple damages , or any loss of profits or revenues , whether incurred directly or indirectly , or any loss of data , use , goodwill , or other intangible losses , resulting from : ( a ) your use of the services or inability to use the services ; ( b ) your access to or inability to access the services ; ( c ) the conduct or content of other users or third parties on or through the services ; or ( d ) unauthorized access , use , or alteration of your content , even if snap group limited has been advised of the possibility of such damages .","[""limitation_of_liability""]","[""limitation_of_liability""]","{""limitation_of_liability"": 0.9852450489997864, ""unilateral_termination"": 0.030421007424592972, ""unilateral_change"": 0.021951407194137573, ""content_removal"": 0.030347365885972977, ""contract_by_using"": 0.02094273641705513, ""choice_of_law"": 0.036678969860076904, ""jurisdiction"": 0.04416216164827347, ""arbitration"": 0.018791191279888153}"
test:557,"in no event will snap group limited , snap inc. , or their affiliates ' aggregate liability for all claims relating to the services exceed the greater of # 100 gbp or the amount you paid snap group limited , if any , in the last 12 months .","[""limitation_of_liability""]","[""limitation_of_liability""]","{""limitation_of_liability"": 0.965144693851471, ""unilateral_termination"": 0.02000514790415764, ""unilateral_change"": 0.017565187066793442, ""content_removal"": 0.017320113256573677, ""contract_by_using"": 0.014038748107850552, ""choice_of_law"": 0.021117890253663063, ""jurisdiction"": 0.02386016584932804, ""arbitration"": 0.012943918816745281}"
test:558,"some jurisdictions do not allow the exclusion or limitation of certain damages , so some or all of the exclusions and limitations in this section may not apply to you .",[],[],"{""limitation_of_liability"": 0.022231075912714005, ""unilateral_termination"": 0.0034746720921248198, ""unilateral_change"": 0.004558445420116186, ""content_removal"": 0.0033312158193439245, ""contract_by_using"": 0.003803333966061473, ""choice_of_law"": 0.0024499797727912664, ""jurisdiction"": 0.002311752876266837, ""arbitration"": 0.0029027299024164677}"
test:559,"if you have a concern , let 's talk .",[],[],"{""limitation_of_liability"": 0.0055781165137887, ""unilateral_termination"": 0.0038421698845922947, ""unilateral_change"": 0.004130290821194649, ""content_removal"": 0.0036963021848350763, ""contract_by_using"": 0.0031718763057142496, ""choice_of_law"": 0.002845937851816416, ""jurisdiction"": 0.0026301711332052946, ""arbitration"": 0.006000737193971872}"
test:560,go ahead and contact us first and we 'll do our best to resolve the issue .,[],[],"{""limitation_of_liability"": 0.0038333593402057886, ""unilateral_termination"": 0.0038091540336608887, ""unilateral_change"": 0.005514681804925203, ""content_removal"": 0.004644944332540035, ""contract_by_using"": 0.0046840026043355465, ""choice_of_law"": 0.004382838029414415, ""jurisdiction"": 0.005034579895436764, ""arbitration"": 0.012291346676647663}"
test:561,some of our services may have additional terms that contain dispute-resolution provisions unique to that service or your residency .,[],[],"{""limitation_of_liability"": 0.0033880341798067093, ""unilateral_termination"": 0.0049284957349300385, ""unilateral_change"": 0.00885322317481041, ""content_removal"": 0.0043226066045463085, ""contract_by_using"": 0.00396807212382555, ""choice_of_law"": 0.0021626667585223913, ""jurisdiction"": 0.001793352304957807, ""arbitration"": 0.0040021478198468685}"
test:562,"if you are using the services on behalf of a business ( rather than for your personal use ) , you and snap group limited agree that to the extent permitted by law , all claims and disputes between us arising out of or relating to these terms or the use of the services will be finally settled under the lcia arbitration rules , which are incorporated by reference into this clause .",[],"[""arbitration""]","{""limitation_of_liability"": 0.06462865322828293, ""unilateral_termination"": 0.054067935794591904, ""unilateral_change"": 0.039676882326602936, ""content_removal"": 0.040687862783670425, ""contract_by_using"": 0.11005295813083649, ""choice_of_law"": 0.16470354795455933, ""jurisdiction"": 0.37319356203079224, ""arbitration"": 0.8920455574989319}"
test:563,"there will be one arbitrator ( to be appointed by the lcia ) , the arbitration will take place in london , and the arbitration will be conducted in english .",[],[],"{""limitation_of_liability"": 0.009527694433927536, ""unilateral_termination"": 0.017040995880961418, ""unilateral_change"": 0.011859259568154812, ""content_removal"": 0.011116812005639076, ""contract_by_using"": 0.04195444658398628, ""choice_of_law"": 0.02221938781440258, ""jurisdiction"": 0.05829562619328499, ""arbitration"": 0.3430355191230774}"
test:564,"if you do not wish to agree to this clause , you must not use the services .",[],[],"{""limitation_of_liability"": 0.006412595976144075, ""unilateral_termination"": 0.003004711586982012, ""unilateral_change"": 0.003824264043942094, ""content_removal"": 0.00370259047485888, ""contract_by_using"": 0.004713534843176603, ""choice_of_law"": 0.0021319775842130184, ""jurisdiction"": 0.0019118365598842502, ""arbitration"": 0.003906318452209234}"
test:565,"to the extent the parties are permitted under these terms to initiate litigation in a court , both you and snap group limited agree that all claims and disputes ( whether contractual or otherwise ) arising out of or relating to the terms or the use of the services will be litigated exclusively in the courts of england in the united kingdom , unless this is prohibited by the laws of the country where you reside .","[""jurisdiction""]","[""jurisdiction"", ""arbitration""]","{""limitation_of_liability"": 0.16714109480381012, ""unilateral_termination"": 0.060437966138124466, ""unilateral_change"": 0.0503610223531723, ""content_removal"": 0.09082059562206268, ""contract_by_using"": 0.07412664592266083, ""choice_of_law"": 0.5838876962661743, ""jurisdiction"": 0.9506004452705383, ""arbitration"": 0.610374927520752}"
test:566,you and snap group limited consent to the exclusive jurisdiction of those courts .,"[""jurisdiction""]","[""jurisdiction""]","{""limitation_of_liability"": 0.17940396070480347, ""unilateral_termination"": 0.05129298195242882, ""unilateral_change"": 0.04949115216732025, ""content_removal"": 0.08637404441833496, ""contract_by_using"": 0.07187837362289429, ""choice_of_law"": 0.2450072169303894, ""jurisdiction"": 0.9412335753440857, ""arbitration"": 0.24848832190036774}"
test:567,the laws of england and wales govern these terms and any claims and disputes ( whether contractual or otherwise ) arising out of or relating to these terms or their subject matter .,"[""choice_of_law""]","[""choice_of_law""]","{""limitation_of_liability"": 0.07774782180786133, ""unilateral_termination"": 0.033230990171432495, ""unilateral_change"": 0.07643377780914307, ""content_removal"": 0.05278702452778816, ""contract_by_using"": 0.10022219270467758, ""choice_of_law"": 0.9456233978271484, ""jurisdiction"": 0.2124314308166504, ""arbitration"": 0.12921345233917236}"
test:568,the courts in some countries may not apply the laws of england and wales to some disputes related to these terms .,[],"[""choice_of_law"", ""jurisdiction""]","{""limitation_of_liability"": 0.13730885088443756, ""unilateral_termination"": 0.029621697962284088, ""unilateral_change"": 0.06270698457956314, ""content_removal"": 0.04807496815919876, ""contract_by_using"": 0.04479236900806427, ""choice_of_law"": 0.858479917049408, ""jurisdiction"": 0.6585909128189087, ""arbitration"": 0.14451028406620026}"
test:569,"if you reside in one of those countries , the laws of your home country may apply to those disputes .",[],[],"{""limitation_of_liability"": 0.01266635674983263, ""unilateral_termination"": 0.00385478138923645, ""unilateral_change"": 0.028220757842063904, ""content_removal"": 0.006368351634591818, ""contract_by_using"": 0.024965515360236168, ""choice_of_law"": 0.2035880982875824, ""jurisdiction"": 0.029264863580465317, ""arbitration"": 0.023227008059620857}"
test:570,"if any provision of these terms is found unenforceable , then that provision will be severed from these terms and not affect the validity and enforceability of any remaining provisions .",[],[],"{""limitation_of_liability"": 0.006304254289716482, ""unilateral_termination"": 0.0036626053042709827, ""unilateral_change"": 0.004256001207977533, ""content_removal"": 0.0037927795201539993, ""contract_by_using"": 0.004430154804140329, ""choice_of_law"": 0.0038096336647868156, ""jurisdiction"": 0.0030305120162665844, ""arbitration"": 0.0059707509353756905}"
test:571,"given the breadth of our services , we sometimes need to craft additional terms and conditions for specific services .",[],[],"{""limitation_of_liability"": 0.004828094970434904, ""unilateral_termination"": 0.004226436838507652, ""unilateral_change"": 0.037705931812524796, ""content_removal"": 0.0034672056790441275, ""contract_by_using"": 0.006776243448257446, ""choice_of_law"": 0.0030226577073335648, ""jurisdiction"": 0.002013002522289753, ""arbitration"": 0.004030216485261917}"
test:572,"those additional terms and conditions , which will be available with the relevant services , then become part of your agreement with us if you use those services .",[],[],"{""limitation_of_liability"": 0.005698391702026129, ""unilateral_termination"": 0.003406302537769079, ""unilateral_change"": 0.009136650711297989, ""content_removal"": 0.005429532844573259, ""contract_by_using"": 0.1373375952243805, ""choice_of_law"": 0.005426850635558367, ""jurisdiction"": 0.004549702163785696, ""arbitration"": 0.008504227735102177}"
test:573,"if any part of those additional terms and conditions conflicts with these terms , the additional terms and conditions will prevail .",[],[],"{""limitation_of_liability"": 0.004256579093635082, ""unilateral_termination"": 0.0032999718096107244, ""unilateral_change"": 0.00981966033577919, ""content_removal"": 0.003664578776806593, ""contract_by_using"": 0.008705584332346916, ""choice_of_law"": 0.0040786550380289555, ""jurisdiction"": 0.002239209832623601, ""arbitration"": 0.004293729085475206}"
test:574,these terms ( together with any additional terms applicable to specific services you use ) make up the entire agreement between you and snap group limited and supersede any prior agreements .,[],[],"{""limitation_of_liability"": 0.0040472447872161865, ""unilateral_termination"": 0.002426781225949526, ""unilateral_change"": 0.005740247201174498, ""content_removal"": 0.003962219227105379, ""contract_by_using"": 0.020715536549687386, ""choice_of_law"": 0.004679241217672825, ""jurisdiction"": 0.0029040630906820297, ""arbitration"": 0.007633666042238474}"
test:575,these terms do not create or confer any third-party beneficiary rights .,[],[],"{""limitation_of_liability"": 0.004760460928082466, ""unilateral_termination"": 0.0035291186068207026, ""unilateral_change"": 0.006303967442363501, ""content_removal"": 0.0038871567230671644, ""contract_by_using"": 0.0034350648056715727, ""choice_of_law"": 0.0028725378215312958, ""jurisdiction"": 0.002105190185829997, ""arbitration"": 0.004490372724831104}"
test:576,"if we do not enforce a provision in these terms , it will not be considered a waiver .",[],[],"{""limitation_of_liability"": 0.006877765525132418, ""unilateral_termination"": 0.00264431769028306, ""unilateral_change"": 0.0038921113591641188, ""content_removal"": 0.0034079544711858034, ""contract_by_using"": 0.005360228940844536, ""choice_of_law"": 0.003098020562902093, ""jurisdiction"": 0.0024111003149300814, ""arbitration"": 0.00452108820900321}"
test:577,we reserve all rights not expressly granted to you .,[],[],"{""limitation_of_liability"": 0.005008515901863575, ""unilateral_termination"": 0.005038541741669178, ""unilateral_change"": 0.00448959693312645, ""content_removal"": 0.004218697547912598, ""contract_by_using"": 0.0028616958297789097, ""choice_of_law"": 0.0023632857482880354, ""jurisdiction"": 0.002238667570054531, ""arbitration"": 0.005132427904754877}"
test:578,you may not transfer any of your rights or obligations under these terms without our consent .,[],[],"{""limitation_of_liability"": 0.0034766194876283407, ""unilateral_termination"": 0.005358465015888214, ""unilateral_change"": 0.005098908673971891, ""content_removal"": 0.007128742057830095, ""contract_by_using"": 0.005136718042194843, ""choice_of_law"": 0.002125134225934744, ""jurisdiction"": 0.002037220634520054, ""arbitration"": 0.004128447733819485}"
test:579,( if you live outside of the us ),[],[],"{""limitation_of_liability"": 0.007111906539648771, ""unilateral_termination"": 0.0032280657906085253, ""unilateral_change"": 0.004208809696137905, ""content_removal"": 0.003499864600598812, ""contract_by_using"": 0.0031038708984851837, ""choice_of_law"": 0.0028957410249859095, ""jurisdiction"": 0.0026469207368791103, ""arbitration"": 0.005154062528163195}"
test:580,"these terms of service ( `` terms '' ) govern your access to and use of our services , including our various websites , sms , apis , email notifications , applications , buttons , widgets , ads , commerce services , and our other covered services ( https://support.twitter.com/articles/20172501 ) that link to these terms ( collectively , the `` services '' ) , and any information , text , links , graphics , photos , videos , or other materials or arrangements of materials uploaded , downloaded or appearing on the services ( collectively referred to as `` content '' ) .",[],[],"{""limitation_of_liability"": 0.0038470474537461996, ""unilateral_termination"": 0.0028608604334294796, ""unilateral_change"": 0.005685421172529459, ""content_removal"": 0.0035581241827458143, ""contract_by_using"": 0.008081645704805851, ""choice_of_law"": 0.0031491301488131285, ""jurisdiction"": 0.002243385650217533, ""arbitration"": 0.005133592523634434}"
test:581,by using the services you agree to be bound by these terms .,"[""contract_by_using""]","[""contract_by_using""]","{""limitation_of_liability"": 0.04510097578167915, ""unilateral_termination"": 0.019579555839300156, ""unilateral_change"": 0.10084787756204605, ""content_removal"": 0.04059350863099098, ""contract_by_using"": 0.9781153798103333, ""choice_of_law"": 0.07490710914134979, ""jurisdiction"": 0.07742033898830414, ""arbitration"": 0.08927170187234879}"
test:582,you may use the services only if you agree to form a binding contract with twitter and are not a person barred from receiving services under the laws of the applicable jurisdiction .,[],[],"{""limitation_of_liability"": 0.00852757878601551, ""unilateral_termination"": 0.0023713174741715193, ""unilateral_change"": 0.0062972381711006165, ""content_removal"": 0.004307075869292021, ""contract_by_using"": 0.01643005944788456, ""choice_of_law"": 0.02980080060660839, ""jurisdiction"": 0.014805218204855919, ""arbitration"": 0.010371713899075985}"
test:583,"if you are accepting these terms and using the services on behalf of a company , organization , government , or other legal entity , you represent and warrant that you are authorized to do so .",[],[],"{""limitation_of_liability"": 0.007134333252906799, ""unilateral_termination"": 0.003319443203508854, ""unilateral_change"": 0.00419275276362896, ""content_removal"": 0.00679126987233758, ""contract_by_using"": 0.07386349886655807, ""choice_of_law"": 0.004589971154928207, ""jurisdiction"": 0.005540043581277132, ""arbitration"": 0.007270145695656538}"
test:584,our privacy policy ( https://www.twitter.com/privacy ) describes how we handle the information you provide to us when you use our services .,[],[],"{""limitation_of_liability"": 0.003897905582562089, ""unilateral_termination"": 0.0034634233452379704, ""unilateral_change"": 0.0045273033902049065, ""content_removal"": 0.004227611236274242, ""contract_by_using"": 0.00424178084358573, ""choice_of_law"": 0.0031270314939320087, ""jurisdiction"": 0.0024919372517615557, ""arbitration"": 0.005761483684182167}"
test:585,"you understand that through your use of the services you consent to the collection and use ( as set forth in the privacy policy ) of this information , including the transfer of this information to the united states , ireland , and/or other countries for storage , processing and use by twitter and its affiliates .","[""contract_by_using""]","[""contract_by_using""]","{""limitation_of_liability"": 0.017046723514795303, ""unilateral_termination"": 0.012893063016235828, ""unilateral_change"": 0.0418197400867939, ""content_removal"": 0.03675776347517967, ""contract_by_using"": 0.9247839450836182, ""choice_of_law"": 0.03609473258256912, ""jurisdiction"": 0.05200175195932388, ""arbitration"": 0.06752083450555801}"
test:586,"you are responsible for your use of the services and for any content you provide , including compliance with applicable laws , rules , and regulations .",[],[],"{""limitation_of_liability"": 0.008477363735437393, ""unilateral_termination"": 0.0026799978222697973, ""unilateral_change"": 0.006261072587221861, ""content_removal"": 0.0034874703269451857, ""contract_by_using"": 0.004340854473412037, ""choice_of_law"": 0.0038049009162932634, ""jurisdiction"": 0.0019644172862172127, ""arbitration"": 0.003266689833253622}"
test:587,you should only provide content that you are comfortable sharing with others .,[],[],"{""limitation_of_liability"": 0.005049921106547117, ""unilateral_termination"": 0.0033665995579212904, ""unilateral_change"": 0.004902264103293419, ""content_removal"": 0.00356579408980906, ""contract_by_using"": 0.003410228993743658, ""choice_of_law"": 0.0027353246696293354, ""jurisdiction"": 0.0023754879366606474, ""arbitration"": 0.005054377019405365}"
test:588,any use or reliance on any content or materials posted via the services or obtained by you through the services is at your own risk .,[],[],"{""limitation_of_liability"": 0.135298490524292, ""unilateral_termination"": 0.012015475891530514, ""unilateral_change"": 0.006671781186014414, ""content_removal"": 0.012117281556129456, ""contract_by_using"": 0.006057585123926401, ""choice_of_law"": 0.0023341297637671232, ""jurisdiction"": 0.0021890979260206223, ""arbitration"": 0.0028684295248240232}"
test:589,"we do not endorse , support , represent or guarantee the completeness , truthfulness , accuracy , or reliability of any content or communications posted via the services or endorse any opinions expressed via the services .",[],[],"{""limitation_of_liability"": 0.006826870609074831, ""unilateral_termination"": 0.0027454853989183903, ""unilateral_change"": 0.0038090567104518414, ""content_removal"": 0.003855418413877487, ""contract_by_using"": 0.004258222412317991, ""choice_of_law"": 0.0023694199044257402, ""jurisdiction"": 0.001939858659170568, ""arbitration"": 0.0035422728396952152}"
test:590,"you understand that by using the services , you may be exposed to content that might be offensive , harmful , inaccurate or otherwise inappropriate , or in some cases , postings that have been mislabeled or are otherwise deceptive .",[],[],"{""limitation_of_liability"": 0.0056863087229430676, ""unilateral_termination"": 0.007398548070341349, ""unilateral_change"": 0.003848718013614416, ""content_removal"": 0.0077035678550601006, ""contract_by_using"": 0.0037636987399309874, ""choice_of_law"": 0.001698893029242754, ""jurisdiction"": 0.002131379209458828, ""arbitration"": 0.003909159917384386}"
test:591,all content is the sole responsibility of the person who originated such content .,[],[],"{""limitation_of_liability"": 0.05297469347715378, ""unilateral_termination"": 0.0036969061475247145, ""unilateral_change"": 0.003220359096303582, ""content_removal"": 0.004245842806994915, ""contract_by_using"": 0.003682485083118081, ""choice_of_law"": 0.0035795047879219055, ""jurisdiction"": 0.0028286518063396215, ""arbitration"": 0.00418415293097496}"
test:592,"we may not monitor or control the content posted via the services and , we can not take responsibility for such content .",[],[],"{""limitation_of_liability"": 0.06024604290723801, ""unilateral_termination"": 0.009481407701969147, ""unilateral_change"": 0.004838842898607254, ""content_removal"": 0.012084019370377064, ""contract_by_using"": 0.002845821436494589, ""choice_of_law"": 0.002558702602982521, ""jurisdiction"": 0.002230097306892276, ""arbitration"": 0.0027660063933581114}"
test:593,twitter respects the intellectual property rights of others and expects users of the services to do the same .,[],[],"{""limitation_of_liability"": 0.007177751511335373, ""unilateral_termination"": 0.0026345953810960054, ""unilateral_change"": 0.005311411805450916, ""content_removal"": 0.0032135702203959227, ""contract_by_using"": 0.0037554441951215267, ""choice_of_law"": 0.0033565114717930555, ""jurisdiction"": 0.0022189493756741285, ""arbitration"": 0.003990896046161652}"
test:594,"we reserve the right to remove content alleged to be infringing without prior notice , at our sole discretion , and without liability to you .","[""content_removal""]","[""content_removal""]","{""limitation_of_liability"": 0.24139028787612915, ""unilateral_termination"": 0.6988431215286255, ""unilateral_change"": 0.3200382888317108, ""content_removal"": 0.9756098985671997, ""contract_by_using"": 0.037232495844364166, ""choice_of_law"": 0.08725431561470032, ""jurisdiction"": 0.11660677194595337, ""arbitration"": 0.06284965574741364}"
test:595,"we will respond to notices of alleged copyright infringement that comply with applicable law and are properly provided to us , as described in our copyright policy ( https://support.twitter.com/articles/15795 ) .",[],[],"{""limitation_of_liability"": 0.005485693458467722, ""unilateral_termination"": 0.0032588373869657516, ""unilateral_change"": 0.004536762367933989, ""content_removal"": 0.004715492483228445, ""contract_by_using"": 0.0036234648432582617, ""choice_of_law"": 0.0028807492926716805, ""jurisdiction"": 0.0027924401219934225, ""arbitration"": 0.004564241506159306}"
test:596,"if you believe that your content has been copied in a way that constitutes copyright infringement , please report this by visiting our copyright reporting form ( https://support.twitter.com/forms/dmca ) or contacting our designated copyright agent at :",[],[],"{""limitation_of_liability"": 0.004005403257906437, ""unilateral_termination"": 0.0034934210125356913, ""unilateral_change"": 0.004632694646716118, ""content_removal"": 0.006765727885067463, ""contract_by_using"": 0.00701407715678215, ""choice_of_law"": 0.0034215592313557863, ""jurisdiction"": 0.0031556228641420603, ""arbitration"": 0.006585165858268738}"
test:597,"1355 market street , suite 900",[],[],"{""limitation_of_liability"": 0.007520330138504505, ""unilateral_termination"": 0.0031540694180876017, ""unilateral_change"": 0.005629504565149546, ""content_removal"": 0.0029256788548082113, ""contract_by_using"": 0.003203220432624221, ""choice_of_law"": 0.002765239682048559, ""jurisdiction"": 0.0026188327465206385, ""arbitration"": 0.00508924899622798}"
test:598,"you retain your rights to any content you submit , post or display on or through the services .",[],[],"{""limitation_of_liability"": 0.0048995851539075375, ""unilateral_termination"": 0.005132806021720171, ""unilateral_change"": 0.004345667082816362, ""content_removal"": 0.004968700464814901, ""contract_by_using"": 0.0042062243446707726, ""choice_of_law"": 0.0018054114188998938, ""jurisdiction"": 0.0017257204744964838, ""arbitration"": 0.0037296537775546312}"
test:599,what 's yours is yours -- you own your content ( and your photos and videos are part of the content ) .,[],[],"{""limitation_of_liability"": 0.0052735889330506325, ""unilateral_termination"": 0.0032454608008265495, ""unilateral_change"": 0.00359263620339334, ""content_removal"": 0.003709324635565281, ""contract_by_using"": 0.0038773890119045973, ""choice_of_law"": 0.0028277887031435966, ""jurisdiction"": 0.00257412763312459, ""arbitration"": 0.005450846161693335}"
test:600,"by submitting , posting or displaying content on or through the services , you grant us a worldwide , non-exclusive , royalty-free license ( with the right to sublicense ) to use , copy , reproduce , process , adapt , modify , publish , transmit , display and distribute such content in any and all media or distribution methods ( now known or later developed ) .",[],[],"{""limitation_of_liability"": 0.0035796919837594032, ""unilateral_termination"": 0.00475740060210228, ""unilateral_change"": 0.007633625995367765, ""content_removal"": 0.00617562048137188, ""contract_by_using"": 0.025796154513955116, ""choice_of_law"": 0.002469651633873582, ""jurisdiction"": 0.0030500295106321573, ""arbitration"": 0.006837288849055767}"
test:601,this license authorizes us to make your content available to the rest of the world and to let others do the same .,[],[],"{""limitation_of_liability"": 0.003747417591512203, ""unilateral_termination"": 0.0054359897039830685, ""unilateral_change"": 0.00468889344483614, ""content_removal"": 0.0050935461185872555, ""contract_by_using"": 0.003449124749749899, ""choice_of_law"": 0.0022510169073939323, ""jurisdiction"": 0.0023322596680372953, ""arbitration"": 0.005397952627390623}"
test:602,"you agree that this license includes the right for twitter to provide , promote , and improve the services and to make content submitted to or through the services available to other companies , organizations or individuals for the syndication , broadcast , distribution , promotion or publication of such content on other media and services , subject to our terms and conditions for such content use .",[],[],"{""limitation_of_liability"": 0.004163659177720547, ""unilateral_termination"": 0.007408632431179285, ""unilateral_change"": 0.007040309254080057, ""content_removal"": 0.006102054845541716, ""contract_by_using"": 0.005016006994992495, ""choice_of_law"": 0.0018826761515811086, ""jurisdiction"": 0.0016823176993057132, ""arbitration"": 0.003746310481801629}"
test:603,"such additional uses by twitter , or other companies , organizations or individuals , may be made with no compensation paid to you with respect to the content that you submit , post , transmit or otherwise make available through the services .",[],[],"{""limitation_of_liability"": 0.15515048801898956, ""unilateral_termination"": 0.015465963631868362, ""unilateral_change"": 0.022666405886411667, ""content_removal"": 0.011627375148236752, ""contract_by_using"": 0.007967962883412838, ""choice_of_law"": 0.0037437055725604296, ""jurisdiction"": 0.0021671124268323183, ""arbitration"": 0.003020718228071928}"
test:604,twitter has an evolving set of rules for how ecosystem partners can interact with your content on the services .,[],[],"{""limitation_of_liability"": 0.004696686752140522, ""unilateral_termination"": 0.003652380546554923, ""unilateral_change"": 0.005038419738411903, ""content_removal"": 0.0037413679528981447, ""contract_by_using"": 0.003434501588344574, ""choice_of_law"": 0.0027092164382338524, ""jurisdiction"": 0.002125508151948452, ""arbitration"": 0.004647599533200264}"
test:605,these rules exist to enable an open ecosystem with your rights in mind .,[],[],"{""limitation_of_liability"": 0.004845715593546629, ""unilateral_termination"": 0.0037745472509413958, ""unilateral_change"": 0.007461561821401119, ""content_removal"": 0.004179530311375856, ""contract_by_using"": 0.003157123224809766, ""choice_of_law"": 0.0036944709718227386, ""jurisdiction"": 0.0024291605222970247, ""arbitration"": 0.00479716993868351}"
test:606,"you understand that we may modify or adapt your content as it is distributed , syndicated , published , or broadcast by us and our partners and/or make changes to your content in order to adapt the content to different media .",[],"[""unilateral_change""]","{""limitation_of_liability"": 0.025149261578917503, ""unilateral_termination"": 0.10745654255151749, ""unilateral_change"": 0.9758339524269104, ""content_removal"": 0.09776408970355988, ""contract_by_using"": 0.06311063468456268, ""choice_of_law"": 0.047416675835847855, ""jurisdiction"": 0.020567888393998146, ""arbitration"": 0.02919379621744156}"
test:607,"you represent and warrant that you have all the rights , power and authority necessary to grant the rights granted herein to any content that you submit .",[],[],"{""limitation_of_liability"": 0.005198792088776827, ""unilateral_termination"": 0.002950837602838874, ""unilateral_change"": 0.00392524478957057, ""content_removal"": 0.00425703777000308, ""contract_by_using"": 0.004350241273641586, ""choice_of_law"": 0.0025632225442677736, ""jurisdiction"": 0.002367767971009016, ""arbitration"": 0.004070995841175318}"
test:608,"please review the twitter rules , which are part of the user agreement and outline what is prohibited on the services .",[],[],"{""limitation_of_liability"": 0.004061335232108831, ""unilateral_termination"": 0.0038237208500504494, ""unilateral_change"": 0.009477616287767887, ""content_removal"": 0.004973705857992172, ""contract_by_using"": 0.0038548633456230164, ""choice_of_law"": 0.003350310493260622, ""jurisdiction"": 0.002048485679551959, ""arbitration"": 0.00399235961958766}"
test:609,"you may use the services only in compliance with these terms and all applicable laws , rules and regulations .",[],[],"{""limitation_of_liability"": 0.0053334468975663185, ""unilateral_termination"": 0.0032321924809366465, ""unilateral_change"": 0.008265197277069092, ""content_removal"": 0.004650040064007044, ""contract_by_using"": 0.005317375063896179, ""choice_of_law"": 0.004159612115472555, ""jurisdiction"": 0.0019422993063926697, ""arbitration"": 0.003197664860635996}"
test:610,"as such , the services may change from time to time , at our discretion .","[""unilateral_change""]","[""unilateral_change""]","{""limitation_of_liability"": 0.05438535287976265, ""unilateral_termination"": 0.09858997166156769, ""unilateral_change"": 0.9806133508682251, ""content_removal"": 0.059236299246549606, ""contract_by_using"": 0.12771208584308624, ""choice_of_law"": 0.035541143268346786, ""jurisdiction"": 0.02542245201766491, ""arbitration"": 0.032105475664138794}"
test:611,we may stop ( permanently or temporarily ) providing the services or any features within the services to you or to users generally .,"[""unilateral_termination""]","[""unilateral_termination"", ""content_removal""]","{""limitation_of_liability"": 0.060329586267471313, ""unilateral_termination"": 0.9668909907341003, ""unilateral_change"": 0.12232468277215958, ""content_removal"": 0.4649013876914978, ""contract_by_using"": 0.013139454647898674, ""choice_of_law"": 0.021213261410593987, ""jurisdiction"": 0.02764517068862915, ""arbitration"": 0.04617927595973015}"
test:612,we also retain the right to create limits on use and storage at our sole discretion at any time .,"[""unilateral_change""]",[],"{""limitation_of_liability"": 0.060647860169410706, ""unilateral_termination"": 0.691702127456665, ""unilateral_change"": 0.8656258583068848, ""content_removal"": 0.2849896550178528, ""contract_by_using"": 0.013570860959589481, ""choice_of_law"": 0.013413631357252598, ""jurisdiction"": 0.014018283225595951, ""arbitration"": 0.019078511744737625}"
test:613,"we may also remove or refuse to distribute any content on the services , suspend or terminate users , and reclaim usernames without liability to you .","[""limitation_of_liability"", ""content_removal""]","[""unilateral_termination"", ""content_removal""]","{""limitation_of_liability"": 0.4038182199001312, ""unilateral_termination"": 0.9746609926223755, ""unilateral_change"": 0.1742396354675293, ""content_removal"": 0.9396094083786011, ""contract_by_using"": 0.0251439418643713, ""choice_of_law"": 0.04628051072359085, ""jurisdiction"": 0.07974535971879959, ""arbitration"": 0.07249082624912262}"
test:618,"if you use developer features of the services , including but not limited to twitter for websites ( https://dev.twitter.com/web/overview ) , twitter cards ( https://dev.twitter.com/cards/overview ) , public api ( https://dev.twitter.com/streaming/public ) , or sign in with twitter ( https://dev.twitter.com/web/sign-in ) , you agree to our developer agreement ( https://dev.twitter.com/overview/terms/agreement ) and developer policy ( https://dev.twitter.com/overview/terms/policy ) .",[],[],"{""limitation_of_liability"": 0.008311068639159203, ""unilateral_termination"": 0.005257140379399061, ""unilateral_change"": 0.018533315509557724, ""content_removal"": 0.011880170553922653, ""contract_by_using"": 0.6268255114555359, ""choice_of_law"": 0.017704617232084274, ""jurisdiction"": 0.016481025144457817, ""arbitration"": 0.033043984323740005}"
test:619,"if you want to reproduce , modify , create derivative works , distribute , sell , transfer , publicly display , publicly perform , transmit , or otherwise use the services or content on the services , you must use the interfaces and instructions we provide , except as permitted through the twitter services , these terms , or the terms provided on dev.twitter.com .",[],[],"{""limitation_of_liability"": 0.0035890957806259394, ""unilateral_termination"": 0.0027111314702779055, ""unilateral_change"": 0.006243835669010878, ""content_removal"": 0.0043306732550263405, ""contract_by_using"": 0.008754300884902477, ""choice_of_law"": 0.0027169547975063324, ""jurisdiction"": 0.0023245951160788536, ""arbitration"": 0.004194449167698622}"
test:620,"if you use advertising features of the services , you must agree to our twitter master services agreement ( https://ads.twitter.com/terms ) .",[],[],"{""limitation_of_liability"": 0.012065635062754154, ""unilateral_termination"": 0.00735663715749979, ""unilateral_change"": 0.02898554317653179, ""content_removal"": 0.01267737615853548, ""contract_by_using"": 0.8143610954284668, ""choice_of_law"": 0.020171700045466423, ""jurisdiction"": 0.018382543697953224, ""arbitration"": 0.03439551591873169}"
test:621,"if you use commerce features of the services that require credit or debit card information , such as our buy now feature , you agree to our twitter commerce terms ( https://support.twitter.com/articles/20171943 ) .",[],"[""contract_by_using""]","{""limitation_of_liability"": 0.024909785017371178, ""unilateral_termination"": 0.013475360348820686, ""unilateral_change"": 0.06290815025568008, ""content_removal"": 0.02816889062523842, ""contract_by_using"": 0.956008791923523, ""choice_of_law"": 0.05121375247836113, ""jurisdiction"": 0.046334706246852875, ""arbitration"": 0.06808536499738693}"
test:622,you may need to create an account to use some of our services .,[],[],"{""limitation_of_liability"": 0.00468316487967968, ""unilateral_termination"": 0.003566988743841648, ""unilateral_change"": 0.005960450042039156, ""content_removal"": 0.003697484266012907, ""contract_by_using"": 0.003346318146213889, ""choice_of_law"": 0.002568791387602687, ""jurisdiction"": 0.0020934517960995436, ""arbitration"": 0.004589162766933441}"
test:623,"you are responsible for safeguarding your account , so use a strong password and limit its use to this account .",[],[],"{""limitation_of_liability"": 0.00437116390094161, ""unilateral_termination"": 0.00402393052354455, ""unilateral_change"": 0.005492768716067076, ""content_removal"": 0.004631511401385069, ""contract_by_using"": 0.0034434963017702103, ""choice_of_law"": 0.0023910007439553738, ""jurisdiction"": 0.0020210989750921726, ""arbitration"": 0.0037753379438072443}"
test:624,we can not and will not be liable for any loss or damage arising from your failure to comply with the above .,[],"[""limitation_of_liability""]","{""limitation_of_liability"": 0.9761353135108948, ""unilateral_termination"": 0.02544543705880642, ""unilateral_change"": 0.016306806355714798, ""content_removal"": 0.023550378158688545, ""contract_by_using"": 0.014429851435124874, ""choice_of_law"": 0.02532191388309002, ""jurisdiction"": 0.030194465070962906, ""arbitration"": 0.013453951105475426}"
test:625,you can control most communications from the services .,[],[],"{""limitation_of_liability"": 0.004489426501095295, ""unilateral_termination"": 0.0035098784137517214, ""unilateral_change"": 0.005376360844820738, ""content_removal"": 0.003542059101164341, ""contract_by_using"": 0.0036782030947506428, ""choice_of_law"": 0.0028692532796412706, ""jurisdiction"": 0.0022644740529358387, ""arbitration"": 0.0050988816656172276}"
test:626,"we may need to provide you with certain communications , such as service announcements and administrative messages .",[],[],"{""limitation_of_liability"": 0.0036339194048196077, ""unilateral_termination"": 0.005008453968912363, ""unilateral_change"": 0.010333164595067501, ""content_removal"": 0.004321149550378323, ""contract_by_using"": 0.0033352121245115995, ""choice_of_law"": 0.002036475343629718, ""jurisdiction"": 0.002014047699049115, ""arbitration"": 0.00405209930613637}"
test:627,"these communications are considered part of the services and your account , and you may not be able to opt-out from receiving them .",[],[],"{""limitation_of_liability"": 0.004088698886334896, ""unilateral_termination"": 0.003499202663078904, ""unilateral_change"": 0.004211752209812403, ""content_removal"": 0.0036857370287179947, ""contract_by_using"": 0.004865182098001242, ""choice_of_law"": 0.002685732673853636, ""jurisdiction"": 0.00247551454231143, ""arbitration"": 0.00514870835468173}"
test:628,"if you added your phone number to your account and you later change or deactivate that phone number , you must update your account information to help prevent us from communicating with anyone who acquires your old number .",[],[],"{""limitation_of_liability"": 0.0035350308753550053, ""unilateral_termination"": 0.008769595064222813, ""unilateral_change"": 0.00792027823626995, ""content_removal"": 0.008382403291761875, ""contract_by_using"": 0.003803912317380309, ""choice_of_law"": 0.001768175745382905, ""jurisdiction"": 0.0018069467041641474, ""arbitration"": 0.0035348294768482447}"
test:629,your license to use the services,[],[],"{""limitation_of_liability"": 0.005724009592086077, ""unilateral_termination"": 0.0036160130985081196, ""unilateral_change"": 0.00405875314027071, ""content_removal"": 0.003670180682092905, ""contract_by_using"": 0.00383351044729352, ""choice_of_law"": 0.0026626824401319027, ""jurisdiction"": 0.0022656507790088654, ""arbitration"": 0.00480328593403101}"
test:630,"twitter gives you a personal , worldwide , royalty-free , non-assignable and non-exclusive license to use the software provided to you as part of the services .",[],[],"{""limitation_of_liability"": 0.00475566741079092, ""unilateral_termination"": 0.003248715540394187, ""unilateral_change"": 0.003703086404129863, ""content_removal"": 0.0038416681345552206, ""contract_by_using"": 0.005183820147067308, ""choice_of_law"": 0.002583181019872427, ""jurisdiction"": 0.002319804159924388, ""arbitration"": 0.004970652982592583}"
test:631,"this license has the sole purpose of enabling you to use and enjoy the benefit of the services as provided by twitter , in the manner permitted by these terms .",[],[],"{""limitation_of_liability"": 0.004547641612589359, ""unilateral_termination"": 0.0037322379648685455, ""unilateral_change"": 0.004392382688820362, ""content_removal"": 0.004737391602247953, ""contract_by_using"": 0.004996468313038349, ""choice_of_law"": 0.0029060880187898874, ""jurisdiction"": 0.002114417264238, ""arbitration"": 0.004229741636663675}"
test:632,"the services are protected by copyright , trademark , and other laws of both the united states and foreign countries .",[],[],"{""limitation_of_liability"": 0.006235385779291391, ""unilateral_termination"": 0.0023861865047365427, ""unilateral_change"": 0.005424259230494499, ""content_removal"": 0.003730284282937646, ""contract_by_using"": 0.005060615483671427, ""choice_of_law"": 0.006702593062072992, ""jurisdiction"": 0.003292699344456196, ""arbitration"": 0.005576690658926964}"
test:633,"nothing in the terms gives you a right to use the twitter name or any of the twitter trademarks , logos , domain names , and other distinctive brand features .",[],[],"{""limitation_of_liability"": 0.004474456887692213, ""unilateral_termination"": 0.0030223571229726076, ""unilateral_change"": 0.005174499005079269, ""content_removal"": 0.00408910633996129, ""contract_by_using"": 0.004268949385732412, ""choice_of_law"": 0.0027234097942709923, ""jurisdiction"": 0.002118329517543316, ""arbitration"": 0.003960330504924059}"
test:634,"all right , title , and interest in and to the services ( excluding content provided by users ) are and will remain the exclusive property of twitter and its licensors .",[],[],"{""limitation_of_liability"": 0.0252460278570652, ""unilateral_termination"": 0.008184065110981464, ""unilateral_change"": 0.005130298435688019, ""content_removal"": 0.011102510616183281, ""contract_by_using"": 0.005017344374209642, ""choice_of_law"": 0.005243901163339615, ""jurisdiction"": 0.0032385126687586308, ""arbitration"": 0.004102156963199377}"
test:635,"any feedback , comments , or suggestions you may provide regarding twitter , or the services is entirely voluntary and we will be free to use such feedback , comments or suggestions as we see fit and without any obligation to you .",[],[],"{""limitation_of_liability"": 0.003981252666562796, ""unilateral_termination"": 0.005120757035911083, ""unilateral_change"": 0.010009865276515484, ""content_removal"": 0.006732720881700516, ""contract_by_using"": 0.005367690697312355, ""choice_of_law"": 0.0023942498955875635, ""jurisdiction"": 0.001613814034499228, ""arbitration"": 0.0030873955693095922}"
test:636,you may end your legal agreement with twitter at any time by deactivating your accounts and discontinuing your use of the services .,[],[],"{""limitation_of_liability"": 0.014792175032198429, ""unilateral_termination"": 0.6736712455749512, ""unilateral_change"": 0.019883524626493454, ""content_removal"": 0.14664141833782196, ""contract_by_using"": 0.01017039269208908, ""choice_of_law"": 0.0035141773987561464, ""jurisdiction"": 0.008426991291344166, ""arbitration"": 0.013350234366953373}"
test:637,see http://support.twitter.com/articles/15358-how-to-deactivate-your-account for instructions on how to deactivate your account and the privacy policy for more information on what happens to your information .,[],[],"{""limitation_of_liability"": 0.0051035042852163315, ""unilateral_termination"": 0.0045736427418887615, ""unilateral_change"": 0.004645087756216526, ""content_removal"": 0.004991686437278986, ""contract_by_using"": 0.0028005701024085283, ""choice_of_law"": 0.002391982590779662, ""jurisdiction"": 0.002126281149685383, ""arbitration"": 0.00422675022855401}"
test:638,"we may suspend or terminate your account or cease providing you with all or part of the services at any time for any or no reason , including , but not limited to , if we reasonably believe : ( i ) you have violated these terms or the twitter rules , ( ii ) you create risk or possible legal exposure for us ; ( iii ) your account should be removed due to prolonged inactivity ; or ( iv ) our provision of the services to you is no longer commercially viable .","[""unilateral_termination""]","[""unilateral_termination""]","{""limitation_of_liability"": 0.09028109163045883, ""unilateral_termination"": 0.9818955659866333, ""unilateral_change"": 0.15752670168876648, ""content_removal"": 0.3232520818710327, ""contract_by_using"": 0.021081043407320976, ""choice_of_law"": 0.016588004305958748, ""jurisdiction"": 0.03626498579978943, ""arbitration"": 0.07858043909072876}"
test:639,"we will make reasonable efforts to notify you by the email address associated with your account or the next time you attempt to access your account , depending on the circumstances .",[],[],"{""limitation_of_liability"": 0.004939658101648092, ""unilateral_termination"": 0.003751578275114298, ""unilateral_change"": 0.007825623266398907, ""content_removal"": 0.0038405677769333124, ""contract_by_using"": 0.0037774047814309597, ""choice_of_law"": 0.002208472928032279, ""jurisdiction"": 0.001823676167987287, ""arbitration"": 0.0034647714346647263}"
test:640,"in all such cases , the terms shall terminate , including , without limitation , your license to use the services , except that the following sections shall continue to apply : ii , iii , v , and vi .",[],[],"{""limitation_of_liability"": 0.019917121157050133, ""unilateral_termination"": 0.5212944746017456, ""unilateral_change"": 0.03140692412853241, ""content_removal"": 0.03483380377292633, ""contract_by_using"": 0.015307756140828133, ""choice_of_law"": 0.003891625441610813, ""jurisdiction"": 0.007546176668256521, ""arbitration"": 0.013277646154165268}"
test:641,the services are available `` as-is '',[],[],"{""limitation_of_liability"": 0.006567111238837242, ""unilateral_termination"": 0.002874772995710373, ""unilateral_change"": 0.0057677882723510265, ""content_removal"": 0.003329830477014184, ""contract_by_using"": 0.003531847847625613, ""choice_of_law"": 0.0035338725429028273, ""jurisdiction"": 0.0025952032301574945, ""arbitration"": 0.005010944791138172}"
test:642,your access to and use of the services or any content are at your own risk .,[],[],"{""limitation_of_liability"": 0.01509458851069212, ""unilateral_termination"": 0.005751064512878656, ""unilateral_change"": 0.004566623363643885, ""content_removal"": 0.004385512787848711, ""contract_by_using"": 0.00414449954405427, ""choice_of_law"": 0.0018884337041527033, ""jurisdiction"": 0.0014386647380888462, ""arbitration"": 0.002950324211269617}"
test:643,you understand and agree that the services are provided to you on an `` as is '' and `` as available '' basis .,[],[],"{""limitation_of_liability"": 0.005834025330841541, ""unilateral_termination"": 0.003426811657845974, ""unilateral_change"": 0.01324894092977047, ""content_removal"": 0.003408381948247552, ""contract_by_using"": 0.017921583727002144, ""choice_of_law"": 0.003133821301162243, ""jurisdiction"": 0.002142661949619651, ""arbitration"": 0.004545980133116245}"
test:644,"the `` twitter entities '' refers to twitter , its parents , affiliates , related companies , officers , directors , employees , agents , representatives , partners , and licensors .",[],[],"{""limitation_of_liability"": 0.0067139738239347935, ""unilateral_termination"": 0.002595054218545556, ""unilateral_change"": 0.00477986317127943, ""content_removal"": 0.003353470703586936, ""contract_by_using"": 0.0039461711421608925, ""choice_of_law"": 0.003442198969423771, ""jurisdiction"": 0.0021945543121546507, ""arbitration"": 0.004287898540496826}"
test:645,"without limiting the foregoing , to the maximum extent permitted under applicable law , the twitter entities disclaim all warranties and conditions , whether express or implied , of merchantability , fitness for a particular purpose , or non-infringement .",[],[],"{""limitation_of_liability"": 0.08742326498031616, ""unilateral_termination"": 0.0039590345695614815, ""unilateral_change"": 0.0031288261525332928, ""content_removal"": 0.0050911931321024895, ""contract_by_using"": 0.004747801460325718, ""choice_of_law"": 0.0036805663257837296, ""jurisdiction"": 0.0034311478957533836, ""arbitration"": 0.003609785810112953}"
test:646,"the twitter entities make no warranty or representation and disclaim all responsibility and liability for : ( i ) the completeness , accuracy , availability , timeliness , security or reliability of the services or any content ; ( ii ) any harm to your computer system , loss of data , or other harm that results from your access to or use of the services or any content ; ( iii ) the deletion of , or the failure to store or to transmit , any content and other communications maintained by the services ; and ( iv ) whether the services will meet your requirements or be available on an uninterrupted , secure , or error-free basis .",[],"[""limitation_of_liability""]","{""limitation_of_liability"": 0.8891903162002563, ""unilateral_termination"": 0.016500839963555336, ""unilateral_change"": 0.007890678010880947, ""content_removal"": 0.02098245359957218, ""contract_by_using"": 0.008196794427931309, ""choice_of_law"": 0.011341111734509468, ""jurisdiction"": 0.011197173967957497, ""arbitration"": 0.006215714383870363}"
test:647,"no advice or information , whether oral or written , obtained from the twitter entities or through the services , will create any warranty or representation not expressly made herein .",[],[],"{""limitation_of_liability"": 0.009073656052350998, ""unilateral_termination"": 0.002686945255845785, ""unilateral_change"": 0.0036005633883178234, ""content_removal"": 0.003775072516873479, ""contract_by_using"": 0.004719526972621679, ""choice_of_law"": 0.002193295629695058, ""jurisdiction"": 0.0019521501380950212, ""arbitration"": 0.0036575780250132084}"
test:648,"the twitter entities shall not be liable for any indirect , incidental , special , consequential or punitive damages , or any loss of profits or revenues , whether incurred directly or indirectly , or any loss of data , use , good-will , or other intangible losses , resulting from ( i ) your access to or use of or inability to access or use the services ; ( ii ) any conduct or content of any third party on the services , including without limitation , any defamatory , offensive or illegal conduct of other users or third parties ; ( iii ) any content obtained from the services ; or ( iv ) unauthorized access , use or alteration of your transmissions or content .","[""limitation_of_liability""]","[""limitation_of_liability""]","{""limitation_of_liability"": 0.9795352816581726, ""unilateral_termination"": 0.02388104796409607, ""unilateral_change"": 0.018062153831124306, ""content_removal"": 0.025539129972457886, ""contract_by_using"": 0.016544176265597343, ""choice_of_law"": 0.027996500954031944, ""jurisdiction"": 0.034248802810907364, ""arbitration"": 0.014766261912882328}"
test:649,"the limitations of this subsection shall apply to any theory of liability , whether based on warranty , contract , statute , tort ( including negligence ) or otherwise , and whether or not the twitter entities have been informed of the possibility of any such damage , and even if a remedy set forth herein is found to have failed of its essential purpose .","[""limitation_of_liability""]","[""limitation_of_liability""]","{""limitation_of_liability"": 0.9742566347122192, ""unilateral_termination"": 0.051111843436956406, ""unilateral_change"": 0.018269456923007965, ""content_removal"": 0.029854366555809975, ""contract_by_using"": 0.011352955363690853, ""choice_of_law"": 0.031287435442209244, ""jurisdiction"": 0.036198414862155914, ""arbitration"": 0.016084978356957436}"
test:650,"some jurisdictions do not allow exclusion of implied warranties or limitations on the duration of implied warranties , so the above disclaimers may not apply to you in their entireties , but will apply to the maximum extent permitted by applicable law .",[],[],"{""limitation_of_liability"": 0.03047359734773636, ""unilateral_termination"": 0.0030559522565454245, ""unilateral_change"": 0.007897751405835152, ""content_removal"": 0.004271382931619883, ""contract_by_using"": 0.00542656471952796, ""choice_of_law"": 0.014413597993552685, ""jurisdiction"": 0.005544337909668684, ""arbitration"": 0.003944659139961004}"
test:651,we may revise these terms from time to time .,"[""unilateral_change""]","[""unilateral_change""]","{""limitation_of_liability"": 0.06430859118700027, ""unilateral_termination"": 0.07396726310253143, ""unilateral_change"": 0.9830186367034912, ""content_removal"": 0.053251735866069794, ""contract_by_using"": 0.12950251996517181, ""choice_of_law"": 0.08549347519874573, ""jurisdiction"": 0.03896129131317139, ""arbitration"": 0.048478830605745316}"
test:652,"the changes will not be retroactive , and the most current version of the terms , which will always be at twitter.com/tos , will govern our relationship with you .","[""unilateral_change""]",[],"{""limitation_of_liability"": 0.006941858679056168, ""unilateral_termination"": 0.004366918001323938, ""unilateral_change"": 0.10857374221086502, ""content_removal"": 0.005300139542669058, ""contract_by_using"": 0.02133418805897236, ""choice_of_law"": 0.029346482828259468, ""jurisdiction"": 0.00391797861084342, ""arbitration"": 0.007515497971326113}"
test:653,"we will try to notify you of material revisions , for example via a service notification or an email to the email associated with your account .","[""unilateral_change""]",[],"{""limitation_of_liability"": 0.0038318957667797804, ""unilateral_termination"": 0.00436783442273736, ""unilateral_change"": 0.013467520475387573, ""content_removal"": 0.004059568978846073, ""contract_by_using"": 0.004747341852635145, ""choice_of_law"": 0.0019308864139020443, ""jurisdiction"": 0.0017530356999486685, ""arbitration"": 0.004484338220208883}"
test:654,"by continuing to access or use the services after those revisions become effective , you agree to be bound by the revised terms .","[""contract_by_using""]","[""contract_by_using""]","{""limitation_of_liability"": 0.0712723359465599, ""unilateral_termination"": 0.028697000816464424, ""unilateral_change"": 0.1556376963853836, ""content_removal"": 0.04732854664325714, ""contract_by_using"": 0.9818446636199951, ""choice_of_law"": 0.07315445691347122, ""jurisdiction"": 0.0851517915725708, ""arbitration"": 0.09945795685052872}"
test:655,"in the event that any provision of these terms is held to be invalid or unenforceable , then that provision will be limited or eliminated to the minimum extent necessary , and the remaining provisions of these terms will remain in full force and effect .",[],[],"{""limitation_of_liability"": 0.013844827190041542, ""unilateral_termination"": 0.006244253367185593, ""unilateral_change"": 0.006501080933958292, ""content_removal"": 0.006334417965263128, ""contract_by_using"": 0.0031902575865387917, ""choice_of_law"": 0.004121802747249603, ""jurisdiction"": 0.0027735400944948196, ""arbitration"": 0.0037201656959950924}"
test:656,twitter 's failure to enforce any right or provision of these terms will not be deemed a waiver of such right or provision .,[],[],"{""limitation_of_liability"": 0.011750595644116402, ""unilateral_termination"": 0.002866820665076375, ""unilateral_change"": 0.004364780616015196, ""content_removal"": 0.004216414876282215, ""contract_by_using"": 0.008891439065337181, ""choice_of_law"": 0.0032980383839458227, ""jurisdiction"": 0.0026994850486516953, ""arbitration"": 0.005010555498301983}"
test:657,"these terms are an agreement between you and twitter international company , an irish company with its registered office at the academy , 42 pearse street , dublin 2 , ireland .",[],[],"{""limitation_of_liability"": 0.005265458486974239, ""unilateral_termination"": 0.002691247034817934, ""unilateral_change"": 0.004600333049893379, ""content_removal"": 0.003053249791264534, ""contract_by_using"": 0.0053394935093820095, ""choice_of_law"": 0.004282579757273197, ""jurisdiction"": 0.003284779377281666, ""arbitration"": 0.00680406391620636}"
test:658,"if you have any questions about these terms , please contact us .",[],[],"{""limitation_of_liability"": 0.0031082474160939455, ""unilateral_termination"": 0.0035269041545689106, ""unilateral_change"": 0.007733653299510479, ""content_removal"": 0.004378549754619598, ""contract_by_using"": 0.0058710603043437, ""choice_of_law"": 0.003294308204203844, ""jurisdiction"": 0.0029171642381697893, ""arbitration"": 0.00556449219584465}"
test:659,"effective on june 7 , 2017",[],[],"{""limitation_of_liability"": 0.006255186162889004, ""unilateral_termination"": 0.004054276272654533, ""unilateral_change"": 0.005886077415198088, ""content_removal"": 0.0035457266494631767, ""contract_by_using"": 0.0031208021100610495, ""choice_of_law"": 0.0034872815012931824, ""jurisdiction"": 0.0028586455155164003, ""arbitration"": 0.005726609844714403}"
test:660,our user agreement has been updated .,[],[],"{""limitation_of_liability"": 0.0041774725541472435, ""unilateral_termination"": 0.003690101206302643, ""unilateral_change"": 0.009379883296787739, ""content_removal"": 0.004522109869867563, ""contract_by_using"": 0.003646600292995572, ""choice_of_law"": 0.0032491462770849466, ""jurisdiction"": 0.0022333143278956413, ""arbitration"": 0.004642791114747524}"
test:661,click here to see a summary of changes .,[],[],"{""limitation_of_liability"": 0.0045550065115094185, ""unilateral_termination"": 0.0034199676010757685, ""unilateral_change"": 0.019757388159632683, ""content_removal"": 0.0036621280014514923, ""contract_by_using"": 0.004416000097990036, ""choice_of_law"": 0.0032700886949896812, ""jurisdiction"": 0.002404657192528248, ""arbitration"": 0.0046002548187971115}"
test:662,our mission is to connect the world 's professionals to allow them to be more productive and successful .,[],[],"{""limitation_of_liability"": 0.003986298572272062, ""unilateral_termination"": 0.0035738388542085886, ""unilateral_change"": 0.006015182938426733, ""content_removal"": 0.0036809369921684265, ""contract_by_using"": 0.003884598147124052, ""choice_of_law"": 0.0028124977834522724, ""jurisdiction"": 0.002362120198085904, ""arbitration"": 0.005186641588807106}"
test:663,"our services are designed to promote economic opportunity for our members by enabling you and millions of other professionals to meet , exchange ideas , learn , and find opportunities or employees , work , and make decisions in a network of trusted relationships .",[],[],"{""limitation_of_liability"": 0.004010405857115984, ""unilateral_termination"": 0.003658189671114087, ""unilateral_change"": 0.005356612615287304, ""content_removal"": 0.003771840827539563, ""contract_by_using"": 0.004152531269937754, ""choice_of_law"": 0.0027715638279914856, ""jurisdiction"": 0.0022123842500150204, ""arbitration"": 0.004967601969838142}"
test:664,view our user agreement videotable of contents :,[],[],"{""limitation_of_liability"": 0.005832313559949398, ""unilateral_termination"": 0.004525706637650728, ""unilateral_change"": 0.003728516399860382, ""content_removal"": 0.004314827267080545, ""contract_by_using"": 0.003259456716477871, ""choice_of_law"": 0.002868393901735544, ""jurisdiction"": 0.002715426729992032, ""arbitration"": 0.006032529752701521}"
test:665,linkedin `` dos '' and `` do n'ts '',[],[],"{""limitation_of_liability"": 0.008181766606867313, ""unilateral_termination"": 0.0032972735352814198, ""unilateral_change"": 0.00399024086073041, ""content_removal"": 0.003711901605129242, ""contract_by_using"": 0.00311233545653522, ""choice_of_law"": 0.0034044580534100533, ""jurisdiction"": 0.002719563664868474, ""arbitration"": 0.00567918736487627}"
test:666,when you use our services you agree to all of these terms .,"[""contract_by_using""]","[""contract_by_using""]","{""limitation_of_liability"": 0.029081398621201515, ""unilateral_termination"": 0.013587281107902527, ""unilateral_change"": 0.09423308074474335, ""content_removal"": 0.023248210549354553, ""contract_by_using"": 0.958853006362915, ""choice_of_law"": 0.03969091549515724, ""jurisdiction"": 0.04250524938106537, ""arbitration"": 0.06167302653193474}"
test:667,"your use of our services is also subject to our cookie policy and our privacy policy , which covers how we collect , use , share , and store your personal information .",[],[],"{""limitation_of_liability"": 0.004053760319948196, ""unilateral_termination"": 0.00378963490948081, ""unilateral_change"": 0.004157726187258959, ""content_removal"": 0.003997429274022579, ""contract_by_using"": 0.0041168127208948135, ""choice_of_law"": 0.002703119069337845, ""jurisdiction"": 0.002251686528325081, ""arbitration"": 0.005170614458620548}"
test:668,"you agree that by clicking `` join now '' , `` join linkedin '' , `` sign up '' or similar , registering , accessing or using our services ( described below ) , you are agreeing to enter into a legally binding contract with linkedin ( even if you are using our services on behalf of a company ) .","[""contract_by_using""]",[],"{""limitation_of_liability"": 0.00585769722238183, ""unilateral_termination"": 0.003740406595170498, ""unilateral_change"": 0.00692828930914402, ""content_removal"": 0.006017113104462624, ""contract_by_using"": 0.1776837855577469, ""choice_of_law"": 0.00713084451854229, ""jurisdiction"": 0.007841830141842365, ""arbitration"": 0.02002124674618244}"
test:669,"if you do not agree to this contract ( `` contract '' or `` user agreement '' ) , do not click `` join now '' ( or similar ) and do not access or otherwise use any of our services .",[],[],"{""limitation_of_liability"": 0.004755367059260607, ""unilateral_termination"": 0.0030183768831193447, ""unilateral_change"": 0.00390472705475986, ""content_removal"": 0.003653512103483081, ""contract_by_using"": 0.004850067663937807, ""choice_of_law"": 0.002609783783555031, ""jurisdiction"": 0.002270219149067998, ""arbitration"": 0.005217719357460737}"
test:670,your use of our services is also subject to our privacy policy and cookie policy .,[],[],"{""limitation_of_liability"": 0.004335647914558649, ""unilateral_termination"": 0.0037969150580465794, ""unilateral_change"": 0.0038340312894433737, ""content_removal"": 0.0037969062104821205, ""contract_by_using"": 0.004241172224283218, ""choice_of_law"": 0.002666114829480648, ""jurisdiction"": 0.0024375615175813437, ""arbitration"": 0.00562116876244545}"
test:671,"this contract applies to linkedin.com , linkedin-branded apps , slideshare , linkedin learning and other linkedin-related sites , apps , communications and other services that state that they are offered under this contract ( `` services '' ) , including the offsite collection of data for those services , such as our ads and the `` apply with linkedin '' and `` share with linkedin '' plugins .",[],[],"{""limitation_of_liability"": 0.0051927343010902405, ""unilateral_termination"": 0.0032325827050954103, ""unilateral_change"": 0.004228259436786175, ""content_removal"": 0.003450502175837755, ""contract_by_using"": 0.004311769735068083, ""choice_of_law"": 0.0033062617294490337, ""jurisdiction"": 0.0024016553070396185, ""arbitration"": 0.005399099551141262}"
test:672,registered users of our services are `` members '' and unregistered users are `` visitors '' .,[],[],"{""limitation_of_liability"": 0.004949430003762245, ""unilateral_termination"": 0.0033745719119906425, ""unilateral_change"": 0.003886074759066105, ""content_removal"": 0.0036297764163464308, ""contract_by_using"": 0.0038671493530273438, ""choice_of_law"": 0.0032048372086137533, ""jurisdiction"": 0.0026000498328357935, ""arbitration"": 0.005674033425748348}"
test:673,this contract applies to both .,[],[],"{""limitation_of_liability"": 0.006695711053907871, ""unilateral_termination"": 0.0027545609045773745, ""unilateral_change"": 0.00589928962290287, ""content_removal"": 0.0031224461272358894, ""contract_by_using"": 0.003728447249159217, ""choice_of_law"": 0.003990651573985815, ""jurisdiction"": 0.002515006810426712, ""arbitration"": 0.005057842470705509}"
test:674,you are entering into this contract with linkedin ( also referred to as `` we '' and `` us '' ) .,[],[],"{""limitation_of_liability"": 0.004841608460992575, ""unilateral_termination"": 0.003215434029698372, ""unilateral_change"": 0.003494586795568466, ""content_removal"": 0.0034256360959261656, ""contract_by_using"": 0.009826120920479298, ""choice_of_law"": 0.0035311030223965645, ""jurisdiction"": 0.0031072471756488085, ""arbitration"": 0.007193109951913357}"
test:675,"if you reside in the united states , you are entering into this contract with linkedin corporation and your personal data provided to , or collected by or for , our services is controlled by linkedin corporation .",[],[],"{""limitation_of_liability"": 0.005597768817096949, ""unilateral_termination"": 0.003388541517779231, ""unilateral_change"": 0.0033782625105232, ""content_removal"": 0.00396191468462348, ""contract_by_using"": 0.026869622990489006, ""choice_of_law"": 0.003910525236278772, ""jurisdiction"": 0.00412864750251174, ""arbitration"": 0.008627485483884811}"
test:676,"if you reside outside the united states , you are entering into this contract with linkedin ireland u.c. and your personal data provided to , or collected by or for , our services is controlled by linkedin ireland u.c.",[],[],"{""limitation_of_liability"": 0.005592955742031336, ""unilateral_termination"": 0.0032623098231852055, ""unilateral_change"": 0.0030678659677505493, ""content_removal"": 0.003785637440159917, ""contract_by_using"": 0.017917025834321976, ""choice_of_law"": 0.0037861731834709644, ""jurisdiction"": 0.004198097623884678, ""arbitration"": 0.008905325084924698}"
test:677,"when you register and join the linkedin service , you become a member .",[],[],"{""limitation_of_liability"": 0.0048776366747915745, ""unilateral_termination"": 0.003416864899918437, ""unilateral_change"": 0.003814241848886013, ""content_removal"": 0.0036256005987524986, ""contract_by_using"": 0.005578272044658661, ""choice_of_law"": 0.003398898523300886, ""jurisdiction"": 0.002493869746103883, ""arbitration"": 0.005201989319175482}"
test:678,"if you have chosen not to register for our services , you may access certain features as a visitor .",[],[],"{""limitation_of_liability"": 0.003914875444024801, ""unilateral_termination"": 0.00491517037153244, ""unilateral_change"": 0.005185163114219904, ""content_removal"": 0.004917321261018515, ""contract_by_using"": 0.003654559375718236, ""choice_of_law"": 0.0020451184827834368, ""jurisdiction"": 0.0018977446015924215, ""arbitration"": 0.004012804478406906}"
test:679,"we may modify this contract , our privacy policy and our cookies policies from time to time .","[""unilateral_change""]","[""unilateral_change""]","{""limitation_of_liability"": 0.030344000086188316, ""unilateral_termination"": 0.09308430552482605, ""unilateral_change"": 0.9771819710731506, ""content_removal"": 0.053960930556058884, ""contract_by_using"": 0.07362908124923706, ""choice_of_law"": 0.04428822547197342, ""jurisdiction"": 0.023152902722358704, ""arbitration"": 0.03245799243450165}"
test:680,"if we make material changes to it , we will provide you notice through our services , or by other means , to provide you the opportunity to review the changes before they become effective .",[],[],"{""limitation_of_liability"": 0.014759029261767864, ""unilateral_termination"": 0.020961984992027283, ""unilateral_change"": 0.8273240327835083, ""content_removal"": 0.015079984441399574, ""contract_by_using"": 0.1947050541639328, ""choice_of_law"": 0.02897493541240692, ""jurisdiction"": 0.010234617628157139, ""arbitration"": 0.018761862069368362}"
test:681,"if you object to any changes , you may close your account .",[],[],"{""limitation_of_liability"": 0.003638390451669693, ""unilateral_termination"": 0.01843690499663353, ""unilateral_change"": 0.024903852492570877, ""content_removal"": 0.00778329698368907, ""contract_by_using"": 0.0053326734341681, ""choice_of_law"": 0.0020070348400622606, ""jurisdiction"": 0.002264239126816392, ""arbitration"": 0.003926462028175592}"
test:682,your continued use of our services after we publish or send a notice about our changes to these terms means that you are consenting to the updated terms .,"[""contract_by_using""]","[""contract_by_using""]","{""limitation_of_liability"": 0.027249952778220177, ""unilateral_termination"": 0.01637515239417553, ""unilateral_change"": 0.24780969321727753, ""content_removal"": 0.02538239024579525, ""contract_by_using"": 0.9570696353912354, ""choice_of_law"": 0.04164382070302963, ""jurisdiction"": 0.03187049925327301, ""arbitration"": 0.04567357525229454}"
test:683,here are some promises you make to us in this contract :,[],[],"{""limitation_of_liability"": 0.006448454223573208, ""unilateral_termination"": 0.0036159721203148365, ""unilateral_change"": 0.004125780425965786, ""content_removal"": 0.0034020254388451576, ""contract_by_using"": 0.003258397337049246, ""choice_of_law"": 0.002904151799157262, ""jurisdiction"": 0.0027721819933503866, ""arbitration"": 0.00569725688546896}"
test:684,you 're eligible to enter into this contract and you are at least our `` minimum age . '',[],[],"{""limitation_of_liability"": 0.005478952080011368, ""unilateral_termination"": 0.004670341964811087, ""unilateral_change"": 0.0033322384115308523, ""content_removal"": 0.0036227970849722624, ""contract_by_using"": 0.00433623231947422, ""choice_of_law"": 0.0025617904029786587, ""jurisdiction"": 0.002323467517271638, ""arbitration"": 0.005822296719998121}"
test:685,the services are not for use by anyone under the age of 16 .,[],[],"{""limitation_of_liability"": 0.007774053141474724, ""unilateral_termination"": 0.0029302239418029785, ""unilateral_change"": 0.003573601134121418, ""content_removal"": 0.003189772367477417, ""contract_by_using"": 0.0035439750645309687, ""choice_of_law"": 0.0027676576282829046, ""jurisdiction"": 0.00219295104034245, ""arbitration"": 0.004331703297793865}"
test:686,"to use the services , you agree that : ( 1 ) you must be the `` minimum age '' ( described below ) or older ; ( 2 ) you will only have one linkedin account ( and/or one slideshare account , if applicable ) , which must be in your real name ; and ( 3 ) you are not already restricted by linkedin from using the services .",[],[],"{""limitation_of_liability"": 0.007645939476788044, ""unilateral_termination"": 0.0034149251878261566, ""unilateral_change"": 0.004446363542228937, ""content_removal"": 0.0054046381264925, ""contract_by_using"": 0.07667102664709091, ""choice_of_law"": 0.00378225976601243, ""jurisdiction"": 0.004421867895871401, ""arbitration"": 0.007074448280036449}"
test:687,"members who were below this new minimum age when they started using the services under a previous user agreement may continue to use them , as they have already reached the new minimum age since then or will reach it in the near future .",[],[],"{""limitation_of_liability"": 0.0035186067689210176, ""unilateral_termination"": 0.005275582894682884, ""unilateral_change"": 0.006159232463687658, ""content_removal"": 0.004386691376566887, ""contract_by_using"": 0.005312424153089523, ""choice_of_law"": 0.0020335305016487837, ""jurisdiction"": 0.0018595383735373616, ""arbitration"": 0.0041108448058366776}"
test:688,`` minimum age '' means 16 years old .,[],[],"{""limitation_of_liability"": 0.007507464848458767, ""unilateral_termination"": 0.003688734257593751, ""unilateral_change"": 0.0046713328920304775, ""content_removal"": 0.0034757177345454693, ""contract_by_using"": 0.003042575903236866, ""choice_of_law"": 0.0031277835369110107, ""jurisdiction"": 0.002119796583428979, ""arbitration"": 0.004520004615187645}"
test:689,"however , if law requires that you must be older in order for linkedin to lawfully provide the services to you without parental consent ( including using of your personal data ) then the minimum age is such older age .",[],[],"{""limitation_of_liability"": 0.007585966493934393, ""unilateral_termination"": 0.004396001808345318, ""unilateral_change"": 0.004381392151117325, ""content_removal"": 0.004409403540194035, ""contract_by_using"": 0.00286954827606678, ""choice_of_law"": 0.0024286475963890553, ""jurisdiction"": 0.001952808815985918, ""arbitration"": 0.003489147871732712}"
test:690,you 'll keep your password a secret .,[],[],"{""limitation_of_liability"": 0.004159833304584026, ""unilateral_termination"": 0.004069466609507799, ""unilateral_change"": 0.004456003196537495, ""content_removal"": 0.0038480693474411964, ""contract_by_using"": 0.003557726973667741, ""choice_of_law"": 0.002397577976807952, ""jurisdiction"": 0.0024405745789408684, ""arbitration"": 0.00589151494204998}"
test:691,you will not share an account with anyone else and will follow our rules and the law .,[],[],"{""limitation_of_liability"": 0.006369377952069044, ""unilateral_termination"": 0.002681351499632001, ""unilateral_change"": 0.00537849823012948, ""content_removal"": 0.003234977601096034, ""contract_by_using"": 0.004609175957739353, ""choice_of_law"": 0.006134465802460909, ""jurisdiction"": 0.003153156256303191, ""arbitration"": 0.00579339824616909}"
test:692,"you agree to : ( 1 ) try to choose a strong and secure password ; ( 2 ) keep your password secure and confidential ; ( 3 ) not transfer any part of your account ( e.g. , connections ) and ( 4 ) follow the law and our list of dos and do n'ts .",[],[],"{""limitation_of_liability"": 0.004003278911113739, ""unilateral_termination"": 0.004065265879034996, ""unilateral_change"": 0.004676417447626591, ""content_removal"": 0.005932516884058714, ""contract_by_using"": 0.0038227199111133814, ""choice_of_law"": 0.002622856292873621, ""jurisdiction"": 0.0025329694617539644, ""arbitration"": 0.004284381866455078}"
test:693,you are responsible for anything that happens through your account unless you close it or report misuse .,[],[],"{""limitation_of_liability"": 0.005647984333336353, ""unilateral_termination"": 0.004124735947698355, ""unilateral_change"": 0.003909277264028788, ""content_removal"": 0.004075170028954744, ""contract_by_using"": 0.0031645873095840216, ""choice_of_law"": 0.0020585712045431137, ""jurisdiction"": 0.0020895395427942276, ""arbitration"": 0.004316222388297319}"
test:694,"as between you and others ( including your employer ) , your account belongs to you .",[],[],"{""limitation_of_liability"": 0.007037986069917679, ""unilateral_termination"": 0.004222413059324026, ""unilateral_change"": 0.0035098332446068525, ""content_removal"": 0.003908282145857811, ""contract_by_using"": 0.00305978418327868, ""choice_of_law"": 0.003216363489627838, ""jurisdiction"": 0.002595358993858099, ""arbitration"": 0.0053923106752336025}"
test:695,"however , if the services were purchased by another party for you to use ( e.g. recruiter seat bought by your employer ) , the party paying for such service has the right to control access to and get reports on your use of such paid service ; however , they do not have rights to your personal account .",[],[],"{""limitation_of_liability"": 0.005898227449506521, ""unilateral_termination"": 0.006241253577172756, ""unilateral_change"": 0.003900021081790328, ""content_removal"": 0.005028275772929192, ""contract_by_using"": 0.0029482839163392782, ""choice_of_law"": 0.0018612504936754704, ""jurisdiction"": 0.001950698671862483, ""arbitration"": 0.003972441423684359}"
test:696,you 'll honor your payment obligations and you are okay with us storing your payment information .,[],[],"{""limitation_of_liability"": 0.004613948054611683, ""unilateral_termination"": 0.003717245301231742, ""unilateral_change"": 0.003975916188210249, ""content_removal"": 0.0037991360295563936, ""contract_by_using"": 0.0037339883856475353, ""choice_of_law"": 0.002438630908727646, ""jurisdiction"": 0.002343464642763138, ""arbitration"": 0.005327306222170591}"
test:697,you understand that there may be fees and taxes that are added to our prices .,[],[],"{""limitation_of_liability"": 0.005040158051997423, ""unilateral_termination"": 0.0031111696735024452, ""unilateral_change"": 0.007989664562046528, ""content_removal"": 0.003962881863117218, ""contract_by_using"": 0.0034024359192699194, ""choice_of_law"": 0.003403825219720602, ""jurisdiction"": 0.002271994249895215, ""arbitration"": 0.004431490320712328}"
test:698,we do n't guarantee refunds .,[],[],"{""limitation_of_liability"": 0.006229528691619635, ""unilateral_termination"": 0.003363095922395587, ""unilateral_change"": 0.005161253269761801, ""content_removal"": 0.0032697704154998064, ""contract_by_using"": 0.0034778108820319176, ""choice_of_law"": 0.0026544525753706694, ""jurisdiction"": 0.0025241852272301912, ""arbitration"": 0.005756123922765255}"
test:699,"if you buy any of our paid services ( `` premium services '' ) , you agree to pay us the applicable fees and taxes and to additional terms specific to the paid services .",[],[],"{""limitation_of_liability"": 0.006664781831204891, ""unilateral_termination"": 0.0019591853488236666, ""unilateral_change"": 0.007012529298663139, ""content_removal"": 0.0033850246109068394, ""contract_by_using"": 0.030507398769259453, ""choice_of_law"": 0.003358463989570737, ""jurisdiction"": 0.0029518338851630688, ""arbitration"": 0.0053841667249798775}"
test:700,failure to pay these fees will result in the termination of your paid services .,[],[],"{""limitation_of_liability"": 0.03777821362018585, ""unilateral_termination"": 0.778914749622345, ""unilateral_change"": 0.020174110308289528, ""content_removal"": 0.09026607871055603, ""contract_by_using"": 0.013643545098602772, ""choice_of_law"": 0.008435294963419437, ""jurisdiction"": 0.011987335979938507, ""arbitration"": 0.022671226412057877}"
test:701,"also , you agree that :",[],[],"{""limitation_of_liability"": 0.009637155570089817, ""unilateral_termination"": 0.0033772625029087067, ""unilateral_change"": 0.003537743119522929, ""content_removal"": 0.003307972103357315, ""contract_by_using"": 0.0031901332549750805, ""choice_of_law"": 0.0027068404015153646, ""jurisdiction"": 0.00277824979275465, ""arbitration"": 0.005022739060223103}"
test:702,your purchase may be subject to foreign exchange fees or differences in prices based on location ( e.g. exchange rates ) .,[],[],"{""limitation_of_liability"": 0.0059775556437671185, ""unilateral_termination"": 0.003728105453774333, ""unilateral_change"": 0.006276641506701708, ""content_removal"": 0.00351447775028646, ""contract_by_using"": 0.003329047467559576, ""choice_of_law"": 0.002663502935320139, ""jurisdiction"": 0.0019668438471853733, ""arbitration"": 0.004341930150985718}"
test:703,"we may store and continue billing your payment method ( e.g. credit card ) even after it has expired , to avoid interruptions in your services and to use to pay other services you may buy .",[],[],"{""limitation_of_liability"": 0.0045705134980380535, ""unilateral_termination"": 0.009594827890396118, ""unilateral_change"": 0.005557048600167036, ""content_removal"": 0.006552285049110651, ""contract_by_using"": 0.0027753144968301058, ""choice_of_law"": 0.001466270536184311, ""jurisdiction"": 0.0018656193278729916, ""arbitration"": 0.0036747658159583807}"
test:704,"if you purchase a subscription , your payment method automatically will be charged at the start of each subscription period for the fees and taxes applicable to that period .",[],[],"{""limitation_of_liability"": 0.006062944885343313, ""unilateral_termination"": 0.0028082041535526514, ""unilateral_change"": 0.0066854688338935375, ""content_removal"": 0.003258882090449333, ""contract_by_using"": 0.005166774615645409, ""choice_of_law"": 0.0026262139435857534, ""jurisdiction"": 0.00201383326202631, ""arbitration"": 0.003924299497157335}"
test:705,"to avoid future charges , cancel before the renewal date .",[],[],"{""limitation_of_liability"": 0.004179389216005802, ""unilateral_termination"": 0.006788942031562328, ""unilateral_change"": 0.005788379814475775, ""content_removal"": 0.004735175054520369, ""contract_by_using"": 0.002930434187874198, ""choice_of_law"": 0.0021561484318226576, ""jurisdiction"": 0.002203537616878748, ""arbitration"": 0.004937368910759687}"
test:706,learn how to cancel or suspend your premium services .,[],[],"{""limitation_of_liability"": 0.006754666101187468, ""unilateral_termination"": 0.15429316461086273, ""unilateral_change"": 0.02119838260114193, ""content_removal"": 0.019001608714461327, ""contract_by_using"": 0.003493872471153736, ""choice_of_law"": 0.001645326497964561, ""jurisdiction"": 0.00277464697137475, ""arbitration"": 0.006877094507217407}"
test:707,all of your purchases of services are subject to linkedin 's refund policy .,[],[],"{""limitation_of_liability"": 0.0058054677210748196, ""unilateral_termination"": 0.0036184501368552446, ""unilateral_change"": 0.00391340721398592, ""content_removal"": 0.0035258065909147263, ""contract_by_using"": 0.0034328699111938477, ""choice_of_law"": 0.002439263043925166, ""jurisdiction"": 0.002201956231147051, ""arbitration"": 0.004666721448302269}"
test:708,we may calculate taxes payable by you based on the billing information that you provide us at the time of purchase .,[],[],"{""limitation_of_liability"": 0.007236219476908445, ""unilateral_termination"": 0.0025963466614484787, ""unilateral_change"": 0.009690201841294765, ""content_removal"": 0.0034783759620040655, ""contract_by_using"": 0.004090363159775734, ""choice_of_law"": 0.003632683539763093, ""jurisdiction"": 0.002129065105691552, ""arbitration"": 0.003823264967650175}"
test:709,you can get a copy of your invoice through your linkedin account settings under `` purchase history '' .,[],[],"{""limitation_of_liability"": 0.004945929627865553, ""unilateral_termination"": 0.0033633869607001543, ""unilateral_change"": 0.004117673262953758, ""content_removal"": 0.0036747429985553026, ""contract_by_using"": 0.0036122784949839115, ""choice_of_law"": 0.0027061724103987217, ""jurisdiction"": 0.0024029179476201534, ""arbitration"": 0.005205751396715641}"
test:710,"you 're okay with us providing notices to you through our websites , apps , and contact information your provided to us .",[],[],"{""limitation_of_liability"": 0.004676279611885548, ""unilateral_termination"": 0.00370670179836452, ""unilateral_change"": 0.004168171435594559, ""content_removal"": 0.0036851665936410427, ""contract_by_using"": 0.0035449215210974216, ""choice_of_law"": 0.002718293806537986, ""jurisdiction"": 0.0024505858309566975, ""arbitration"": 0.0052427863702178}"
test:711,"if the contact information you provide is out of date , you may miss out on important notices .",[],[],"{""limitation_of_liability"": 0.0058905212208628654, ""unilateral_termination"": 0.005026767961680889, ""unilateral_change"": 0.0038317630533128977, ""content_removal"": 0.0041810586117208, ""contract_by_using"": 0.002788151614367962, ""choice_of_law"": 0.0023402583319693804, ""jurisdiction"": 0.002191759878769517, ""arbitration"": 0.00459520285949111}"
test:712,"you agree that we will provide notices to you in the following ways : ( 1 ) a notice within the service , or ( 2 ) a message sent to the contact information you provided us ( e.g. , email , mobile number , physical address ) .",[],[],"{""limitation_of_liability"": 0.004950663074851036, ""unilateral_termination"": 0.0032485828269273043, ""unilateral_change"": 0.00713036535307765, ""content_removal"": 0.004193351604044437, ""contract_by_using"": 0.005167672410607338, ""choice_of_law"": 0.003130681347101927, ""jurisdiction"": 0.002842830028384924, ""arbitration"": 0.0044729639776051044}"
test:713,you agree to keep your contact information up to date .,[],[],"{""limitation_of_liability"": 0.0049050310626626015, ""unilateral_termination"": 0.0036299233324825764, ""unilateral_change"": 0.005746877286583185, ""content_removal"": 0.0034386233892291784, ""contract_by_using"": 0.0032188778277486563, ""choice_of_law"": 0.002510491292923689, ""jurisdiction"": 0.0022512292489409447, ""arbitration"": 0.004964753519743681}"
test:714,please review your settings to control and limit the messages you receive from us .,[],[],"{""limitation_of_liability"": 0.003782877931371331, ""unilateral_termination"": 0.004522385075688362, ""unilateral_change"": 0.013434338383376598, ""content_removal"": 0.005503819324076176, ""contract_by_using"": 0.003946589305996895, ""choice_of_law"": 0.0027663158252835274, ""jurisdiction"": 0.001852095709182322, ""arbitration"": 0.003680985886603594}"
test:715,"when you share information , others can see , copy and use that information .",[],[],"{""limitation_of_liability"": 0.005277664866298437, ""unilateral_termination"": 0.003123290603980422, ""unilateral_change"": 0.005193009972572327, ""content_removal"": 0.003647702280431986, ""contract_by_using"": 0.0034909655805677176, ""choice_of_law"": 0.003156158374622464, ""jurisdiction"": 0.002463452285155654, ""arbitration"": 0.004906697664409876}"
test:716,"our services allow messaging and sharing of information in many ways , such as your profile , slide deck , links to news articles , job postings , inmails and blogs .",[],[],"{""limitation_of_liability"": 0.004488699603825808, ""unilateral_termination"": 0.0036923671141266823, ""unilateral_change"": 0.00430622324347496, ""content_removal"": 0.0038680604193359613, ""contract_by_using"": 0.0035465676337480545, ""choice_of_law"": 0.0023521697148680687, ""jurisdiction"": 0.0022626861464232206, ""arbitration"": 0.004700986202806234}"
test:717,information and content that you share or post may be seen by other members or visitors .,[],[],"{""limitation_of_liability"": 0.005194473545998335, ""unilateral_termination"": 0.0034096792805939913, ""unilateral_change"": 0.004295623395591974, ""content_removal"": 0.004063555505126715, ""contract_by_using"": 0.003372006816789508, ""choice_of_law"": 0.0028726551681756973, ""jurisdiction"": 0.0023787333630025387, ""arbitration"": 0.004521631170064211}"
test:718,"where we have made settings available , we will honor the choices you make about who can see content or information ( e.g. , message content to your addressees , sharing content only to linkedin connections , restricting your profile visibility from search engines , or opting not to notify others of your linkedin profile update ) .",[],[],"{""limitation_of_liability"": 0.003831744659692049, ""unilateral_termination"": 0.0035574210342019796, ""unilateral_change"": 0.005770734045654535, ""content_removal"": 0.00432997802272439, ""contract_by_using"": 0.004975832067430019, ""choice_of_law"": 0.0025066372472792864, ""jurisdiction"": 0.0019975900650024414, ""arbitration"": 0.004093775525689125}"
test:719,"for job searching activities , we default to not notifying your connections network or the public .",[],[],"{""limitation_of_liability"": 0.015168214216828346, ""unilateral_termination"": 0.013211993500590324, ""unilateral_change"": 0.004243726376444101, ""content_removal"": 0.004911435302346945, ""contract_by_using"": 0.0029303869232535362, ""choice_of_law"": 0.0019543615635484457, ""jurisdiction"": 0.0022220502141863108, ""arbitration"": 0.004219761583954096}"
test:720,"so if you apply for a job through our service or opt to signal that you are interested in a job , our default is to share it only with the job poster .",[],[],"{""limitation_of_liability"": 0.004185172263532877, ""unilateral_termination"": 0.004246298689395189, ""unilateral_change"": 0.004190738312900066, ""content_removal"": 0.004340778570622206, ""contract_by_using"": 0.003687735414132476, ""choice_of_law"": 0.0021061149891465902, ""jurisdiction"": 0.0020484242122620344, ""arbitration"": 0.004727743100374937}"
test:721,"we are not obligated to publish any information or content on our service and can remove it in our sole discretion , with or without notice .","[""content_removal""]","[""content_removal""]","{""limitation_of_liability"": 0.050100695341825485, ""unilateral_termination"": 0.5021883249282837, ""unilateral_change"": 0.1919376105070114, ""content_removal"": 0.9241111874580383, ""contract_by_using"": 0.024887343868613243, ""choice_of_law"": 0.028767896816134453, ""jurisdiction"": 0.03823529928922653, ""arbitration"": 0.030497364699840546}"
test:722,"you own all of the content , feedback , and personal information you provide to us , but you also grant us a non-exclusive license to it .",[],[],"{""limitation_of_liability"": 0.003851437009871006, ""unilateral_termination"": 0.004032393451780081, ""unilateral_change"": 0.004048959817737341, ""content_removal"": 0.004177868831902742, ""contract_by_using"": 0.004367498215287924, ""choice_of_law"": 0.0023561890702694654, ""jurisdiction"": 0.002292484976351261, ""arbitration"": 0.005248385481536388}"
test:723,we 'll honor the choices you make about who gets to see your information and content,[],[],"{""limitation_of_liability"": 0.004208378028124571, ""unilateral_termination"": 0.004018949344754219, ""unilateral_change"": 0.004728968255221844, ""content_removal"": 0.003909938037395477, ""contract_by_using"": 0.003844817169010639, ""choice_of_law"": 0.00232070148922503, ""jurisdiction"": 0.0021671042777597904, ""arbitration"": 0.005222230684012175}"
test:724,"you promise to only provide information and content that you have the right to share , and that your linkedin profile will be truthful .",[],[],"{""limitation_of_liability"": 0.005870300345122814, ""unilateral_termination"": 0.003670508274808526, ""unilateral_change"": 0.0035374758299440145, ""content_removal"": 0.003757023485377431, ""contract_by_using"": 0.003423756454139948, ""choice_of_law"": 0.0023624247405678034, ""jurisdiction"": 0.0023799240589141846, ""arbitration"": 0.004856714513152838}"
test:725,"as between you and linkedin , you own the content and information that you submit or post to the services and you are only granting linkedin and our affiliates the following non-exclusive license : a worldwide , transferable and sublicensable right to use , copy , modify , distribute , publish , and process , information and content that you provide through our services , without any further consent , notice and/or compensation to you or others .",[],[],"{""limitation_of_liability"": 0.0051944563165307045, ""unilateral_termination"": 0.010533851571381092, ""unilateral_change"": 0.005581076256930828, ""content_removal"": 0.007916491478681564, ""contract_by_using"": 0.0042915744706988335, ""choice_of_law"": 0.0015941421734169126, ""jurisdiction"": 0.00208162609487772, ""arbitration"": 0.0043335710652172565}"
test:726,these rights are limited in the following ways :,[],[],"{""limitation_of_liability"": 0.007225987501442432, ""unilateral_termination"": 0.004215465858578682, ""unilateral_change"": 0.006699041463434696, ""content_removal"": 0.004229155369102955, ""contract_by_using"": 0.002833255799487233, ""choice_of_law"": 0.003248531837016344, ""jurisdiction"": 0.0021121224854141474, ""arbitration"": 0.004112154711037874}"
test:727,"you can end this license for specific content by deleting such content from the services , or generally by closing your account , except ( a ) to the extent you shared it with others as part of the service and they copied , re-shared it or stored it and ( b ) for the reasonable time it takes to remove from backup and other systems .",[],"[""content_removal""]","{""limitation_of_liability"": 0.02438579499721527, ""unilateral_termination"": 0.10505162179470062, ""unilateral_change"": 0.03813398256897926, ""content_removal"": 0.6362800598144531, ""contract_by_using"": 0.011143582873046398, ""choice_of_law"": 0.011469520628452301, ""jurisdiction"": 0.01832626946270466, ""arbitration"": 0.014688855968415737}"
test:728,we will not include your content in advertisements for the products and services of third parties to others without your separate consent ( including sponsored content ) .,[],[],"{""limitation_of_liability"": 0.004787020850926638, ""unilateral_termination"": 0.003725256770849228, ""unilateral_change"": 0.004175596404820681, ""content_removal"": 0.004144225735217333, ""contract_by_using"": 0.003594891866669059, ""choice_of_law"": 0.002349642338231206, ""jurisdiction"": 0.001996841048821807, ""arbitration"": 0.0043472894467413425}"
test:729,"however , we have the right , without payment to you or others , to serve ads near your content and information , and your social actions on sponsored content and company pages may be visible , as noted in the privacy policy .",[],[],"{""limitation_of_liability"": 0.004623281769454479, ""unilateral_termination"": 0.01147537212818861, ""unilateral_change"": 0.007878685370087624, ""content_removal"": 0.013909440487623215, ""contract_by_using"": 0.0028963731601834297, ""choice_of_law"": 0.0021235570311546326, ""jurisdiction"": 0.002098022261634469, ""arbitration"": 0.0036373327020555735}"
test:730,we will get your consent if we want to give third parties the right to publish your posts beyond the service .,[],[],"{""limitation_of_liability"": 0.00325857219286263, ""unilateral_termination"": 0.006957335397601128, ""unilateral_change"": 0.006362807936966419, ""content_removal"": 0.005590259097516537, ""contract_by_using"": 0.003453400218859315, ""choice_of_law"": 0.001990753458812833, ""jurisdiction"": 0.002061539562419057, ""arbitration"": 0.004745115991681814}"
test:731,"however , other members and/or visitors may access and share your content and information , consistent with your choices .",[],[],"{""limitation_of_liability"": 0.0038880130741745234, ""unilateral_termination"": 0.003710355842486024, ""unilateral_change"": 0.008438749238848686, ""content_removal"": 0.004550636745989323, ""contract_by_using"": 0.004769300110638142, ""choice_of_law"": 0.002308053895831108, ""jurisdiction"": 0.001684559159912169, ""arbitration"": 0.003432442666962743}"
test:732,"while we may edit and make formatting changes to your content ( such as translating it , modifying the size , layout or file type or removing metadata ) , we will not modify the meaning of your expression .",[],[],"{""limitation_of_liability"": 0.004411085043102503, ""unilateral_termination"": 0.004710191395133734, ""unilateral_change"": 0.11914068460464478, ""content_removal"": 0.009539320133626461, ""contract_by_using"": 0.015172681771218777, ""choice_of_law"": 0.005376768764108419, ""jurisdiction"": 0.0026424142997711897, ""arbitration"": 0.00461778836324811}"
test:733,"because you own your content and information and we only have non-exclusive rights to it , you may choose to make it available to others , including under the terms of a creative commons license .",[],[],"{""limitation_of_liability"": 0.0036125443875789642, ""unilateral_termination"": 0.0035923647228628397, ""unilateral_change"": 0.005401555448770523, ""content_removal"": 0.004260226618498564, ""contract_by_using"": 0.004729767329990864, ""choice_of_law"": 0.0024617561139166355, ""jurisdiction"": 0.0020528817549347878, ""arbitration"": 0.0043001919984817505}"
test:734,"you agree that we may access , store and use any information that you provide in accordance with the terms of the privacy policy and your choices ( including settings ) .",[],[],"{""limitation_of_liability"": 0.0026855666656047106, ""unilateral_termination"": 0.005641563329845667, ""unilateral_change"": 0.01825304701924324, ""content_removal"": 0.008754177019000053, ""contract_by_using"": 0.023013338446617126, ""choice_of_law"": 0.0027122017927467823, ""jurisdiction"": 0.0024445015005767345, ""arbitration"": 0.004119591787457466}"
test:735,"by submitting suggestions or other feedback regarding our services to linkedin , you agree that linkedin can use and share ( but does not have to ) such feedback for any purpose without compensation to you .",[],[],"{""limitation_of_liability"": 0.014630895107984543, ""unilateral_termination"": 0.00399320712313056, ""unilateral_change"": 0.0085161617025733, ""content_removal"": 0.005009742453694344, ""contract_by_using"": 0.01931358501315117, ""choice_of_law"": 0.0017468334408476949, ""jurisdiction"": 0.001863427460193634, ""arbitration"": 0.0034475880675017834}"
test:736,you agree to only provide content or information that does not violate the law nor anyone 's rights ( including intellectual property rights ) .,[],[],"{""limitation_of_liability"": 0.005476835649460554, ""unilateral_termination"": 0.003611113643273711, ""unilateral_change"": 0.0036787886638194323, ""content_removal"": 0.0038852074649184942, ""contract_by_using"": 0.0034082976635545492, ""choice_of_law"": 0.0024000497069209814, ""jurisdiction"": 0.0022238364908844233, ""arbitration"": 0.004482620395720005}"
test:737,you also agree that your profile information will be truthful .,[],[],"{""limitation_of_liability"": 0.004928795155137777, ""unilateral_termination"": 0.0037593566812574863, ""unilateral_change"": 0.00401750672608614, ""content_removal"": 0.0035944206174463034, ""contract_by_using"": 0.003682350507006049, ""choice_of_law"": 0.002306960755959153, ""jurisdiction"": 0.002375162672251463, ""arbitration"": 0.005271153058856726}"
test:738,linkedin may be required by law to remove certain information or content in certain countries .,[],"[""content_removal""]","{""limitation_of_liability"": 0.09466462582349777, ""unilateral_termination"": 0.34040647745132446, ""unilateral_change"": 0.19828642904758453, ""content_removal"": 0.9357566237449646, ""contract_by_using"": 0.024018889293074608, ""choice_of_law"": 0.0752180889248848, ""jurisdiction"": 0.08789233863353729, ""arbitration"": 0.04038926213979721}"
test:739,"we may change , suspend or end any service , or change and modify prices prospectively in our discretion .","[""unilateral_termination"", ""unilateral_change""]","[""unilateral_change""]","{""limitation_of_liability"": 0.11741801351308823, ""unilateral_termination"": 0.5103467702865601, ""unilateral_change"": 0.9903773665428162, ""content_removal"": 0.13104748725891113, ""contract_by_using"": 0.07736891508102417, ""choice_of_law"": 0.08919725567102432, ""jurisdiction"": 0.04190027341246605, ""arbitration"": 0.06363511830568314}"
test:740,"to the extent allowed under law , these changes may be effective upon notice provided to you .",[],[],"{""limitation_of_liability"": 0.014179928228259087, ""unilateral_termination"": 0.06580320000648499, ""unilateral_change"": 0.8911715745925903, ""content_removal"": 0.02303074114024639, ""contract_by_using"": 0.046955958008766174, ""choice_of_law"": 0.06023341044783592, ""jurisdiction"": 0.011707312427461147, ""arbitration"": 0.0197245255112648}"
test:741,we may change or discontinue any of our services .,"[""unilateral_termination""]","[""unilateral_change""]","{""limitation_of_liability"": 0.038718391209840775, ""unilateral_termination"": 0.5552617907524109, ""unilateral_change"": 0.9658958911895752, ""content_removal"": 0.10876117646694183, ""contract_by_using"": 0.03204606845974922, ""choice_of_law"": 0.03643912076950073, ""jurisdiction"": 0.020006101578474045, ""arbitration"": 0.041081249713897705}"
test:742,we do n't promise to store or keep showing any information and content that you 've posted .,[],[],"{""limitation_of_liability"": 0.004765234421938658, ""unilateral_termination"": 0.004682513419538736, ""unilateral_change"": 0.004715524148195982, ""content_removal"": 0.004922884050756693, ""contract_by_using"": 0.003317546099424362, ""choice_of_law"": 0.001869385363534093, ""jurisdiction"": 0.0020229925867170095, ""arbitration"": 0.004002104513347149}"
test:743,linkedin is not a storage service .,[],[],"{""limitation_of_liability"": 0.006833688821643591, ""unilateral_termination"": 0.004023118410259485, ""unilateral_change"": 0.004003541544079781, ""content_removal"": 0.0034390499349683523, ""contract_by_using"": 0.002958785742521286, ""choice_of_law"": 0.002779945032671094, ""jurisdiction"": 0.002475566463544965, ""arbitration"": 0.005340653471648693}"
test:744,"you agree that we have no obligation to store , maintain or provide you a copy of any content or information that you or others provide , except to the extent required by applicable law and as noted in our privacy policy .",[],[],"{""limitation_of_liability"": 0.022564446553587914, ""unilateral_termination"": 0.004114080686122179, ""unilateral_change"": 0.005262522026896477, ""content_removal"": 0.00968512799590826, ""contract_by_using"": 0.00353357195854187, ""choice_of_law"": 0.0034892589319497347, ""jurisdiction"": 0.002354944124817848, ""arbitration"": 0.003286018967628479}"
test:745,"3.3 other content , sites and apps",[],[],"{""limitation_of_liability"": 0.006604787893593311, ""unilateral_termination"": 0.0032004215754568577, ""unilateral_change"": 0.005234827287495136, ""content_removal"": 0.003784378757700324, ""contract_by_using"": 0.0030341160017997026, ""choice_of_law"": 0.002625316148623824, ""jurisdiction"": 0.0021430382039397955, ""arbitration"": 0.0041865692473948}"
test:746,"your use of others ' content and information posted on our services , is at your own risk .",[],[],"{""limitation_of_liability"": 0.011742823757231236, ""unilateral_termination"": 0.005924452096223831, ""unilateral_change"": 0.0031155061442404985, ""content_removal"": 0.004236370325088501, ""contract_by_using"": 0.0033530087675899267, ""choice_of_law"": 0.001983996946364641, ""jurisdiction"": 0.0017382833175361156, ""arbitration"": 0.0038808155804872513}"
test:747,"others may offer their own products and services through linkedin , and we are n't responsible for those third-party activities .",[],[],"{""limitation_of_liability"": 0.006128726527094841, ""unilateral_termination"": 0.003018678165972233, ""unilateral_change"": 0.004385422915220261, ""content_removal"": 0.003458489663898945, ""contract_by_using"": 0.0033845582511276007, ""choice_of_law"": 0.002898799255490303, ""jurisdiction"": 0.0022831009700894356, ""arbitration"": 0.004512173589318991}"
test:748,"by using the services , you may encounter content or information that might be inaccurate , incomplete , delayed , misleading , illegal , offensive or otherwise harmful .",[],[],"{""limitation_of_liability"": 0.0045126574113965034, ""unilateral_termination"": 0.005516816396266222, ""unilateral_change"": 0.004229305312037468, ""content_removal"": 0.005860699340701103, ""contract_by_using"": 0.004072689916938543, ""choice_of_law"": 0.0019119068747386336, ""jurisdiction"": 0.002114384900778532, ""arbitration"": 0.003955157473683357}"
test:749,linkedin generally does not review content provided by our members or others .,[],[],"{""limitation_of_liability"": 0.005964426789432764, ""unilateral_termination"": 0.005489724688231945, ""unilateral_change"": 0.00993187353014946, ""content_removal"": 0.007690772879868746, ""contract_by_using"": 0.0029910181183367968, ""choice_of_law"": 0.0025441257748752832, ""jurisdiction"": 0.0019161999225616455, ""arbitration"": 0.004059187136590481}"
test:750,you agree that we are not responsible for others ' ( including other members ' ) content or information .,"[""limitation_of_liability""]",[],"{""limitation_of_liability"": 0.021864276379346848, ""unilateral_termination"": 0.003073943080380559, ""unilateral_change"": 0.0036895927041769028, ""content_removal"": 0.0035017477348446846, ""contract_by_using"": 0.003069555386900902, ""choice_of_law"": 0.0026704128831624985, ""jurisdiction"": 0.0020760241895914078, ""arbitration"": 0.0035671957302838564}"
test:751,"we can not always prevent this misuse of our services , and you agree that we are not responsible for any such misuse .","[""limitation_of_liability""]","[""limitation_of_liability""]","{""limitation_of_liability"": 0.914292573928833, ""unilateral_termination"": 0.017286643385887146, ""unilateral_change"": 0.010045940987765789, ""content_removal"": 0.018261941149830818, ""contract_by_using"": 0.009971634484827518, ""choice_of_law"": 0.010921879671514034, ""jurisdiction"": 0.014258679933845997, ""arbitration"": 0.007710360921919346}"
test:752,you also acknowledge the risk that you or your organization may be mistakenly associated with content about others when we let connections and followers know you or your organization were mentioned in the news .,[],[],"{""limitation_of_liability"": 0.0075914859771728516, ""unilateral_termination"": 0.004215939901769161, ""unilateral_change"": 0.0036767444107681513, ""content_removal"": 0.004200205206871033, ""contract_by_using"": 0.00299696228466928, ""choice_of_law"": 0.0020109096076339483, ""jurisdiction"": 0.001906979363411665, ""arbitration"": 0.003947575576603413}"
test:753,you may opt out of this feature .,[],[],"{""limitation_of_liability"": 0.00453551160171628, ""unilateral_termination"": 0.0040594590827822685, ""unilateral_change"": 0.00438079284504056, ""content_removal"": 0.004020123276859522, ""contract_by_using"": 0.0037328742910176516, ""choice_of_law"": 0.002863364527001977, ""jurisdiction"": 0.0026935823261737823, ""arbitration"": 0.005193608812987804}"
test:754,you are responsible for deciding if you want to access or use third party apps or sites that link from our services .,[],[],"{""limitation_of_liability"": 0.004915781319141388, ""unilateral_termination"": 0.0035528703592717648, ""unilateral_change"": 0.003973030019551516, ""content_removal"": 0.0037011958193033934, ""contract_by_using"": 0.0035372539423406124, ""choice_of_law"": 0.0025961159262806177, ""jurisdiction"": 0.0023909166920930147, ""arbitration"": 0.005234869662672281}"
test:755,"if you allow a third party app or site to authenticate you or connect with your linkedin account , that app or site can access information on linkedin related to you and your connections .",[],[],"{""limitation_of_liability"": 0.005791020579636097, ""unilateral_termination"": 0.0037815591786056757, ""unilateral_change"": 0.0037512897979468107, ""content_removal"": 0.004039594437927008, ""contract_by_using"": 0.003041713498532772, ""choice_of_law"": 0.0025015193969011307, ""jurisdiction"": 0.002244860166683793, ""arbitration"": 0.004631670191884041}"
test:756,"third party apps and sites have their own legal terms and privacy policies , and you may be giving others permission to use your information in ways we would not .",[],[],"{""limitation_of_liability"": 0.003716298844665289, ""unilateral_termination"": 0.003804107429459691, ""unilateral_change"": 0.004903264809399843, ""content_removal"": 0.004358185920864344, ""contract_by_using"": 0.003878090064972639, ""choice_of_law"": 0.0025240257382392883, ""jurisdiction"": 0.0023487803991883993, ""arbitration"": 0.0048264870420098305}"
test:757,"except to the limited extent it may be required by applicable law , linkedin is not responsible for these other sites and apps -- use these at your own risk .","[""limitation_of_liability""]",[],"{""limitation_of_liability"": 0.6947578191757202, ""unilateral_termination"": 0.00956372544169426, ""unilateral_change"": 0.005953548941761255, ""content_removal"": 0.011553432792425156, ""contract_by_using"": 0.004820547066628933, ""choice_of_law"": 0.008305273950099945, ""jurisdiction"": 0.007501728367060423, ""arbitration"": 0.004759735427796841}"
test:758,please see our privacy policy .,[],[],"{""limitation_of_liability"": 0.004027210641652346, ""unilateral_termination"": 0.004255083855241537, ""unilateral_change"": 0.005027013830840588, ""content_removal"": 0.004048596601933241, ""contract_by_using"": 0.003642711089923978, ""choice_of_law"": 0.002897087950259447, ""jurisdiction"": 0.0029548148158937693, ""arbitration"": 0.006534484215080738}"
test:759,we have the right to limit how you connect and interact on our services .,"[""unilateral_change""]",[],"{""limitation_of_liability"": 0.005436830222606659, ""unilateral_termination"": 0.0074132452718913555, ""unilateral_change"": 0.009409352205693722, ""content_removal"": 0.005396396387368441, ""contract_by_using"": 0.002287209266796708, ""choice_of_law"": 0.002165157115086913, ""jurisdiction"": 0.0019067061366513371, ""arbitration"": 0.0042294603772461414}"
test:760,"linkedin reserves the right to limit your use of the services , including the number of your connections and your ability to contact other members .","[""unilateral_change""]",[],"{""limitation_of_liability"": 0.02374052070081234, ""unilateral_termination"": 0.07190456241369247, ""unilateral_change"": 0.061648230999708176, ""content_removal"": 0.026332823559641838, ""contract_by_using"": 0.0030759575311094522, ""choice_of_law"": 0.0030298163183033466, ""jurisdiction"": 0.002495197579264641, ""arbitration"": 0.00472080847248435}"
test:761,"linkedin reserves the right to restrict , suspend , or terminate your account if linkedin believes that you may be in breach of this contract or law or are misusing the services ( e.g. violating any do and do n'ts ) .","[""unilateral_termination"", ""unilateral_change""]","[""unilateral_termination""]","{""limitation_of_liability"": 0.1512916535139084, ""unilateral_termination"": 0.9820481538772583, ""unilateral_change"": 0.1202893778681755, ""content_removal"": 0.29927852749824524, ""contract_by_using"": 0.015903204679489136, ""choice_of_law"": 0.021655524149537086, ""jurisdiction"": 0.036553751677274704, ""arbitration"": 0.05307356268167496}"
test:762,we 're providing you notice about our intellectual property rights .,[],[],"{""limitation_of_liability"": 0.004743891768157482, ""unilateral_termination"": 0.004063503351062536, ""unilateral_change"": 0.004449706058949232, ""content_removal"": 0.0036414270289242268, ""contract_by_using"": 0.0033950984943658113, ""choice_of_law"": 0.002438880270346999, ""jurisdiction"": 0.002263065427541733, ""arbitration"": 0.005302574019879103}"
test:763,linkedin reserves all of its intellectual property rights in the services .,[],[],"{""limitation_of_liability"": 0.00819115899503231, ""unilateral_termination"": 0.0032721362076699734, ""unilateral_change"": 0.004029874224215746, ""content_removal"": 0.0034580607898533344, ""contract_by_using"": 0.0031846005003899336, ""choice_of_law"": 0.0028467781376093626, ""jurisdiction"": 0.0021571828983724117, ""arbitration"": 0.004267382901161909}"
test:764,using the services does not give you any ownership in our services or the content or information made available through our services .,[],[],"{""limitation_of_liability"": 0.007261616177856922, ""unilateral_termination"": 0.003531698603183031, ""unilateral_change"": 0.0036910518538206816, ""content_removal"": 0.0038844491355121136, ""contract_by_using"": 0.0037291136104613543, ""choice_of_law"": 0.0022859363816678524, ""jurisdiction"": 0.0019121242221444845, ""arbitration"": 0.0037513412535190582}"
test:765,trademarks and logos used in connection with the services are be the trademarks of their respective owners .,[],[],"{""limitation_of_liability"": 0.005371507722884417, ""unilateral_termination"": 0.002826129784807563, ""unilateral_change"": 0.005174724850803614, ""content_removal"": 0.003924254793673754, ""contract_by_using"": 0.005811214447021484, ""choice_of_law"": 0.0036080111749470234, ""jurisdiction"": 0.002292284509167075, ""arbitration"": 0.00410469202324748}"
test:766,"linkedin , slideshare , and `` in '' logos and other linkedin trademarks , service marks , graphics , and logos used for our services are trademarks or registered trademarks of linkedin .",[],[],"{""limitation_of_liability"": 0.004982220008969307, ""unilateral_termination"": 0.003179781371727586, ""unilateral_change"": 0.0040557608008384705, ""content_removal"": 0.003559444798156619, ""contract_by_using"": 0.004126266110688448, ""choice_of_law"": 0.003205279354006052, ""jurisdiction"": 0.002581655513495207, ""arbitration"": 0.005241379141807556}"
test:767,"this is our disclaimer of legal liability for the quality , safety , or reliability of our services .",[],[],"{""limitation_of_liability"": 0.30828720331192017, ""unilateral_termination"": 0.0051996828988194466, ""unilateral_change"": 0.0035584981087595224, ""content_removal"": 0.004960117395967245, ""contract_by_using"": 0.005427264608442783, ""choice_of_law"": 0.004351929295808077, ""jurisdiction"": 0.004677960183471441, ""arbitration"": 0.0051735565066337585}"
test:768,"to the extent allowed under law , linkedin and its affiliates ( and those that linkedin works with to provide the services ) ( a ) disclaim all implied warranties and representations ( e.g. warranties of merchantability , fitness for a particular purpose , accuracy of data , and noninfringement ) ; ( b ) do not guarantee that the services will function without interruption or errors , and ( c ) provide the service ( including content and information ) on an `` as is '' and `` as available '' basis .","[""limitation_of_liability""]",[],"{""limitation_of_liability"": 0.00869979988783598, ""unilateral_termination"": 0.0025216066278517246, ""unilateral_change"": 0.0038154236972332, ""content_removal"": 0.003551746252924204, ""contract_by_using"": 0.005796494428068399, ""choice_of_law"": 0.0025576255284249783, ""jurisdiction"": 0.0020372613798826933, ""arbitration"": 0.003490559058263898}"
test:769,"some laws do not allow certain disclaimers , so some or all of these disclaimers may not apply to you .",[],[],"{""limitation_of_liability"": 0.005324507597833872, ""unilateral_termination"": 0.0033256709575653076, ""unilateral_change"": 0.00494431285187602, ""content_removal"": 0.0037135034799575806, ""contract_by_using"": 0.003444025060161948, ""choice_of_law"": 0.002787340432405472, ""jurisdiction"": 0.0023395437747240067, ""arbitration"": 0.004131135996431112}"
test:770,these are the limits of legal liability we may have to you .,[],[],"{""limitation_of_liability"": 0.02101653814315796, ""unilateral_termination"": 0.003652340965345502, ""unilateral_change"": 0.006623224820941687, ""content_removal"": 0.003225327003747225, ""contract_by_using"": 0.0032983627170324326, ""choice_of_law"": 0.004071883391588926, ""jurisdiction"": 0.00240738014690578, ""arbitration"": 0.003590580075979233}"
test:771,"to the extent permitted under law ( and unless linkedin has entered into a separate written agreement that overrides this contract ) , linkedin and its affiliates ( and those that linkedin works with to provide the services ) shall not be liable to you or others for any indirect , incidental , special , consequential or punitive damages , or any loss of data , opportunities , reputation , profits or revenues , related to the services ( e.g. offensive or defamatory statements , down time or loss , use of , or changes to , your information or content ) .","[""limitation_of_liability""]","[""limitation_of_liability""]","{""limitation_of_liability"": 0.9872244596481323, ""unilateral_termination"": 0.03851533681154251, ""unilateral_change"": 0.023118993267416954, ""content_removal"": 0.03705619275569916, ""contract_by_using"": 0.021782323718070984, ""choice_of_law"": 0.03807039558887482, ""jurisdiction"": 0.04746056720614433, ""arbitration"": 0.0205329991877079}"
test:772,"in no event shall the liability of linkedin and its affiliates ( and those that linkedin works with to provide the services ) exceed , in the aggregate for all claims , an amount that is the lesser of ( a ) five times the most recent monthly or yearly fee that you paid for a premium service , if any , or ( b ) us $ 1000 .","[""limitation_of_liability""]","[""limitation_of_liability""]","{""limitation_of_liability"": 0.9881824851036072, ""unilateral_termination"": 0.06213182955980301, ""unilateral_change"": 0.03831692412495613, ""content_removal"": 0.04372163116931915, ""contract_by_using"": 0.024346334859728813, ""choice_of_law"": 0.040991999208927155, ""jurisdiction"": 0.04553386569023132, ""arbitration"": 0.023168910294771194}"
test:773,"this limitation of liability is part of the basis of the bargain between you and linkedin and shall apply to all claims of liability ( e.g. warranty , tort , negligence , contract , law ) and even if linkedin or its affiliates has been told of the possibility of any such damage , and even if these remedies fail their essential purpose .",[],[],"{""limitation_of_liability"": 0.3713706433773041, ""unilateral_termination"": 0.008654423989355564, ""unilateral_change"": 0.0033015606459230185, ""content_removal"": 0.0062241265550255775, ""contract_by_using"": 0.004149566404521465, ""choice_of_law"": 0.005978867411613464, ""jurisdiction"": 0.009119839407503605, ""arbitration"": 0.006757289636880159}"
test:774,"some laws do not allow the limitation or exclusion of liability , so these limits may not apply to you .",[],[],"{""limitation_of_liability"": 0.018969032913446426, ""unilateral_termination"": 0.003966231364756823, ""unilateral_change"": 0.006528484169393778, ""content_removal"": 0.0036090193316340446, ""contract_by_using"": 0.0029470310546457767, ""choice_of_law"": 0.003160477615892887, ""jurisdiction"": 0.001943429233506322, ""arbitration"": 0.0030342687387019396}"
test:775,we can each end this contract anytime we want .,"[""unilateral_termination""]",[],"{""limitation_of_liability"": 0.005444676615297794, ""unilateral_termination"": 0.005103828385472298, ""unilateral_change"": 0.0064732469618320465, ""content_removal"": 0.004110869951546192, ""contract_by_using"": 0.002741534961387515, ""choice_of_law"": 0.0018570775864645839, ""jurisdiction"": 0.001920282724313438, ""arbitration"": 0.003929016180336475}"
test:776,both you and linkedin may terminate this contract at any time with notice to the other .,"[""unilateral_termination""]","[""unilateral_termination""]","{""limitation_of_liability"": 0.0343010313808918, ""unilateral_termination"": 0.9358895421028137, ""unilateral_change"": 0.09961467981338501, ""content_removal"": 0.0983203798532486, ""contract_by_using"": 0.018564991652965546, ""choice_of_law"": 0.012774067930877209, ""jurisdiction"": 0.02298664301633835, ""arbitration"": 0.06733065098524094}"
test:777,"on termination , you lose the right to access or use the services .",[],[],"{""limitation_of_liability"": 0.006118618883192539, ""unilateral_termination"": 0.05799098312854767, ""unilateral_change"": 0.0057534342631697655, ""content_removal"": 0.011960010044276714, ""contract_by_using"": 0.005413173232227564, ""choice_of_law"": 0.001529814675450325, ""jurisdiction"": 0.002512268954887986, ""arbitration"": 0.005609655752778053}"
test:778,the following shall survive termination :,[],[],"{""limitation_of_liability"": 0.009880638681352139, ""unilateral_termination"": 0.004112947732210159, ""unilateral_change"": 0.005756361875683069, ""content_removal"": 0.0032469527795910835, ""contract_by_using"": 0.004085954278707504, ""choice_of_law"": 0.0037161416839808226, ""jurisdiction"": 0.0027378688100725412, ""arbitration"": 0.004599568899720907}"
test:779,our rights to use and disclose your feedback ;,[],[],"{""limitation_of_liability"": 0.007152358070015907, ""unilateral_termination"": 0.004441629163920879, ""unilateral_change"": 0.0035246259067207575, ""content_removal"": 0.003973143640905619, ""contract_by_using"": 0.0034027660731226206, ""choice_of_law"": 0.002085567219182849, ""jurisdiction"": 0.0021232329308986664, ""arbitration"": 0.004727787803858519}"
test:780,members and/or visitors ' rights to further re-share content and information you shared through the service to the extent copied or re-shared prior to termination ;,[],[],"{""limitation_of_liability"": 0.007345642428845167, ""unilateral_termination"": 0.025880996137857437, ""unilateral_change"": 0.0050461129285395145, ""content_removal"": 0.00848009716719389, ""contract_by_using"": 0.004351699724793434, ""choice_of_law"": 0.0013731898507103324, ""jurisdiction"": 0.002314675599336624, ""arbitration"": 0.004019817803055048}"
test:781,"sections 4 , 6 and 7 of this contract ;",[],[],"{""limitation_of_liability"": 0.015582235530018806, ""unilateral_termination"": 0.002591863041743636, ""unilateral_change"": 0.004026193171739578, ""content_removal"": 0.0030498786363750696, ""contract_by_using"": 0.003638917813077569, ""choice_of_law"": 0.004269428085535765, ""jurisdiction"": 0.002942657098174095, ""arbitration"": 0.004351925104856491}"
test:782,any amounts owed by either party prior to termination remain owed after termination .,[],[],"{""limitation_of_liability"": 0.014798951335251331, ""unilateral_termination"": 0.00352883362211287, ""unilateral_change"": 0.0040344009175896645, ""content_removal"": 0.0029789074324071407, ""contract_by_using"": 0.0033755020704120398, ""choice_of_law"": 0.002024967921897769, ""jurisdiction"": 0.001989970915019512, ""arbitration"": 0.00387582927942276}"
test:783,you can visit our help center to close your account .,[],[],"{""limitation_of_liability"": 0.0038826814852654934, ""unilateral_termination"": 0.00502167409285903, ""unilateral_change"": 0.005451489705592394, ""content_removal"": 0.0043897307477891445, ""contract_by_using"": 0.0030825769063085318, ""choice_of_law"": 0.002466729376465082, ""jurisdiction"": 0.002510681049898267, ""arbitration"": 0.005685933865606785}"
test:784,"in the unlikely event we end up in a legal dispute , we agree to resolve it in california courts ( using california law ) or dublin , ireland courts ( using irish law ) .","[""choice_of_law"", ""jurisdiction""]","[""jurisdiction"", ""arbitration""]","{""limitation_of_liability"": 0.0956137478351593, ""unilateral_termination"": 0.06978391110897064, ""unilateral_change"": 0.038896989077329636, ""content_removal"": 0.0867113545536995, ""contract_by_using"": 0.08450578898191452, ""choice_of_law"": 0.43681976199150085, ""jurisdiction"": 0.9217294454574585, ""arbitration"": 0.7268709540367126}"
test:785,"if you live in the european union : you agree that the laws of ireland , excluding conflict of laws rules , shall exclusively govern any dispute relating to this contract and/or the services .","[""choice_of_law""]","[""choice_of_law""]","{""limitation_of_liability"": 0.1246151328086853, ""unilateral_termination"": 0.044880013912916183, ""unilateral_change"": 0.09144540876150131, ""content_removal"": 0.06543334573507309, ""contract_by_using"": 0.12287159264087677, ""choice_of_law"": 0.9631274342536926, ""jurisdiction"": 0.2559562921524048, ""arbitration"": 0.1661517173051834}"
test:786,"we both agree that all of these claims can only be litigated in dublin , ireland , and we each agree to personal jurisdiction of the courts located in dublin , ireland .","[""jurisdiction""]","[""jurisdiction""]","{""limitation_of_liability"": 0.1730014681816101, ""unilateral_termination"": 0.03435995429754257, ""unilateral_change"": 0.03644442930817604, ""content_removal"": 0.06484730541706085, ""contract_by_using"": 0.05205092579126358, ""choice_of_law"": 0.266789972782135, ""jurisdiction"": 0.9177751541137695, ""arbitration"": 0.2047152817249298}"
test:787,"for all others , including those who live outside of the united states , you agree that the laws of the state of california , u.s.a. , excluding its conflict of laws rules , shall exclusively govern any dispute relating to this contract and/or the services .","[""choice_of_law""]","[""choice_of_law""]","{""limitation_of_liability"": 0.10623825341463089, ""unilateral_termination"": 0.041100677102804184, ""unilateral_change"": 0.07573547214269638, ""content_removal"": 0.062403738498687744, ""contract_by_using"": 0.11311855912208557, ""choice_of_law"": 0.9561238288879395, ""jurisdiction"": 0.23111659288406372, ""arbitration"": 0.1485314518213272}"
test:788,"we both agree that all of these claims can only be litigated in the federal or state courts in santa clara county , california , usa , and we each agree to personal jurisdiction in those courts .","[""jurisdiction""]","[""jurisdiction""]","{""limitation_of_liability"": 0.2018134444952011, ""unilateral_termination"": 0.05237333104014397, ""unilateral_change"": 0.05563664808869362, ""content_removal"": 0.09193562716245651, ""contract_by_using"": 0.07152224332094193, ""choice_of_law"": 0.4758598506450653, ""jurisdiction"": 0.9574490785598755, ""arbitration"": 0.31981149315834045}"
test:789,here are some important details about how to read the contract .,[],[],"{""limitation_of_liability"": 0.004942208994179964, ""unilateral_termination"": 0.003024513367563486, ""unilateral_change"": 0.006292796693742275, ""content_removal"": 0.003524861764162779, ""contract_by_using"": 0.00340214348398149, ""choice_of_law"": 0.003171500749886036, ""jurisdiction"": 0.0024141715839505196, ""arbitration"": 0.004678274970501661}"
test:790,"if a court with authority over this contract finds any part of it not enforceable , you and us agree that the court should modify the terms to make that part enforceable while still achieving its intent .",[],[],"{""limitation_of_liability"": 0.007965736091136932, ""unilateral_termination"": 0.025828039273619652, ""unilateral_change"": 0.7355082631111145, ""content_removal"": 0.026031432673335075, ""contract_by_using"": 0.0662948340177536, ""choice_of_law"": 0.015658201649785042, ""jurisdiction"": 0.009919358417391777, ""arbitration"": 0.01643284037709236}"
test:791,"if the court can not do that , you and us agree to ask the court to remove that unenforceable part and still enforce the rest of this contract .",[],"[""content_removal""]","{""limitation_of_liability"": 0.018284564837813377, ""unilateral_termination"": 0.05898451432585716, ""unilateral_change"": 0.029861342161893845, ""content_removal"": 0.4686344861984253, ""contract_by_using"": 0.010712944902479649, ""choice_of_law"": 0.014767643995583057, ""jurisdiction"": 0.040651846677064896, ""arbitration"": 0.03316817432641983}"
test:792,"to the extent allowed by law , the english language version of this contract is binding and other translations are for convenience only .",[],[],"{""limitation_of_liability"": 0.006806264165788889, ""unilateral_termination"": 0.0024652655702084303, ""unilateral_change"": 0.009679366834461689, ""content_removal"": 0.004283549729734659, ""contract_by_using"": 0.0055515700951218605, ""choice_of_law"": 0.010346499271690845, ""jurisdiction"": 0.004645632579922676, ""arbitration"": 0.006925750989466906}"
test:793,this contract ( including additional terms that may be provided by us when you engage with a feature of the services ) is the only agreement between us regarding the services and supersedes all prior agreements for the services .,[],[],"{""limitation_of_liability"": 0.004774393048137426, ""unilateral_termination"": 0.0024597500450909138, ""unilateral_change"": 0.005301688332110643, ""content_removal"": 0.0035308643709868193, ""contract_by_using"": 0.019377799704670906, ""choice_of_law"": 0.004673255607485771, ""jurisdiction"": 0.0029050437733531, ""arbitration"": 0.006477627903223038}"
test:794,"if we do n't act to enforce a breach of this contract , that does not mean that linkedin has waived its right to enforce this contract .",[],[],"{""limitation_of_liability"": 0.006391566246747971, ""unilateral_termination"": 0.004146970342844725, ""unilateral_change"": 0.0029838401824235916, ""content_removal"": 0.003916596062481403, ""contract_by_using"": 0.003836764255538583, ""choice_of_law"": 0.0022162513341754675, ""jurisdiction"": 0.0025292388163506985, ""arbitration"": 0.005187778268009424}"
test:795,you may not assign or transfer this contract ( or your membership or use of services ) to anyone without our consent .,[],[],"{""limitation_of_liability"": 0.0042313626036047935, ""unilateral_termination"": 0.0043518734164536, ""unilateral_change"": 0.0040681432001292706, ""content_removal"": 0.0055582900531589985, ""contract_by_using"": 0.004037801176309586, ""choice_of_law"": 0.002433757996186614, ""jurisdiction"": 0.002406647428870201, ""arbitration"": 0.004970178939402103}"
test:796,"however , you agree that linkedin may assign this contract to its affiliates or a party that buys it without your consent .",[],[],"{""limitation_of_liability"": 0.0034398639108985662, ""unilateral_termination"": 0.0048353057354688644, ""unilateral_change"": 0.01163563597947359, ""content_removal"": 0.005773766431957483, ""contract_by_using"": 0.006197634618729353, ""choice_of_law"": 0.003154454752802849, ""jurisdiction"": 0.0029747355729341507, ""arbitration"": 0.005814435891807079}"
test:797,there are no third party beneficiaries to this contract .,[],[],"{""limitation_of_liability"": 0.008312566205859184, ""unilateral_termination"": 0.0031373759265989065, ""unilateral_change"": 0.0041640945710241795, ""content_removal"": 0.0029804459773004055, ""contract_by_using"": 0.0033646628726273775, ""choice_of_law"": 0.0027205180376768112, ""jurisdiction"": 0.0023769282270222902, ""arbitration"": 0.004783232696354389}"
test:798,we reserve the right to change the terms of this contract and will provide you notice if we do and we agree that changes can not be retroactive .,"[""unilateral_change""]","[""unilateral_change""]","{""limitation_of_liability"": 0.039376236498355865, ""unilateral_termination"": 0.1087557002902031, ""unilateral_change"": 0.9665297269821167, ""content_removal"": 0.029254190623760223, ""contract_by_using"": 0.06896286457777023, ""choice_of_law"": 0.03494187444448471, ""jurisdiction"": 0.017103448510169983, ""arbitration"": 0.0280606746673584}"
test:799,"if you do n't agree to these changes , you must stop using the services .",[],[],"{""limitation_of_liability"": 0.0040515875443816185, ""unilateral_termination"": 0.09191172569990158, ""unilateral_change"": 0.010363558307290077, ""content_removal"": 0.02974759228527546, ""contract_by_using"": 0.006972502917051315, ""choice_of_law"": 0.0024934406392276287, ""jurisdiction"": 0.0034507608506828547, ""arbitration"": 0.006983304396271706}"
test:800,you agree that the only way to provide us legal notice is at the addresses provided in section 10 .,[],[],"{""limitation_of_liability"": 0.0064748539589345455, ""unilateral_termination"": 0.003324702614918351, ""unilateral_change"": 0.004987474996596575, ""content_removal"": 0.004004047252237797, ""contract_by_using"": 0.0037815358955413103, ""choice_of_law"": 0.0036382745020091534, ""jurisdiction"": 0.0035702227614820004, ""arbitration"": 0.005628793966025114}"
test:802,you agree that you will :,[],[],"{""limitation_of_liability"": 0.007865543477237225, ""unilateral_termination"": 0.0034749596379697323, ""unilateral_change"": 0.003516602795571089, ""content_removal"": 0.0032618169207125902, ""contract_by_using"": 0.0037812788505107164, ""choice_of_law"": 0.0023827459663152695, ""jurisdiction"": 0.0023135615047067404, ""arbitration"": 0.0044262465089559555}"
test:803,"comply with all applicable laws , including , without limitation , privacy laws , intellectual property laws , anti-spam laws , export control laws , tax laws , and regulatory requirements ;",[],[],"{""limitation_of_liability"": 0.014593606814742088, ""unilateral_termination"": 0.0023492262698709965, ""unilateral_change"": 0.005333935376256704, ""content_removal"": 0.0036774410400539637, ""contract_by_using"": 0.004106719978153706, ""choice_of_law"": 0.00639520725235343, ""jurisdiction"": 0.004156081937253475, ""arbitration"": 0.00562335504218936}"
test:804,provide accurate information to us and keep it updated ;,[],[],"{""limitation_of_liability"": 0.008423564955592155, ""unilateral_termination"": 0.0032958555966615677, ""unilateral_change"": 0.007196901366114616, ""content_removal"": 0.0035216391552239656, ""contract_by_using"": 0.002823504153639078, ""choice_of_law"": 0.003078978508710861, ""jurisdiction"": 0.002146487357094884, ""arbitration"": 0.003951195627450943}"
test:805,use your real name on your profile ;,[],[],"{""limitation_of_liability"": 0.008833002299070358, ""unilateral_termination"": 0.0032032369635999203, ""unilateral_change"": 0.0038465813267976046, ""content_removal"": 0.0035567348822951317, ""contract_by_using"": 0.003083909163251519, ""choice_of_law"": 0.0033740331418812275, ""jurisdiction"": 0.0026281080208718777, ""arbitration"": 0.005016930401325226}"
test:806,use the services in a professional manner .,[],[],"{""limitation_of_liability"": 0.006658341735601425, ""unilateral_termination"": 0.002828132826834917, ""unilateral_change"": 0.005958540365099907, ""content_removal"": 0.0034309474285691977, ""contract_by_using"": 0.003593489993363619, ""choice_of_law"": 0.0033042810391634703, ""jurisdiction"": 0.0021339263767004013, ""arbitration"": 0.0041699097491800785}"
test:807,you agree that you will not :,[],[],"{""limitation_of_liability"": 0.009555155411362648, ""unilateral_termination"": 0.003459637053310871, ""unilateral_change"": 0.003390213241800666, ""content_removal"": 0.003482359927147627, ""contract_by_using"": 0.003262559650465846, ""choice_of_law"": 0.002541949739679694, ""jurisdiction"": 0.002448764629662037, ""arbitration"": 0.004634499549865723}"
test:808,"act in an unlawful or unprofessional manner in connection with our services , including being dishonest , abusive or discriminatory ;",[],[],"{""limitation_of_liability"": 0.09794368594884872, ""unilateral_termination"": 0.007248864043504, ""unilateral_change"": 0.003357119159772992, ""content_removal"": 0.005442227236926556, ""contract_by_using"": 0.004879710730165243, ""choice_of_law"": 0.0031455110292881727, ""jurisdiction"": 0.003738029394298792, ""arbitration"": 0.0038089861627668142}"
test:809,"post inaccurate , defamatory obscene , shocking , hateful , threatening or otherwise inappropriate content or airing personal grievances or disputes ;",[],[],"{""limitation_of_liability"": 0.009277251549065113, ""unilateral_termination"": 0.0036698945332318544, ""unilateral_change"": 0.003415475133806467, ""content_removal"": 0.0034118627663701773, ""contract_by_using"": 0.003405653638765216, ""choice_of_law"": 0.0022193475160747766, ""jurisdiction"": 0.002515134634450078, ""arbitration"": 0.004823578987270594}"
test:810,use an image that is not your likeness or a head-shot photo for your profile ;,[],[],"{""limitation_of_liability"": 0.00875142589211464, ""unilateral_termination"": 0.003385708434507251, ""unilateral_change"": 0.0032281321473419666, ""content_removal"": 0.0036858997773379087, ""contract_by_using"": 0.0033319233916699886, ""choice_of_law"": 0.0027401105035096407, ""jurisdiction"": 0.0025351280346512794, ""arbitration"": 0.005061738658696413}"
test:811,create a false identity on linkedin .,[],[],"{""limitation_of_liability"": 0.005095235072076321, ""unilateral_termination"": 0.00388278323225677, ""unilateral_change"": 0.004820896778255701, ""content_removal"": 0.003970109857618809, ""contract_by_using"": 0.0029941482935100794, ""choice_of_law"": 0.002741600153967738, ""jurisdiction"": 0.002709403168410063, ""arbitration"": 0.006007990799844265}"
test:812,the occasional creation of clearly fictional profiles by linkedin or with its express permission in connection with a promotional campaign does not waive this obligation ;,[],[],"{""limitation_of_liability"": 0.008119392208755016, ""unilateral_termination"": 0.003381927963346243, ""unilateral_change"": 0.003173341741785407, ""content_removal"": 0.0035691994708031416, ""contract_by_using"": 0.004472231492400169, ""choice_of_law"": 0.0022324486635625362, ""jurisdiction"": 0.002316840458661318, ""arbitration"": 0.004364113789051771}"
test:813,"misrepresent your identity ( e.g. by using a pseudonym ) , your current or previous positions , qualifications or affiliations with a person or entity ;",[],[],"{""limitation_of_liability"": 0.011311172507703304, ""unilateral_termination"": 0.0036201749462634325, ""unilateral_change"": 0.0030117863789200783, ""content_removal"": 0.0038277185522019863, ""contract_by_using"": 0.0033219116739928722, ""choice_of_law"": 0.0024760174565017223, ""jurisdiction"": 0.0023975747171789408, ""arbitration"": 0.004014727659523487}"
test:814,create a member profile for anyone other than yourself ( a real person ) ;,[],[],"{""limitation_of_liability"": 0.01326841115951538, ""unilateral_termination"": 0.00389200821518898, ""unilateral_change"": 0.0031688560266047716, ""content_removal"": 0.003662970382720232, ""contract_by_using"": 0.00284682959318161, ""choice_of_law"": 0.0028263612184673548, ""jurisdiction"": 0.002825240371748805, ""arbitration"": 0.004779711365699768}"
test:815,invite people you do not know to join your network ;,[],[],"{""limitation_of_liability"": 0.006470345892012119, ""unilateral_termination"": 0.00393933430314064, ""unilateral_change"": 0.0035798551980406046, ""content_removal"": 0.003761270083487034, ""contract_by_using"": 0.003138688625767827, ""choice_of_law"": 0.00288422335870564, ""jurisdiction"": 0.002956294221803546, ""arbitration"": 0.006402838975191116}"
test:816,use or attempt to use another 's account ;,[],[],"{""limitation_of_liability"": 0.010424863547086716, ""unilateral_termination"": 0.002951473230496049, ""unilateral_change"": 0.004000084009021521, ""content_removal"": 0.003365399781614542, ""contract_by_using"": 0.0032043911051005125, ""choice_of_law"": 0.002851651282981038, ""jurisdiction"": 0.0023399933706969023, ""arbitration"": 0.00432393467053771}"
test:817,"harass , abuse or harm another person ;",[],[],"{""limitation_of_liability"": 0.008996258489787579, ""unilateral_termination"": 0.0037681336980313063, ""unilateral_change"": 0.0038148907478898764, ""content_removal"": 0.00342591293156147, ""contract_by_using"": 0.0030835720244795084, ""choice_of_law"": 0.0022500876802951097, ""jurisdiction"": 0.0023068541195243597, ""arbitration"": 0.004649945069104433}"
test:818,"send or post any unsolicited or unauthorized advertising , `` junk mail , '' `` spam , '' `` chain letters , '' `` pyramid schemes , '' or any form of solicitation unauthorized by linkedin ;",[],[],"{""limitation_of_liability"": 0.009326457045972347, ""unilateral_termination"": 0.003171681659296155, ""unilateral_change"": 0.003476457903161645, ""content_removal"": 0.003290795488283038, ""contract_by_using"": 0.003767923917621374, ""choice_of_law"": 0.002345643937587738, ""jurisdiction"": 0.0023085512220859528, ""arbitration"": 0.0043839579448103905}"
test:819,"develop , support or use software , devices , scripts , robots , or any other means or processes ( including crawlers , browser plugins and add-ons , or any other technology or manual work ) to scrape the services or otherwise copy profiles and other data from the services ;",[],[],"{""limitation_of_liability"": 0.00860520824790001, ""unilateral_termination"": 0.002733689034357667, ""unilateral_change"": 0.0046669915318489075, ""content_removal"": 0.003446349408477545, ""contract_by_using"": 0.0039012914057821035, ""choice_of_law"": 0.002612074837088585, ""jurisdiction"": 0.0020085300784558058, ""arbitration"": 0.0038070015143603086}"
test:820,bypass or circumvent any access controls or service use limits ( such as caps on keyword searches ) ;,[],[],"{""limitation_of_liability"": 0.011512999422848225, ""unilateral_termination"": 0.003628822974860668, ""unilateral_change"": 0.0038125701248645782, ""content_removal"": 0.003705226117745042, ""contract_by_using"": 0.0034444716293364763, ""choice_of_law"": 0.0023767484817653894, ""jurisdiction"": 0.00253879651427269, ""arbitration"": 0.004217998590320349}"
test:821,"copy , use , disclose or distribute any information obtained from the services , whether directly or through third parties ( such as search engines ) , without the consent of linkedin ;",[],[],"{""limitation_of_liability"": 0.014248669147491455, ""unilateral_termination"": 0.007170327007770538, ""unilateral_change"": 0.0032326921354979277, ""content_removal"": 0.010565961711108685, ""contract_by_using"": 0.004694262053817511, ""choice_of_law"": 0.002154012443497777, ""jurisdiction"": 0.002492890227586031, ""arbitration"": 0.003550533438101411}"
test:822,"solicit email addresses or other personal information from members you do n't know , without authorization .",[],[],"{""limitation_of_liability"": 0.004239247180521488, ""unilateral_termination"": 0.004533404018729925, ""unilateral_change"": 0.00476360647007823, ""content_removal"": 0.00428031524643302, ""contract_by_using"": 0.0031567136757075787, ""choice_of_law"": 0.002669097390025854, ""jurisdiction"": 0.002522321417927742, ""arbitration"": 0.005534655414521694}"
test:823,"use , disclose or distribute any data obtained in violation of this policy ;",[],[],"{""limitation_of_liability"": 0.01426987536251545, ""unilateral_termination"": 0.004041580483317375, ""unilateral_change"": 0.003702871734276414, ""content_removal"": 0.004213358741253614, ""contract_by_using"": 0.003548096399754286, ""choice_of_law"": 0.002349796472117305, ""jurisdiction"": 0.002281205030158162, ""arbitration"": 0.0034142096992582083}"
test:824,disclose information that you do not have the consent to disclose ( such as confidential information of others ( including your employer ) ) ;,[],[],"{""limitation_of_liability"": 0.016830507665872574, ""unilateral_termination"": 0.003179588122293353, ""unilateral_change"": 0.003204967128112912, ""content_removal"": 0.003387659089639783, ""contract_by_using"": 0.0034053476992994547, ""choice_of_law"": 0.002625409746542573, ""jurisdiction"": 0.0027139796875417233, ""arbitration"": 0.0044641331769526005}"
test:825,"violate the intellectual property rights of others , including copyrights , patents , trademarks , trade secrets , or other proprietary rights .",[],[],"{""limitation_of_liability"": 0.0046411785297095776, ""unilateral_termination"": 0.0032105930149555206, ""unilateral_change"": 0.005678188521414995, ""content_removal"": 0.003802947234362364, ""contract_by_using"": 0.0034018573351204395, ""choice_of_law"": 0.0028529560659080744, ""jurisdiction"": 0.002128744963556528, ""arbitration"": 0.0043940069153904915}"
test:826,"for example , do not copy or distribute ( except through the available sharing functionality ) the posts or other content of others without their permission , which they may give by posting under a creative commons license ;",[],[],"{""limitation_of_liability"": 0.01090506836771965, ""unilateral_termination"": 0.003016966860741377, ""unilateral_change"": 0.003774877404794097, ""content_removal"": 0.003803529543802142, ""contract_by_using"": 0.0034350319765508175, ""choice_of_law"": 0.002791464328765869, ""jurisdiction"": 0.0023545450530946255, ""arbitration"": 0.003953286912292242}"
test:827,"violate the intellectual property or other rights of linkedin , including , without limitation , ( i ) copying or distributing our learning videos or other materials or ( ii ) copying or distributing our technology , unless it is released under open source licenses ; ( iii ) using the word `` linkedin '' or our logos in any business name , email , or url except as provided in the brand guidelines ;",[],[],"{""limitation_of_liability"": 0.007596930488944054, ""unilateral_termination"": 0.0037043513730168343, ""unilateral_change"": 0.0034863720647990704, ""content_removal"": 0.004772017244249582, ""contract_by_using"": 0.003350023878738284, ""choice_of_law"": 0.0022259321995079517, ""jurisdiction"": 0.0021252797450870275, ""arbitration"": 0.003668100805953145}"
test:828,use linkedin invitations to send messages to people who do n't know you or who are unlikely to recognize you as a known contact ;,[],[],"{""limitation_of_liability"": 0.006048333831131458, ""unilateral_termination"": 0.003677249187603593, ""unilateral_change"": 0.003553061280399561, ""content_removal"": 0.003955531399697065, ""contract_by_using"": 0.0033122242894023657, ""choice_of_law"": 0.002643418498337269, ""jurisdiction"": 0.002607158850878477, ""arbitration"": 0.005273451097309589}"
test:829,"post anything that contains software viruses , worms , or any other harmful code ;",[],[],"{""limitation_of_liability"": 0.013746475800871849, ""unilateral_termination"": 0.0031583793461322784, ""unilateral_change"": 0.003675533691421151, ""content_removal"": 0.0034461189061403275, ""contract_by_using"": 0.003284535836428404, ""choice_of_law"": 0.0025561179500073195, ""jurisdiction"": 0.0023908677976578474, ""arbitration"": 0.004241055343300104}"
test:830,manipulate identifiers in order to disguise the origin of any message or post transmitted through the services .,[],[],"{""limitation_of_liability"": 0.005885703954845667, ""unilateral_termination"": 0.003598924959078431, ""unilateral_change"": 0.0050461613573133945, ""content_removal"": 0.004090804141014814, ""contract_by_using"": 0.0029365653172135353, ""choice_of_law"": 0.0025622632820159197, ""jurisdiction"": 0.0021269265562295914, ""arbitration"": 0.004160854499787092}"
test:831,create profiles or provide content that promotes escort services or prostitution .,[],[],"{""limitation_of_liability"": 0.005501921754330397, ""unilateral_termination"": 0.0034593476448208094, ""unilateral_change"": 0.004334735684096813, ""content_removal"": 0.0035575188230723143, ""contract_by_using"": 0.0034569601994007826, ""choice_of_law"": 0.0030683400109410286, ""jurisdiction"": 0.0025710819754749537, ""arbitration"": 0.005958046298474073}"
test:832,"create or operate a pyramid scheme , fraud or other similar practice ;",[],[],"{""limitation_of_liability"": 0.014538939110934734, ""unilateral_termination"": 0.003352205501869321, ""unilateral_change"": 0.0034374373499304056, ""content_removal"": 0.003215298056602478, ""contract_by_using"": 0.0033517947886139154, ""choice_of_law"": 0.0027487054467201233, ""jurisdiction"": 0.0028222007676959038, ""arbitration"": 0.00456391042098403}"
test:833,"reverse engineer , decompile , disassemble , decipher or otherwise attempt to derive the source code for the services or any related technology that is not open source ;",[],[],"{""limitation_of_liability"": 0.010954962112009525, ""unilateral_termination"": 0.0032191178761422634, ""unilateral_change"": 0.003428685013204813, ""content_removal"": 0.00409334572032094, ""contract_by_using"": 0.0037743502762168646, ""choice_of_law"": 0.002212970517575741, ""jurisdiction"": 0.0019854390993714333, ""arbitration"": 0.0038195038214325905}"
test:834,"imply or state that you are affiliated with or endorsed by linkedin without our express consent ( e.g. , representing yourself as an accredited linkedin trainer ) ;",[],[],"{""limitation_of_liability"": 0.017685066908597946, ""unilateral_termination"": 0.003929208032786846, ""unilateral_change"": 0.002398344688117504, ""content_removal"": 0.0044647748582065105, ""contract_by_using"": 0.0036284695379436016, ""choice_of_law"": 0.0029296749271452427, ""jurisdiction"": 0.0031419070437550545, ""arbitration"": 0.004606304690241814}"
test:835,"rent , lease , loan , trade , sell/re-sell access to the services or related data ;",[],[],"{""limitation_of_liability"": 0.01340167224407196, ""unilateral_termination"": 0.0028943768702447414, ""unilateral_change"": 0.003866118611767888, ""content_removal"": 0.003510500770062208, ""contract_by_using"": 0.0033224800135940313, ""choice_of_law"": 0.0027485366445034742, ""jurisdiction"": 0.0022359564900398254, ""arbitration"": 0.003795058000832796}"
test:836,"sell , sponsor , or otherwise monetize any service without linkedin 's consent ;",[],[],"{""limitation_of_liability"": 0.010162374936044216, ""unilateral_termination"": 0.0039050865452736616, ""unilateral_change"": 0.003348443191498518, ""content_removal"": 0.0040508294478058815, ""contract_by_using"": 0.0035700255539268255, ""choice_of_law"": 0.002294554840773344, ""jurisdiction"": 0.0023621213622391224, ""arbitration"": 0.003989031538367271}"
test:837,"deep-link to our services for any purpose other than to promote your profile or a group on our services , without linkedin 's consent ;",[],[],"{""limitation_of_liability"": 0.012590976431965828, ""unilateral_termination"": 0.004279900807887316, ""unilateral_change"": 0.002976884599775076, ""content_removal"": 0.004113199654966593, ""contract_by_using"": 0.003460672916844487, ""choice_of_law"": 0.0025317182298749685, ""jurisdiction"": 0.002327978378161788, ""arbitration"": 0.003837506053969264}"
test:838,"remove any copyright , trademark or other proprietary rights notices contained in or on our service ;",[],"[""content_removal""]","{""limitation_of_liability"": 0.039774250239133835, ""unilateral_termination"": 0.06949961185455322, ""unilateral_change"": 0.04075092077255249, ""content_removal"": 0.6684522032737732, ""contract_by_using"": 0.015625910833477974, ""choice_of_law"": 0.019455019384622574, ""jurisdiction"": 0.02381768450140953, ""arbitration"": 0.019345013424754143}"
test:839,"remove , cover or obscure any advertisement included on the services ;",[],[],"{""limitation_of_liability"": 0.008076841942965984, ""unilateral_termination"": 0.006069920025765896, ""unilateral_change"": 0.00854433048516512, ""content_removal"": 0.0217863991856575, ""contract_by_using"": 0.005247073248028755, ""choice_of_law"": 0.003133590565994382, ""jurisdiction"": 0.0030941893346607685, ""arbitration"": 0.003957964945584536}"
test:840,"use bots or other automated methods to access the services , add or download contacts , send or redirect messages ;",[],[],"{""limitation_of_liability"": 0.011719864793121815, ""unilateral_termination"": 0.002937863813713193, ""unilateral_change"": 0.005104816984385252, ""content_removal"": 0.0036836660001426935, ""contract_by_using"": 0.003542638150975108, ""choice_of_law"": 0.0027963595930486917, ""jurisdiction"": 0.0021764340344816446, ""arbitration"": 0.003583130892366171}"
test:841,"monitor the services ' availability , performance or functionality for any competitive purpose ;",[],[],"{""limitation_of_liability"": 0.021062934771180153, ""unilateral_termination"": 0.0039003468118608, ""unilateral_change"": 0.0055196816101670265, ""content_removal"": 0.004075665958225727, ""contract_by_using"": 0.004238935187458992, ""choice_of_law"": 0.00226369290612638, ""jurisdiction"": 0.0020158919505774975, ""arbitration"": 0.0034189228899776936}"
test:842,"engage in `` framing , '' `` mirroring , '' or otherwise simulating the appearance or function of the services ;",[],[],"{""limitation_of_liability"": 0.01264766976237297, ""unilateral_termination"": 0.0025897955056279898, ""unilateral_change"": 0.0035274287220090628, ""content_removal"": 0.003042174968868494, ""contract_by_using"": 0.004091066308319569, ""choice_of_law"": 0.0030194318387657404, ""jurisdiction"": 0.0025435376446694136, ""arbitration"": 0.004380576778203249}"
test:843,overlaying or otherwise modifying the services or their appearance ;,[],[],"{""limitation_of_liability"": 0.024851011112332344, ""unilateral_termination"": 0.003451612079516053, ""unilateral_change"": 0.007625892758369446, ""content_removal"": 0.00471408711746335, ""contract_by_using"": 0.00649529043585062, ""choice_of_law"": 0.002650486771017313, ""jurisdiction"": 0.0017888415604829788, ""arbitration"": 0.002777334302663803}"
test:844,"access the services except through the interfaces expressly provided by linkedin , such as its mobile applications , linkedin.com and slideshare.net ;",[],[],"{""limitation_of_liability"": 0.02431155927479267, ""unilateral_termination"": 0.003560517216101289, ""unilateral_change"": 0.0029639573767781258, ""content_removal"": 0.0034262158442288637, ""contract_by_using"": 0.0035567583981901407, ""choice_of_law"": 0.0031737536191940308, ""jurisdiction"": 0.002791117876768112, ""arbitration"": 0.00394827127456665}"
test:845,use a service for tasks that it is not intended for ;,[],[],"{""limitation_of_liability"": 0.00986341293901205, ""unilateral_termination"": 0.002871312666684389, ""unilateral_change"": 0.0037008316721767187, ""content_removal"": 0.0032005372922867537, ""contract_by_using"": 0.0036904450971633196, ""choice_of_law"": 0.0029552869964390993, ""jurisdiction"": 0.0027171541005373, ""arbitration"": 0.005050376057624817}"
test:846,override any security feature of the services ;,[],[],"{""limitation_of_liability"": 0.01425377931445837, ""unilateral_termination"": 0.002804178511723876, ""unilateral_change"": 0.004310072865337133, ""content_removal"": 0.0031487441156059504, ""contract_by_using"": 0.003599973162636161, ""choice_of_law"": 0.002945598214864731, ""jurisdiction"": 0.002436318900436163, ""arbitration"": 0.004259607754647732}"
test:847,"interfere with the operation of , or place an unreasonable load on , the services ( e.g. , spam , denial of service attack , viruses , gaming algorithms ) ; and/or",[],[],"{""limitation_of_liability"": 0.023955076932907104, ""unilateral_termination"": 0.004311001859605312, ""unilateral_change"": 0.0035679920110851526, ""content_removal"": 0.0051973843947052956, ""contract_by_using"": 0.004162392113357782, ""choice_of_law"": 0.002053075237199664, ""jurisdiction"": 0.0023589390330016613, ""arbitration"": 0.003334508277475834}"
test:848,violate the professional community guidelines or any additional terms concerning a specific service that are provided when you sign up for or start using such service .,[],[],"{""limitation_of_liability"": 0.006198527757078409, ""unilateral_termination"": 0.013194454833865166, ""unilateral_change"": 0.003874886315315962, ""content_removal"": 0.008626935072243214, ""contract_by_using"": 0.0036594762932509184, ""choice_of_law"": 0.001867106300778687, ""jurisdiction"": 0.001945827971212566, ""arbitration"": 0.003806545864790678}"
test:849,we respect the intellectual property rights of others .,[],[],"{""limitation_of_liability"": 0.0061240727081894875, ""unilateral_termination"": 0.0028940069023519754, ""unilateral_change"": 0.0049472772516310215, ""content_removal"": 0.003261176636442542, ""contract_by_using"": 0.0034680692479014397, ""choice_of_law"": 0.003035450354218483, ""jurisdiction"": 0.002336188219487667, ""arbitration"": 0.004710448905825615}"
test:850,we require that information posted by members be accurate and not in violation of the intellectual property rights or other rights of third parties .,[],[],"{""limitation_of_liability"": 0.006693351082503796, ""unilateral_termination"": 0.004930554423481226, ""unilateral_change"": 0.004644166212528944, ""content_removal"": 0.005293115042150021, ""contract_by_using"": 0.0025980821810662746, ""choice_of_law"": 0.00202853768132627, ""jurisdiction"": 0.0018704150570556521, ""arbitration"": 0.0035582883283495903}"
test:851,we provide a policy and process for complaints concerning content posted by our members .,[],[],"{""limitation_of_liability"": 0.0037764357402920723, ""unilateral_termination"": 0.0044235959649086, ""unilateral_change"": 0.0054966723546385765, ""content_removal"": 0.003954943269491196, ""contract_by_using"": 0.0037256621289998293, ""choice_of_law"": 0.00218122242949903, ""jurisdiction"": 0.00231071375310421, ""arbitration"": 0.005304631311446428}"
test:852,"if you want to send us notices or service of process , please contact us :",[],[],"{""limitation_of_liability"": 0.005284412764012814, ""unilateral_termination"": 0.004531022626906633, ""unilateral_change"": 0.0036616288125514984, ""content_removal"": 0.004079869948327541, ""contract_by_using"": 0.0034835715778172016, ""choice_of_law"": 0.002864481182768941, ""jurisdiction"": 0.0035320864990353584, ""arbitration"": 0.0076783085241913795}"
test:853,"duolingo websites ( `` websites '' ) and mobile applications , including the tinycards application ( `` apps '' ) and related services ( together with the websites , the `` service '' ) , including our language proficiency testing services ( the `` duolingo english test '' ) are operated by duolingo , inc. ( `` duolingo , '' `` us , '' or `` we '' ) .",[],[],"{""limitation_of_liability"": 0.004434217698872089, ""unilateral_termination"": 0.003131781006231904, ""unilateral_change"": 0.005010645370930433, ""content_removal"": 0.003942718729376793, ""contract_by_using"": 0.004079059697687626, ""choice_of_law"": 0.0031517972238361835, ""jurisdiction"": 0.00237494008615613, ""arbitration"": 0.0051517547108232975}"
test:854,access and use of the service is subject to the following terms and conditions of service ( `` terms and conditions '' ) .,[],[],"{""limitation_of_liability"": 0.018691398203372955, ""unilateral_termination"": 0.024629829451441765, ""unilateral_change"": 0.18641339242458344, ""content_removal"": 0.013296007178723812, ""contract_by_using"": 0.5572517514228821, ""choice_of_law"": 0.012599332258105278, ""jurisdiction"": 0.0068932343274354935, ""arbitration"": 0.012551579624414444}"
test:855,"by accessing or using any part of the service , you represent that you have read , understood , and agree to be bound by these terms and conditions including any future modifications .","[""contract_by_using""]","[""contract_by_using""]","{""limitation_of_liability"": 0.04201872646808624, ""unilateral_termination"": 0.022925077006220818, ""unilateral_change"": 0.0968562662601471, ""content_removal"": 0.050499510020017624, ""contract_by_using"": 0.9785115122795105, ""choice_of_law"": 0.07856583595275879, ""jurisdiction"": 0.07395109534263611, ""arbitration"": 0.09967242926359177}"
test:856,"duolingo may amend , update or change these terms and conditions .","[""unilateral_change""]","[""unilateral_change""]","{""limitation_of_liability"": 0.06970376521348953, ""unilateral_termination"": 0.11954858899116516, ""unilateral_change"": 0.9873633980751038, ""content_removal"": 0.08055252581834793, ""contract_by_using"": 0.12811978161334991, ""choice_of_law"": 0.06525107473134995, ""jurisdiction"": 0.030758630484342575, ""arbitration"": 0.03831235319375992}"
test:857,"if we do this , we will post a notice that we have made changes to these terms and conditions on the websites for at least 7 days after the changes are posted and will indicate at the bottom of the terms and conditions the date these terms were last revised .",[],[],"{""limitation_of_liability"": 0.007131297141313553, ""unilateral_termination"": 0.008392809890210629, ""unilateral_change"": 0.49823787808418274, ""content_removal"": 0.012177773751318455, ""contract_by_using"": 0.08272860199213028, ""choice_of_law"": 0.015471192076802254, ""jurisdiction"": 0.006418781355023384, ""arbitration"": 0.009342345409095287}"
test:858,any revisions to these terms and conditions will become effective the earlier of ( i ) the end of such 7-day period or ( ii ) the first time you access or use the service after such changes .,"[""contract_by_using""]",[],"{""limitation_of_liability"": 0.014316156506538391, ""unilateral_termination"": 0.010757177136838436, ""unilateral_change"": 0.4314444959163666, ""content_removal"": 0.010885926894843578, ""contract_by_using"": 0.28620824217796326, ""choice_of_law"": 0.016423385590314865, ""jurisdiction"": 0.007491712924093008, ""arbitration"": 0.014659343287348747}"
test:859,"if you do not agree to abide by these terms and conditions , you are not authorized to use , access or participate in the service .",[],[],"{""limitation_of_liability"": 0.008043757639825344, ""unilateral_termination"": 0.008220069110393524, ""unilateral_change"": 0.0030428345780819654, ""content_removal"": 0.006058618891984224, ""contract_by_using"": 0.0055962661281228065, ""choice_of_law"": 0.0019631744362413883, ""jurisdiction"": 0.0020215241238474846, ""arbitration"": 0.0032449529971927404}"
test:860,"please note that these terms and conditions contain a mandatory arbitration of disputes provision that requires the use of arbitration on an individual basis to resolve disputes in certain circumstances , rather than jury trials or class action lawsuits .",[],"[""arbitration""]","{""limitation_of_liability"": 0.01207838486880064, ""unilateral_termination"": 0.03909626975655556, ""unilateral_change"": 0.02852647751569748, ""content_removal"": 0.021519925445318222, ""contract_by_using"": 0.04419804364442825, ""choice_of_law"": 0.043510593473911285, ""jurisdiction"": 0.08464279025793076, ""arbitration"": 0.6566162109375}"
test:861,view these terms in `` governing law and arbitration '' below .,[],[],"{""limitation_of_liability"": 0.005259939003735781, ""unilateral_termination"": 0.0033441255800426006, ""unilateral_change"": 0.007652950007468462, ""content_removal"": 0.003711540484800935, ""contract_by_using"": 0.006656440906226635, ""choice_of_law"": 0.009927298873662949, ""jurisdiction"": 0.004515861161053181, ""arbitration"": 0.010286102071404457}"
test:862,"the service allows users to access and use a variety of educational services , including learning or practicing a language , taking examinations in the duolingo english test , and creating and viewing flashcards on the tinycards app .",[],[],"{""limitation_of_liability"": 0.0036165390629321337, ""unilateral_termination"": 0.0030638142488896847, ""unilateral_change"": 0.006367395166307688, ""content_removal"": 0.0037969709374010563, ""contract_by_using"": 0.0048611825332045555, ""choice_of_law"": 0.0027032438665628433, ""jurisdiction"": 0.0021885575260967016, ""arbitration"": 0.004516401793807745}"
test:863,"duolingo may , in its sole discretion and at any time , update , change , suspend , make improvements to or discontinue any aspect of the service , temporarily or permanently .","[""unilateral_termination"", ""unilateral_change""]","[""unilateral_termination"", ""unilateral_change"", ""content_removal""]","{""limitation_of_liability"": 0.11903481185436249, ""unilateral_termination"": 0.9182778596878052, ""unilateral_change"": 0.9706915020942688, ""content_removal"": 0.497047483921051, ""contract_by_using"": 0.05433611571788788, ""choice_of_law"": 0.03540929779410362, ""jurisdiction"": 0.03273243084549904, ""arbitration"": 0.049658339470624924}"
test:864,"in connection with registering for and using the service , you agree ( i ) to provide accurate , current and complete information about you and/or your organization as requested by duolingo ; ( ii ) to maintain the confidentiality of your password and other information related to the security of your account ; ( iii ) to maintain and promptly update any registration information you provide to duolingo , to keep such information accurate , current and complete ; and ( iv ) to be fully responsible for all use of your account and for any actions that take place through your account .",[],[],"{""limitation_of_liability"": 0.006968324072659016, ""unilateral_termination"": 0.002971649868413806, ""unilateral_change"": 0.006163679528981447, ""content_removal"": 0.004156757146120071, ""contract_by_using"": 0.008262809365987778, ""choice_of_law"": 0.0018765737768262625, ""jurisdiction"": 0.00199680682271719, ""arbitration"": 0.003214268246665597}"
test:865,"if you are or become a course contributor , you may offer to translate or have translated certain existing courses into other languages and you may offer to contribute new courses to the service , as agreed between you and duolingo on a case-by-case basis .",[],[],"{""limitation_of_liability"": 0.0033858614042401314, ""unilateral_termination"": 0.0022115642204880714, ""unilateral_change"": 0.011682108975946903, ""content_removal"": 0.0037867219652980566, ""contract_by_using"": 0.02042813040316105, ""choice_of_law"": 0.0037905678618699312, ""jurisdiction"": 0.003028144594281912, ""arbitration"": 0.005996480584144592}"
test:866,"subject to any guidelines posted on the service , you may perform any such translations or create any such courses in accordance with your own schedule and using your own facilities and resources .",[],[],"{""limitation_of_liability"": 0.005445410031825304, ""unilateral_termination"": 0.0027962708845734596, ""unilateral_change"": 0.012536016292870045, ""content_removal"": 0.004612550605088472, ""contract_by_using"": 0.020693376660346985, ""choice_of_law"": 0.002855414990335703, ""jurisdiction"": 0.002365261781960726, ""arbitration"": 0.003939521498978138}"
test:867,you are not required to become a course contributor and you may cease your activities as a course contributor at any time .,[],[],"{""limitation_of_liability"": 0.006428462453186512, ""unilateral_termination"": 0.01062910258769989, ""unilateral_change"": 0.0055458154529333115, ""content_removal"": 0.005156584084033966, ""contract_by_using"": 0.0034129784908145666, ""choice_of_law"": 0.0013540326617658138, ""jurisdiction"": 0.0016102638328447938, ""arbitration"": 0.003421440254896879}"
test:868,you acknowledge that you do not desire and will not receive compensation for your activities as a course contributor or for our use of any course contributor materials ( as defined below ) you submit .,[],[],"{""limitation_of_liability"": 0.009282143786549568, ""unilateral_termination"": 0.0027290594298392534, ""unilateral_change"": 0.003564247628673911, ""content_removal"": 0.0033913752995431423, ""contract_by_using"": 0.005409187637269497, ""choice_of_law"": 0.002275130245834589, ""jurisdiction"": 0.0019996301271021366, ""arbitration"": 0.0036896297242492437}"
test:869,"any translation of an existing duolingo course you submit or have submitted and any new language course you submit or have submitted as a course contributor ( collectively , `` course contributor materials '' ) are owned by you ( subject of course to us retaining ownership of the existing duolingo course you translated ) .",[],[],"{""limitation_of_liability"": 0.005251034628599882, ""unilateral_termination"": 0.0027770239394158125, ""unilateral_change"": 0.003914232365787029, ""content_removal"": 0.00370392226614058, ""contract_by_using"": 0.004649697802960873, ""choice_of_law"": 0.002811687532812357, ""jurisdiction"": 0.0023414588067680597, ""arbitration"": 0.00472306739538908}"
test:870,"by submitting any course contributor material , you grant us a fully paid up , royalty-free , perpetual , sublicensable license to reproduce , display , perform , modify , create derivative works of , distribute and otherwise use such course contributor material in any manner .",[],[],"{""limitation_of_liability"": 0.004335458390414715, ""unilateral_termination"": 0.00330600724555552, ""unilateral_change"": 0.0040411315858364105, ""content_removal"": 0.004206368234008551, ""contract_by_using"": 0.005870342254638672, ""choice_of_law"": 0.0022318155970424414, ""jurisdiction"": 0.0022608041763305664, ""arbitration"": 0.004927074071019888}"
test:871,"as a condition of submitting any ratings , reviews , information , data , text , photographs , audio clips , audiovisual works , translations , flashcards or other materials on the services ( `` content '' ) , you hereby grant to duolingo a royalty free , perpetual , irrevocable , worldwide , nonexclusive , transferable , and sublicensable license to use , reproduce , copy , adapt , modify , merge , distribute , publicly display , create derivative works from , incorporate such content into other works ; sublicense through multiple tiers the content , and acknowledge that this license can not be terminated by you once your content is submitted to the services .",[],[],"{""limitation_of_liability"": 0.003248644759878516, ""unilateral_termination"": 0.013099053874611855, ""unilateral_change"": 0.005905826110392809, ""content_removal"": 0.007559959776699543, ""contract_by_using"": 0.009602670557796955, ""choice_of_law"": 0.0018559535965323448, ""jurisdiction"": 0.0028037880547344685, ""arbitration"": 0.00777420261874795}"
test:872,"you represent that you own or have secured all legal rights necessary for the content submitted by you to be used by you , duolingo , and others as described and otherwise contemplated in these terms and conditions .",[],[],"{""limitation_of_liability"": 0.005979080218821764, ""unilateral_termination"": 0.002716905903071165, ""unilateral_change"": 0.0034025947097688913, ""content_removal"": 0.00446277903392911, ""contract_by_using"": 0.005181009881198406, ""choice_of_law"": 0.002987520769238472, ""jurisdiction"": 0.0026318379677832127, ""arbitration"": 0.004357405938208103}"
test:873,you understand that other users will have access to the content and that neither they or duolingo have any obligation to you or anyone else to maintain the confidentiality of the content .,[],[],"{""limitation_of_liability"": 0.006661900319159031, ""unilateral_termination"": 0.003369641024619341, ""unilateral_change"": 0.004170852247625589, ""content_removal"": 0.004298977553844452, ""contract_by_using"": 0.003661141963675618, ""choice_of_law"": 0.0021711045410484076, ""jurisdiction"": 0.00197769608348608, ""arbitration"": 0.003815394826233387}"
test:874,"you represent and warrant to duolingo that your access and use of the service will be in accordance with these terms and conditions and with all applicable laws , rules and regulations of the united states and any other relevant jurisdiction , including those regarding online conduct or acceptable content , and those regarding the transmission of data or information exported from the united states and/or the jurisdiction in which you reside .",[],[],"{""limitation_of_liability"": 0.006037590093910694, ""unilateral_termination"": 0.00391445541754365, ""unilateral_change"": 0.008367212489247322, ""content_removal"": 0.007315887603908777, ""contract_by_using"": 0.057299867272377014, ""choice_of_law"": 0.011807871982455254, ""jurisdiction"": 0.007141720503568649, ""arbitration"": 0.006572858430445194}"
test:875,"you further represent and warrant that you have created or own any material you submit via the service ( including translation materials , course contributor materials , activity materials , and content ) and that you have the right , as applicable , to grant us a license to use that material as set forth above or the right to assign that material to us as set forth below .",[],[],"{""limitation_of_liability"": 0.0037905643694102764, ""unilateral_termination"": 0.004370344337075949, ""unilateral_change"": 0.004819318652153015, ""content_removal"": 0.004826722666621208, ""contract_by_using"": 0.004970346577465534, ""choice_of_law"": 0.001975460909307003, ""jurisdiction"": 0.0021139425225555897, ""arbitration"": 0.004164944868534803}"
test:876,"if you register with the duolingo english test , you further represent and warrant that the identification materials you submit to duolingo are true and accurate representations of legal identification documents , issued to you by a government entity in accordance with local laws , and that you are registering for the duolingo english test for the express purpose of taking a language examination .",[],[],"{""limitation_of_liability"": 0.00506196916103363, ""unilateral_termination"": 0.0029620977584272623, ""unilateral_change"": 0.0035904196556657553, ""content_removal"": 0.004115638323128223, ""contract_by_using"": 0.004981310106813908, ""choice_of_law"": 0.0029172031208872795, ""jurisdiction"": 0.0028418744914233685, ""arbitration"": 0.005013734567910433}"
test:877,"you further represent and warrant that you will carefully safeguard your password , user name , and account information , will not share your password or user name with any third party , and will not allow any third party to access your duolingo english test account for any purpose .",[],[],"{""limitation_of_liability"": 0.005181809421628714, ""unilateral_termination"": 0.003525297623127699, ""unilateral_change"": 0.003952173516154289, ""content_removal"": 0.004110253416001797, ""contract_by_using"": 0.0033714508172124624, ""choice_of_law"": 0.0022495482116937637, ""jurisdiction"": 0.0022701509296894073, ""arbitration"": 0.004590578842908144}"
test:878,"you represent and warrant that ( 1 ) you are not organized under the laws of , operating from , or otherwise ordinarily resident in a country or territory that is the target or comprehensive u.s. economic or trade sanctions ( i.e. , an embargo ) or ( 2 ) identified on a list of prohibited or restricted persons , such as the u.s. treasury department 's list of specially designated nationals and blocked persons , or ( 3 ) otherwise the target of u.s. sanctions .",[],[],"{""limitation_of_liability"": 0.0070152925327420235, ""unilateral_termination"": 0.003938673995435238, ""unilateral_change"": 0.0031777387484908104, ""content_removal"": 0.004008191172033548, ""contract_by_using"": 0.004749004729092121, ""choice_of_law"": 0.003182044718414545, ""jurisdiction"": 0.003471320727840066, ""arbitration"": 0.005258579738438129}"
test:879,"you will not upload , display or otherwise provide on or through the service any content that : ( i ) is libelous , defamatory , abusive , threatening , harassing , hateful , offensive or otherwise violates any law or infringes upon the right of any third party ( including copyright , trademark , privacy , publicity or other personal or proprietary rights ) ; or ( ii ) in duolingo 's sole judgment , is objectionable or which restricts or inhibits any other person from using the service or which may expose duolingo or its users to any harm or liability of any kind .",[],[],"{""limitation_of_liability"": 0.004948211368173361, ""unilateral_termination"": 0.003866596380248666, ""unilateral_change"": 0.004339939448982477, ""content_removal"": 0.00472261430695653, ""contract_by_using"": 0.004199939779937267, ""choice_of_law"": 0.002176928101107478, ""jurisdiction"": 0.0020049146842211485, ""arbitration"": 0.0036946742329746485}"
test:880,"you will not use the duolingo english test to collect information about our testing process or to develop strategy , guides or other testing preparation material or a similar testing service , and you will not violate any rules applicable to the english test or otherwise cheat or circumvent the applicable procedures when taking an english test .",[],[],"{""limitation_of_liability"": 0.004881589207798243, ""unilateral_termination"": 0.003725536400452256, ""unilateral_change"": 0.0035588901955634356, ""content_removal"": 0.0042958250269293785, ""contract_by_using"": 0.004317468497902155, ""choice_of_law"": 0.002287144772708416, ""jurisdiction"": 0.00216876482591033, ""arbitration"": 0.004396083299070597}"
test:881,"you agree to defend , indemnify and hold harmless duolingo and its directors , officers , employees , contractors , agents , suppliers , licensors , successors and assigns , from and against any and all losses , claims , causes of action , obligations , liabilities and damages whatsoever , including attorneys ' fees , arising out of or relating to your access or use of the service , any false representation made to us ( as part of these terms and conditions or otherwise ) , your breach of any of these terms and conditions , or any claim that any translation we provide to you is inaccurate , inappropriate or defective in any way whatsoever .",[],[],"{""limitation_of_liability"": 0.007290364243090153, ""unilateral_termination"": 0.003307204693555832, ""unilateral_change"": 0.0036391736939549446, ""content_removal"": 0.004090289585292339, ""contract_by_using"": 0.00410130200907588, ""choice_of_law"": 0.002036800142377615, ""jurisdiction"": 0.002162384567782283, ""arbitration"": 0.0036112882662564516}"
test:882,"subject to the terms of these terms and conditions , duolingo grants you a non-transferable , non-exclusive license to download , install , and use one copy of each app in object code form only on an interactive wireless device that you own or control .",[],[],"{""limitation_of_liability"": 0.0033172478433698416, ""unilateral_termination"": 0.0041078669019043446, ""unilateral_change"": 0.005467298440635204, ""content_removal"": 0.005278707016259432, ""contract_by_using"": 0.00819535180926323, ""choice_of_law"": 0.0024409624747931957, ""jurisdiction"": 0.0023716851137578487, ""arbitration"": 0.005498173646628857}"
test:883,"you may not derive or attempt to derive the source code of all or any portion of any app , permit any third party to derive or attempt to derive such source code , or reverse engineer , decompile , disassemble , or translate any app or any part thereof .",[],[],"{""limitation_of_liability"": 0.006588195916265249, ""unilateral_termination"": 0.003149326192215085, ""unilateral_change"": 0.004039803519845009, ""content_removal"": 0.004457240924239159, ""contract_by_using"": 0.0037265634164214134, ""choice_of_law"": 0.002222321927547455, ""jurisdiction"": 0.001984234666451812, ""arbitration"": 0.0038189557380974293}"
test:884,"duolingo and its licensors own and shall retain all intellectual property rights and other rights in and to the apps , and any changes , modifications , or corrections thereto .",[],[],"{""limitation_of_liability"": 0.005337726324796677, ""unilateral_termination"": 0.0030059530399739742, ""unilateral_change"": 0.007857713848352432, ""content_removal"": 0.004743565339595079, ""contract_by_using"": 0.004190121311694384, ""choice_of_law"": 0.0024377701338380575, ""jurisdiction"": 0.0017347150715067983, ""arbitration"": 0.0030397046357393265}"
test:885,the following terms and conditions apply to you only if you are using the apps from the apple app store .,[],[],"{""limitation_of_liability"": 0.004006337374448776, ""unilateral_termination"": 0.0030561992898583412, ""unilateral_change"": 0.007561730686575174, ""content_removal"": 0.0035410295240581036, ""contract_by_using"": 0.0067752934992313385, ""choice_of_law"": 0.0028917938470840454, ""jurisdiction"": 0.001929069752804935, ""arbitration"": 0.0038581094704568386}"
test:886,"to the extent the other terms and conditions of these terms and conditions are less restrictive than , or otherwise conflict with , the terms and conditions of this paragraph , the more restrictive or conflicting terms and conditions in this paragraph apply , but solely with respect to apps from the apple app store .",[],[],"{""limitation_of_liability"": 0.007569227833300829, ""unilateral_termination"": 0.002337603596970439, ""unilateral_change"": 0.005961541086435318, ""content_removal"": 0.0039431871846318245, ""contract_by_using"": 0.005615164525806904, ""choice_of_law"": 0.004519693553447723, ""jurisdiction"": 0.0022349597420543432, ""arbitration"": 0.0037028309889137745}"
test:887,"you acknowledge and agree that these terms and conditions are solely between you and duolingo , not apple , and that apple has no responsibility for the apps or content thereof .",[],[],"{""limitation_of_liability"": 0.2388114035129547, ""unilateral_termination"": 0.003844389459118247, ""unilateral_change"": 0.003990852739661932, ""content_removal"": 0.005704235751181841, ""contract_by_using"": 0.0063345767557621, ""choice_of_law"": 0.005040026269853115, ""jurisdiction"": 0.003944947849959135, ""arbitration"": 0.0045272368006408215}"
test:888,your use of any app must comply with the app store terms of service .,[],[],"{""limitation_of_liability"": 0.003981585614383221, ""unilateral_termination"": 0.003326687728986144, ""unilateral_change"": 0.006597230210900307, ""content_removal"": 0.003442665096372366, ""contract_by_using"": 0.00953059270977974, ""choice_of_law"": 0.0023918412625789642, ""jurisdiction"": 0.002147901337593794, ""arbitration"": 0.0042462726123631}"
test:889,you acknowledge that apple has no obligation whatsoever to furnish any maintenance and support services with respect to the apps .,[],[],"{""limitation_of_liability"": 0.023457398638129234, ""unilateral_termination"": 0.0028324476443231106, ""unilateral_change"": 0.005081058945506811, ""content_removal"": 0.00353828608058393, ""contract_by_using"": 0.003512175753712654, ""choice_of_law"": 0.002373824128881097, ""jurisdiction"": 0.001902284100651741, ""arbitration"": 0.003290911205112934}"
test:890,"in the event of any failure of any app to conform to any applicable warranty , you may notify apple , and apple will refund the purchase price , if any , for the app to you ; to the maximum extent permitted by applicable law , apple will have no other warranty obligation whatsoever with respect to the apps , and any other claims , losses , liabilities , damages , costs or expenses attributable to any failure to conform to any warranty will be solely governed by these terms and conditions .",[],[],"{""limitation_of_liability"": 0.029857376590371132, ""unilateral_termination"": 0.0032865051180124283, ""unilateral_change"": 0.004809127189218998, ""content_removal"": 0.004710477776825428, ""contract_by_using"": 0.004039688501507044, ""choice_of_law"": 0.0046430425718426704, ""jurisdiction"": 0.002636051969602704, ""arbitration"": 0.0042755380272865295}"
test:891,"you and duolingo acknowledge that apple is not responsible for addressing any claims of you or any third party relating to the apps or your possession and/or use of any app , including , but not limited to : ( i ) product liability claims ; ( ii ) any claim that an app fails to conform to any applicable legal or regulatory requirement ; and ( iii ) claims arising under consumer protection or similar legislation .",[],[],"{""limitation_of_liability"": 0.0713777244091034, ""unilateral_termination"": 0.002718819770962, ""unilateral_change"": 0.0038025500252842903, ""content_removal"": 0.004551745019853115, ""contract_by_using"": 0.004315323196351528, ""choice_of_law"": 0.0037199370563030243, ""jurisdiction"": 0.003671992802992463, ""arbitration"": 0.004183038603514433}"
test:892,"you and duolingo acknowledge that , in the event of any third-party claim that any app or your possession and use of that app infringes that third party 's intellectual property rights , duolingo , not apple , will be solely responsible for the investigation , defense , settlement and discharge of any such intellectual property infringement claim to the extent required by these terms and conditions .",[],[],"{""limitation_of_liability"": 0.01451211515814066, ""unilateral_termination"": 0.0035965165589004755, ""unilateral_change"": 0.0036211779806762934, ""content_removal"": 0.004162115510553122, ""contract_by_using"": 0.00380625668913126, ""choice_of_law"": 0.0018241389188915491, ""jurisdiction"": 0.002085339045152068, ""arbitration"": 0.003343054559081793}"
test:893,you must comply with applicable third party terms of agreement when using any app .,[],[],"{""limitation_of_liability"": 0.004724381025880575, ""unilateral_termination"": 0.0029994510114192963, ""unilateral_change"": 0.005275122355669737, ""content_removal"": 0.0036631477996706963, ""contract_by_using"": 0.004255269654095173, ""choice_of_law"": 0.0025696430820971727, ""jurisdiction"": 0.002093473682180047, ""arbitration"": 0.004186331294476986}"
test:894,"you and duolingo acknowledge and agree that apple , and apple 's subsidiaries , are third party beneficiaries of these terms and conditions as they relate to your license of the apps , and that , upon your acceptance of these terms and conditions , apple will have the right ( and will be deemed to have accepted the right ) to enforce these terms and conditions against you as a third party beneficiary thereof .",[],[],"{""limitation_of_liability"": 0.006037495564669371, ""unilateral_termination"": 0.004020482301712036, ""unilateral_change"": 0.003919737413525581, ""content_removal"": 0.003897596849128604, ""contract_by_using"": 0.011591837741434574, ""choice_of_law"": 0.0029866176191717386, ""jurisdiction"": 0.0031684101559221745, ""arbitration"": 0.005696549080312252}"
test:895,"if you purchase an auto-renewing periodic subscription through the service , your duolingo account will be billed continuously for the subscription until you terminate it as set forth below .",[],[],"{""limitation_of_liability"": 0.004916794132441282, ""unilateral_termination"": 0.0065232254564762115, ""unilateral_change"": 0.004900835920125246, ""content_removal"": 0.004328116308897734, ""contract_by_using"": 0.007118004374206066, ""choice_of_law"": 0.001844038488343358, ""jurisdiction"": 0.00210571032948792, ""arbitration"": 0.004666872322559357}"
test:896,"after your initial subscription period , and again after any subsequent subscription period , your subscription will automatically renew for an additional equivalent period .",[],[],"{""limitation_of_liability"": 0.003979479428380728, ""unilateral_termination"": 0.007395785301923752, ""unilateral_change"": 0.0057813264429569244, ""content_removal"": 0.004667946603149176, ""contract_by_using"": 0.009462323039770126, ""choice_of_law"": 0.002050209790468216, ""jurisdiction"": 0.002002977766096592, ""arbitration"": 0.005294958595186472}"
test:897,"if you do not wish your subscription to renew automatically , or if you want to change or terminate your subscription , you will need to log in to your duolingo account and follow instructions to terminate or change your subscription , even if you have deleted your account .",[],[],"{""limitation_of_liability"": 0.005199297796934843, ""unilateral_termination"": 0.21735696494579315, ""unilateral_change"": 0.022259322926402092, ""content_removal"": 0.034426700323820114, ""contract_by_using"": 0.004934733733534813, ""choice_of_law"": 0.0020563830621540546, ""jurisdiction"": 0.0037891813553869724, ""arbitration"": 0.007382530253380537}"
test:898,"in the service , you may purchase , with `` real world '' money , a limited , personal , non-transferable , non-sublicensable , revocable license to use ( a ) `` virtual currency , '' including but not limited to virtual gems , solely for use in the service , and ( b ) `` virtual in-app items '' ( together with `` virtual currency , '' `` virtual items '' ) .",[],[],"{""limitation_of_liability"": 0.00423573050647974, ""unilateral_termination"": 0.0031216400675475597, ""unilateral_change"": 0.0042852237820625305, ""content_removal"": 0.0039784568361938, ""contract_by_using"": 0.005350257735699415, ""choice_of_law"": 0.002548759803175926, ""jurisdiction"": 0.002307411516085267, ""arbitration"": 0.004809188656508923}"
test:899,"you are allowed to purchase virtual items through the service , and not in any other way .",[],[],"{""limitation_of_liability"": 0.004862624686211348, ""unilateral_termination"": 0.003630527062341571, ""unilateral_change"": 0.004551241640001535, ""content_removal"": 0.004052228294312954, ""contract_by_using"": 0.004851556848734617, ""choice_of_law"": 0.0020495338831096888, ""jurisdiction"": 0.001774951466359198, ""arbitration"": 0.0035913935862481594}"
test:900,"duolingo may manage , regulate , control , modify , or eliminate virtual items at any time , with or without notice .","[""unilateral_termination""]","[""unilateral_change"", ""content_removal""]","{""limitation_of_liability"": 0.06592182070016861, ""unilateral_termination"": 0.5599738359451294, ""unilateral_change"": 0.9637879729270935, ""content_removal"": 0.8021804690361023, ""contract_by_using"": 0.05757377669215202, ""choice_of_law"": 0.11304057389497757, ""jurisdiction"": 0.058338578790426254, ""arbitration"": 0.03992970287799835}"
test:901,"duolingo may update the pricing of virtual items at any time in its sole discretion , and may add new virtual items for additional fees .","[""unilateral_change""]","[""unilateral_change""]","{""limitation_of_liability"": 0.07048230618238449, ""unilateral_termination"": 0.15437187254428864, ""unilateral_change"": 0.9860549569129944, ""content_removal"": 0.08802656829357147, ""contract_by_using"": 0.07809692621231079, ""choice_of_law"": 0.04994604364037514, ""jurisdiction"": 0.027609478682279587, ""arbitration"": 0.03489784151315689}"
test:902,duolingo shall have no liability to you or any third party in the event that duolingo exercises any such rights .,"[""limitation_of_liability""]","[""limitation_of_liability""]","{""limitation_of_liability"": 0.9863954782485962, ""unilateral_termination"": 0.0463540218770504, ""unilateral_change"": 0.02611924707889557, ""content_removal"": 0.03745485842227936, ""contract_by_using"": 0.01937989331781864, ""choice_of_law"": 0.0357118621468544, ""jurisdiction"": 0.048921868205070496, ""arbitration"": 0.019226789474487305}"
test:903,the transfer of virtual items is prohibited except where expressly authorized in the service .,[],[],"{""limitation_of_liability"": 0.006087072659283876, ""unilateral_termination"": 0.009461733512580395, ""unilateral_change"": 0.004997997544705868, ""content_removal"": 0.009722533635795116, ""contract_by_using"": 0.002867417875677347, ""choice_of_law"": 0.0023106366861611605, ""jurisdiction"": 0.0022806995548307896, ""arbitration"": 0.0036992481909692287}"
test:904,"other than as expressly authorized in the service , you shall not sell , redeem or otherwise transfer virtual items to any person or entity , including but not limited to company , another user , or any third party .",[],[],"{""limitation_of_liability"": 0.008274261839687824, ""unilateral_termination"": 0.004350588656961918, ""unilateral_change"": 0.003057688707485795, ""content_removal"": 0.006044813897460699, ""contract_by_using"": 0.004681969061493874, ""choice_of_law"": 0.0021595510188490152, ""jurisdiction"": 0.0020864547695964575, ""arbitration"": 0.003752686781808734}"
test:905,you agree to pay all fees and applicable taxes incurred by you or anyone using a duolingo account registered to you .,[],[],"{""limitation_of_liability"": 0.006229449529200792, ""unilateral_termination"": 0.002932880539447069, ""unilateral_change"": 0.004110016860067844, ""content_removal"": 0.0034024331253021955, ""contract_by_using"": 0.0036633149720728397, ""choice_of_law"": 0.0024255902972072363, ""jurisdiction"": 0.002237581415101886, ""arbitration"": 0.004494320135563612}"
test:906,duolingo may revise the pricing for the goods and services offered through the service at any time .,"[""unilateral_change""]","[""unilateral_change""]","{""limitation_of_liability"": 0.06495633721351624, ""unilateral_termination"": 0.0979514792561531, ""unilateral_change"": 0.9829217195510864, ""content_removal"": 0.05062657594680786, ""contract_by_using"": 0.09267397969961166, ""choice_of_law"": 0.07007339596748352, ""jurisdiction"": 0.03247622400522232, ""arbitration"": 0.043448690325021744}"
test:907,"all information that you provide in connection with a purchase or transaction or other monetary transaction interaction with the service must be accurate , complete , and current .",[],[],"{""limitation_of_liability"": 0.009387963451445103, ""unilateral_termination"": 0.003358475398272276, ""unilateral_change"": 0.005855759140104055, ""content_removal"": 0.004160033073276281, ""contract_by_using"": 0.0037415558472275734, ""choice_of_law"": 0.002834171988070011, ""jurisdiction"": 0.0018616316374391317, ""arbitration"": 0.0028780701104551554}"
test:908,"you agree to pay all charges incurred by users of your credit card , debit card , or other payment method used in connection with a purchase or transaction or other monetary transaction interaction with the service at the prices in effect when such charges are incurred .",[],[],"{""limitation_of_liability"": 0.010686823166906834, ""unilateral_termination"": 0.001991520868614316, ""unilateral_change"": 0.007965600118041039, ""content_removal"": 0.002815664978697896, ""contract_by_using"": 0.0057521359995007515, ""choice_of_law"": 0.0033212515991181135, ""jurisdiction"": 0.0020487664733082056, ""arbitration"": 0.0034507084637880325}"
test:909,"you will pay any applicable taxes , if any , relating to any such purchases , transactions or other monetary transaction interactions .",[],[],"{""limitation_of_liability"": 0.04546459764242172, ""unilateral_termination"": 0.0023589557968080044, ""unilateral_change"": 0.008790930733084679, ""content_removal"": 0.0044667660258710384, ""contract_by_using"": 0.004595667123794556, ""choice_of_law"": 0.005820560734719038, ""jurisdiction"": 0.003190009156242013, ""arbitration"": 0.004258259199559689}"
test:910,"all financial transactions made in connection with the service will be processed by a third party in accordance with their respective terms of use , privacy policy , and/or any applicable payment terms and conditions .",[],[],"{""limitation_of_liability"": 0.004228695295751095, ""unilateral_termination"": 0.003059110604226589, ""unilateral_change"": 0.016161536797881126, ""content_removal"": 0.006205208133906126, ""contract_by_using"": 0.021769801154732704, ""choice_of_law"": 0.004805964883416891, ""jurisdiction"": 0.00299421651288867, ""arbitration"": 0.005711239296942949}"
test:911,we encourage you to learn about the practices of such third party .,[],[],"{""limitation_of_liability"": 0.004708604887127876, ""unilateral_termination"": 0.003608172293752432, ""unilateral_change"": 0.005045449826866388, ""content_removal"": 0.0032128249295055866, ""contract_by_using"": 0.003651999169960618, ""choice_of_law"": 0.0024257227778434753, ""jurisdiction"": 0.002236213767901063, ""arbitration"": 0.005062940064817667}"
test:912,"in no event will duolingo be responsible for the actions or inactions of any third party payment processor , including , but not limited to , system downtime or payment service outages .","[""limitation_of_liability""]","[""limitation_of_liability""]","{""limitation_of_liability"": 0.9178934693336487, ""unilateral_termination"": 0.02302904985845089, ""unilateral_change"": 0.010843654163181782, ""content_removal"": 0.01938403584063053, ""contract_by_using"": 0.008257160894572735, ""choice_of_law"": 0.010443676263093948, ""jurisdiction"": 0.01158587820827961, ""arbitration"": 0.006960515398532152}"
test:913,"in the event that duolingo suspends or terminates your use of the service or these terms and conditions or you close your account voluntarily , you understand and agree that you will receive no refund or exchange of any kind , including for any unused virtual currency or other virtual item , any content or data associated with your use of the service , or for anything else .","[""limitation_of_liability""]",[],"{""limitation_of_liability"": 0.6387175917625427, ""unilateral_termination"": 0.05408583953976631, ""unilateral_change"": 0.013281334191560745, ""content_removal"": 0.023783575743436813, ""contract_by_using"": 0.007980335503816605, ""choice_of_law"": 0.003516271710395813, ""jurisdiction"": 0.007704277988523245, ""arbitration"": 0.007928754203021526}"
test:914,"in the event of a test issue ( described below ) , duolingo will , at its option , either ( a ) provide the user with a refund for the affected test , or ( b ) use reasonable efforts to resolve the test issue .",[],[],"{""limitation_of_liability"": 0.010653670877218246, ""unilateral_termination"": 0.006728142965584993, ""unilateral_change"": 0.009756785817444324, ""content_removal"": 0.012733601033687592, ""contract_by_using"": 0.003924882970750332, ""choice_of_law"": 0.0022134233731776476, ""jurisdiction"": 0.0031274266075342894, ""arbitration"": 0.006951190531253815}"
test:915,"for purposes of this section , `` test issue '' means : ( i ) the inability to complete the test due to a failure in the websites or the apps , or ( ii ) test results are delivered more than 48 hours after the test is completed .",[],[],"{""limitation_of_liability"": 0.03161555528640747, ""unilateral_termination"": 0.004467556718736887, ""unilateral_change"": 0.004794691223651171, ""content_removal"": 0.004437327850610018, ""contract_by_using"": 0.0038338310550898314, ""choice_of_law"": 0.0028902292251586914, ""jurisdiction"": 0.001951092155650258, ""arbitration"": 0.003278482938185334}"
test:916,whether an issue constitutes a test issue will be determined by duolingo in its reasonable discretion .,[],[],"{""limitation_of_liability"": 0.033194173127412796, ""unilateral_termination"": 0.058843065053224564, ""unilateral_change"": 0.17694836854934692, ""content_removal"": 0.0760628804564476, ""contract_by_using"": 0.005231118761003017, ""choice_of_law"": 0.009751029312610626, ""jurisdiction"": 0.006036886479705572, ""arbitration"": 0.01088022906333208}"
test:917,"for clarity , termination or suspension of your account or certain activities on the service that results from a violation of section 5 regarding the english test rules and procedures does not constitute a `` test issue '' and will not result in a refund .",[],"[""unilateral_termination""]","{""limitation_of_liability"": 0.17087610065937042, ""unilateral_termination"": 0.8437373638153076, ""unilateral_change"": 0.020399045199155807, ""content_removal"": 0.11864189058542252, ""contract_by_using"": 0.007030196022242308, ""choice_of_law"": 0.007260268088430166, ""jurisdiction"": 0.012517624534666538, ""arbitration"": 0.017301911488175392}"
test:918,the amount of any refund will depend on the nature of the test issue and will not exceed the total amount actually paid by the user for the affected test .,[],[],"{""limitation_of_liability"": 0.54567950963974, ""unilateral_termination"": 0.008438789285719395, ""unilateral_change"": 0.006432209629565477, ""content_removal"": 0.009052110835909843, ""contract_by_using"": 0.004335793666541576, ""choice_of_law"": 0.00927013624459505, ""jurisdiction"": 0.007668101694434881, ""arbitration"": 0.006001834757626057}"
test:919,"to submit a valid claim for a refund , a user must ( a ) submit the test issue in writing to duolingo within 24 hours after the test issue occurs , and respond to duolingo 's requests for information or cooperation , ( b ) not have directly or indirectly caused the test issue , and ( c ) have met all test requirements when taking the test prior to making a claim for a test issue .",[],[],"{""limitation_of_liability"": 0.006281782872974873, ""unilateral_termination"": 0.004755188710987568, ""unilateral_change"": 0.004435358569025993, ""content_removal"": 0.005943914409726858, ""contract_by_using"": 0.003684362629428506, ""choice_of_law"": 0.001880986732430756, ""jurisdiction"": 0.002513112500309944, ""arbitration"": 0.0048530674539506435}"
test:920,"third-party links , sites , and services",[],[],"{""limitation_of_liability"": 0.006520599126815796, ""unilateral_termination"": 0.003411052282899618, ""unilateral_change"": 0.004760499577969313, ""content_removal"": 0.003389074234291911, ""contract_by_using"": 0.003087514778599143, ""choice_of_law"": 0.0026352221611887217, ""jurisdiction"": 0.0025671781040728092, ""arbitration"": 0.005113411229103804}"
test:921,"the service may contain links to third-party websites , advertisers , services , special offers , or other events or activities that are not owned or controlled by duolingo .",[],[],"{""limitation_of_liability"": 0.004697477910667658, ""unilateral_termination"": 0.0038774367421865463, ""unilateral_change"": 0.004591326229274273, ""content_removal"": 0.004082018975168467, ""contract_by_using"": 0.00322989234700799, ""choice_of_law"": 0.0023060981184244156, ""jurisdiction"": 0.0022404801566153765, ""arbitration"": 0.00460293423384428}"
test:922,"we do not endorse or assume any responsibility for any such third-party sites , information , materials , products , or services .",[],[],"{""limitation_of_liability"": 0.02320917323231697, ""unilateral_termination"": 0.0027505909092724323, ""unilateral_change"": 0.0039480929262936115, ""content_removal"": 0.003590487642213702, ""contract_by_using"": 0.0037654871121048927, ""choice_of_law"": 0.002482290845364332, ""jurisdiction"": 0.0019185225246474147, ""arbitration"": 0.003176050493493676}"
test:923,"if you access any third party website , service , or content from duolingo , you understand that these terms and conditions and our privacy policy do not apply to your use of such sites .",[],[],"{""limitation_of_liability"": 0.006357838399708271, ""unilateral_termination"": 0.004154469817876816, ""unilateral_change"": 0.00928839948028326, ""content_removal"": 0.007312902249395847, ""contract_by_using"": 0.15925337374210358, ""choice_of_law"": 0.00433014053851366, ""jurisdiction"": 0.005299729760736227, ""arbitration"": 0.009385202080011368}"
test:924,"you expressly acknowledge and agree that duolingo shall not be responsible or liable , directly or indirectly , for any damage or loss arising from your use of any third-party website , service , or content .","[""limitation_of_liability""]","[""limitation_of_liability""]","{""limitation_of_liability"": 0.984158992767334, ""unilateral_termination"": 0.024796707555651665, ""unilateral_change"": 0.021488677710294724, ""content_removal"": 0.02839014120399952, ""contract_by_using"": 0.022270243614912033, ""choice_of_law"": 0.03367483243346214, ""jurisdiction"": 0.04461939260363579, ""arbitration"": 0.01926008239388466}"
test:925,"the service may include advertisements , which may be targeted to the content or information on the service , or other information .",[],[],"{""limitation_of_liability"": 0.005778862629085779, ""unilateral_termination"": 0.003919648006558418, ""unilateral_change"": 0.007288645952939987, ""content_removal"": 0.004180534742772579, ""contract_by_using"": 0.0029897785279899836, ""choice_of_law"": 0.0026039814110845327, ""jurisdiction"": 0.0020052094478160143, ""arbitration"": 0.0035579672548919916}"
test:926,the types and extent of advertising by duolingo on the service are subject to change .,[],[],"{""limitation_of_liability"": 0.01247170940041542, ""unilateral_termination"": 0.021380487829446793, ""unilateral_change"": 0.8109128475189209, ""content_removal"": 0.01547214388847351, ""contract_by_using"": 0.1671713888645172, ""choice_of_law"": 0.03472619876265526, ""jurisdiction"": 0.012213263660669327, ""arbitration"": 0.019170930609107018}"
test:927,"in consideration for duolingo granting you access to and use of the service , you agree that duolingo and its third party providers and partners may place such advertising in connection with the display of content or information submitted by you or others .",[],[],"{""limitation_of_liability"": 0.007956456393003464, ""unilateral_termination"": 0.003365334589034319, ""unilateral_change"": 0.009913950227200985, ""content_removal"": 0.008809592574834824, ""contract_by_using"": 0.2294505089521408, ""choice_of_law"": 0.005076432600617409, ""jurisdiction"": 0.006357925944030285, ""arbitration"": 0.01142028160393238}"
test:928,no representations or warranties by duolingo,[],[],"{""limitation_of_liability"": 0.010314208455383778, ""unilateral_termination"": 0.002975680399686098, ""unilateral_change"": 0.0038525115232914686, ""content_removal"": 0.0033115504775196314, ""contract_by_using"": 0.003491808194667101, ""choice_of_law"": 0.0026790990959852934, ""jurisdiction"": 0.0020844759419560432, ""arbitration"": 0.00396553473547101}"
test:929,"the service , including all images , audio files and other content therein , and any other information , property and rights granted or provided to you by duolingo are provided to you on an `` as is '' basis .",[],[],"{""limitation_of_liability"": 0.0045109959319233894, ""unilateral_termination"": 0.0035685838665813208, ""unilateral_change"": 0.005701864138245583, ""content_removal"": 0.0038785841315984726, ""contract_by_using"": 0.005745687056332827, ""choice_of_law"": 0.0023290496319532394, ""jurisdiction"": 0.001819593133404851, ""arbitration"": 0.0036697499454021454}"
test:930,"duolingo and its suppliers make no representations or warranties of any kind with respect to the service , either express or implied , and all such representations and warranties , including warranties of merchantability , fitness for a particular purpose or non-infringement , are expressly disclaimed .",[],[],"{""limitation_of_liability"": 0.013860500417649746, ""unilateral_termination"": 0.003047156846150756, ""unilateral_change"": 0.0033278516493737698, ""content_removal"": 0.003838530508801341, ""contract_by_using"": 0.005305570084601641, ""choice_of_law"": 0.0022093094885349274, ""jurisdiction"": 0.0021674640011042356, ""arbitration"": 0.004070139490067959}"
test:931,"without limiting the generality of the foregoing , duolingo does not make any representation or warranty of any kind relating to accuracy , service availability , completeness , informational content , error-free operation , results to be obtained from use , or non-infringement .",[],[],"{""limitation_of_liability"": 0.06881523877382278, ""unilateral_termination"": 0.0031747797038406134, ""unilateral_change"": 0.004290344193577766, ""content_removal"": 0.0045553590171039104, ""contract_by_using"": 0.004443856421858072, ""choice_of_law"": 0.0031148262787610292, ""jurisdiction"": 0.0024726525880396366, ""arbitration"": 0.0034181869123131037}"
test:932,"access and use of the service may be unavailable during periods of peak demand , system upgrades , malfunctions or scheduled or unscheduled maintenance or for other reasons .",[],[],"{""limitation_of_liability"": 0.02710752561688423, ""unilateral_termination"": 0.023472050204873085, ""unilateral_change"": 0.007478652521967888, ""content_removal"": 0.009223460219800472, ""contract_by_using"": 0.0027766346465796232, ""choice_of_law"": 0.0012286711717024446, ""jurisdiction"": 0.0017684467602521181, ""arbitration"": 0.002880498766899109}"
test:933,"some jurisdictions do not allow the exclusion of implied warranties , so the above exclusion may not apply to you .",[],[],"{""limitation_of_liability"": 0.006232446525245905, ""unilateral_termination"": 0.0032087485305964947, ""unilateral_change"": 0.005161121021956205, ""content_removal"": 0.0035289323423057795, ""contract_by_using"": 0.0034049369860440493, ""choice_of_law"": 0.0027145000640302896, ""jurisdiction"": 0.0023538654204458, ""arbitration"": 0.003996605519205332}"
test:934,limitation on types of damages/limitation of liability,[],[],"{""limitation_of_liability"": 0.015412724576890469, ""unilateral_termination"": 0.0033634109422564507, ""unilateral_change"": 0.0037322361022233963, ""content_removal"": 0.003105804556980729, ""contract_by_using"": 0.0033784005790948868, ""choice_of_law"": 0.0029598777182400227, ""jurisdiction"": 0.0025543628726154566, ""arbitration"": 0.005184592213481665}"
test:935,"in no event will duolingo be liable to you or any third party claiming through you ( whether based in contract , tort , strict liability or other theory ) for indirect , incidental , special , consequential or exemplary damages arising out of or relating to the access or use of , or the inability to access or use , the service or any portion thereof , including but not limited to the loss of use of the service , inaccurate results , loss of profits , business interruption , or damages stemming from loss or corruption of data or data being rendered inaccurate , the cost of recovering any data , the cost of substitute services or claims by third parties for any damage to computers , software , modems , telephones or other property , even if duolingo has been advised of the possibility of such damages .","[""limitation_of_liability""]","[""limitation_of_liability""]","{""limitation_of_liability"": 0.9880291819572449, ""unilateral_termination"": 0.0447847880423069, ""unilateral_change"": 0.023958509787917137, ""content_removal"": 0.03792429715394974, ""contract_by_using"": 0.02033359184861183, ""choice_of_law"": 0.04271134361624718, ""jurisdiction"": 0.05748593062162399, ""arbitration"": 0.021752407774329185}"
test:936,"duolingo 's liability to you or any third party claiming through you for any cause whatsoever , and regardless of the form of the action , is limited to the amount paid , if any , by you to duolingo for the service in the 12 months prior to the initial action giving rise to liability .","[""limitation_of_liability""]","[""limitation_of_liability""]","{""limitation_of_liability"": 0.9829249382019043, ""unilateral_termination"": 0.031039642170071602, ""unilateral_change"": 0.020861119031906128, ""content_removal"": 0.028485601767897606, ""contract_by_using"": 0.01945192739367485, ""choice_of_law"": 0.030341612175107002, ""jurisdiction"": 0.03936279937624931, ""arbitration"": 0.017943939194083214}"
test:937,this is an aggregate limit .,[],[],"{""limitation_of_liability"": 0.008823994547128677, ""unilateral_termination"": 0.002538565546274185, ""unilateral_change"": 0.0045499238185584545, ""content_removal"": 0.002955581760033965, ""contract_by_using"": 0.003746584290638566, ""choice_of_law"": 0.003366815624758601, ""jurisdiction"": 0.002445792779326439, ""arbitration"": 0.004595165606588125}"
test:938,the existence of more than one claim hereunder will not increase this limit .,[],[],"{""limitation_of_liability"": 0.01694530062377453, ""unilateral_termination"": 0.00459436746314168, ""unilateral_change"": 0.023013612255454063, ""content_removal"": 0.004285834729671478, ""contract_by_using"": 0.004541685804724693, ""choice_of_law"": 0.0034238703083246946, ""jurisdiction"": 0.0017579232808202505, ""arbitration"": 0.002987105865031481}"
test:939,"duolingo may terminate your access and use of the service immediately at any time , for any reason , and at such time you will have no further right to use the service .","[""unilateral_termination""]","[""unilateral_termination""]","{""limitation_of_liability"": 0.03472911939024925, ""unilateral_termination"": 0.9416149854660034, ""unilateral_change"": 0.08031367510557175, ""content_removal"": 0.146344855427742, ""contract_by_using"": 0.025444868952035904, ""choice_of_law"": 0.00872067455202341, ""jurisdiction"": 0.01957644894719124, ""arbitration"": 0.05039001628756523}"
test:940,you may terminate your duolingo account at any time by following the instructions available through the service .,"[""unilateral_termination""]",[],"{""limitation_of_liability"": 0.01038552075624466, ""unilateral_termination"": 0.5595871210098267, ""unilateral_change"": 0.01857779733836651, ""content_removal"": 0.040908683091402054, ""contract_by_using"": 0.010743885301053524, ""choice_of_law"": 0.004749216604977846, ""jurisdiction"": 0.009059051051735878, ""arbitration"": 0.019401250407099724}"
test:941,"the provisions of these terms and conditions relating to the protection and enforcement of duolingo 's proprietary rights , your representations and warranties , disclaimer of representations and warranties , release and indemnities , limitations of liability and types of damages , ownership of data and information , governing law and venue , and miscellaneous provisions shall survive any such termination .",[],[],"{""limitation_of_liability"": 0.005899801850318909, ""unilateral_termination"": 0.004094578325748444, ""unilateral_change"": 0.004397339653223753, ""content_removal"": 0.00318753719329834, ""contract_by_using"": 0.007157981861382723, ""choice_of_law"": 0.003363538533449173, ""jurisdiction"": 0.002910277806222439, ""arbitration"": 0.004426467232406139}"
test:942,proprietary rights in service content and activity materials,[],[],"{""limitation_of_liability"": 0.0053313123062253, ""unilateral_termination"": 0.0034857094287872314, ""unilateral_change"": 0.005735848564654589, ""content_removal"": 0.0036833882331848145, ""contract_by_using"": 0.0035626611206680536, ""choice_of_law"": 0.0028380299918353558, ""jurisdiction"": 0.002196742920204997, ""arbitration"": 0.0045464178547263145}"
test:943,"all content available through the service , including designs , text , graphics , images , information , software , audio and other files , and their selection and arrangement ( the `` service content '' ) , are the proprietary property of duolingo or its licensors .",[],[],"{""limitation_of_liability"": 0.0083574578166008, ""unilateral_termination"": 0.0036628313828259706, ""unilateral_change"": 0.004083866719156504, ""content_removal"": 0.004323363769799471, ""contract_by_using"": 0.0036655801814049482, ""choice_of_law"": 0.0034049772657454014, ""jurisdiction"": 0.002117240335792303, ""arbitration"": 0.0043603405356407166}"
test:944,"no service content may be modified , copied , distributed , framed , reproduced , republished , downloaded , scraped , displayed , posted , transmitted , or sold in any form or by any means , in whole or in part , other than as expressly permitted in these terms and conditions .",[],[],"{""limitation_of_liability"": 0.005420507397502661, ""unilateral_termination"": 0.003693867241963744, ""unilateral_change"": 0.007626697886735201, ""content_removal"": 0.005474428180605173, ""contract_by_using"": 0.0036705706734210253, ""choice_of_law"": 0.0024777387734502554, ""jurisdiction"": 0.0016958668129518628, ""arbitration"": 0.0031154174357652664}"
test:945,"you may not use any data mining , robots , scraping or similar data gathering or extraction methods to obtain service content .",[],[],"{""limitation_of_liability"": 0.004879372660070658, ""unilateral_termination"": 0.003463568165898323, ""unilateral_change"": 0.004222118761390448, ""content_removal"": 0.003830583533272147, ""contract_by_using"": 0.003655402921140194, ""choice_of_law"": 0.0023798870388418436, ""jurisdiction"": 0.0022188755683600903, ""arbitration"": 0.004680669400840998}"
test:946,"as between you and duolingo , all data , information and materials generated from your access and use of the educational activities made available on or through the service , including translated content generated by you ( collectively , the `` activity materials '' ) , shall be exclusively owned by duolingo , and you shall not have any right to use such activity materials except as expressly authorized by these terms and conditions .",[],[],"{""limitation_of_liability"": 0.005873392801731825, ""unilateral_termination"": 0.003589732339605689, ""unilateral_change"": 0.0038535762578248978, ""content_removal"": 0.0055755507200956345, ""contract_by_using"": 0.004906159825623035, ""choice_of_law"": 0.002885719994083047, ""jurisdiction"": 0.002223055576905608, ""arbitration"": 0.0041107903234660625}"
test:947,activity materials will not include translation materials .,[],[],"{""limitation_of_liability"": 0.005739574786275625, ""unilateral_termination"": 0.003103984519839287, ""unilateral_change"": 0.005593544337898493, ""content_removal"": 0.0034060985781252384, ""contract_by_using"": 0.003443425986915827, ""choice_of_law"": 0.002493116771802306, ""jurisdiction"": 0.002102247206494212, ""arbitration"": 0.004674522206187248}"
test:948,"by using the service , you hereby assign to duolingo any and all rights , title and interest , including any intellectual property rights or proprietary rights , in the activity materials .",[],[],"{""limitation_of_liability"": 0.0036273684818297625, ""unilateral_termination"": 0.003071978222578764, ""unilateral_change"": 0.0074301729910075665, ""content_removal"": 0.00501802796497941, ""contract_by_using"": 0.03262098878622055, ""choice_of_law"": 0.003026266349479556, ""jurisdiction"": 0.0037064289208501577, ""arbitration"": 0.00669424282386899}"
test:949,all rights of duolingo or its licensors that are not expressly granted in these terms and conditions are reserved to duolingo and its licensors .,[],[],"{""limitation_of_liability"": 0.0066627804189920425, ""unilateral_termination"": 0.004472730681300163, ""unilateral_change"": 0.0038126264698803425, ""content_removal"": 0.004711966961622238, ""contract_by_using"": 0.0034384632017463446, ""choice_of_law"": 0.0029594062361866236, ""jurisdiction"": 0.0021799979731440544, ""arbitration"": 0.00411183899268508}"
test:950,"`` duolingo , '' `` tinycards '' and all other trademarks , service marks , graphics and logos used in connection with the service are trademarks or service marks of duolingo or their respective owners , and certain of them are registered with the united states patent and trademark office .",[],[],"{""limitation_of_liability"": 0.004495341796427965, ""unilateral_termination"": 0.003211214207112789, ""unilateral_change"": 0.004186772275716066, ""content_removal"": 0.003915522713214159, ""contract_by_using"": 0.004189277999103069, ""choice_of_law"": 0.0032525609713047743, ""jurisdiction"": 0.0027046750765293837, ""arbitration"": 0.0054665361531078815}"
test:951,"access and use of the service does not grant or provide you with the right or license to reproduce or otherwise use the duolingo name or any duolingo or third-party trademarks , service marks , graphics or logos .",[],[],"{""limitation_of_liability"": 0.004573178477585316, ""unilateral_termination"": 0.003321221563965082, ""unilateral_change"": 0.004823022522032261, ""content_removal"": 0.004034260753542185, ""contract_by_using"": 0.003891412867233157, ""choice_of_law"": 0.0022241221740841866, ""jurisdiction"": 0.0020434462931007147, ""arbitration"": 0.004259893205016851}"
test:952,"use of the service is also governed by our privacy policy , a copy of which is located at https://www.duolingo.com/privacy .",[],[],"{""limitation_of_liability"": 0.003791233990341425, ""unilateral_termination"": 0.003287718864157796, ""unilateral_change"": 0.006221472285687923, ""content_removal"": 0.004425231833010912, ""contract_by_using"": 0.007378687616437674, ""choice_of_law"": 0.0066981688141822815, ""jurisdiction"": 0.003409062046557665, ""arbitration"": 0.007973234169185162}"
test:953,"by using the service , you consent to the terms of the privacy policy .","[""contract_by_using""]","[""contract_by_using""]","{""limitation_of_liability"": 0.02084973268210888, ""unilateral_termination"": 0.01517092902213335, ""unilateral_change"": 0.06339245289564133, ""content_removal"": 0.03425709903240204, ""contract_by_using"": 0.9536415934562683, ""choice_of_law"": 0.04069977253675461, ""jurisdiction"": 0.050651147961616516, ""arbitration"": 0.06790082901716232}"
test:954,notice for claims of copyright violations and agent for notice,[],[],"{""limitation_of_liability"": 0.007220772560685873, ""unilateral_termination"": 0.003730176482349634, ""unilateral_change"": 0.004237579181790352, ""content_removal"": 0.003427372081205249, ""contract_by_using"": 0.0028868522495031357, ""choice_of_law"": 0.00247049774043262, ""jurisdiction"": 0.002428086008876562, ""arbitration"": 0.005200247745960951}"
test:955,"if you are a copyright owner and have a good faith belief that any material available through the service infringes upon your copyrights , you may submit a copyright infringement notification to duolingo pursuant to the digital millennium copyright act by providing us with the following information in writing :",[],[],"{""limitation_of_liability"": 0.0035991831682622433, ""unilateral_termination"": 0.004761965479701757, ""unilateral_change"": 0.0059341625310480595, ""content_removal"": 0.005421384237706661, ""contract_by_using"": 0.006012890953570604, ""choice_of_law"": 0.0022050386760383844, ""jurisdiction"": 0.0027127538342028856, ""arbitration"": 0.0049158744513988495}"
test:956,an electronic or physical signature of the copyright owner or the person authorized to act on behalf of the owner of the copyright interest ;,[],[],"{""limitation_of_liability"": 0.009435473941266537, ""unilateral_termination"": 0.003071642480790615, ""unilateral_change"": 0.0031889628153294325, ""content_removal"": 0.00357647193595767, ""contract_by_using"": 0.0035793904680758715, ""choice_of_law"": 0.002947528613731265, ""jurisdiction"": 0.0026164911687374115, ""arbitration"": 0.004582901950925589}"
test:957,a description of the copyrighted work that you claim has been infringed ;,[],[],"{""limitation_of_liability"": 0.012463725171983242, ""unilateral_termination"": 0.0036564385518431664, ""unilateral_change"": 0.002926622051745653, ""content_removal"": 0.0037003979086875916, ""contract_by_using"": 0.0032951415050774813, ""choice_of_law"": 0.002788365352898836, ""jurisdiction"": 0.002782689407467842, ""arbitration"": 0.0050248936749994755}"
test:958,"a description of where the material that you claim is infringing is located on the service , with enough detail that we may find it on the service ;",[],[],"{""limitation_of_liability"": 0.01005276758223772, ""unilateral_termination"": 0.003708413802087307, ""unilateral_change"": 0.003958044108003378, ""content_removal"": 0.004335888661444187, ""contract_by_using"": 0.003274352988228202, ""choice_of_law"": 0.0022930509876459837, ""jurisdiction"": 0.002248255768790841, ""arbitration"": 0.0034989183768630028}"
test:959,"your address , telephone number , and email address ;",[],[],"{""limitation_of_liability"": 0.00940321758389473, ""unilateral_termination"": 0.003209601156413555, ""unilateral_change"": 0.003613085485994816, ""content_removal"": 0.0033284667879343033, ""contract_by_using"": 0.00314188445918262, ""choice_of_law"": 0.0035278392024338245, ""jurisdiction"": 0.002904864028096199, ""arbitration"": 0.005192261654883623}"
test:960,"a statement by you that you have a good faith belief that the disputed use is not authorized by the copyright owner , its agent , or the law ; and",[],[],"{""limitation_of_liability"": 0.024600856006145477, ""unilateral_termination"": 0.003256671130657196, ""unilateral_change"": 0.0028982246294617653, ""content_removal"": 0.004067270550876856, ""contract_by_using"": 0.003994943108409643, ""choice_of_law"": 0.003267916850745678, ""jurisdiction"": 0.0029728496447205544, ""arbitration"": 0.004110159818083048}"
test:961,"a statement by you , made under penalty of perjury , that the above information in your notice is accurate and that you are the copyright owner or are authorized to act on the copyright owner 's behalf .",[],[],"{""limitation_of_liability"": 0.010175487026572227, ""unilateral_termination"": 0.003846472129225731, ""unilateral_change"": 0.0028530454728752375, ""content_removal"": 0.004081815481185913, ""contract_by_using"": 0.003851700574159622, ""choice_of_law"": 0.0023639739956706762, ""jurisdiction"": 0.002452332526445389, ""arbitration"": 0.004030157346278429}"
test:962,please consult your legal counsel for further details or see 17 u.s.c. § 512 ( c ) ( 3 ) .,[],[],"{""limitation_of_liability"": 0.0059947664849460125, ""unilateral_termination"": 0.0038114204071462154, ""unilateral_change"": 0.00566681195050478, ""content_removal"": 0.004473354667425156, ""contract_by_using"": 0.0027331351302564144, ""choice_of_law"": 0.0030408636666834354, ""jurisdiction"": 0.0021841623820364475, ""arbitration"": 0.004113100003451109}"
test:963,duolingo 's agent for notice of claims of copyright infringement can be reached as follows :,[],[],"{""limitation_of_liability"": 0.0056060077622532845, ""unilateral_termination"": 0.0051537989638745785, ""unilateral_change"": 0.00541886780411005, ""content_removal"": 0.005328809842467308, ""contract_by_using"": 0.004381735343486071, ""choice_of_law"": 0.0033960777800530195, ""jurisdiction"": 0.002779284492135048, ""arbitration"": 0.005915467161685228}"
test:964,"by mail : 5900 penn avenue , pittsburgh pa 15206 , usa",[],[],"{""limitation_of_liability"": 0.00815381109714508, ""unilateral_termination"": 0.0034902801271528006, ""unilateral_change"": 0.004287742078304291, ""content_removal"": 0.0032980635296553373, ""contract_by_using"": 0.002979159587994218, ""choice_of_law"": 0.002984576625749469, ""jurisdiction"": 0.0028031521942466497, ""arbitration"": 0.00541575625538826}"
test:965,"these terms and conditions , its subject matter and duolingo 's and your respective rights under these terms and conditions , as well as and any claim , cause of action or dispute ( `` claim '' ) arising out of or related to these terms and conditions , shall be governed by and construed under the laws of the commonwealth of pennsylvania , united states of america , excluding the conflict of law provisions of that or any other jurisdiction , regardless of your country of origin or where you access the service .","[""choice_of_law""]","[""choice_of_law""]","{""limitation_of_liability"": 0.10676176100969315, ""unilateral_termination"": 0.05141965299844742, ""unilateral_change"": 0.11425575613975525, ""content_removal"": 0.07371336221694946, ""contract_by_using"": 0.13782180845737457, ""choice_of_law"": 0.9714915752410889, ""jurisdiction"": 0.30554717779159546, ""arbitration"": 0.18679270148277283}"
test:966,"any dispute or claim relating in any way to these terms and conditions or the service will be resolved by binding arbitration , rather than in court , except for duolingo 's right to seek injunctive relief as set forth below .","[""arbitration""]","[""arbitration""]","{""limitation_of_liability"": 0.050679195672273636, ""unilateral_termination"": 0.13559947907924652, ""unilateral_change"": 0.08662942796945572, ""content_removal"": 0.07823734730482101, ""contract_by_using"": 0.13258634507656097, ""choice_of_law"": 0.1913522183895111, ""jurisdiction"": 0.31066396832466125, ""arbitration"": 0.9455723166465759}"
test:967,"unless otherwise expressly required by applicable law , each party shall bear its own attorneys ' fees without regard to which party is deemed the prevailing party in the arbitration proceeding .",[],[],"{""limitation_of_liability"": 0.026082025840878487, ""unilateral_termination"": 0.002147938357666135, ""unilateral_change"": 0.006616605445742607, ""content_removal"": 0.0031512773130089045, ""contract_by_using"": 0.005662866402417421, ""choice_of_law"": 0.004456396214663982, ""jurisdiction"": 0.004454091191291809, ""arbitration"": 0.007978813722729683}"
test:968,"if you do not want to arbitrate disputes with duolingo and you are an individual , you may opt out of this arbitration agreement by sending an email to legal@duolingo.com within 30 days of the day you first access or use the service .",[],[],"{""limitation_of_liability"": 0.0035690416116267443, ""unilateral_termination"": 0.004647218156605959, ""unilateral_change"": 0.004250591155141592, ""content_removal"": 0.0042489320039749146, ""contract_by_using"": 0.010213455185294151, ""choice_of_law"": 0.0029099334497004747, ""jurisdiction"": 0.004619333427399397, ""arbitration"": 0.012224842794239521}"
test:969,if you intend to seek arbitration you must first send written notice to duolingo 's administration office of your intent to arbitrate ( `` notice '' ) .,[],[],"{""limitation_of_liability"": 0.0037961630150675774, ""unilateral_termination"": 0.004346447065472603, ""unilateral_change"": 0.0040192375890910625, ""content_removal"": 0.004059807397425175, ""contract_by_using"": 0.005992886144667864, ""choice_of_law"": 0.002436004811897874, ""jurisdiction"": 0.003399420529603958, ""arbitration"": 0.009173682890832424}"
test:970,"the notice to duolingo should be sent by any of the following means : ( i ) electronic mail to legal@duolingo.com ; or ( ii ) sending the notice by u.s. postal service certified mail to duolingo , inc. , attention : legal , 5900 penn ave ; pittsburgh , pa 15206 .",[],[],"{""limitation_of_liability"": 0.005138572305440903, ""unilateral_termination"": 0.0033191859256476164, ""unilateral_change"": 0.006616298574954271, ""content_removal"": 0.004788994789123535, ""contract_by_using"": 0.005029220134019852, ""choice_of_law"": 0.0038496560882776976, ""jurisdiction"": 0.0032625102903693914, ""arbitration"": 0.0054678949527442455}"
test:971,"the notice must ( x ) describe the nature and basis of the claim or dispute ; and ( y ) set forth the specific relief sought ; and ( z ) set forth your name , address and contact information .",[],[],"{""limitation_of_liability"": 0.007831049151718616, ""unilateral_termination"": 0.004036240745335817, ""unilateral_change"": 0.005409603472799063, ""content_removal"": 0.005056386347860098, ""contract_by_using"": 0.004213196691125631, ""choice_of_law"": 0.0034408988431096077, ""jurisdiction"": 0.0025549738202244043, ""arbitration"": 0.003935293294489384}"
test:972,"if we intend to seek arbitration against you , we will send any notice of dispute to you at the contact information we have for you .",[],[],"{""limitation_of_liability"": 0.0034486481454223394, ""unilateral_termination"": 0.00407320074737072, ""unilateral_change"": 0.00563514418900013, ""content_removal"": 0.0038886042311787605, ""contract_by_using"": 0.006985010113567114, ""choice_of_law"": 0.0028705140575766563, ""jurisdiction"": 0.0038727980572730303, ""arbitration"": 0.011723853647708893}"
test:973,"the arbitration will be conducted before a neutral single arbitrator in the county of allegheny in the commonwealth of pennsylvania , whose decision will be final and binding , and the arbitral proceedings will be governed by the american arbitration association ( `` aaa '' ) under its aaa commercial arbitration rules , consumer due process protocol , and supplementary procedures for resolution of consumer related disputes , as modified by these terms and conditions .",[],"[""arbitration""]","{""limitation_of_liability"": 0.013364927843213081, ""unilateral_termination"": 0.027626145631074905, ""unilateral_change"": 0.020297059789299965, ""content_removal"": 0.020647145807743073, ""contract_by_using"": 0.05927707627415657, ""choice_of_law"": 0.06381591409444809, ""jurisdiction"": 0.10039747506380081, ""arbitration"": 0.6584810614585876}"
test:975,"all issues are for the arbitrator to decide , including the scope of this arbitration clause , but the arbitrator is bound by the terms of these terms and conditions .",[],[],"{""limitation_of_liability"": 0.004427562467753887, ""unilateral_termination"": 0.0035820247139781713, ""unilateral_change"": 0.00620518671348691, ""content_removal"": 0.004783573094755411, ""contract_by_using"": 0.01931808330118656, ""choice_of_law"": 0.004084885120391846, ""jurisdiction"": 0.005213721189647913, ""arbitration"": 0.018584851175546646}"
test:976,"if you initiate arbitration , your arbitration fees will be limited to the filing fee set forth in the aaa 's consumer arbitration rules .",[],[],"{""limitation_of_liability"": 0.007907082326710224, ""unilateral_termination"": 0.0029964535497128963, ""unilateral_change"": 0.005223613232374191, ""content_removal"": 0.003051233012229204, ""contract_by_using"": 0.004868726711720228, ""choice_of_law"": 0.0026983811985701323, ""jurisdiction"": 0.003072543768212199, ""arbitration"": 0.0070004998706281185}"
test:977,"we will reimburse all other aaa filing , administration and arbitrator fees paid by you , unless the arbitrator determines that the arbitration was frivolous or brought for an improper purpose , in which case the payment of all such fees shall be governed by the aaa rules .",[],[],"{""limitation_of_liability"": 0.010702013969421387, ""unilateral_termination"": 0.0024654732551425695, ""unilateral_change"": 0.007626575417816639, ""content_removal"": 0.0030150567181408405, ""contract_by_using"": 0.005591293331235647, ""choice_of_law"": 0.005685136187821627, ""jurisdiction"": 0.003637242829427123, ""arbitration"": 0.007640908006578684}"
test:978,the arbitration will be conducted in the english language .,[],[],"{""limitation_of_liability"": 0.013713119551539421, ""unilateral_termination"": 0.03089752607047558, ""unilateral_change"": 0.01744646392762661, ""content_removal"": 0.017704982310533524, ""contract_by_using"": 0.0369686596095562, ""choice_of_law"": 0.031056800857186317, ""jurisdiction"": 0.08593592047691345, ""arbitration"": 0.545230507850647}"
test:979,judgment on the award rendered by the arbitrator may be entered in any court of competent jurisdiction .,[],[],"{""limitation_of_liability"": 0.004692756105214357, ""unilateral_termination"": 0.010103168897330761, ""unilateral_change"": 0.005162372253835201, ""content_removal"": 0.007601972669363022, ""contract_by_using"": 0.006573808379471302, ""choice_of_law"": 0.004892789758741856, ""jurisdiction"": 0.012630151584744453, ""arbitration"": 0.016314174979925156}"
test:980,"for any claim where the potential award is reasonably likely to be $ 10,000 or less , either you or duolingo may elect to have the dispute resolved through non-appearance-based arbitration .",[],"[""arbitration""]","{""limitation_of_liability"": 0.027099451050162315, ""unilateral_termination"": 0.06984318792819977, ""unilateral_change"": 0.03499668836593628, ""content_removal"": 0.04407509043812752, ""contract_by_using"": 0.056105710566043854, ""choice_of_law"": 0.051544517278671265, ""jurisdiction"": 0.13431806862354279, ""arbitration"": 0.8158266544342041}"
test:981,"to the fullest extent permitted by applicable law , you and duolingo each agree that any dispute resolution proceeding will be conducted only on an individual basis and not in a class , consolidated or representative action .",[],[],"{""limitation_of_liability"": 0.024941865354776382, ""unilateral_termination"": 0.010461348108947277, ""unilateral_change"": 0.00752615462988615, ""content_removal"": 0.01331495214253664, ""contract_by_using"": 0.008527400903403759, ""choice_of_law"": 0.01629047654569149, ""jurisdiction"": 0.05032017454504967, ""arbitration"": 0.12390804290771484}"
test:982,"if for any reason a claim proceeds in court rather than in arbitration , you and duolingo each waive any right to a jury trial .",[],[],"{""limitation_of_liability"": 0.0060265460051596165, ""unilateral_termination"": 0.006592134945094585, ""unilateral_change"": 0.004741102922707796, ""content_removal"": 0.004888682626187801, ""contract_by_using"": 0.006118760909885168, ""choice_of_law"": 0.002668829634785652, ""jurisdiction"": 0.006253938656300306, ""arbitration"": 0.01691323332488537}"
test:983,"if a court of competent jurisdiction finds the foregoing arbitration provisions invalid or inapplicable , you and duolingo agree that all claims arising out of or related to these terms and conditions must be resolved exclusively by a state or federal court located in the county of allegheny in the commonwealth of pennsylvania , and you and duolingo each agree to submit to the exercise of personal jurisdiction of such courts for the purpose of litigating all such claims .","[""jurisdiction""]","[""jurisdiction""]","{""limitation_of_liability"": 0.1344512701034546, ""unilateral_termination"": 0.05726628378033638, ""unilateral_change"": 0.03547695651650429, ""content_removal"": 0.08225157111883163, ""contract_by_using"": 0.07629188895225525, ""choice_of_law"": 0.26913681626319885, ""jurisdiction"": 0.9433729648590088, ""arbitration"": 0.4138680398464203}"
test:984,"notwithstanding the above , you agree that duolingo shall still be allowed to apply for and obtain injunctive remedies ( or an equivalent type of urgent legal relief ) in any jurisdiction .",[],"[""jurisdiction""]","{""limitation_of_liability"": 0.15402090549468994, ""unilateral_termination"": 0.07593171298503876, ""unilateral_change"": 0.044699836522340775, ""content_removal"": 0.0574885755777359, ""contract_by_using"": 0.027652019634842873, ""choice_of_law"": 0.06915052980184555, ""jurisdiction"": 0.7396243214607239, ""arbitration"": 0.1351095288991928}"
test:985,this agreement was originally written in english ( us ) .,[],[],"{""limitation_of_liability"": 0.005967138335108757, ""unilateral_termination"": 0.0030099828727543354, ""unilateral_change"": 0.004348050802946091, ""content_removal"": 0.0035175869707018137, ""contract_by_using"": 0.003927616868168116, ""choice_of_law"": 0.004618985112756491, ""jurisdiction"": 0.0031858375295996666, ""arbitration"": 0.006562657188624144}"
test:986,"to the extent any translated version of this agreement conflicts with the english version , the english version controls .",[],[],"{""limitation_of_liability"": 0.008799003437161446, ""unilateral_termination"": 0.002361670834943652, ""unilateral_change"": 0.007908353582024574, ""content_removal"": 0.0034003446344286203, ""contract_by_using"": 0.003880867501720786, ""choice_of_law"": 0.005705885589122772, ""jurisdiction"": 0.002838033949956298, ""arbitration"": 0.004357565194368362}"
test:987,these terms and conditions constitute the entire agreement between duolingo and you concerning the subject matter hereof .,[],[],"{""limitation_of_liability"": 0.004363970831036568, ""unilateral_termination"": 0.0034806164912879467, ""unilateral_change"": 0.004584851674735546, ""content_removal"": 0.0037600407376885414, ""contract_by_using"": 0.006123425904661417, ""choice_of_law"": 0.004006227012723684, ""jurisdiction"": 0.002800809917971492, ""arbitration"": 0.007305072620511055}"
test:988,"in the event that any of the terms and conditions are held by a court or other tribunal of competent jurisdiction to be unenforceable , such provisions shall be limited or eliminated to the minimum extent necessary so that these terms and conditions shall otherwise remain in full force and effect .",[],[],"{""limitation_of_liability"": 0.01344968006014824, ""unilateral_termination"": 0.009090469218790531, ""unilateral_change"": 0.007662751711905003, ""content_removal"": 0.007895632646977901, ""contract_by_using"": 0.004094407428056002, ""choice_of_law"": 0.0040002246387302876, ""jurisdiction"": 0.0041819242760539055, ""arbitration"": 0.003927402198314667}"
test:989,"a waiver by duolingo or you of any provision of these terms and conditions or any breach thereof , in any one instance , will not waive such term or condition or any subsequent breach thereof .",[],[],"{""limitation_of_liability"": 0.006108790636062622, ""unilateral_termination"": 0.002846242394298315, ""unilateral_change"": 0.005462351255118847, ""content_removal"": 0.00396127300336957, ""contract_by_using"": 0.01053016446530819, ""choice_of_law"": 0.002717241644859314, ""jurisdiction"": 0.0025388021022081375, ""arbitration"": 0.00434237951412797}"
test:990,duolingo may assign its rights or obligations under these terms and conditions without condition .,[],[],"{""limitation_of_liability"": 0.004190290346741676, ""unilateral_termination"": 0.006269593257457018, ""unilateral_change"": 0.08062301576137543, ""content_removal"": 0.007427581120282412, ""contract_by_using"": 0.008320439606904984, ""choice_of_law"": 0.0047753737308084965, ""jurisdiction"": 0.0028681266121566296, ""arbitration"": 0.004697964061051607}"
test:991,"these terms and conditions will be binding upon and will inure to the benefit of duolingo and you , and duolingo 's and your respective successors and permitted assigns .",[],[],"{""limitation_of_liability"": 0.009619527496397495, ""unilateral_termination"": 0.0030359006486833096, ""unilateral_change"": 0.011185153387486935, ""content_removal"": 0.006027536932379007, ""contract_by_using"": 0.021486470475792885, ""choice_of_law"": 0.03723642975091934, ""jurisdiction"": 0.007322493940591812, ""arbitration"": 0.0118145402520895}"
test:992,"last revised on december 11th , 2017",[],[],"{""limitation_of_liability"": 0.008809384889900684, ""unilateral_termination"": 0.003332924097776413, ""unilateral_change"": 0.008188490755856037, ""content_removal"": 0.0035554675851017237, ""contract_by_using"": 0.002820731606334448, ""choice_of_law"": 0.0037605585530400276, ""jurisdiction"": 0.0027288184501230717, ""arbitration"": 0.004750965628772974}"
test:993,"last updated : march 16 , 2017",[],[],"{""limitation_of_liability"": 0.008515351451933384, ""unilateral_termination"": 0.0036809772718697786, ""unilateral_change"": 0.006783857010304928, ""content_removal"": 0.003612908534705639, ""contract_by_using"": 0.0026743258349597454, ""choice_of_law"": 0.003695071442052722, ""jurisdiction"": 0.002735314192250371, ""arbitration"": 0.005075789988040924}"
test:994,"these terms of use ( `` terms '' ) govern the access or use by you , an individual , from within any country in the world ( excluding the united states and its territories and possessions and mainland china ) of applications , websites , content , products , and services ( the `` services '' ) made available by uber b.v. , a private limited liability company established in the netherlands , having its offices at vijzelstraat 68 , 1017 hl , amsterdam , the netherlands , registered at the amsterdam chamber of commerce under number 56317441 ( `` uber '' ) .",[],[],"{""limitation_of_liability"": 0.003981407731771469, ""unilateral_termination"": 0.0026977770030498505, ""unilateral_change"": 0.005425463896244764, ""content_removal"": 0.003739377483725548, ""contract_by_using"": 0.008786534890532494, ""choice_of_law"": 0.005186141934245825, ""jurisdiction"": 0.0035339915193617344, ""arbitration"": 0.007587650325149298}"
test:995,please read these terms carefully before accessing or using the services .,[],[],"{""limitation_of_liability"": 0.0028112183790653944, ""unilateral_termination"": 0.003464613575488329, ""unilateral_change"": 0.017396004870533943, ""content_removal"": 0.0046356311067938805, ""contract_by_using"": 0.015721121802926064, ""choice_of_law"": 0.003295367117971182, ""jurisdiction"": 0.0022433490958064795, ""arbitration"": 0.0041398159228265285}"
test:996,"your access and use of the services constitutes your agreement to be bound by these terms , which establishes a contractual relationship between you and uber .","[""contract_by_using""]","[""contract_by_using""]","{""limitation_of_liability"": 0.02094065397977829, ""unilateral_termination"": 0.010143396444618702, ""unilateral_change"": 0.03518380969762802, ""content_removal"": 0.02103021740913391, ""contract_by_using"": 0.9204651117324829, ""choice_of_law"": 0.04044783115386963, ""jurisdiction"": 0.031719040125608444, ""arbitration"": 0.04871843382716179}"
test:997,"if you do not agree to these terms , you may not access or use the services .",[],[],"{""limitation_of_liability"": 0.005083508789539337, ""unilateral_termination"": 0.005385862197726965, ""unilateral_change"": 0.006526520941406488, ""content_removal"": 0.005490266717970371, ""contract_by_using"": 0.004777468275278807, ""choice_of_law"": 0.0016929390840232372, ""jurisdiction"": 0.001598502160049975, ""arbitration"": 0.0031171534210443497}"
test:998,these terms expressly supersede prior agreements or arrangements with you .,[],[],"{""limitation_of_liability"": 0.004201130475848913, ""unilateral_termination"": 0.0028923507779836655, ""unilateral_change"": 0.007171824108809233, ""content_removal"": 0.0032157946843653917, ""contract_by_using"": 0.004703213460743427, ""choice_of_law"": 0.003489202354103327, ""jurisdiction"": 0.002505057957023382, ""arbitration"": 0.005310602951794863}"
test:999,"uber may immediately terminate these terms or any services with respect to you , or generally cease offering or deny access to the services or any portion thereof , at any time for any reason .","[""unilateral_termination""]","[""unilateral_termination""]","{""limitation_of_liability"": 0.04393564164638519, ""unilateral_termination"": 0.9700104594230652, ""unilateral_change"": 0.12474679201841354, ""content_removal"": 0.21668480336666107, ""contract_by_using"": 0.02523253858089447, ""choice_of_law"": 0.01585538126528263, ""jurisdiction"": 0.028047950938344002, ""arbitration"": 0.07658667862415314}"
test:1000,"supplemental terms may apply to certain services , such as policies for a particular event , activity or promotion , and such supplemental terms will be disclosed to you in connection with the applicable services .",[],[],"{""limitation_of_liability"": 0.004613570868968964, ""unilateral_termination"": 0.003776591969653964, ""unilateral_change"": 0.07649549096822739, ""content_removal"": 0.004087858367711306, ""contract_by_using"": 0.022628122940659523, ""choice_of_law"": 0.005733863450586796, ""jurisdiction"": 0.002770358230918646, ""arbitration"": 0.004586429800838232}"
test:1001,"supplemental terms are in addition to , and shall be deemed a part of , the terms for the purposes of the applicable services .",[],[],"{""limitation_of_liability"": 0.00699625164270401, ""unilateral_termination"": 0.00206816871650517, ""unilateral_change"": 0.016617152839899063, ""content_removal"": 0.003663154784590006, ""contract_by_using"": 0.025758786126971245, ""choice_of_law"": 0.004292483441531658, ""jurisdiction"": 0.0025803125463426113, ""arbitration"": 0.0036645091604441404}"
test:1002,supplemental terms shall prevail over these terms in the event of a conflict with respect to the applicable services .,[],[],"{""limitation_of_liability"": 0.004479893483221531, ""unilateral_termination"": 0.0035788449458777905, ""unilateral_change"": 0.020740943029522896, ""content_removal"": 0.0032221858855336905, ""contract_by_using"": 0.010207812301814556, ""choice_of_law"": 0.006322253029793501, ""jurisdiction"": 0.0027761224191635847, ""arbitration"": 0.006067702081054449}"
test:1003,uber may amend the terms related to the services from time to time .,"[""unilateral_change""]","[""unilateral_change""]","{""limitation_of_liability"": 0.03633183613419533, ""unilateral_termination"": 0.056407246738672256, ""unilateral_change"": 0.9690976142883301, ""content_removal"": 0.037180423736572266, ""contract_by_using"": 0.09131545573472977, ""choice_of_law"": 0.032760415226221085, ""jurisdiction"": 0.01972748152911663, ""arbitration"": 0.02376440353691578}"
test:1004,amendments will be effective upon uber 's posting of such updated terms at this location or the amended policies or supplemental terms on the applicable service .,[],[],"{""limitation_of_liability"": 0.012408017180860043, ""unilateral_termination"": 0.007581646088510752, ""unilateral_change"": 0.5135055780410767, ""content_removal"": 0.009699857793748379, ""contract_by_using"": 0.3031982481479645, ""choice_of_law"": 0.018495535477995872, ""jurisdiction"": 0.010215782560408115, ""arbitration"": 0.013098659925162792}"
test:1005,"your continued access or use of the services after such posting constitutes your consent to be bound by the terms , as amended .","[""contract_by_using""]","[""contract_by_using""]","{""limitation_of_liability"": 0.051898784935474396, ""unilateral_termination"": 0.025386620312929153, ""unilateral_change"": 0.08743064850568771, ""content_removal"": 0.05541239306330681, ""contract_by_using"": 0.9790951013565063, ""choice_of_law"": 0.09317966550588608, ""jurisdiction"": 0.09111714363098145, ""arbitration"": 0.10262200236320496}"
test:1006,our collection and use of personal information in connection with the services is as provided in uber 's privacy policy located at https://www.uber.com/legal .,[],[],"{""limitation_of_liability"": 0.004564629402011633, ""unilateral_termination"": 0.002693390240892768, ""unilateral_change"": 0.004571882542222738, ""content_removal"": 0.0036659108009189367, ""contract_by_using"": 0.0061703636310994625, ""choice_of_law"": 0.003638390451669693, ""jurisdiction"": 0.0025663638953119516, ""arbitration"": 0.005228796508163214}"
test:1007,"uber may provide to a claims processor or an insurer any necessary information ( including your contact information ) if there is a complaint , dispute or conflict , which may include an accident , involving you and a third party provider ( including a transportation network company driver ) and such information or data is necessary to resolve the complaint , dispute or conflict .",[],[],"{""limitation_of_liability"": 0.0047073583118617535, ""unilateral_termination"": 0.0045146937482059, ""unilateral_change"": 0.005765940062701702, ""content_removal"": 0.005404489580541849, ""contract_by_using"": 0.0030478506814688444, ""choice_of_law"": 0.002096716780215502, ""jurisdiction"": 0.002422105986624956, ""arbitration"": 0.004984366707503796}"
test:1008,"the services constitute a technology platform that enables users of uber 's mobile applications or websites provided as part of the services ( each , an `` application '' ) to arrange and schedule transportation and/or logistics services with independent third party providers of such services , including independent third party transportation providers and independent third party logistics providers under agreement with uber or certain of uber 's affiliates ( `` third party providers '' ) .",[],[],"{""limitation_of_liability"": 0.004470934625715017, ""unilateral_termination"": 0.0030194346327334642, ""unilateral_change"": 0.004474272020161152, ""content_removal"": 0.0035000459756702185, ""contract_by_using"": 0.0050185970030725, ""choice_of_law"": 0.002893617609515786, ""jurisdiction"": 0.0023221680894494057, ""arbitration"": 0.005261236801743507}"
test:1009,"unless otherwise agreed by uber in a separate written agreement with you , the services are made available solely for your personal , noncommercial use .",[],[],"{""limitation_of_liability"": 0.00684154499322176, ""unilateral_termination"": 0.0025981846265494823, ""unilateral_change"": 0.004121554084122181, ""content_removal"": 0.003336156951263547, ""contract_by_using"": 0.008641260676085949, ""choice_of_law"": 0.0028976884204894304, ""jurisdiction"": 0.002070456277579069, ""arbitration"": 0.004200711380690336}"
test:1010,you acknowledge that uber does not provide transportation or logistics services or function as a transportation carrier and that all such transportation or logistics services are provided by independent third party contractors who are not employed by uber or any of its affiliates .,[],[],"{""limitation_of_liability"": 0.009059731848537922, ""unilateral_termination"": 0.0026770730037242174, ""unilateral_change"": 0.0030037162359803915, ""content_removal"": 0.003249624976888299, ""contract_by_using"": 0.004951609764248133, ""choice_of_law"": 0.002387044718489051, ""jurisdiction"": 0.0022881559561938047, ""arbitration"": 0.004369043279439211}"
test:1011,"subject to your compliance with these terms , uber grants you a limited , non-exclusive , non-sublicensable , revocable , non-transferrable license to : ( i ) access and use the applications on your personal device solely in connection with your use of the services ; and ( ii ) access and use any content , information and related materials that may be made available through the services , in each case solely for your personal , noncommercial use .",[],[],"{""limitation_of_liability"": 0.004618673585355282, ""unilateral_termination"": 0.004318051040172577, ""unilateral_change"": 0.004738819785416126, ""content_removal"": 0.004959935788065195, ""contract_by_using"": 0.006293557118624449, ""choice_of_law"": 0.002071568975225091, ""jurisdiction"": 0.002058896468952298, ""arbitration"": 0.0041318973526358604}"
test:1012,any rights not expressly granted herein are reserved by uber and uber 's licensors .,[],[],"{""limitation_of_liability"": 0.005957919638603926, ""unilateral_termination"": 0.003418373642489314, ""unilateral_change"": 0.0035925337579101324, ""content_removal"": 0.003720843931660056, ""contract_by_using"": 0.003967972472310066, ""choice_of_law"": 0.002598462626338005, ""jurisdiction"": 0.0021027864422649145, ""arbitration"": 0.004453359637409449}"
test:1013,"you may not : ( i ) remove any copyright , trademark or other proprietary notices from any portion of the services ; ( ii ) reproduce , modify , prepare derivative works based upon , distribute , license , lease , sell , resell , transfer , publicly display , publicly perform , transmit , stream , broadcast or otherwise exploit the services except as expressly permitted by uber ; ( iii ) decompile , reverse engineer or disassemble the services except as may be permitted by applicable law ; ( iv ) link to , mirror or frame any portion of the services ; ( v ) cause or launch any programs or scripts for the purpose of scraping , indexing , surveying , or otherwise data mining any portion of the services or unduly burdening or hindering the operation and/or functionality of any aspect of the services ; or ( vi ) attempt to gain unauthorized access to or impair any aspect of the services or its related systems or networks .",[],[],"{""limitation_of_liability"": 0.011812123470008373, ""unilateral_termination"": 0.013533568009734154, ""unilateral_change"": 0.014213415794074535, ""content_removal"": 0.12691152095794678, ""contract_by_using"": 0.008125768974423409, ""choice_of_law"": 0.005692353937774897, ""jurisdiction"": 0.005776937119662762, ""arbitration"": 0.006352656055241823}"
test:1014,"you acknowledge that portions of the services may be made available under uber 's various brands or request options associated with transportation or logistics , including the transportation request brands currently referred to as `` uber , '' `` uberpop , '' `` uberx , '' `` uberxl , '' `` uberblack , '' `` ubersuv , '' `` uberberline , '' `` ubervan , '' `` uberexec , '' and `` uberlux '' and the logistics request brands currently referred to as `` uberrush , '' `` uberfresh '' and `` ubereats '' .",[],[],"{""limitation_of_liability"": 0.0048791575245559216, ""unilateral_termination"": 0.0031209473963826895, ""unilateral_change"": 0.004635049495846033, ""content_removal"": 0.0036743972450494766, ""contract_by_using"": 0.004013484343886375, ""choice_of_law"": 0.0030298910569399595, ""jurisdiction"": 0.0025830811355262995, ""arbitration"": 0.005118318367749453}"
test:1015,"you also acknowledge that the services may be made available under such brands or request options by or in connection with : ( i ) certain of uber 's subsidiaries and affiliates ; or ( ii ) independent third party providers , including transportation network company drivers , transportation charter permit holders or holders of similar transportation permits , authorizations or licenses .",[],[],"{""limitation_of_liability"": 0.005431121680885553, ""unilateral_termination"": 0.0029970973264425993, ""unilateral_change"": 0.004608097951859236, ""content_removal"": 0.0034087218809872866, ""contract_by_using"": 0.00458185188472271, ""choice_of_law"": 0.002116780960932374, ""jurisdiction"": 0.0020381943322718143, ""arbitration"": 0.003837368916720152}"
test:1016,third party services and content .,[],[],"{""limitation_of_liability"": 0.005862883757799864, ""unilateral_termination"": 0.003135393373668194, ""unilateral_change"": 0.004857795313000679, ""content_removal"": 0.003428520169109106, ""contract_by_using"": 0.003358393907546997, ""choice_of_law"": 0.0027279271744191647, ""jurisdiction"": 0.002410170156508684, ""arbitration"": 0.005140867084264755}"
test:1017,the services may be made available or accessed in connection with third party services and content ( including advertising ) that uber does not control .,[],[],"{""limitation_of_liability"": 0.006089254282414913, ""unilateral_termination"": 0.003597413655370474, ""unilateral_change"": 0.00448751961812377, ""content_removal"": 0.0037020801100879908, ""contract_by_using"": 0.003307649865746498, ""choice_of_law"": 0.0024932899978011847, ""jurisdiction"": 0.001975472318008542, ""arbitration"": 0.004014560021460056}"
test:1018,you acknowledge that different terms of use and privacy policies may apply to your use of such third party services and content .,[],[],"{""limitation_of_liability"": 0.00426500104367733, ""unilateral_termination"": 0.0027978988364338875, ""unilateral_change"": 0.01779758743941784, ""content_removal"": 0.0032222119625657797, ""contract_by_using"": 0.007661099079996347, ""choice_of_law"": 0.004758238326758146, ""jurisdiction"": 0.0024007875472307205, ""arbitration"": 0.0045329672284424305}"
test:1019,uber does not endorse such third party services and content and in no event shall uber be responsible or liable for any products or services of such third party providers .,"[""limitation_of_liability""]","[""limitation_of_liability""]","{""limitation_of_liability"": 0.9804012179374695, ""unilateral_termination"": 0.027828671038150787, ""unilateral_change"": 0.01844516396522522, ""content_removal"": 0.02784355729818344, ""contract_by_using"": 0.018986636772751808, ""choice_of_law"": 0.027273276820778847, ""jurisdiction"": 0.03373723104596138, ""arbitration"": 0.014830966480076313}"
test:1020,"additionally , apple inc. , google , inc. , microsoft corporation or blackberry limited and/or their applicable international subsidiaries and affiliates will be third-party beneficiaries to this contract if you access the services using applications developed for apple ios , android , microsoft windows , or blackberry-powered mobile devices , respectively .",[],[],"{""limitation_of_liability"": 0.005355047527700663, ""unilateral_termination"": 0.002982711186632514, ""unilateral_change"": 0.004937790799885988, ""content_removal"": 0.002900702878832817, ""contract_by_using"": 0.01099563017487526, ""choice_of_law"": 0.0034148504491895437, ""jurisdiction"": 0.0027706045657396317, ""arbitration"": 0.006808773148804903}"
test:1021,these third party beneficiaries are not parties to this contract and are not responsible for the provision or support of the services in any manner .,[],[],"{""limitation_of_liability"": 0.04074755683541298, ""unilateral_termination"": 0.002924126572906971, ""unilateral_change"": 0.004047594498842955, ""content_removal"": 0.003312143962830305, ""contract_by_using"": 0.0036952223163098097, ""choice_of_law"": 0.00301192793995142, ""jurisdiction"": 0.002176585141569376, ""arbitration"": 0.003518479410558939}"
test:1022,your access to the services using these devices is subject to terms set forth in the applicable third party beneficiary 's terms of service .,[],[],"{""limitation_of_liability"": 0.005231671966612339, ""unilateral_termination"": 0.006751761306077242, ""unilateral_change"": 0.01650216057896614, ""content_removal"": 0.005288706161081791, ""contract_by_using"": 0.1302424669265747, ""choice_of_law"": 0.0034486118238419294, ""jurisdiction"": 0.003677516244351864, ""arbitration"": 0.006240310147404671}"
test:1023,the services and all rights therein are and shall remain uber 's property or the property of uber 's licensors .,[],[],"{""limitation_of_liability"": 0.007264936808496714, ""unilateral_termination"": 0.003952551167458296, ""unilateral_change"": 0.004043882712721825, ""content_removal"": 0.004421076737344265, ""contract_by_using"": 0.0036670451518148184, ""choice_of_law"": 0.002919077640399337, ""jurisdiction"": 0.0018834153888747096, ""arbitration"": 0.0035999238025397062}"
test:1024,"neither these terms nor your use of the services convey or grant to you any rights : ( i ) in or related to the services except for the limited license granted above ; or ( ii ) to use or reference in any manner uber 's company names , logos , product and service names , trademarks or services marks or those of uber 's licensors .",[],[],"{""limitation_of_liability"": 0.005042181350290775, ""unilateral_termination"": 0.003077806206420064, ""unilateral_change"": 0.004153785295784473, ""content_removal"": 0.003971654921770096, ""contract_by_using"": 0.0046105459332466125, ""choice_of_law"": 0.002594476565718651, ""jurisdiction"": 0.002026934642344713, ""arbitration"": 0.004163795616477728}"
test:1025,"in order to use most aspects of the services , youmust register for and maintain an active personal user services account ( `` account '' ) .",[],[],"{""limitation_of_liability"": 0.004019879270344973, ""unilateral_termination"": 0.0033849584870040417, ""unilateral_change"": 0.004872681573033333, ""content_removal"": 0.004048990551382303, ""contract_by_using"": 0.00411605229601264, ""choice_of_law"": 0.002793602179735899, ""jurisdiction"": 0.002267260570079088, ""arbitration"": 0.004941041115671396}"
test:1026,"you must be at least 18 years of age , or the age of legal majority in your jurisdiction ( if different than 18 ) , to obtain an account .",[],[],"{""limitation_of_liability"": 0.008481660857796669, ""unilateral_termination"": 0.0049356333911418915, ""unilateral_change"": 0.0027573523111641407, ""content_removal"": 0.00448024645447731, ""contract_by_using"": 0.003227268112823367, ""choice_of_law"": 0.00337063055485487, ""jurisdiction"": 0.0047862594947218895, ""arbitration"": 0.006981052458286285}"
test:1027,"account registration requires you to submit to uber certain personal information , such as your name , address , mobile phone number and age , as well as at least one valid payment method ( either a credit card or accepted payment partner ) .",[],[],"{""limitation_of_liability"": 0.00403599115088582, ""unilateral_termination"": 0.0040084063075482845, ""unilateral_change"": 0.0045427787117660046, ""content_removal"": 0.005009133834391832, ""contract_by_using"": 0.003940629307180643, ""choice_of_law"": 0.002350875409319997, ""jurisdiction"": 0.0024424234870821238, ""arbitration"": 0.004548593889921904}"
test:1028,"you agree to maintain accurate , complete , and up-to-date information in your account .",[],[],"{""limitation_of_liability"": 0.005911920685321093, ""unilateral_termination"": 0.003807347035035491, ""unilateral_change"": 0.005436394363641739, ""content_removal"": 0.00404677027836442, ""contract_by_using"": 0.0030829976312816143, ""choice_of_law"": 0.00217232177965343, ""jurisdiction"": 0.0020772626157850027, ""arbitration"": 0.0039029321633279324}"
test:1029,"your failure to maintain accurate , complete , and up-to-date account information , including having an invalid or expired payment method on file , may result in your inability to access and use the services or uber 's termination of these terms with you .",[],"[""unilateral_termination""]","{""limitation_of_liability"": 0.14700278639793396, ""unilateral_termination"": 0.8750923275947571, ""unilateral_change"": 0.03096591867506504, ""content_removal"": 0.2571635842323303, ""contract_by_using"": 0.0146070197224617, ""choice_of_law"": 0.00980953499674797, ""jurisdiction"": 0.02132338285446167, ""arbitration"": 0.024422915652394295}"
test:1030,"you are responsible for all activity that occurs under your account , and you agree to maintain the security and secrecy of your account username and password at all times .",[],[],"{""limitation_of_liability"": 0.004653797950595617, ""unilateral_termination"": 0.006298879627138376, ""unilateral_change"": 0.006142960395663977, ""content_removal"": 0.005776870995759964, ""contract_by_using"": 0.004766424186527729, ""choice_of_law"": 0.0021935030817985535, ""jurisdiction"": 0.0025728275068104267, ""arbitration"": 0.00450389226898551}"
test:1031,"unless otherwise permitted by uber in writing , you may only possess one account .",[],[],"{""limitation_of_liability"": 0.007188190706074238, ""unilateral_termination"": 0.004630018956959248, ""unilateral_change"": 0.003009503474459052, ""content_removal"": 0.005114403553307056, ""contract_by_using"": 0.0030061674769967794, ""choice_of_law"": 0.002395613817498088, ""jurisdiction"": 0.0027133524417877197, ""arbitration"": 0.004596279934048653}"
test:1032,the service is not available for use by persons under the age of 18 .,[],[],"{""limitation_of_liability"": 0.008642252534627914, ""unilateral_termination"": 0.0037848660722374916, ""unilateral_change"": 0.003789500566199422, ""content_removal"": 0.0033180254977196455, ""contract_by_using"": 0.0032392963767051697, ""choice_of_law"": 0.0024531949311494827, ""jurisdiction"": 0.001948840799741447, ""arbitration"": 0.003859167220070958}"
test:1033,"you may not authorize third parties to use your account , and you may not allow persons under the age of 18 to receive transportation or logistics services from third party providers unless they are accompanied by you .",[],[],"{""limitation_of_liability"": 0.0053473301231861115, ""unilateral_termination"": 0.003829288063570857, ""unilateral_change"": 0.003355809487402439, ""content_removal"": 0.004126942250877619, ""contract_by_using"": 0.0037103521171957254, ""choice_of_law"": 0.0022484909277409315, ""jurisdiction"": 0.0023400611244142056, ""arbitration"": 0.004857627209275961}"
test:1034,you may not assign or otherwise transfer your account to any other person or entity .,[],[],"{""limitation_of_liability"": 0.004888216033577919, ""unilateral_termination"": 0.003427344374358654, ""unilateral_change"": 0.004512897692620754, ""content_removal"": 0.004106300882995129, ""contract_by_using"": 0.003903148928657174, ""choice_of_law"": 0.0021948465146124363, ""jurisdiction"": 0.0021812741179019213, ""arbitration"": 0.0046216342598199844}"
test:1035,"you agree to comply with all applicable laws when using the services , and you may only use the services for lawful purposes ( e.g. , no transport of unlawful or hazardous materials ) .",[],[],"{""limitation_of_liability"": 0.010210852138698101, ""unilateral_termination"": 0.002225949428975582, ""unilateral_change"": 0.005998365115374327, ""content_removal"": 0.0038717850111424923, ""contract_by_using"": 0.006341442000120878, ""choice_of_law"": 0.008060954511165619, ""jurisdiction"": 0.0036959382705390453, ""arbitration"": 0.004386947490274906}"
test:1036,"you will not , in your use of the services , cause nuisance , annoyance , inconvenience , or property damage , whether to the third party provider or any other party .",[],[],"{""limitation_of_liability"": 0.01885943114757538, ""unilateral_termination"": 0.003222916042432189, ""unilateral_change"": 0.0034095384180545807, ""content_removal"": 0.0036736188922077417, ""contract_by_using"": 0.0034117575269192457, ""choice_of_law"": 0.0022628414444625378, ""jurisdiction"": 0.0019443599740043283, ""arbitration"": 0.0034128257539123297}"
test:1037,"in certain instances you may be asked to provide proof of identity to access or use the services , and you agree that you may be denied access to or use of the services if you refuse to provide proof of identity .",[],[],"{""limitation_of_liability"": 0.005959874019026756, ""unilateral_termination"": 0.02262186072766781, ""unilateral_change"": 0.0044240220449864864, ""content_removal"": 0.010783763602375984, ""contract_by_using"": 0.0031164970714598894, ""choice_of_law"": 0.0017254429403692484, ""jurisdiction"": 0.0030350247398018837, ""arbitration"": 0.00543248513713479}"
test:1038,"by creating an account , you agree that the services may send you informational text ( sms ) messages as part of the normal business operation of your use of the services .",[],[],"{""limitation_of_liability"": 0.004181163851171732, ""unilateral_termination"": 0.0025858960580080748, ""unilateral_change"": 0.005080484785139561, ""content_removal"": 0.004403253551572561, ""contract_by_using"": 0.02781800739467144, ""choice_of_law"": 0.0030202758498489857, ""jurisdiction"": 0.003238874487578869, ""arbitration"": 0.006644419394433498}"
test:1039,you may opt-out of receiving text ( sms ) messages from uber at any time by following the directions found at http://t.uber.com/sms-unsubscribe .,[],[],"{""limitation_of_liability"": 0.003875287715345621, ""unilateral_termination"": 0.003461202373728156, ""unilateral_change"": 0.004668082110583782, ""content_removal"": 0.004299065098166466, ""contract_by_using"": 0.004292952362447977, ""choice_of_law"": 0.00250389170832932, ""jurisdiction"": 0.0022515205200761557, ""arbitration"": 0.004531026817858219}"
test:1040,you acknowledge that opting out of receiving text ( sms ) messages may impact your use of the services .,[],[],"{""limitation_of_liability"": 0.004618404433131218, ""unilateral_termination"": 0.00432023499161005, ""unilateral_change"": 0.004334721714258194, ""content_removal"": 0.0038022412918508053, ""contract_by_using"": 0.0048058172687888145, ""choice_of_law"": 0.001986949471756816, ""jurisdiction"": 0.002215805696323514, ""arbitration"": 0.005423902068287134}"
test:1041,"uber may , in uber 's sole discretion , create promotional codes that may be redeemed for account credit , or other features or benefits related to the services and/or a third party provider 's services , subject to any additional terms that uber establishes on a per promotional code basis ( `` promo codes '' ) .",[],[],"{""limitation_of_liability"": 0.005848374217748642, ""unilateral_termination"": 0.07368543744087219, ""unilateral_change"": 0.07891891896724701, ""content_removal"": 0.052665382623672485, ""contract_by_using"": 0.005162367597222328, ""choice_of_law"": 0.0021378204692155123, ""jurisdiction"": 0.003123413771390915, ""arbitration"": 0.006084684282541275}"
test:1042,"you agree that promo codes : ( i ) must be used for the intended audience and purpose , and in a lawful manner ; ( ii ) may not be duplicated , sold or transferred in any manner , or made available to the general public ( whether posted to a public form or otherwise ) , unless expressly permitted by uber ; ( iii ) may be disabled by uber at any time for any reason without liability to uber ; ( iv ) may only be used pursuant to the specific terms that uber establishes for such promo code ; ( v ) are not valid for cash ; and ( vi ) may expire prior to your use .",[],[],"{""limitation_of_liability"": 0.05434127524495125, ""unilateral_termination"": 0.4707982540130615, ""unilateral_change"": 0.014146233908832073, ""content_removal"": 0.2382722795009613, ""contract_by_using"": 0.003303120844066143, ""choice_of_law"": 0.00496200006455183, ""jurisdiction"": 0.00803576409816742, ""arbitration"": 0.006778448820114136}"
test:1043,"uber reserves the right to withhold or deduct credits or other features or benefits obtained through the use of promo codes by you or any other user in the event that uber determines or believes that the use or redemption of the promo code was in error , fraudulent , illegal , or in violation of the applicable promo code terms or these terms .",[],[],"{""limitation_of_liability"": 0.35871410369873047, ""unilateral_termination"": 0.06489714980125427, ""unilateral_change"": 0.08855341374874115, ""content_removal"": 0.13011066615581512, ""contract_by_using"": 0.006233019754290581, ""choice_of_law"": 0.012332911603152752, ""jurisdiction"": 0.011294754222035408, ""arbitration"": 0.005905254743993282}"
test:1044,"uber may , in uber 's sole discretion , permit you from time to time to submit , upload , publish or otherwise make available to uber through the services textual , audio , and/or visual content and information , including commentary and feedback related to the services , initiation of support requests , and submission of entries for competitions and promotions ( `` user content '' ) .",[],[],"{""limitation_of_liability"": 0.004750190302729607, ""unilateral_termination"": 0.10255882889032364, ""unilateral_change"": 0.5407553315162659, ""content_removal"": 0.1156310886144638, ""contract_by_using"": 0.013660767115652561, ""choice_of_law"": 0.006030108779668808, ""jurisdiction"": 0.008531236089766026, ""arbitration"": 0.00914096087217331}"
test:1045,any user content provided by you remains your property .,[],[],"{""limitation_of_liability"": 0.00586194172501564, ""unilateral_termination"": 0.003461269661784172, ""unilateral_change"": 0.004457147791981697, ""content_removal"": 0.003907505888491869, ""contract_by_using"": 0.003712922800332308, ""choice_of_law"": 0.0026111407205462456, ""jurisdiction"": 0.0018163224449381232, ""arbitration"": 0.0038223403971642256}"
test:1046,"however , by providing user content to uber , you grant uber a worldwide , perpetual , irrevocable , transferrable , royalty-free license , with the right to sublicense , to use , copy , modify , create derivative works of , distribute , publicly display , publicly perform , and otherwise exploit in any manner such user content in all formats and distribution channels now known or hereafter devised ( including in connection with the services and uber 's business and on third-party sites and services ) , without further notice to or consent from you , and without the requirement of payment to you or any other person or entity .",[],[],"{""limitation_of_liability"": 0.0033283906523138285, ""unilateral_termination"": 0.008510264568030834, ""unilateral_change"": 0.010088939219713211, ""content_removal"": 0.007794824428856373, ""contract_by_using"": 0.007427290081977844, ""choice_of_law"": 0.0018917080014944077, ""jurisdiction"": 0.001997449202463031, ""arbitration"": 0.004132325295358896}"
test:1047,"you represent and warrant that : ( i ) you either are the sole and exclusive owner of all user content or you have all rights , licenses , consents and releases necessary to grant uber the license to the user content as set forth above ; and ( ii ) neither the user content nor your submission , uploading , publishing or otherwise making available of such user content nor uber 's use of the user content as permitted herein will infringe , misappropriate or violate a third party 's intellectual property or proprietary rights , or rights of publicity or privacy , or result in the violation of any applicable law or regulation .",[],[],"{""limitation_of_liability"": 0.005841563921421766, ""unilateral_termination"": 0.00391298858448863, ""unilateral_change"": 0.003048095852136612, ""content_removal"": 0.004428504034876823, ""contract_by_using"": 0.0048059080727398396, ""choice_of_law"": 0.0023987258318811655, ""jurisdiction"": 0.0023347893729805946, ""arbitration"": 0.004261717665940523}"
test:1048,"you agree to not provide user content that is defamatory , libelous , hateful , violent , obscene , pornographic , unlawful , or otherwise offensive , as determined by uber in its sole discretion , whether or not such material may be protected by law .",[],[],"{""limitation_of_liability"": 0.007374333683401346, ""unilateral_termination"": 0.006459691096097231, ""unilateral_change"": 0.004449847619980574, ""content_removal"": 0.008258441463112831, ""contract_by_using"": 0.0028354714158922434, ""choice_of_law"": 0.0018476415425539017, ""jurisdiction"": 0.0018598133465275168, ""arbitration"": 0.003400717629119754}"
test:1049,"uber may , but shall not be obligated to , review , monitor , or remove user content , at uber 's sole discretion and at any time and for any reason , without notice to you .","[""content_removal""]","[""content_removal""]","{""limitation_of_liability"": 0.12863074243068695, ""unilateral_termination"": 0.5698367953300476, ""unilateral_change"": 0.4114266335964203, ""content_removal"": 0.9601856470108032, ""contract_by_using"": 0.04638168588280678, ""choice_of_law"": 0.058201421052217484, ""jurisdiction"": 0.05974232405424118, ""arbitration"": 0.036595869809389114}"
test:1050,you are responsible for obtaining the data network access necessary to use the services .,[],[],"{""limitation_of_liability"": 0.004313911776989698, ""unilateral_termination"": 0.0030681665521115065, ""unilateral_change"": 0.004495794419199228, ""content_removal"": 0.003533759852871299, ""contract_by_using"": 0.00461595831438899, ""choice_of_law"": 0.0025322551373392344, ""jurisdiction"": 0.002319766441360116, ""arbitration"": 0.004900936037302017}"
test:1051,your mobile network 's data and messaging rates and fees may apply if you access or use the services from a wireless-enabled device and you shall be responsible for such rates and fees .,[],[],"{""limitation_of_liability"": 0.004938809666782618, ""unilateral_termination"": 0.0022201247047632933, ""unilateral_change"": 0.01860223151743412, ""content_removal"": 0.0030234609730541706, ""contract_by_using"": 0.013309763744473457, ""choice_of_law"": 0.004741555545479059, ""jurisdiction"": 0.0023089766036719084, ""arbitration"": 0.004322251304984093}"
test:1052,you are responsible for acquiring and updating compatible hardware or devices necessary to access and use the services and applications and any updates thereto .,[],[],"{""limitation_of_liability"": 0.004573006648570299, ""unilateral_termination"": 0.002992181573063135, ""unilateral_change"": 0.01510939747095108, ""content_removal"": 0.004465986043214798, ""contract_by_using"": 0.00561766792088747, ""choice_of_law"": 0.002598576247692108, ""jurisdiction"": 0.0018868426559492946, ""arbitration"": 0.0034178735222667456}"
test:1053,"uber does not guarantee that the services , or any portion thereof , will function on any particular hardware or devices .",[],[],"{""limitation_of_liability"": 0.012339942157268524, ""unilateral_termination"": 0.0026318493764847517, ""unilateral_change"": 0.004376379773020744, ""content_removal"": 0.00321966246701777, ""contract_by_using"": 0.003742777742445469, ""choice_of_law"": 0.0023826712276786566, ""jurisdiction"": 0.0017501326510682702, ""arbitration"": 0.0032525670249015093}"
test:1054,"in addition , the services may be subject to malfunctions and delays inherent in the use of the internet and electronic communications .",[],[],"{""limitation_of_liability"": 0.5163210034370422, ""unilateral_termination"": 0.056368760764598846, ""unilateral_change"": 0.03505577892065048, ""content_removal"": 0.019341599196195602, ""contract_by_using"": 0.0045445323921740055, ""choice_of_law"": 0.004500274080783129, ""jurisdiction"": 0.004453456494957209, ""arbitration"": 0.004431094974279404}"
test:1055,you understand that use of the services may result in charges to you for the services or goods you receive from a third party provider ( `` charges '' ) .,[],[],"{""limitation_of_liability"": 0.005674262065440416, ""unilateral_termination"": 0.0031842475291341543, ""unilateral_change"": 0.005538478493690491, ""content_removal"": 0.0032450768630951643, ""contract_by_using"": 0.00396815175190568, ""choice_of_law"": 0.002423797966912389, ""jurisdiction"": 0.002065684413537383, ""arbitration"": 0.004477878101170063}"
test:1056,"after you have received services or goods obtained through your use of the service , uber will facilitate your payment of the applicable charges on behalf of the third party provider as such third party provider 's limited payment collection agent .",[],[],"{""limitation_of_liability"": 0.007406431250274181, ""unilateral_termination"": 0.00213259132578969, ""unilateral_change"": 0.006009194999933243, ""content_removal"": 0.0031169087160378695, ""contract_by_using"": 0.007837513461709023, ""choice_of_law"": 0.0025319119449704885, ""jurisdiction"": 0.00217574555426836, ""arbitration"": 0.004116480704396963}"
test:1057,payment of the charges in such manner shall be considered the same as payment made directly by you to the third party provider .,[],[],"{""limitation_of_liability"": 0.006312871817499399, ""unilateral_termination"": 0.0024651330895721912, ""unilateral_change"": 0.00456117931753397, ""content_removal"": 0.0032626199536025524, ""contract_by_using"": 0.005178562831133604, ""choice_of_law"": 0.002853239420801401, ""jurisdiction"": 0.0020522596314549446, ""arbitration"": 0.00416296161711216}"
test:1058,charges will be inclusive of applicable taxes where required by law .,[],[],"{""limitation_of_liability"": 0.012300792150199413, ""unilateral_termination"": 0.00251766131259501, ""unilateral_change"": 0.006362425163388252, ""content_removal"": 0.0031560997013002634, ""contract_by_using"": 0.0031901788897812366, ""choice_of_law"": 0.003929003141820431, ""jurisdiction"": 0.0025021072942763567, ""arbitration"": 0.004202257841825485}"
test:1059,"charges paid by you are final and non-refundable , unless otherwise determined by uber .",[],[],"{""limitation_of_liability"": 0.010861678048968315, ""unilateral_termination"": 0.003016754286363721, ""unilateral_change"": 0.005098923109471798, ""content_removal"": 0.003486799541860819, ""contract_by_using"": 0.003216793294996023, ""choice_of_law"": 0.002549119759351015, ""jurisdiction"": 0.0018642533104866743, ""arbitration"": 0.003702534129843116}"
test:1060,you retain the right to request lower charges from a third party provider for services or goods received by you from such third party provider at the time you receive such services or goods .,[],[],"{""limitation_of_liability"": 0.007288404740393162, ""unilateral_termination"": 0.006123912520706654, ""unilateral_change"": 0.011423986405134201, ""content_removal"": 0.004492383450269699, ""contract_by_using"": 0.003167186165228486, ""choice_of_law"": 0.0014804283855482936, ""jurisdiction"": 0.0017157512484118342, ""arbitration"": 0.003356879809871316}"
test:1061,uber will respond accordingly to any request from a third party provider to modify the charges for a particular service or good .,[],[],"{""limitation_of_liability"": 0.006964900530874729, ""unilateral_termination"": 0.004483627155423164, ""unilateral_change"": 0.11790665984153748, ""content_removal"": 0.005787666421383619, ""contract_by_using"": 0.012268212623894215, ""choice_of_law"": 0.004389820154756308, ""jurisdiction"": 0.002548696706071496, ""arbitration"": 0.004253592807799578}"
test:1062,"all charges are due immediately and payment will be facilitated by uber using the preferred payment method designated in your account , after which uber will send you a receipt by email .",[],[],"{""limitation_of_liability"": 0.004534818232059479, ""unilateral_termination"": 0.0028339605778455734, ""unilateral_change"": 0.005316870752722025, ""content_removal"": 0.0036856634542346, ""contract_by_using"": 0.007660606876015663, ""choice_of_law"": 0.0027610822580754757, ""jurisdiction"": 0.002356282202526927, ""arbitration"": 0.004760546609759331}"
test:1063,"if your primary account payment method is determined to be expired , invalid or otherwise not able to be charged , you agree that uber may , as the third party provider 's limited payment collection agent , use a secondary payment method in your account , if available .",[],[],"{""limitation_of_liability"": 0.005169302690774202, ""unilateral_termination"": 0.006603336427360773, ""unilateral_change"": 0.005952570121735334, ""content_removal"": 0.007562292739748955, ""contract_by_using"": 0.00512000173330307, ""choice_of_law"": 0.001588674378581345, ""jurisdiction"": 0.0021038614213466644, ""arbitration"": 0.0030623874627053738}"
test:1064,"as between you and uber , uber reserves the right to establish , remove and/or revise charges for any or all services or goods obtained through the use of the services at any time in uber 's sole discretion .","[""unilateral_change""]","[""unilateral_change"", ""content_removal""]","{""limitation_of_liability"": 0.14906926453113556, ""unilateral_termination"": 0.429927259683609, ""unilateral_change"": 0.9898301959037781, ""content_removal"": 0.6127521395683289, ""contract_by_using"": 0.10124148428440094, ""choice_of_law"": 0.10210121423006058, ""jurisdiction"": 0.0644223764538765, ""arbitration"": 0.05415462702512741}"
test:1065,"further , you acknowledge and agree that charges applicable in certain geographical areas may increase substantially during times of high demand .",[],[],"{""limitation_of_liability"": 0.11849119514226913, ""unilateral_termination"": 0.054446641355752945, ""unilateral_change"": 0.5788941383361816, ""content_removal"": 0.016458509489893913, ""contract_by_using"": 0.018168114125728607, ""choice_of_law"": 0.00842209905385971, ""jurisdiction"": 0.007506778463721275, ""arbitration"": 0.010015877895057201}"
test:1066,"uber will use reasonable efforts to inform you of charges that may apply , provided that you will be responsible for charges incurred under your account regardless of your awareness of such charges or the amounts thereof .",[],[],"{""limitation_of_liability"": 0.02973002940416336, ""unilateral_termination"": 0.0023479561787098646, ""unilateral_change"": 0.008707148022949696, ""content_removal"": 0.003250634064897895, ""contract_by_using"": 0.00532739982008934, ""choice_of_law"": 0.002651447430253029, ""jurisdiction"": 0.0019335201941430569, ""arbitration"": 0.0030914577655494213}"
test:1067,"uber may from time to time provide certain users with promotional offers and discounts that may result in different amounts charged for the same or similar services or goods obtained through the use of the services , and you agree that such promotional offers and discounts , unless also made available to you , shall have no bearing on your use of the services or the charges applied to you .",[],[],"{""limitation_of_liability"": 0.02037360705435276, ""unilateral_termination"": 0.00665305508300662, ""unilateral_change"": 0.4284762144088745, ""content_removal"": 0.007940296083688736, ""contract_by_using"": 0.02142323926091194, ""choice_of_law"": 0.010135888122022152, ""jurisdiction"": 0.005418967921286821, ""arbitration"": 0.005412015598267317}"
test:1068,"you may elect to cancel your request for services or goods from a third party provider at any time prior to such third party provider 's arrival , in which case you may be charged a cancellation fee .",[],[],"{""limitation_of_liability"": 0.004241367802023888, ""unilateral_termination"": 0.008277729153633118, ""unilateral_change"": 0.005630571860820055, ""content_removal"": 0.005568841937929392, ""contract_by_using"": 0.004039149731397629, ""choice_of_law"": 0.0013918820768594742, ""jurisdiction"": 0.001920959330163896, ""arbitration"": 0.00412644213065505}"
test:1069,this payment structure is intended to fully compensate the third party provider for the services or goods provided .,[],[],"{""limitation_of_liability"": 0.2824515700340271, ""unilateral_termination"": 0.005615731701254845, ""unilateral_change"": 0.006857728119939566, ""content_removal"": 0.005782614462077618, ""contract_by_using"": 0.004609759896993637, ""choice_of_law"": 0.004994290415197611, ""jurisdiction"": 0.003675876185297966, ""arbitration"": 0.004383809864521027}"
test:1070,"except with respect to taxicab transportation services requested through the application , uber does not designate any portion of your payment as a tip or gratuity to the third party provider .",[],[],"{""limitation_of_liability"": 0.007402537856251001, ""unilateral_termination"": 0.0030440252739936113, ""unilateral_change"": 0.003735022619366646, ""content_removal"": 0.0038605567533522844, ""contract_by_using"": 0.003721445333212614, ""choice_of_law"": 0.0021576210856437683, ""jurisdiction"": 0.0020056446082890034, ""arbitration"": 0.0037010530941188335}"
test:1071,"any representation by uber ( on uber 's website , in the application , or in uber 's marketing materials ) to the effect that tipping is `` voluntary , '' `` not required , '' and/or `` included '' in the payments you make for services or goods provided is not intended to suggest that uber provides any additional amounts , beyond those described above , to the third party provider .",[],[],"{""limitation_of_liability"": 0.007463118992745876, ""unilateral_termination"": 0.0027359698433429003, ""unilateral_change"": 0.004723806865513325, ""content_removal"": 0.0036992866080254316, ""contract_by_using"": 0.004061541520059109, ""choice_of_law"": 0.002297756727784872, ""jurisdiction"": 0.0018754872726276517, ""arbitration"": 0.003589907893911004}"
test:1072,"you understand and agree that , while you are free to provide additional payment as a gratuity to any third party provider who provides you with services or goods obtained through the service , you are under no obligation to do so .",[],[],"{""limitation_of_liability"": 0.023880328983068466, ""unilateral_termination"": 0.003840365679934621, ""unilateral_change"": 0.003550324123352766, ""content_removal"": 0.0033822364639490843, ""contract_by_using"": 0.003946407698094845, ""choice_of_law"": 0.0019049393013119698, ""jurisdiction"": 0.002106674248352647, ""arbitration"": 0.0035644322633743286}"
test:1073,"after you have received services or goods obtained through the service , you will have the opportunity to rate your experience and leave additional feedback about your third party provider .",[],[],"{""limitation_of_liability"": 0.0042957765981554985, ""unilateral_termination"": 0.004216840956360102, ""unilateral_change"": 0.004661694169044495, ""content_removal"": 0.003987931180745363, ""contract_by_using"": 0.006596939172595739, ""choice_of_law"": 0.001854125875979662, ""jurisdiction"": 0.001814440474845469, ""arbitration"": 0.0042580203153193}"
test:1074,"you shall be responsible for the cost of repair for damage to , or necessary cleaning of , third party provider vehicles and property resulting from use of the services under your account in excess of normal `` wear and tear '' damages and necessary cleaning ( `` repair or cleaning '' ) .",[],[],"{""limitation_of_liability"": 0.060231875628232956, ""unilateral_termination"": 0.0025604385882616043, ""unilateral_change"": 0.005543943494558334, ""content_removal"": 0.003192246425896883, ""contract_by_using"": 0.0048946961760520935, ""choice_of_law"": 0.0026282870676368475, ""jurisdiction"": 0.002675417112186551, ""arbitration"": 0.004677864722907543}"
test:1075,"in the event that a third party provider reports the need for repair or cleaning , and such repair or cleaning request is verified by uber in uber 's reasonable discretion , uber reserves the right to facilitate payment for the reasonable cost of such repair or cleaning on behalf of the third party provider using your payment method designated in your account .",[],[],"{""limitation_of_liability"": 0.03616444393992424, ""unilateral_termination"": 0.005981781519949436, ""unilateral_change"": 0.010836134664714336, ""content_removal"": 0.0056814709678292274, ""contract_by_using"": 0.004529392812401056, ""choice_of_law"": 0.0015430018538609147, ""jurisdiction"": 0.0020007637795060873, ""arbitration"": 0.0035605188459157944}"
test:1076,such amounts will be transferred by uber to the applicable third party provider and are non-refundable .,[],[],"{""limitation_of_liability"": 0.012248558923602104, ""unilateral_termination"": 0.0030939793214201927, ""unilateral_change"": 0.004611033946275711, ""content_removal"": 0.003739075269550085, ""contract_by_using"": 0.003244891297072172, ""choice_of_law"": 0.0027045051101595163, ""jurisdiction"": 0.0020867108833044767, ""arbitration"": 0.0036781192757189274}"
test:1077,disclaimers ; limitation of liability ; indemnity .,[],[],"{""limitation_of_liability"": 0.01408299244940281, ""unilateral_termination"": 0.0027995940763503313, ""unilateral_change"": 0.003615003079175949, ""content_removal"": 0.0027743775863200426, ""contract_by_using"": 0.0038004680536687374, ""choice_of_law"": 0.0027957921847701073, ""jurisdiction"": 0.0027723112143576145, ""arbitration"": 0.005552041344344616}"
test:1078,the services are provided `` as is '' and `` as available . '',[],[],"{""limitation_of_liability"": 0.0070487745106220245, ""unilateral_termination"": 0.002425561659038067, ""unilateral_change"": 0.005534975789487362, ""content_removal"": 0.0031042885966598988, ""contract_by_using"": 0.004587607923895121, ""choice_of_law"": 0.0033771598245948553, ""jurisdiction"": 0.0023147871252149343, ""arbitration"": 0.004626067355275154}"
test:1079,"uber disclaims all representations and warranties , express , implied or statutory , not expressly set out in these terms , including the implied warranties of merchantability , fitness for a particular purpose and non-infringement .",[],[],"{""limitation_of_liability"": 0.008850210346281528, ""unilateral_termination"": 0.0025911491829901934, ""unilateral_change"": 0.003152288729324937, ""content_removal"": 0.0034123784862458706, ""contract_by_using"": 0.004718292970210314, ""choice_of_law"": 0.002960049547255039, ""jurisdiction"": 0.0024606932420283556, ""arbitration"": 0.0044655147939920425}"
test:1080,"in addition , uber makes no representation , warranty , or guarantee regarding the reliability , timeliness , quality , suitability or availability of the services or any services or goods requested through the use of the services , or that the services will be uninterrupted or error-free .",[],[],"{""limitation_of_liability"": 0.05277083069086075, ""unilateral_termination"": 0.0029354668222367764, ""unilateral_change"": 0.00475278589874506, ""content_removal"": 0.0038856889586895704, ""contract_by_using"": 0.0054435101337730885, ""choice_of_law"": 0.0022974407766014338, ""jurisdiction"": 0.002042799722403288, ""arbitration"": 0.0031658934894949198}"
test:1081,"uber does not guarantee the quality , suitability , safety or ability of third party providers .",[],[],"{""limitation_of_liability"": 0.007001875434070826, ""unilateral_termination"": 0.003172942204400897, ""unilateral_change"": 0.0043497770093381405, ""content_removal"": 0.0033106741029769182, ""contract_by_using"": 0.0033335259649902582, ""choice_of_law"": 0.002605817513540387, ""jurisdiction"": 0.002067092340439558, ""arbitration"": 0.004465457983314991}"
test:1082,"you agree that the entire risk arising out of your use of the services , and any service or good requested in connection therewith , remains solely with you , to the maximum extent permitted under applicable law .",[],[],"{""limitation_of_liability"": 0.5131630897521973, ""unilateral_termination"": 0.007213984150439501, ""unilateral_change"": 0.005482747219502926, ""content_removal"": 0.008282455615699291, ""contract_by_using"": 0.005415694788098335, ""choice_of_law"": 0.00952871609479189, ""jurisdiction"": 0.007468238938599825, ""arbitration"": 0.005244196858257055}"
test:1083,"uber shall not be liable for indirect , incidental , special , exemplary , punitive or consequential damages , including lost profits , lost data , personal injury or property damage related to , in connection with , or otherwise resulting from any use of the services , even if uber has been advised of the possibility of such damages .","[""limitation_of_liability""]","[""limitation_of_liability""]","{""limitation_of_liability"": 0.9824792146682739, ""unilateral_termination"": 0.026754986494779587, ""unilateral_change"": 0.018775342032313347, ""content_removal"": 0.02565525844693184, ""contract_by_using"": 0.017549805343151093, ""choice_of_law"": 0.030169934034347534, ""jurisdiction"": 0.04243391752243042, ""arbitration"": 0.018203655257821083}"
test:1084,"uber shall not be liable for any damages , liability or losses arising out of : ( i ) your use of or reliance on the services or your inability to access or use the services ; or ( ii ) any transaction or relationship between you and any third party provider , even if uber has been advised of the possibility of such damages .","[""limitation_of_liability""]","[""limitation_of_liability""]","{""limitation_of_liability"": 0.9847185015678406, ""unilateral_termination"": 0.028884518891572952, ""unilateral_change"": 0.020955586805939674, ""content_removal"": 0.027567528188228607, ""contract_by_using"": 0.020326243713498116, ""choice_of_law"": 0.035171084105968475, ""jurisdiction"": 0.04649321734905243, ""arbitration"": 0.019860543310642242}"
test:1085,uber shall not be liable for delay or failure in performance resulting from causes beyond uber 's reasonable control .,"[""limitation_of_liability""]","[""limitation_of_liability""]","{""limitation_of_liability"": 0.9793322086334229, ""unilateral_termination"": 0.04428311809897423, ""unilateral_change"": 0.02026095613837242, ""content_removal"": 0.02784789353609085, ""contract_by_using"": 0.013917781412601471, ""choice_of_law"": 0.02206914685666561, ""jurisdiction"": 0.028737805783748627, ""arbitration"": 0.014215688221156597}"
test:1086,you acknowledge that third party transportation providers providing transportation services requested through some request brands may offer ridesharing or peer-to-peer transportation services and may not be professionally licensed or permitted .,[],[],"{""limitation_of_liability"": 0.004358740523457527, ""unilateral_termination"": 0.003317059250548482, ""unilateral_change"": 0.0047608064487576485, ""content_removal"": 0.0037965276278555393, ""contract_by_using"": 0.004250910133123398, ""choice_of_law"": 0.0022059252951294184, ""jurisdiction"": 0.0020731438416987658, ""arbitration"": 0.004543415270745754}"
test:1087,"in no event shall uber 's total liability to you in connection with the services for all damages , losses and causes of action exceed five hundred euros ( $ 500 ) .","[""limitation_of_liability""]","[""limitation_of_liability""]","{""limitation_of_liability"": 0.980837881565094, ""unilateral_termination"": 0.03082873299717903, ""unilateral_change"": 0.019430743530392647, ""content_removal"": 0.02415301464498043, ""contract_by_using"": 0.01594032160937786, ""choice_of_law"": 0.025306401774287224, ""jurisdiction"": 0.03602556511759758, ""arbitration"": 0.017089812085032463}"
test:1088,"uber 's services may be used by you to request and schedule transportation , goods or logistics services with third party providers , but you agree that uber has no responsibility or liability to you related to any transportation , goods or logistics services provided to you by third party providers other than as expressly set forth in these terms .","[""limitation_of_liability""]",[],"{""limitation_of_liability"": 0.5303938984870911, ""unilateral_termination"": 0.0052704657427966595, ""unilateral_change"": 0.005049154628068209, ""content_removal"": 0.006346572656184435, ""contract_by_using"": 0.00948599074035883, ""choice_of_law"": 0.005571840330958366, ""jurisdiction"": 0.0059488555416464806, ""arbitration"": 0.006063134875148535}"
test:1089,the limitations and disclaimer in this section 5 do not purport to limit liability or alter your rights as a consumer that can not be excluded under applicable law .,[],[],"{""limitation_of_liability"": 0.013946755789220333, ""unilateral_termination"": 0.0035816978197544813, ""unilateral_change"": 0.0032868206035345793, ""content_removal"": 0.0036571351811289787, ""contract_by_using"": 0.0030153882689774036, ""choice_of_law"": 0.002394812647253275, ""jurisdiction"": 0.0020821255166083574, ""arbitration"": 0.003754898440092802}"
test:1090,"you agree to indemnify and hold uber and its officers , directors , employees and agents harmless from any and all claims , demands , losses , liabilities , and expenses ( including attorneys ' fees ) arising out of or in connection with : ( i ) your use of the services or services or goods obtained through your use of the services ; ( ii ) your breach or violation of any of these terms ; ( iii ) uber 's use of your user content ; or ( iv ) your violation of the rights of any third party , including third party providers .",[],[],"{""limitation_of_liability"": 0.00876234844326973, ""unilateral_termination"": 0.002845772774890065, ""unilateral_change"": 0.0032851980067789555, ""content_removal"": 0.0035658907145261765, ""contract_by_using"": 0.004906580783426762, ""choice_of_law"": 0.002269226824864745, ""jurisdiction"": 0.002161802491173148, ""arbitration"": 0.0037264181300997734}"
test:1091,"except as otherwise set forth in these terms , these terms shall be exclusively governed by and construed in accordance with the laws of the netherlands , excluding its rules on conflicts of laws .","[""choice_of_law""]","[""choice_of_law""]","{""limitation_of_liability"": 0.1056823879480362, ""unilateral_termination"": 0.06524939835071564, ""unilateral_change"": 0.13971829414367676, ""content_removal"": 0.08414974808692932, ""contract_by_using"": 0.14745742082595825, ""choice_of_law"": 0.973660409450531, ""jurisdiction"": 0.3003351092338562, ""arbitration"": 0.19625486433506012}"
test:1092,the vienna convention on the international sale of goods of 1980 ( cisg ) shall not apply .,[],[],"{""limitation_of_liability"": 0.00631306879222393, ""unilateral_termination"": 0.0028787218034267426, ""unilateral_change"": 0.006152009125798941, ""content_removal"": 0.003113202750682831, ""contract_by_using"": 0.004874696023762226, ""choice_of_law"": 0.005271828267723322, ""jurisdiction"": 0.00370961194857955, ""arbitration"": 0.006600277964025736}"
test:1093,"any dispute , conflict , claim or controversy arising out of or broadly in connection with or relating to the services or these terms , including those relating to its validity , its construction or its enforceability ( any `` dispute '' ) shall be first mandatorily submitted to mediation proceedings under the international chamber of commerce mediation rules ( `` icc mediation rules '' ) .","[""arbitration""]","[""arbitration""]","{""limitation_of_liability"": 0.01656617596745491, ""unilateral_termination"": 0.03820475935935974, ""unilateral_change"": 0.025173207744956017, ""content_removal"": 0.027933266013860703, ""contract_by_using"": 0.04297243431210518, ""choice_of_law"": 0.05120518058538437, ""jurisdiction"": 0.10363145172595978, ""arbitration"": 0.6837078332901001}"
test:1094,"if such dispute has not been settled within sixty ( 60 ) days after a request for mediation has been submitted under such icc mediation rules , such dispute can be referred to and shall be exclusively and finally resolved by arbitration under the rules of arbitration of the international chamber of commerce ( `` icc arbitration rules '' ) .",[],"[""arbitration""]","{""limitation_of_liability"": 0.04791804403066635, ""unilateral_termination"": 0.13081641495227814, ""unilateral_change"": 0.08321958780288696, ""content_removal"": 0.0791572704911232, ""contract_by_using"": 0.12828251719474792, ""choice_of_law"": 0.22522471845149994, ""jurisdiction"": 0.3033655285835266, ""arbitration"": 0.9437629580497742}"
test:1095,the icc rules ' emergency arbitrator provisions are excluded .,[],[],"{""limitation_of_liability"": 0.0057857101783156395, ""unilateral_termination"": 0.0030761724337935448, ""unilateral_change"": 0.005266132298856974, ""content_removal"": 0.003504121210426092, ""contract_by_using"": 0.0034559532068669796, ""choice_of_law"": 0.002413392998278141, ""jurisdiction"": 0.0020714052952826023, ""arbitration"": 0.004563444294035435}"
test:1096,the dispute shall be resolved by one ( 1 ) arbitrator to be appointed in accordance with the icc rules .,[],[],"{""limitation_of_liability"": 0.011057676747441292, ""unilateral_termination"": 0.01204301230609417, ""unilateral_change"": 0.013539680279791355, ""content_removal"": 0.013029562309384346, ""contract_by_using"": 0.02685045450925827, ""choice_of_law"": 0.030148720368742943, ""jurisdiction"": 0.04032646492123604, ""arbitration"": 0.30231955647468567}"
test:1097,"the place of both mediation and arbitration shall be amsterdam , the netherlands , without prejudice to any rights you may have under article 18 of the brussels i bis regulation ( oj eu 2012 l351/1 ) and/or article 6:236 n of the dutch civil code .",[],[],"{""limitation_of_liability"": 0.006774401292204857, ""unilateral_termination"": 0.009010114707052708, ""unilateral_change"": 0.008201872929930687, ""content_removal"": 0.006309716962277889, ""contract_by_using"": 0.01451927050948143, ""choice_of_law"": 0.012958694249391556, ""jurisdiction"": 0.022065844386816025, ""arbitration"": 0.08350502699613571}"
test:1098,"the language of the mediation and/or arbitration shall be english , unless you do not speak english , in which case the mediation and/or arbitration shall be conducted in both english and your native language .",[],[],"{""limitation_of_liability"": 0.01451080571860075, ""unilateral_termination"": 0.02777135744690895, ""unilateral_change"": 0.013058745302259922, ""content_removal"": 0.01907115988433361, ""contract_by_using"": 0.033723071217536926, ""choice_of_law"": 0.029411286115646362, ""jurisdiction"": 0.09130308777093887, ""arbitration"": 0.5252511501312256}"
test:1099,"the existence and content of the mediation and arbitration proceedings , including documents and briefs submitted by the parties , correspondence from and to the international chamber of commerce , correspondence from the mediator , and correspondence , orders and awards issued by the sole arbitrator , shall remain strictly confidential and shall not be disclosed to any third party without the express written consent from the other party unless : ( i ) the disclosure to the third party is reasonably required in the context of conducting the mediation or arbitration proceedings ; and ( ii ) the third party agrees unconditionally in writing to be bound by the confidentiality obligation stipulated herein .",[],[],"{""limitation_of_liability"": 0.005445882678031921, ""unilateral_termination"": 0.004259282257407904, ""unilateral_change"": 0.003583035198971629, ""content_removal"": 0.005181494634598494, ""contract_by_using"": 0.0041911303997039795, ""choice_of_law"": 0.0025765085592865944, ""jurisdiction"": 0.0027196709997951984, ""arbitration"": 0.0060631288215518}"
test:1100,claims of copyright infringement should be sent to uber 's designated agent .,[],[],"{""limitation_of_liability"": 0.004280910827219486, ""unilateral_termination"": 0.004045427311211824, ""unilateral_change"": 0.0053584398701786995, ""content_removal"": 0.004888345953077078, ""contract_by_using"": 0.003938997630029917, ""choice_of_law"": 0.0028310983907431364, ""jurisdiction"": 0.0030631707049906254, ""arbitration"": 0.005888017360121012}"
test:1101,please visit uber 's web page at https://www.uber.com/legal for the designated address and additional information .,[],[],"{""limitation_of_liability"": 0.004750440828502178, ""unilateral_termination"": 0.0034029793459922075, ""unilateral_change"": 0.004393183160573244, ""content_removal"": 0.004354475531727076, ""contract_by_using"": 0.0036449080798774958, ""choice_of_law"": 0.0033287007827311754, ""jurisdiction"": 0.0029691841918975115, ""arbitration"": 0.005938163958489895}"
test:1102,"uber may give notice by means of a general notice on the services , electronic mail to your email address in your account , or by written communication sent to your address as set forth in your account .",[],[],"{""limitation_of_liability"": 0.004565943032503128, ""unilateral_termination"": 0.005231853574514389, ""unilateral_change"": 0.007534543517976999, ""content_removal"": 0.005015205126255751, ""contract_by_using"": 0.005261815153062344, ""choice_of_law"": 0.002719099400565028, ""jurisdiction"": 0.0028965177480131388, ""arbitration"": 0.005334476940333843}"
test:1103,"you may give notice to uber by written communication to uber 's address at vijzelstraat 68 , 1017 hl , amsterdam , the netherlands .",[],[],"{""limitation_of_liability"": 0.004566614516079426, ""unilateral_termination"": 0.003230141010135412, ""unilateral_change"": 0.005048560444265604, ""content_removal"": 0.003977466840296984, ""contract_by_using"": 0.004618220496922731, ""choice_of_law"": 0.0037067243829369545, ""jurisdiction"": 0.003494360949844122, ""arbitration"": 0.00621578237041831}"
test:1104,you may not assign or transfer these terms in whole or in part without uber 's prior written approval .,[],[],"{""limitation_of_liability"": 0.0036075895186513662, ""unilateral_termination"": 0.006479475647211075, ""unilateral_change"": 0.007908739149570465, ""content_removal"": 0.007071719504892826, ""contract_by_using"": 0.004188971593976021, ""choice_of_law"": 0.002019169507548213, ""jurisdiction"": 0.0018332053441554308, ""arbitration"": 0.003963284660130739}"
test:1105,"you give your approval to uber for it to assign or transfer these terms in whole or in part , including to : ( i ) a subsidiary or affiliate ; ( ii ) an acquirer of uber 's equity , business or assets ; or ( iii ) a successor by merger .",[],[],"{""limitation_of_liability"": 0.003972874954342842, ""unilateral_termination"": 0.003243714803829789, ""unilateral_change"": 0.0054870834574103355, ""content_removal"": 0.004061248153448105, ""contract_by_using"": 0.006518140435218811, ""choice_of_law"": 0.0025755357928574085, ""jurisdiction"": 0.0023377167526632547, ""arbitration"": 0.0045233420096337795}"
test:1106,"no joint venture , partnership , employment or agency relationship exists between you , uber or any third party provider as a result of the contract between you and uber or use of the services .",[],[],"{""limitation_of_liability"": 0.007256001234054565, ""unilateral_termination"": 0.0032684498000890017, ""unilateral_change"": 0.0033992892131209373, ""content_removal"": 0.0032938593067228794, ""contract_by_using"": 0.003975083585828543, ""choice_of_law"": 0.002752969739958644, ""jurisdiction"": 0.002169370651245117, ""arbitration"": 0.00475773261860013}"
test:1107,"if any provision of these terms is held to be illegal , invalid or unenforceable , in whole or in part , under any law , such provision or part thereof shall to that extent be deemed not to form part of these terms but the legality , validity and enforceability of the other provisions in these terms shall not be affected .",[],[],"{""limitation_of_liability"": 0.012855557724833488, ""unilateral_termination"": 0.003182313870638609, ""unilateral_change"": 0.00788053497672081, ""content_removal"": 0.0054028574377298355, ""contract_by_using"": 0.00672715250402689, ""choice_of_law"": 0.015479831025004387, ""jurisdiction"": 0.006030731834471226, ""arbitration"": 0.006039774045348167}"
test:1108,"in that event , the parties shall replace the illegal , invalid or unenforceable provision or part thereof with a provision or part thereof that is legal , valid and enforceable and that has , to the greatest extent possible , a similar effect as the illegal , invalid or unenforceable provision or part thereof , given the contents and purpose of these terms .",[],[],"{""limitation_of_liability"": 0.0063615962862968445, ""unilateral_termination"": 0.0021800852846354246, ""unilateral_change"": 0.0075174905359745026, ""content_removal"": 0.0035807923413813114, ""contract_by_using"": 0.007543966639786959, ""choice_of_law"": 0.0035515709314495325, ""jurisdiction"": 0.0022838448639959097, ""arbitration"": 0.004326073918491602}"
test:1109,these terms constitute the entire agreement and understanding of the parties with respect to its subject matter and replaces and supersedes all prior or contemporaneous agreements or undertakings regarding such subject matter .,[],[],"{""limitation_of_liability"": 0.004419863689690828, ""unilateral_termination"": 0.002258088905364275, ""unilateral_change"": 0.005937189795076847, ""content_removal"": 0.0036856462247669697, ""contract_by_using"": 0.011911082081496716, ""choice_of_law"": 0.005994047969579697, ""jurisdiction"": 0.0035145629663020372, ""arbitration"": 0.008002347312867641}"
test:1110,"in these terms , the words `` including '' and `` include '' mean `` including , but not limited to . ''",[],[],"{""limitation_of_liability"": 0.009583407081663609, ""unilateral_termination"": 0.0026008118875324726, ""unilateral_change"": 0.005030919332057238, ""content_removal"": 0.0033817896619439125, ""contract_by_using"": 0.00416199117898941, ""choice_of_law"": 0.004459272604435682, ""jurisdiction"": 0.0027098231948912144, ""arbitration"": 0.004500494338572025}"
test:1111,"effective date : august 28 , 2017 - what 's new ''",[],[],"{""limitation_of_liability"": 0.007331046275794506, ""unilateral_termination"": 0.003870701417326927, ""unilateral_change"": 0.004985365085303783, ""content_removal"": 0.0042368508875370026, ""contract_by_using"": 0.0034685933496803045, ""choice_of_law"": 0.004012365825474262, ""jurisdiction"": 0.0026078904047608376, ""arbitration"": 0.004548023920506239}"
test:1112,"we invite you to access our websites and use the evernote service , but please note that your invitation is subject to your agreement with these terms of service .",[],[],"{""limitation_of_liability"": 0.00722830044105649, ""unilateral_termination"": 0.008121027611196041, ""unilateral_change"": 0.023853879421949387, ""content_removal"": 0.010822516866028309, ""contract_by_using"": 0.6374892592430115, ""choice_of_law"": 0.010084458626806736, ""jurisdiction"": 0.010940284468233585, ""arbitration"": 0.016794929280877113}"
test:1113,"this document describes in detail your rights and our rights relating to the provision of the service ( as defined below ) , so please review these terms carefully .",[],[],"{""limitation_of_liability"": 0.00362419500015676, ""unilateral_termination"": 0.006952359341084957, ""unilateral_change"": 0.07182640582323074, ""content_removal"": 0.007521387655287981, ""contract_by_using"": 0.12488411366939545, ""choice_of_law"": 0.006994668394327164, ""jurisdiction"": 0.0037389742210507393, ""arbitration"": 0.006812626961618662}"
test:1114,what are the terms of service ?,[],[],"{""limitation_of_liability"": 0.009619767777621746, ""unilateral_termination"": 0.0028969806153327227, ""unilateral_change"": 0.006093474570661783, ""content_removal"": 0.002860963810235262, ""contract_by_using"": 0.006146755535155535, ""choice_of_law"": 0.0033120906446129084, ""jurisdiction"": 0.002385605126619339, ""arbitration"": 0.004289187490940094}"
test:1115,the terms of service constitutes a contract between evernote and you .,[],[],"{""limitation_of_liability"": 0.004402258433401585, ""unilateral_termination"": 0.0031114034354686737, ""unilateral_change"": 0.0045424639247357845, ""content_removal"": 0.0030610631220042706, ""contract_by_using"": 0.008479002863168716, ""choice_of_law"": 0.0028780880384147167, ""jurisdiction"": 0.0023950403556227684, ""arbitration"": 0.005589304957538843}"
test:1116,"the terms include the provisions set forth in this document and in the evernote privacy policy , commercial terms , evernote business agreement , user guidelines , ip compliance program and other terms or conditions that may be presented by us and accepted by you from time to time in connection with specific service offerings ( all of which we collectively refer to as the `` terms of service '' or `` terms '' ) .",[],[],"{""limitation_of_liability"": 0.0036144088953733444, ""unilateral_termination"": 0.003041342133656144, ""unilateral_change"": 0.03292258083820343, ""content_removal"": 0.0044478727504611015, ""contract_by_using"": 0.055776119232177734, ""choice_of_law"": 0.005937370005995035, ""jurisdiction"": 0.003513274248689413, ""arbitration"": 0.00512899411842227}"
test:1117,"if you do not agree to these terms , you do not have the right to access or use our service .",[],[],"{""limitation_of_liability"": 0.006571974605321884, ""unilateral_termination"": 0.017548227682709694, ""unilateral_change"": 0.006104663480073214, ""content_removal"": 0.010300048626959324, ""contract_by_using"": 0.003714884864166379, ""choice_of_law"": 0.0017003200482577085, ""jurisdiction"": 0.0018326828721910715, ""arbitration"": 0.0033892628271132708}"
test:1118,if you do register for or otherwise use our service you shall be deemed to confirm your acceptance of the terms and your agreement to be a party to this binding contract .,"[""contract_by_using""]","[""contract_by_using""]","{""limitation_of_liability"": 0.024988427758216858, ""unilateral_termination"": 0.016932407394051552, ""unilateral_change"": 0.07655513286590576, ""content_removal"": 0.029054272919893265, ""contract_by_using"": 0.9612239599227905, ""choice_of_law"": 0.05079979449510574, ""jurisdiction"": 0.0487881675362587, ""arbitration"": 0.06598096340894699}"
test:1119,"by using the service , you acknowledge , accept and agree with all provisions of the privacy policy , including , without limitation , the use and treatment of the text , images , and other data you choose to input , upload , or store in evernote ( collectively , `` content '' ) and your personal information in accordance with such privacy policy .","[""contract_by_using""]","[""contract_by_using""]","{""limitation_of_liability"": 0.020877020433545113, ""unilateral_termination"": 0.014848889783024788, ""unilateral_change"": 0.061057962477207184, ""content_removal"": 0.036291446536779404, ""contract_by_using"": 0.9513760209083557, ""choice_of_law"": 0.039731863886117935, ""jurisdiction"": 0.04753214493393898, ""arbitration"": 0.06730210781097412}"
test:1120,what is the evernote service ?,[],[],"{""limitation_of_liability"": 0.011934185400605202, ""unilateral_termination"": 0.002827187767252326, ""unilateral_change"": 0.004095264710485935, ""content_removal"": 0.0029579391703009605, ""contract_by_using"": 0.004211894702166319, ""choice_of_law"": 0.0030368114821612835, ""jurisdiction"": 0.0023386722896248102, ""arbitration"": 0.004594720900058746}"
test:1121,"the evernote software ( as defined below ) , the evernote service , and other products , services and websites hosted or made available by evernote , including , for example our app center , user forum , and help & learning pages are collectively referred to in these terms as the `` service '' .",[],[],"{""limitation_of_liability"": 0.004681540187448263, ""unilateral_termination"": 0.002578132785856724, ""unilateral_change"": 0.006789176259189844, ""content_removal"": 0.0033017080277204514, ""contract_by_using"": 0.0116858696565032, ""choice_of_law"": 0.003461710410192609, ""jurisdiction"": 0.0021543046459555626, ""arbitration"": 0.005021343007683754}"
test:1122,"in exchange for being enabled to use the service , you agree to abide by these terms .","[""contract_by_using""]","[""contract_by_using""]","{""limitation_of_liability"": 0.026296347379684448, ""unilateral_termination"": 0.014865311793982983, ""unilateral_change"": 0.07430234551429749, ""content_removal"": 0.0268918015062809, ""contract_by_using"": 0.9586132764816284, ""choice_of_law"": 0.043612927198410034, ""jurisdiction"": 0.04325614497065544, ""arbitration"": 0.05522206053137779}"
test:1123,"if this is a contract , who are the parties ?",[],[],"{""limitation_of_liability"": 0.008948495611548424, ""unilateral_termination"": 0.003180348314344883, ""unilateral_change"": 0.0034867976792156696, ""content_removal"": 0.003064563265070319, ""contract_by_using"": 0.0038679554127156734, ""choice_of_law"": 0.002978341421112418, ""jurisdiction"": 0.002618862548843026, ""arbitration"": 0.005519255064427853}"
test:1124,"you , the account holder , are one party to this contract .",[],[],"{""limitation_of_liability"": 0.005764783825725317, ""unilateral_termination"": 0.003249742556363344, ""unilateral_change"": 0.003759174607694149, ""content_removal"": 0.0033402626868337393, ""contract_by_using"": 0.0037202201783657074, ""choice_of_law"": 0.0029993311036378145, ""jurisdiction"": 0.002475702902302146, ""arbitration"": 0.005172935780137777}"
test:1125,"( an account holder is the person or entity who has contracted with evernote as either an individual basic , plus , or premium user or as a customer as defined in our evernote business agreement . )",[],[],"{""limitation_of_liability"": 0.009964970871806145, ""unilateral_termination"": 0.0029427148401737213, ""unilateral_change"": 0.003025813028216362, ""content_removal"": 0.003518244018778205, ""contract_by_using"": 0.003869572887197137, ""choice_of_law"": 0.0031187732238322496, ""jurisdiction"": 0.002470404841005802, ""arbitration"": 0.004250936210155487}"
test:1126,"if you reside in the united states or canada , then the other party to this contract is evernote corporation , a corporation headquartered in california .",[],[],"{""limitation_of_liability"": 0.006606918293982744, ""unilateral_termination"": 0.0027150500100106, ""unilateral_change"": 0.003922514151781797, ""content_removal"": 0.0029079969972372055, ""contract_by_using"": 0.005853691603988409, ""choice_of_law"": 0.0044983262196183205, ""jurisdiction"": 0.004105276893824339, ""arbitration"": 0.007387151475995779}"
test:1127,"if you reside in brazil , then the other party to this contract is evernote do brasil serviços de aplicações ltda. , a company headquartered in the city of são paulo , state of sao paolo , brazil ( `` evernote brasil '' ) .",[],[],"{""limitation_of_liability"": 0.005940024740993977, ""unilateral_termination"": 0.0024969582445919514, ""unilateral_change"": 0.003963345196098089, ""content_removal"": 0.003148735035210848, ""contract_by_using"": 0.007226059213280678, ""choice_of_law"": 0.004528094083070755, ""jurisdiction"": 0.003845339175313711, ""arbitration"": 0.007502382155507803}"
test:1128,"if you reside outside of the united states , canada and brazil , then the other party to this contract is evernote gmbh , a company headquartered in zurich , switzerland .",[],[],"{""limitation_of_liability"": 0.005741545464843512, ""unilateral_termination"": 0.002695310628041625, ""unilateral_change"": 0.003898955648764968, ""content_removal"": 0.0029896192718297243, ""contract_by_using"": 0.007270851172506809, ""choice_of_law"": 0.00422141095623374, ""jurisdiction"": 0.003917661961168051, ""arbitration"": 0.007822158746421337}"
test:1129,"( evernote corporation , evernote gmbh and evernote brasil , as applicable , may be referred to in these terms of service as `` evernote , '' `` we '' and sometimes `` us '' ) .",[],[],"{""limitation_of_liability"": 0.004847734700888395, ""unilateral_termination"": 0.003769992385059595, ""unilateral_change"": 0.03253045678138733, ""content_removal"": 0.0040461476892232895, ""contract_by_using"": 0.03433438763022423, ""choice_of_law"": 0.0080405930057168, ""jurisdiction"": 0.0035325814969837666, ""arbitration"": 0.005206502042710781}"
test:1130,"on some occasions , you may be purchasing products or service subscriptions from an authorized reseller .",[],[],"{""limitation_of_liability"": 0.004210272803902626, ""unilateral_termination"": 0.00559855904430151, ""unilateral_change"": 0.004458432085812092, ""content_removal"": 0.004652984905987978, ""contract_by_using"": 0.003195221535861492, ""choice_of_law"": 0.0019923141226172447, ""jurisdiction"": 0.002052018418908119, ""arbitration"": 0.0043966337107121944}"
test:1131,please review our commercial terms for information about additional contract terms relating to such purchases .,[],[],"{""limitation_of_liability"": 0.0041380333714187145, ""unilateral_termination"": 0.0040727960877120495, ""unilateral_change"": 0.046181827783584595, ""content_removal"": 0.003948675934225321, ""contract_by_using"": 0.008454164490103722, ""choice_of_law"": 0.004381989128887653, ""jurisdiction"": 0.002266749506816268, ""arbitration"": 0.004155975300818682}"
test:1132,is this the only contract i have with evernote ?,[],[],"{""limitation_of_liability"": 0.007946345955133438, ""unilateral_termination"": 0.003260916331782937, ""unilateral_change"": 0.003483106382191181, ""content_removal"": 0.003197670681402087, ""contract_by_using"": 0.0039323726668953896, ""choice_of_law"": 0.0026797926984727383, ""jurisdiction"": 0.0025933205615729094, ""arbitration"": 0.005386730656027794}"
test:1133,it depends upon how you interact with the evernote service and our software applications .,[],[],"{""limitation_of_liability"": 0.005135757848620415, ""unilateral_termination"": 0.0036141923628747463, ""unilateral_change"": 0.004738109186291695, ""content_removal"": 0.003662154544144869, ""contract_by_using"": 0.0032863204833120108, ""choice_of_law"": 0.0029319142922759056, ""jurisdiction"": 0.002311550546437502, ""arbitration"": 0.005282290745526552}"
test:1134,"if you install any evernote software on your computing devices , you may be asked to agree to an end user license agreement .",[],[],"{""limitation_of_liability"": 0.00404380401596427, ""unilateral_termination"": 0.0037735523656010628, ""unilateral_change"": 0.00383612047880888, ""content_removal"": 0.0035721040330827236, ""contract_by_using"": 0.006733957678079605, ""choice_of_law"": 0.002331299940124154, ""jurisdiction"": 0.0024955833796411753, ""arbitration"": 0.00606739753857255}"
test:1135,"if you pay for an evernote subscription , you will be asked to agree to the commercial terms .",[],[],"{""limitation_of_liability"": 0.004034297540783882, ""unilateral_termination"": 0.0025827190838754177, ""unilateral_change"": 0.007385199889540672, ""content_removal"": 0.0032230052165687084, ""contract_by_using"": 0.023357396945357323, ""choice_of_law"": 0.0032480068039149046, ""jurisdiction"": 0.002918260172009468, ""arbitration"": 0.006277953274548054}"
test:1136,"if you use related evernote products or services ( such as evernote business ) or participate in our user forum , you may also need to enter into a separate agreement with us ( usually by clicking `` accept '' or `` agree '' ) .",[],[],"{""limitation_of_liability"": 0.0030439007095992565, ""unilateral_termination"": 0.0030868251342326403, ""unilateral_change"": 0.0058451262302696705, ""content_removal"": 0.004739575553685427, ""contract_by_using"": 0.022386111319065094, ""choice_of_law"": 0.003395673120394349, ""jurisdiction"": 0.0035776104778051376, ""arbitration"": 0.008503186516463757}"
test:1137,we refer to each of these as a `` separate agreement . '',[],[],"{""limitation_of_liability"": 0.005351597443223, ""unilateral_termination"": 0.002997827250510454, ""unilateral_change"": 0.005144367925822735, ""content_removal"": 0.0036369941662997007, ""contract_by_using"": 0.003928549587726593, ""choice_of_law"": 0.0034765666350722313, ""jurisdiction"": 0.0024552587419748306, ""arbitration"": 0.005297530442476273}"
test:1138,"if that happens , the separate agreement shall take precedence if there is a conflict between those terms and this terms of service document , to the extent of such conflict and with respect to the particular subject matter of that separate agreement .",[],[],"{""limitation_of_liability"": 0.01841133087873459, ""unilateral_termination"": 0.01194067019969225, ""unilateral_change"": 0.005204813089221716, ""content_removal"": 0.006710502319037914, ""contract_by_using"": 0.00670146057382226, ""choice_of_law"": 0.0086279371753335, ""jurisdiction"": 0.009063760749995708, ""arbitration"": 0.011145837604999542}"
test:1139,will these terms of service ever change ?,[],[],"{""limitation_of_liability"": 0.008738528937101364, ""unilateral_termination"": 0.009921991266310215, ""unilateral_change"": 0.43787920475006104, ""content_removal"": 0.0060972790233790874, ""contract_by_using"": 0.0429362878203392, ""choice_of_law"": 0.009866827167570591, ""jurisdiction"": 0.004663426894694567, ""arbitration"": 0.007020651828497648}"
test:1140,"these terms may be amended as new features , technology , or legal requirements arise , so please check back from time to time .","[""unilateral_change""]","[""unilateral_change""]","{""limitation_of_liability"": 0.029669662937521935, ""unilateral_termination"": 0.06845100969076157, ""unilateral_change"": 0.9714481234550476, ""content_removal"": 0.04719939082860947, ""contract_by_using"": 0.07958901673555374, ""choice_of_law"": 0.0531853623688221, ""jurisdiction"": 0.023434367030858994, ""arbitration"": 0.025537705048918724}"
test:1141,"if we make a significant change , we 'll notify you and , where required , seek your consent .","[""unilateral_change""]",[],"{""limitation_of_liability"": 0.002841798821464181, ""unilateral_termination"": 0.0054385242983698845, ""unilateral_change"": 0.009838640689849854, ""content_removal"": 0.004765158053487539, ""contract_by_using"": 0.005624669604003429, ""choice_of_law"": 0.0022007946390658617, ""jurisdiction"": 0.0019761098083108664, ""arbitration"": 0.004911424126476049}"
test:1142,"if we do update these terms , you are free to decide whether to accept the updated terms or to stop using our service ( see `` how is my account closed '' below ) ; your continued use of the service after the effectiveness of that update will be deemed to represent your agreement with , and consent to be bound by , the new terms .","[""contract_by_using""]",[],"{""limitation_of_liability"": 0.012481127865612507, ""unilateral_termination"": 0.03206618130207062, ""unilateral_change"": 0.0999734178185463, ""content_removal"": 0.029729921370744705, ""contract_by_using"": 0.8751160502433777, ""choice_of_law"": 0.021093761548399925, ""jurisdiction"": 0.015335805714130402, ""arbitration"": 0.022917872294783592}"
test:1143,"except for changes made by us as described here , no other amendment or modification of these terms shall be effective unless set forth in a written agreement expressly amending these terms and bearing a written signature by you and us .",[],[],"{""limitation_of_liability"": 0.006868274882435799, ""unilateral_termination"": 0.0029491267632693052, ""unilateral_change"": 0.0642031654715538, ""content_removal"": 0.004674091469496489, ""contract_by_using"": 0.04113249480724335, ""choice_of_law"": 0.017827652394771576, ""jurisdiction"": 0.0041292160749435425, ""arbitration"": 0.006295967847108841}"
test:1144,"for clarity , email or other communications will not constitute an effective written agreement for this purpose .",[],[],"{""limitation_of_liability"": 0.005165493115782738, ""unilateral_termination"": 0.002821464091539383, ""unilateral_change"": 0.004835436586290598, ""content_removal"": 0.003617126727476716, ""contract_by_using"": 0.0048794932663440704, ""choice_of_law"": 0.003300147131085396, ""jurisdiction"": 0.0023778737522661686, ""arbitration"": 0.004778178408741951}"
test:1145,what do i have to do to use the evernote service ?,[],[],"{""limitation_of_liability"": 0.01064501516520977, ""unilateral_termination"": 0.003117362270131707, ""unilateral_change"": 0.004430480767041445, ""content_removal"": 0.0032485751435160637, ""contract_by_using"": 0.003861716017127037, ""choice_of_law"": 0.0029403469525277615, ""jurisdiction"": 0.0023449757136404514, ""arbitration"": 0.0042639016173779964}"
test:1146,"first , you need to create an evernote service account .",[],[],"{""limitation_of_liability"": 0.006200604606419802, ""unilateral_termination"": 0.0044252569787204266, ""unilateral_change"": 0.0041949329897761345, ""content_removal"": 0.0036856180522590876, ""contract_by_using"": 0.0029166273307055235, ""choice_of_law"": 0.0022129209246486425, ""jurisdiction"": 0.0020457571372389793, ""arbitration"": 0.004488853272050619}"
test:1147,you create an account by providing us with an email address and creating a password .,[],[],"{""limitation_of_liability"": 0.004129590466618538, ""unilateral_termination"": 0.003600433235988021, ""unilateral_change"": 0.0044154217466712, ""content_removal"": 0.0038983498234301805, ""contract_by_using"": 0.0038787631783634424, ""choice_of_law"": 0.0026402748189866543, ""jurisdiction"": 0.0025884078349918127, ""arbitration"": 0.005471985321491957}"
test:1148,( some older accounts also required a username . ),[],[],"{""limitation_of_liability"": 0.007259179372340441, ""unilateral_termination"": 0.003983264788985252, ""unilateral_change"": 0.004520595073699951, ""content_removal"": 0.0041339583694934845, ""contract_by_using"": 0.002669369103386998, ""choice_of_law"": 0.0028589987196028233, ""jurisdiction"": 0.002457678783684969, ""arbitration"": 0.0046942709013819695}"
test:1149,we refer to this as your `` basic subscriber information '' .,[],[],"{""limitation_of_liability"": 0.006191479042172432, ""unilateral_termination"": 0.003468489507213235, ""unilateral_change"": 0.00409732898697257, ""content_removal"": 0.0036058123223483562, ""contract_by_using"": 0.0033187856897711754, ""choice_of_law"": 0.002995220245793462, ""jurisdiction"": 0.0023446453269571066, ""arbitration"": 0.0048211668618023396}"
test:1150,we encourage you to use a distinct and non-obvious password that is different from passwords you use for any other service .,[],[],"{""limitation_of_liability"": 0.0039878967218101025, ""unilateral_termination"": 0.003981424495577812, ""unilateral_change"": 0.004822599235922098, ""content_removal"": 0.00392806064337492, ""contract_by_using"": 0.003596492577344179, ""choice_of_law"": 0.0023170243948698044, ""jurisdiction"": 0.0022225501015782356, ""arbitration"": 0.004937286954373121}"
test:1151,"you are responsible for maintaining the accuracy , completeness and confidentiality of your basic subscriber information , and you will be responsible for all activities that occur under your account , including activities of others to whom you have provided your basic subscriber information .",[],[],"{""limitation_of_liability"": 0.007773416116833687, ""unilateral_termination"": 0.002703234786167741, ""unilateral_change"": 0.0037740524858236313, ""content_removal"": 0.003255824325606227, ""contract_by_using"": 0.0049964613281190395, ""choice_of_law"": 0.0023509624879807234, ""jurisdiction"": 0.0020984334405511618, ""arbitration"": 0.003688108641654253}"
test:1152,we will not be liable for any loss or damage arising from your failure to provide us with accurate information or to keep your basic subscriber information secure .,[],"[""limitation_of_liability""]","{""limitation_of_liability"": 0.9812922477722168, ""unilateral_termination"": 0.027941690757870674, ""unilateral_change"": 0.019984731450676918, ""content_removal"": 0.02504335343837738, ""contract_by_using"": 0.01806955225765705, ""choice_of_law"": 0.02970157563686371, ""jurisdiction"": 0.03685164079070091, ""arbitration"": 0.01625007390975952}"
test:1153,"if you discover any unauthorized use of your basic subscriber information or suspect that anyone may be able to access your private content without authorization , you should immediately change your password and notify our customer support team .",[],[],"{""limitation_of_liability"": 0.0028041626792401075, ""unilateral_termination"": 0.01154136098921299, ""unilateral_change"": 0.01045692153275013, ""content_removal"": 0.008671475574374199, ""contract_by_using"": 0.004589640069752932, ""choice_of_law"": 0.0016719469567760825, ""jurisdiction"": 0.0020471622701734304, ""arbitration"": 0.0044913385063409805}"
test:1154,"second , you will need to access your account through a web browser or by installing our client software on your computers , tablets and phones .",[],[],"{""limitation_of_liability"": 0.004681595601141453, ""unilateral_termination"": 0.003556111129000783, ""unilateral_change"": 0.00516579719260335, ""content_removal"": 0.0037536390591412783, ""contract_by_using"": 0.0034523354843258858, ""choice_of_law"": 0.002783250529319048, ""jurisdiction"": 0.0022706156596541405, ""arbitration"": 0.0046919723972678185}"
test:1155,obtaining those devices and paying for their connectivity and data plans is your responsibility .,[],[],"{""limitation_of_liability"": 0.11946520954370499, ""unilateral_termination"": 0.012726428918540478, ""unilateral_change"": 0.006567960139364004, ""content_removal"": 0.009958588518202305, ""contract_by_using"": 0.02718580886721611, ""choice_of_law"": 0.00323434267193079, ""jurisdiction"": 0.0040137916803359985, ""arbitration"": 0.0058825379237532616}"
test:1156,evernote also has no responsibility for the availability of the internet and other telecommunication services necessary to access the service .,[],[],"{""limitation_of_liability"": 0.19598467648029327, ""unilateral_termination"": 0.0040070475079119205, ""unilateral_change"": 0.005135959945619106, ""content_removal"": 0.00424886355176568, ""contract_by_using"": 0.004345564171671867, ""choice_of_law"": 0.0035986669827252626, ""jurisdiction"": 0.003206837922334671, ""arbitration"": 0.004396097734570503}"
test:1157,can i share my account with someone else ?,[],[],"{""limitation_of_liability"": 0.0071501038037240505, ""unilateral_termination"": 0.003976427949965, ""unilateral_change"": 0.003777390345931053, ""content_removal"": 0.0036798305809497833, ""contract_by_using"": 0.0029074675403535366, ""choice_of_law"": 0.002562765497714281, ""jurisdiction"": 0.00239078002050519, ""arbitration"": 0.0050881290808320045}"
test:1158,evernote service accounts should not be shared .,[],[],"{""limitation_of_liability"": 0.007048643659800291, ""unilateral_termination"": 0.004093513358384371, ""unilateral_change"": 0.004832337144762278, ""content_removal"": 0.004084586165845394, ""contract_by_using"": 0.003075960325077176, ""choice_of_law"": 0.0019941707141697407, ""jurisdiction"": 0.0017656359123066068, ""arbitration"": 0.003718981286510825}"
test:1159,"if you share your basic subscriber information with anyone , that other person may be able to take control of the account , and we may not be able to determine who is the proper account holder .",[],[],"{""limitation_of_liability"": 0.007532069459557533, ""unilateral_termination"": 0.004290711134672165, ""unilateral_change"": 0.003279430326074362, ""content_removal"": 0.004755134228616953, ""contract_by_using"": 0.003450538031756878, ""choice_of_law"": 0.002581821521744132, ""jurisdiction"": 0.00230273581109941, ""arbitration"": 0.0034323090221732855}"
test:1160,we will not have any liability to you ( or anyone you share your basic subscriber information with ) as a result of your or their actions under those circumstances .,[],"[""limitation_of_liability""]","{""limitation_of_liability"": 0.9747126698493958, ""unilateral_termination"": 0.02649546042084694, ""unilateral_change"": 0.015607350505888462, ""content_removal"": 0.021771693602204323, ""contract_by_using"": 0.015265120193362236, ""choice_of_law"": 0.023508785292506218, ""jurisdiction"": 0.028786657378077507, ""arbitration"": 0.012770923785865307}"
test:1161,"since you may use a free evernote service account , and since we provide a number of mechanisms to allow you to share your account content with others , we strongly urge you not to share your information with anyone , unless you are doing so as part of your estate planning purposes , as discussed below .",[],[],"{""limitation_of_liability"": 0.004861930385231972, ""unilateral_termination"": 0.003643483156338334, ""unilateral_change"": 0.00438270065933466, ""content_removal"": 0.004202337469905615, ""contract_by_using"": 0.0038580745458602905, ""choice_of_law"": 0.0019918233156204224, ""jurisdiction"": 0.0018919350113719702, ""arbitration"": 0.003725888906046748}"
test:1162,"once i have an account , what are my rights in the evernote service ?",[],[],"{""limitation_of_liability"": 0.009805727750062943, ""unilateral_termination"": 0.003446230199187994, ""unilateral_change"": 0.003662130096927285, ""content_removal"": 0.0032807665411382914, ""contract_by_using"": 0.003931674640625715, ""choice_of_law"": 0.0024869816843420267, ""jurisdiction"": 0.0020941973198205233, ""arbitration"": 0.004506588913500309}"
test:1163,"once your account is created and you accept these terms , we grant you a limited , non-exclusive license to use the service subject to these terms , for so long as you are not barred from receiving the service under the laws applicable to you , until you close your account voluntarily or until we close your account pursuant to these terms .",[],[],"{""limitation_of_liability"": 0.0038905960973352194, ""unilateral_termination"": 0.009143250063061714, ""unilateral_change"": 0.0047662025317549706, ""content_removal"": 0.005734739359468222, ""contract_by_using"": 0.009171177633106709, ""choice_of_law"": 0.00224196445196867, ""jurisdiction"": 0.0028769236523658037, ""arbitration"": 0.004934247117489576}"
test:1164,"in addition , we grant you a personal , worldwide , royalty-free , non-assignable and non-exclusive license to use the evernote software provided to you by or on behalf of evernote , for the sole purpose of enabling you to use the evernote software and enjoy the benefit of the service , subject to any applicable license terms provided with the evernote software and these terms , until your rights are terminated in accordance with such license and/or these terms .",[],[],"{""limitation_of_liability"": 0.003875389229506254, ""unilateral_termination"": 0.006911011412739754, ""unilateral_change"": 0.004831303376704454, ""content_removal"": 0.005493607837706804, ""contract_by_using"": 0.008882039226591587, ""choice_of_law"": 0.0019729675259441137, ""jurisdiction"": 0.002452808665111661, ""arbitration"": 0.004920488223433495}"
test:1165,you do not obtain any other right or interest in evernote or the service .,[],[],"{""limitation_of_liability"": 0.007200152147561312, ""unilateral_termination"": 0.0039057526737451553, ""unilateral_change"": 0.0035008974373340607, ""content_removal"": 0.0035046907141804695, ""contract_by_using"": 0.003284039441496134, ""choice_of_law"": 0.0022470431867986917, ""jurisdiction"": 0.001965929754078388, ""arbitration"": 0.004126275889575481}"
test:1166,evernote 's data protection laws say my data is mine -- what does that mean ?,[],[],"{""limitation_of_liability"": 0.007452195510268211, ""unilateral_termination"": 0.00324180256575346, ""unilateral_change"": 0.0035441655199974775, ""content_removal"": 0.0035575986839830875, ""contract_by_using"": 0.0036390095483511686, ""choice_of_law"": 0.00273984856903553, ""jurisdiction"": 0.0024662038777023554, ""arbitration"": 0.004981387872248888}"
test:1167,"you retain copyright and any other rights you already held in your content before you submitted , posted or displayed it on or through the service .",[],[],"{""limitation_of_liability"": 0.004824258852750063, ""unilateral_termination"": 0.0034168679267168045, ""unilateral_change"": 0.003543390426784754, ""content_removal"": 0.0041485438123345375, ""contract_by_using"": 0.004935649689286947, ""choice_of_law"": 0.002432182664051652, ""jurisdiction"": 0.002184563549235463, ""arbitration"": 0.004680827260017395}"
test:1168,"but you do have to grant evernote a limited license , as described below , so we can make your data accessible and usable on the service .",[],[],"{""limitation_of_liability"": 0.0038104988634586334, ""unilateral_termination"": 0.004276876337826252, ""unilateral_change"": 0.0043723490089178085, ""content_removal"": 0.0045924377627670765, ""contract_by_using"": 0.004595850594341755, ""choice_of_law"": 0.0022376803681254387, ""jurisdiction"": 0.002093201968818903, ""arbitration"": 0.004395233932882547}"
test:1169,"other than this limited license and other rights you grant in these terms , evernote acknowledges and agrees that we do not obtain any right , title or interest from you under these terms in any of your content .",[],[],"{""limitation_of_liability"": 0.006526533048599958, ""unilateral_termination"": 0.003105268580839038, ""unilateral_change"": 0.0033527312334626913, ""content_removal"": 0.004079296253621578, ""contract_by_using"": 0.004603227134793997, ""choice_of_law"": 0.0022000190801918507, ""jurisdiction"": 0.0021530576050281525, ""arbitration"": 0.003937744069844484}"
test:1170,what is the license i have to grant to evernote ?,[],[],"{""limitation_of_liability"": 0.008100293576717377, ""unilateral_termination"": 0.0033764520194381475, ""unilateral_change"": 0.004078283440321684, ""content_removal"": 0.003524540225043893, ""contract_by_using"": 0.0032901261001825333, ""choice_of_law"": 0.002795556792989373, ""jurisdiction"": 0.0022512043360620737, ""arbitration"": 0.004475993104279041}"
test:1171,"in order to enable evernote to operate the service , we must obtain from you certain limited license rights to process your content that is covered by intellectual property rights so that technical actions we take in operating the service are not considered legal violations .",[],[],"{""limitation_of_liability"": 0.0050404975190758705, ""unilateral_termination"": 0.006531927268952131, ""unilateral_change"": 0.004029623232781887, ""content_removal"": 0.005158570595085621, ""contract_by_using"": 0.003473820397630334, ""choice_of_law"": 0.0018762265099212527, ""jurisdiction"": 0.0020677968859672546, ""arbitration"": 0.0040758452378213406}"
test:1172,"for example , copyright laws could prevent us from processing , maintaining , storing , backing-up and distributing certain content , unless you give us these rights .",[],[],"{""limitation_of_liability"": 0.003956367261707783, ""unilateral_termination"": 0.007993213832378387, ""unilateral_change"": 0.004868121352046728, ""content_removal"": 0.0069784182123839855, ""contract_by_using"": 0.0027254580054432154, ""choice_of_law"": 0.0023967456072568893, ""jurisdiction"": 0.0024133767001330853, ""arbitration"": 0.0052793798968195915}"
test:1173,"accordingly , by using the service and uploading content , you are granting evernote a license to display , perform and distribute your content and to modify ( for technical purposes , e.g. , making sure content is viewable on smartphones as well as computers and other devices ) and reproduce such content to enable evernote to operate the service .",[],[],"{""limitation_of_liability"": 0.0032516908831894398, ""unilateral_termination"": 0.004816792439669371, ""unilateral_change"": 0.006765568163245916, ""content_removal"": 0.0052115130238235, ""contract_by_using"": 0.015544822439551353, ""choice_of_law"": 0.002193882828578353, ""jurisdiction"": 0.0022976079490035772, ""arbitration"": 0.00463661877438426}"
test:1174,"you also agree that evernote has the right to elect not to accept , post , store , display , publish or transmit any content in our sole discretion .",[],"[""content_removal""]","{""limitation_of_liability"": 0.015570128336548805, ""unilateral_termination"": 0.4015105068683624, ""unilateral_change"": 0.0664018914103508, ""content_removal"": 0.4825509488582611, ""contract_by_using"": 0.008111915551126003, ""choice_of_law"": 0.0043773711659014225, ""jurisdiction"": 0.01006210595369339, ""arbitration"": 0.00793758500367403}"
test:1175,"you agree that these rights and licenses are royalty free , transferable , sub-licensable , worldwide and irrevocable ( for so long as your content is stored with us ) , and include a right for evernote to make such content available to , and pass these rights along to , others with whom evernote has contractual relationships related to the provision of the service , solely for the purpose of providing such services , and to otherwise permit access to or disclose your content to third parties if evernote determines such access is necessary to comply with its legal obligations .",[],[],"{""limitation_of_liability"": 0.004090656526386738, ""unilateral_termination"": 0.004045667126774788, ""unilateral_change"": 0.004439531825482845, ""content_removal"": 0.004899478517472744, ""contract_by_using"": 0.005306833423674107, ""choice_of_law"": 0.0023277413565665483, ""jurisdiction"": 0.002239909954369068, ""arbitration"": 0.004540168214589357}"
test:1176,"if you elect to use any third party service or application that is integrated with evernote , you also agree that the licenses granted to evernote in the preceding paragraph shall apply to content that is submitted or uploaded through such third party service or application .",[],[],"{""limitation_of_liability"": 0.004913614597171545, ""unilateral_termination"": 0.0030876409728080034, ""unilateral_change"": 0.004477425012737513, ""content_removal"": 0.0037958291359245777, ""contract_by_using"": 0.007333291694521904, ""choice_of_law"": 0.002237008884549141, ""jurisdiction"": 0.001929301186464727, ""arbitration"": 0.003974092658609152}"
test:1177,"if the third party service or application you elect to use would access or extract content , you grant evernote the right and license to enable third party access to and extraction of your content .",[],[],"{""limitation_of_liability"": 0.004221601411700249, ""unilateral_termination"": 0.0042914338409900665, ""unilateral_change"": 0.0038583038840442896, ""content_removal"": 0.004249854478985071, ""contract_by_using"": 0.004221705719828606, ""choice_of_law"": 0.0021338185761123896, ""jurisdiction"": 0.0020786416716873646, ""arbitration"": 0.004606654401868582}"
test:1178,"evernote does not assume any responsibility for , or liability on account of , the actions or omissions of such third party applications or service providers .",[],"[""limitation_of_liability""]","{""limitation_of_liability"": 0.9452993273735046, ""unilateral_termination"": 0.013614789582788944, ""unilateral_change"": 0.011681278236210346, ""content_removal"": 0.016033465042710304, ""contract_by_using"": 0.013792945072054863, ""choice_of_law"": 0.016389789059758186, ""jurisdiction"": 0.016422808170318604, ""arbitration"": 0.009026692248880863}"
test:1179,"as we rely upon your rights to upload and distribute your content , you represent and warrant to evernote that ( 1 ) you have the unfettered legal rights and authority to submit your content to evernote , to make any other use , publication or other distribution of that content in your use of the service , and to grant the rights granted to evernote under these terms ; and ( 2 ) your content complies with our user guidelines and these terms .",[],[],"{""limitation_of_liability"": 0.005581272300332785, ""unilateral_termination"": 0.004708110820502043, ""unilateral_change"": 0.005066553596407175, ""content_removal"": 0.007956242188811302, ""contract_by_using"": 0.038178421556949615, ""choice_of_law"": 0.0025876432191580534, ""jurisdiction"": 0.004063613712787628, ""arbitration"": 0.005707514006644487}"
test:1180,"finally , you understand and agree that evernote , in performing the required technical steps to provide the service to our users , may make such changes to your content as are necessary to conform and adapt that content to the technical requirements of connecting networks , devices , services or media .",[],[],"{""limitation_of_liability"": 0.017353493720293045, ""unilateral_termination"": 0.026665516197681427, ""unilateral_change"": 0.8622498512268066, ""content_removal"": 0.02617659792304039, ""contract_by_using"": 0.059671852737665176, ""choice_of_law"": 0.015748385339975357, ""jurisdiction"": 0.008692960254848003, ""arbitration"": 0.014495675452053547}"
test:1181,what other assurances do i have to grant to evernote ?,[],[],"{""limitation_of_liability"": 0.007252708077430725, ""unilateral_termination"": 0.0033797428477555513, ""unilateral_change"": 0.004145349841564894, ""content_removal"": 0.00332212308421731, ""contract_by_using"": 0.0035188342444598675, ""choice_of_law"": 0.002428382867947221, ""jurisdiction"": 0.0023334079887717962, ""arbitration"": 0.00484734820201993}"
test:1182,"when you use the evernote service to send messages to an email address , to a telephone number via sms , or through a social media account ( e.g. , facebook or linkedin ) that has not been linked to an evernote account , evernote sends such messages on your behalf , and we are relying on your representation to us that you have a direct relationship with the recipient ( s ) and that you are respecting the legal rights of the recipient ( s ) not to receive certain kinds of messages ( such as harassing messages , unsolicited commercial messages , and unwanted sms messages ) .",[],[],"{""limitation_of_liability"": 0.004383218940347433, ""unilateral_termination"": 0.002848505973815918, ""unilateral_change"": 0.004965328145772219, ""content_removal"": 0.0037254199851304293, ""contract_by_using"": 0.004986931104212999, ""choice_of_law"": 0.0029470815788954496, ""jurisdiction"": 0.0024961745366454124, ""arbitration"": 0.004763331264257431}"
test:1183,whenever you send any kind of message to a third party you represent and warrant to evernote that you are acting within the law and that you have prior consent from the recipient to send them such a message .,[],[],"{""limitation_of_liability"": 0.005237181670963764, ""unilateral_termination"": 0.002664951141923666, ""unilateral_change"": 0.003575066803023219, ""content_removal"": 0.00370005308650434, ""contract_by_using"": 0.005925940349698067, ""choice_of_law"": 0.0026000423822551966, ""jurisdiction"": 0.0026233552489429712, ""arbitration"": 0.004589826799929142}"
test:1184,are there rules about what i can do on the evernote service ?,[],[],"{""limitation_of_liability"": 0.00801002699881792, ""unilateral_termination"": 0.0030249690171331167, ""unilateral_change"": 0.003995045553892851, ""content_removal"": 0.0032065091654658318, ""contract_by_using"": 0.0038477620109915733, ""choice_of_law"": 0.0028368995990604162, ""jurisdiction"": 0.00250267400406301, ""arbitration"": 0.004906238988041878}"
test:1185,your use of the service must be in accordance with these terms .,[],[],"{""limitation_of_liability"": 0.014011450111865997, ""unilateral_termination"": 0.01642855443060398, ""unilateral_change"": 0.08305542916059494, ""content_removal"": 0.0149616040289402, ""contract_by_using"": 0.7350468039512634, ""choice_of_law"": 0.014678198844194412, ""jurisdiction"": 0.01011279784142971, ""arbitration"": 0.014280691742897034}"
test:1186,"when it comes to your use of the service , you agree that you are responsible for your own conduct and all conduct under your account .",[],[],"{""limitation_of_liability"": 0.08368049561977386, ""unilateral_termination"": 0.0030027679167687893, ""unilateral_change"": 0.003865498350933194, ""content_removal"": 0.0038142367266118526, ""contract_by_using"": 0.018282795324921608, ""choice_of_law"": 0.003774923738092184, ""jurisdiction"": 0.003750202711671591, ""arbitration"": 0.004594131838530302}"
test:1187,"this means all content created , transmitted , stored or displayed in your account , is your sole responsibility as the person who created the content or introduced it into the service .",[],[],"{""limitation_of_liability"": 0.31758782267570496, ""unilateral_termination"": 0.00782709289342165, ""unilateral_change"": 0.0031049868557602167, ""content_removal"": 0.006618088576942682, ""contract_by_using"": 0.008765910752117634, ""choice_of_law"": 0.005761789623647928, ""jurisdiction"": 0.004957091528922319, ""arbitration"": 0.0048967222683131695}"
test:1188,"this applies whether the content is kept private , shared or transmitted using the service or any third-party application or services integrated with the evernote service .",[],[],"{""limitation_of_liability"": 0.009831071831285954, ""unilateral_termination"": 0.002722697565332055, ""unilateral_change"": 0.0040840995498001575, ""content_removal"": 0.0033463560976088047, ""contract_by_using"": 0.0034844358451664448, ""choice_of_law"": 0.0035342350602149963, ""jurisdiction"": 0.0021310404408723116, ""arbitration"": 0.00409428495913744}"
test:1189,our user guidelines provide more specific details regarding prohibited conduct on the service .,[],[],"{""limitation_of_liability"": 0.004620230756700039, ""unilateral_termination"": 0.0036198932211846113, ""unilateral_change"": 0.006003926042467356, ""content_removal"": 0.0036344430409371853, ""contract_by_using"": 0.003540538251399994, ""choice_of_law"": 0.002351457951590419, ""jurisdiction"": 0.0018875963287428021, ""arbitration"": 0.004133208189159632}"
test:1190,"if we find that any shared content in your account violates our terms of service ( including by violating another person 's intellectual property or privacy rights ) , we reserve the right to un-share or take down such content .","[""content_removal""]","[""content_removal""]","{""limitation_of_liability"": 0.06586010009050369, ""unilateral_termination"": 0.822119414806366, ""unilateral_change"": 0.07074052840471268, ""content_removal"": 0.5156653523445129, ""contract_by_using"": 0.006634843070060015, ""choice_of_law"": 0.00839317124336958, ""jurisdiction"": 0.01233618799597025, ""arbitration"": 0.011556040495634079}"
test:1191,i 'm guessing evernote has some rights relating to the service ?,[],[],"{""limitation_of_liability"": 0.013619010336697102, ""unilateral_termination"": 0.004172492306679487, ""unilateral_change"": 0.0036128379870206118, ""content_removal"": 0.003466647583991289, ""contract_by_using"": 0.003717628540471196, ""choice_of_law"": 0.002600544597953558, ""jurisdiction"": 0.0022256220690906048, ""arbitration"": 0.004171214997768402}"
test:1192,"while you own the content you store within the evernote service ( subject to third party rights ) , you acknowledge and agree that evernote ( and our licensors ) own ( s ) all legal right , title and interest in and to the service , including , without limitation , all software that is part of the service and all evernote software deployed by you or a third party to enable capturing of content originating outside the service , such as evernote scannable , evernote web clipper , the site memory widget or any of the evernote software applications for compatible computing devices that enable access and use of the service through such device ( the `` evernote software '' ) .",[],[],"{""limitation_of_liability"": 0.005480791907757521, ""unilateral_termination"": 0.0026468776632100344, ""unilateral_change"": 0.0039854696951806545, ""content_removal"": 0.0035617442335933447, ""contract_by_using"": 0.00539072509855032, ""choice_of_law"": 0.0027496768161654472, ""jurisdiction"": 0.002274078316986561, ""arbitration"": 0.004334188532084227}"
test:1193,"in agreeing to these terms , you also agree that the rights in the service and evernote software , including all intellectual property rights , such as trademarks , patents , designs and copyrights , are protected by one or more of copyright , trademark , patent , trade secret and other laws , regulations and treaties , in addition to these terms and any separate agreement .",[],[],"{""limitation_of_liability"": 0.008302937261760235, ""unilateral_termination"": 0.003959651570767164, ""unilateral_change"": 0.015018542297184467, ""content_removal"": 0.009874185547232628, ""contract_by_using"": 0.4750903248786926, ""choice_of_law"": 0.008963583037257195, ""jurisdiction"": 0.010329200886189938, ""arbitration"": 0.013486356474459171}"
test:1194,"in particular , you agree to not modify , create derivative works of , decompile or otherwise attempt to extract source code from any evernote software , unless you are expressly permitted to do so under an open source license , we give you express written permission or you are otherwise legally permitted to do so notwithstanding this prohibition .",[],[],"{""limitation_of_liability"": 0.004925197456032038, ""unilateral_termination"": 0.0035056096967309713, ""unilateral_change"": 0.003614400513470173, ""content_removal"": 0.005063136573880911, ""contract_by_using"": 0.004520603455603123, ""choice_of_law"": 0.0021502594463527203, ""jurisdiction"": 0.0022731598000973463, ""arbitration"": 0.004574891179800034}"
test:1195,right to modify the service .,[],[],"{""limitation_of_liability"": 0.019627854228019714, ""unilateral_termination"": 0.05977993831038475, ""unilateral_change"": 0.8975145220756531, ""content_removal"": 0.023663584142923355, ""contract_by_using"": 0.024297628551721573, ""choice_of_law"": 0.022997679188847542, ""jurisdiction"": 0.00913466140627861, ""arbitration"": 0.014545527286827564}"
test:1196,"we retain the right , in our sole discretion , to implement new elements as part of and/or ancillary to the service , including changes that may affect the previous mode of operation of the service or evernote software .","[""unilateral_change""]",[],"{""limitation_of_liability"": 0.03478042408823967, ""unilateral_termination"": 0.08997374027967453, ""unilateral_change"": 0.7787002921104431, ""content_removal"": 0.09471491724252701, ""contract_by_using"": 0.016302263364195824, ""choice_of_law"": 0.010801988653838634, ""jurisdiction"": 0.00760410213842988, ""arbitration"": 0.007924569770693779}"
test:1197,"we expect that any such modifications will enhance the overall service , but it is possible that you may not agree with us .",[],[],"{""limitation_of_liability"": 0.007827493362128735, ""unilateral_termination"": 0.010803313925862312, ""unilateral_change"": 0.0890607163310051, ""content_removal"": 0.010722383856773376, ""contract_by_using"": 0.035091325640678406, ""choice_of_law"": 0.002725232858210802, ""jurisdiction"": 0.0022948780097067356, ""arbitration"": 0.0038257883861660957}"
test:1198,"we also reserve the right to establish limits to the nature or size of storage available to you , the number of transmissions , the ability to send or receive email messages , the nature or size of any index or library information , the nature of , or your continued ability to access or distribute , your content and other data , and impose other limitations at any time , with or without notice .","[""unilateral_change""]","[""unilateral_termination"", ""unilateral_change"", ""content_removal""]","{""limitation_of_liability"": 0.2210661917924881, ""unilateral_termination"": 0.883827269077301, ""unilateral_change"": 0.970231294631958, ""content_removal"": 0.4303971827030182, ""contract_by_using"": 0.04187570884823799, ""choice_of_law"": 0.03950340300798416, ""jurisdiction"": 0.033842459321022034, ""arbitration"": 0.04462452232837677}"
test:1199,"for example , if you use evernote basic , you will not enjoy all of the benefits provided to subscribers of evernote plus , evernote premium or evernote business .",[],[],"{""limitation_of_liability"": 0.008789011277258396, ""unilateral_termination"": 0.0035537502262741327, ""unilateral_change"": 0.0031459147576242685, ""content_removal"": 0.003434017300605774, ""contract_by_using"": 0.003333860309794545, ""choice_of_law"": 0.0022780653089284897, ""jurisdiction"": 0.0020600822754204273, ""arbitration"": 0.004081094171851873}"
test:1200,"you also acknowledge that a variety of evernote actions may impair or prevent you from accessing your content or using the service at certain times and/or in the same way , for limited periods or permanently , and agree that evernote has no responsibility or liability as a result of any such actions or results , including , without limitation , for the deletion of , or failure to make available to you , any content .","[""limitation_of_liability""]","[""limitation_of_liability""]","{""limitation_of_liability"": 0.9780345559120178, ""unilateral_termination"": 0.3601875305175781, ""unilateral_change"": 0.06733225286006927, ""content_removal"": 0.25869980454444885, ""contract_by_using"": 0.016025342047214508, ""choice_of_law"": 0.023918787017464638, ""jurisdiction"": 0.04304913803935051, ""arbitration"": 0.01757262647151947}"
test:1201,"you agree that we shall not be liable to you or to any third party for any modification , suspension or discontinuance of any part of the service .","[""limitation_of_liability""]","[""limitation_of_liability""]","{""limitation_of_liability"": 0.9866349101066589, ""unilateral_termination"": 0.047942809760570526, ""unilateral_change"": 0.027911242097616196, ""content_removal"": 0.03700816258788109, ""contract_by_using"": 0.02093268185853958, ""choice_of_law"": 0.03215159848332405, ""jurisdiction"": 0.04535883665084839, ""arbitration"": 0.019361386075615883}"
test:1202,"however , if you are a subscriber for evernote plus , evernote premium , evernote business or another paid version of the service ( each a `` paid service '' ) and find that any such modifications or interruption of the paid service adversely affects you , you may notify our customer support team , explain the adverse impact the modification has created and , if you desire , request a termination of your paid service .",[],[],"{""limitation_of_liability"": 0.0038630221970379353, ""unilateral_termination"": 0.04373537749052048, ""unilateral_change"": 0.01240444090217352, ""content_removal"": 0.014441416598856449, ""contract_by_using"": 0.006249886006116867, ""choice_of_law"": 0.0014855695189908147, ""jurisdiction"": 0.0023012934252619743, ""arbitration"": 0.004902329295873642}"
test:1203,"upon receipt of any such request , we will endeavor to promptly remedy the adverse impact caused by the modification , extend the duration of your paid service subscription for a period of time equal to the interruption and/or refund a portion of your paid service subscription fee equal to the remaining unused term of the paid service subscription , as we determine appropriate or as may be required by applicable law .",[],[],"{""limitation_of_liability"": 0.03117068111896515, ""unilateral_termination"": 0.06813604384660721, ""unilateral_change"": 0.11874318867921829, ""content_removal"": 0.025718066841363907, ""contract_by_using"": 0.009012422524392605, ""choice_of_law"": 0.001657675253227353, ""jurisdiction"": 0.0027904186863452196, ""arbitration"": 0.004165085032582283}"
test:1204,right to engage third parties .,[],[],"{""limitation_of_liability"": 0.004808763973414898, ""unilateral_termination"": 0.007683091331273317, ""unilateral_change"": 0.0067192488349974155, ""content_removal"": 0.005582813173532486, ""contract_by_using"": 0.0023249811492860317, ""choice_of_law"": 0.0020489010494202375, ""jurisdiction"": 0.0019517573527991772, ""arbitration"": 0.004825153853744268}"
test:1205,"evernote engages certain affiliates or other third parties ( `` service providers '' ) to provide technical or other services relating to all or part of the service , and you hereby agree that such involvement by these service providers is acceptable .",[],[],"{""limitation_of_liability"": 0.004783008247613907, ""unilateral_termination"": 0.002704271115362644, ""unilateral_change"": 0.006286478601396084, ""content_removal"": 0.0034065712243318558, ""contract_by_using"": 0.012730196118354797, ""choice_of_law"": 0.0026237519923597574, ""jurisdiction"": 0.0023864759132266045, ""arbitration"": 0.005089826416224241}"
test:1206,"in addition , evernote may contract with third party resellers of the evernote plus , premium or business versions of the service and payment processors to enable payments in your local currency and payment systems .",[],[],"{""limitation_of_liability"": 0.005198306869715452, ""unilateral_termination"": 0.0032022232189774513, ""unilateral_change"": 0.004522599745541811, ""content_removal"": 0.0031015260610729456, ""contract_by_using"": 0.004612377844750881, ""choice_of_law"": 0.0021262799855321646, ""jurisdiction"": 0.0021527584176510572, ""arbitration"": 0.004637963604182005}"
test:1207,please see our privacy policy to understand the extent to which any affiliate or third party may have access to your account information or content and our commercial terms to understand our relationship with any reseller or payment processor .,[],[],"{""limitation_of_liability"": 0.006311367731541395, ""unilateral_termination"": 0.003658872563391924, ""unilateral_change"": 0.004334700759500265, ""content_removal"": 0.004045723006129265, ""contract_by_using"": 0.0033345415722578764, ""choice_of_law"": 0.002321871928870678, ""jurisdiction"": 0.002056876430287957, ""arbitration"": 0.0038902228698134422}"
test:1208,right to use third-party software .,[],[],"{""limitation_of_liability"": 0.005643656011670828, ""unilateral_termination"": 0.004493473097681999, ""unilateral_change"": 0.005075134802609682, ""content_removal"": 0.004228424280881882, ""contract_by_using"": 0.0027120187878608704, ""choice_of_law"": 0.0023306875955313444, ""jurisdiction"": 0.002021561609581113, ""arbitration"": 0.0045826914720237255}"
test:1209,evernote may from time to time include as part of the service and evernote software computer software supplied by third parties which is utilized by permission of the respective licensors and/or copyright holders on the terms provided by such parties .,[],[],"{""limitation_of_liability"": 0.0043016052804887295, ""unilateral_termination"": 0.006216523703187704, ""unilateral_change"": 0.12817029654979706, ""content_removal"": 0.008888212963938713, ""contract_by_using"": 0.01576053351163864, ""choice_of_law"": 0.004555518738925457, ""jurisdiction"": 0.0031610860023647547, ""arbitration"": 0.003881763434037566}"
test:1210,we provide information about some of this third party software here and within the particular evernote software .,[],[],"{""limitation_of_liability"": 0.005432507488876581, ""unilateral_termination"": 0.003528937231749296, ""unilateral_change"": 0.004169079940766096, ""content_removal"": 0.0037614840548485518, ""contract_by_using"": 0.0031725424341857433, ""choice_of_law"": 0.002529822289943695, ""jurisdiction"": 0.002343961736187339, ""arbitration"": 0.005078571382910013}"
test:1211,evernote expressly disclaims any warranty or other assurance to you regarding such third party software .,[],[],"{""limitation_of_liability"": 0.015266002155840397, ""unilateral_termination"": 0.0028531148564070463, ""unilateral_change"": 0.0031897893641144037, ""content_removal"": 0.003140749642625451, ""contract_by_using"": 0.0039013526402413845, ""choice_of_law"": 0.0022914186120033264, ""jurisdiction"": 0.002267589559778571, ""arbitration"": 0.004192792344838381}"
test:1212,right to update our software .,[],[],"{""limitation_of_liability"": 0.009210257790982723, ""unilateral_termination"": 0.019201673567295074, ""unilateral_change"": 0.17383654415607452, ""content_removal"": 0.019782084971666336, ""contract_by_using"": 0.004446437116712332, ""choice_of_law"": 0.006292934063822031, ""jurisdiction"": 0.0035354462452232838, ""arbitration"": 0.004961626138538122}"
test:1213,"in connection with any modification of the service , evernote may automatically download software updates on your computers and devices from time to time with the intention of improving , enhancing , repairing and/or further developing the service .",[],[],"{""limitation_of_liability"": 0.006673480849713087, ""unilateral_termination"": 0.020332012325525284, ""unilateral_change"": 0.2741340696811676, ""content_removal"": 0.03168626129627228, ""contract_by_using"": 0.030435146763920784, ""choice_of_law"": 0.003626973368227482, ""jurisdiction"": 0.004389297217130661, ""arbitration"": 0.005675623659044504}"
test:1214,"evernote will endeavor to provide you with the option of whether or not to install the update ; however , in certain circumstances ( e.g. , security risks ) , evernote may require you to install the update to continue accessing the service .",[],[],"{""limitation_of_liability"": 0.010284971445798874, ""unilateral_termination"": 0.04409753531217575, ""unilateral_change"": 0.21265342831611633, ""content_removal"": 0.02429749257862568, ""contract_by_using"": 0.008868512697517872, ""choice_of_law"": 0.002503482159227133, ""jurisdiction"": 0.003077468369156122, ""arbitration"": 0.00448842067271471}"
test:1215,"in all cases , you agree to permit evernote to deliver these updates to you ( and you to receive them ) as part of your use of the service .",[],[],"{""limitation_of_liability"": 0.0065816668793559074, ""unilateral_termination"": 0.004395179450511932, ""unilateral_change"": 0.06337939202785492, ""content_removal"": 0.0048846290446817875, ""contract_by_using"": 0.02537151798605919, ""choice_of_law"": 0.0032790314871817827, ""jurisdiction"": 0.002918328158557415, ""arbitration"": 0.004812619648873806}"
test:1216,do these terms apply to evernote business users ?,[],[],"{""limitation_of_liability"": 0.00786752998828888, ""unilateral_termination"": 0.002782098250463605, ""unilateral_change"": 0.00419713044539094, ""content_removal"": 0.003285260172560811, ""contract_by_using"": 0.004370466805994511, ""choice_of_law"": 0.0032148321624845266, ""jurisdiction"": 0.0024046197067946196, ""arbitration"": 0.004743270110338926}"
test:1217,"if you are using the service as part of an evernote business account , your use of the service is governed by these terms , except to the extent the separate agreement governing the evernote business account provides conflicting terms .",[],[],"{""limitation_of_liability"": 0.00985109806060791, ""unilateral_termination"": 0.004721935838460922, ""unilateral_change"": 0.02120484784245491, ""content_removal"": 0.007828053086996078, ""contract_by_using"": 0.41279709339141846, ""choice_of_law"": 0.050419341772794724, ""jurisdiction"": 0.014143209904432297, ""arbitration"": 0.024539764970541}"
test:1218,the customer who has contracted with evernote and the administrator of the evernote business account ( as `` customer '' and `` administrator '' are defined in the applicable evernote business agreement ) have the responsibility to and agree to share the terms of such separate agreement with each individual whose user account is linked to that evernote business account ( `` end user '' ) .,[],[],"{""limitation_of_liability"": 0.018155088648200035, ""unilateral_termination"": 0.0026311560068279505, ""unilateral_change"": 0.007453631144016981, ""content_removal"": 0.005272260867059231, ""contract_by_using"": 0.07598268985748291, ""choice_of_law"": 0.003914438653737307, ""jurisdiction"": 0.0044328137300908566, ""arbitration"": 0.007577546406537294}"
test:1219,"if you are an end user of an evernote business account , please note that the customer of your evernote business account ( such as your employer or organization ) may have established its own rules regarding end users ' access , use , disclosure , or retention of data stored in that account .",[],[],"{""limitation_of_liability"": 0.0053093587048351765, ""unilateral_termination"": 0.0028469243552535772, ""unilateral_change"": 0.004430821165442467, ""content_removal"": 0.0037758350372314453, ""contract_by_using"": 0.0048963758163154125, ""choice_of_law"": 0.0026340442709624767, ""jurisdiction"": 0.0021040807478129864, ""arbitration"": 0.0037833238020539284}"
test:1220,you can find more information on how your personal evernote service account works with your evernote business account in our privacy policy and in this help and learning article .,[],[],"{""limitation_of_liability"": 0.004397615324705839, ""unilateral_termination"": 0.0037136180326342583, ""unilateral_change"": 0.003878932446241379, ""content_removal"": 0.003908118698745966, ""contract_by_using"": 0.0039012213237583637, ""choice_of_law"": 0.0024503120221197605, ""jurisdiction"": 0.0023775219451636076, ""arbitration"": 0.00500985374674201}"
test:1221,how does evernote respond to copyright or other intellectual property violations ?,[],[],"{""limitation_of_liability"": 0.011157011613249779, ""unilateral_termination"": 0.0033742045052349567, ""unilateral_change"": 0.0038795773871243, ""content_removal"": 0.003465372370555997, ""contract_by_using"": 0.0031734625808894634, ""choice_of_law"": 0.0024872347712516785, ""jurisdiction"": 0.002359553938731551, ""arbitration"": 0.004600641317665577}"
test:1222,"we respond to clear and complete notices of alleged infringement of copyright , trademark or other intellectual property laws that satisfy the requirements in these terms ( which we believe to comply with the united states digital millennium copyright and other applicable laws ) .",[],[],"{""limitation_of_liability"": 0.005714172497391701, ""unilateral_termination"": 0.0027122069150209427, ""unilateral_change"": 0.0043137394823133945, ""content_removal"": 0.0036937198601663113, ""contract_by_using"": 0.00448943953961134, ""choice_of_law"": 0.0030671998392790556, ""jurisdiction"": 0.0029453993774950504, ""arbitration"": 0.0048491633497178555}"
test:1223,"if you believe that your intellectual property rights have been violated , please notify our compliance team according to the instructions provided by our ip rights compliance program and we will investigate .",[],[],"{""limitation_of_liability"": 0.003054058412089944, ""unilateral_termination"": 0.0061804065480828285, ""unilateral_change"": 0.004776890389621258, ""content_removal"": 0.006488789338618517, ""contract_by_using"": 0.00651998445391655, ""choice_of_law"": 0.0024024825543165207, ""jurisdiction"": 0.002495592925697565, ""arbitration"": 0.006004717200994492}"
test:1224,"note that each owner of intellectual property is responsible for protecting their rights and taking any legal or other action they determine to be appropriate to do so , and evernote does not accept any obligation to take any particular action to enforce or protect any party 's intellectual property rights on their behalf .",[],[],"{""limitation_of_liability"": 0.009555310942232609, ""unilateral_termination"": 0.0029510846361517906, ""unilateral_change"": 0.003988577052950859, ""content_removal"": 0.0041474332101643085, ""contract_by_using"": 0.003869852516800165, ""choice_of_law"": 0.0020181972067803144, ""jurisdiction"": 0.001934991218149662, ""arbitration"": 0.0032673345413058996}"
test:1225,"evernote is not directed to minors , and any use by minors should only be done with the guidance , supervision and consent of their parents , guardians and/or authorized school officials .",[],[],"{""limitation_of_liability"": 0.0061815581284463406, ""unilateral_termination"": 0.0036019189283251762, ""unilateral_change"": 0.003301877761259675, ""content_removal"": 0.005300708115100861, ""contract_by_using"": 0.003673987463116646, ""choice_of_law"": 0.002766895806416869, ""jurisdiction"": 0.0023903001565486193, ""arbitration"": 0.004557292442768812}"
test:1226,"further , we rely on parents and guardians to ensure minors only use the service if they can understand their rights and responsibilities as stated in these terms and our privacy policy .",[],[],"{""limitation_of_liability"": 0.003955251537263393, ""unilateral_termination"": 0.003788190195336938, ""unilateral_change"": 0.0053331488743424416, ""content_removal"": 0.004508533980697393, ""contract_by_using"": 0.005569798406213522, ""choice_of_law"": 0.0024084614124149084, ""jurisdiction"": 0.0019993495661765337, ""arbitration"": 0.00382433645427227}"
test:1227,"consistent with applicable law , evernote does not knowingly collect personal information from minors without parental consent .",[],[],"{""limitation_of_liability"": 0.008884470909833908, ""unilateral_termination"": 0.0033509950153529644, ""unilateral_change"": 0.0034015176352113485, ""content_removal"": 0.0037959429901093245, ""contract_by_using"": 0.0030370193999260664, ""choice_of_law"": 0.0026179933920502663, ""jurisdiction"": 0.0021076940465718508, ""arbitration"": 0.004180363845080137}"
test:1228,"if we learn that we have inadvertently obtained information in violation of applicable laws prohibiting collection of information from children without such consent , we will promptly delete it .",[],[],"{""limitation_of_liability"": 0.004956607241183519, ""unilateral_termination"": 0.011652263812720776, ""unilateral_change"": 0.026659181341528893, ""content_removal"": 0.03783916309475899, ""contract_by_using"": 0.00747658871114254, ""choice_of_law"": 0.0035070276353508234, ""jurisdiction"": 0.0031279767863452435, ""arbitration"": 0.004475587047636509}"
test:1229,where does my data go ?,[],[],"{""limitation_of_liability"": 0.006464702542871237, ""unilateral_termination"": 0.003435606835409999, ""unilateral_change"": 0.004068189766258001, ""content_removal"": 0.003747198497876525, ""contract_by_using"": 0.003133372636511922, ""choice_of_law"": 0.002656947122886777, ""jurisdiction"": 0.0024659668561071157, ""arbitration"": 0.005097924266010523}"
test:1230,"the service is available worldwide , but your data is stored in the united states , as described in our privacy policy .",[],[],"{""limitation_of_liability"": 0.0037972810678184032, ""unilateral_termination"": 0.0040306206792593, ""unilateral_change"": 0.00439037661999464, ""content_removal"": 0.004205108154565096, ""contract_by_using"": 0.004787045530974865, ""choice_of_law"": 0.0026824891101568937, ""jurisdiction"": 0.0023319742176681757, ""arbitration"": 0.004977331962436438}"
test:1231,"if you use the service , you acknowledge that you may be sending electronic communications ( including your basic subscriber information and content ) , through computer networks owned by evernote , its service providers , and other third parties located in california and other locations in the united states and other countries .",[],[],"{""limitation_of_liability"": 0.004262747708708048, ""unilateral_termination"": 0.0029854208696633577, ""unilateral_change"": 0.0035580145195126534, ""content_removal"": 0.004077175632119179, ""contract_by_using"": 0.00978231430053711, ""choice_of_law"": 0.002911621704697609, ""jurisdiction"": 0.00356742599979043, ""arbitration"": 0.006335546262562275}"
test:1232,"as a result , your use of the service will likely result in interstate and possibly international data transmissions , and your use of the service shall constitute your consent to permit such transmissions .",[],[],"{""limitation_of_liability"": 0.014647548086941242, ""unilateral_termination"": 0.015476160682737827, ""unilateral_change"": 0.022202296182513237, ""content_removal"": 0.023778749629855156, ""contract_by_using"": 0.7455648183822632, ""choice_of_law"": 0.013312727212905884, ""jurisdiction"": 0.01971610076725483, ""arbitration"": 0.026839841157197952}"
test:1233,how is my account closed ?,[],[],"{""limitation_of_liability"": 0.00928384531289339, ""unilateral_termination"": 0.0039120446890592575, ""unilateral_change"": 0.0035504591651260853, ""content_removal"": 0.003448331728577614, ""contract_by_using"": 0.0037302367854863405, ""choice_of_law"": 0.0025471127592027187, ""jurisdiction"": 0.0026212413795292377, ""arbitration"": 0.0056455000303685665}"
test:1234,"you may deactivate your account with our service at any time , for any reason ( or no reason ) .",[],"[""unilateral_termination"", ""content_removal""]","{""limitation_of_liability"": 0.03549083694815636, ""unilateral_termination"": 0.908487856388092, ""unilateral_change"": 0.07839395850896835, ""content_removal"": 0.434797078371048, ""contract_by_using"": 0.01448916457593441, ""choice_of_law"": 0.006068328861147165, ""jurisdiction"": 0.01769571378827095, ""arbitration"": 0.01960642635822296}"
test:1235,"however , if you want to deactivate your account you need to take certain specific steps , which are described in our help & learning article entitled `` how do i deactivate my account ? ''",[],[],"{""limitation_of_liability"": 0.006124600302428007, ""unilateral_termination"": 0.018480423837900162, ""unilateral_change"": 0.005051075480878353, ""content_removal"": 0.012710830196738243, ""contract_by_using"": 0.0029640193097293377, ""choice_of_law"": 0.0015084026381373405, ""jurisdiction"": 0.002195802517235279, ""arbitration"": 0.004366178065538406}"
test:1236,"if you subscribe to a paid service , you will need to cancel your subscription pursuant to our commercial terms .",[],[],"{""limitation_of_liability"": 0.004287572577595711, ""unilateral_termination"": 0.0046834335662424564, ""unilateral_change"": 0.003958184737712145, ""content_removal"": 0.0038952273316681385, ""contract_by_using"": 0.004344250075519085, ""choice_of_law"": 0.00204508937895298, ""jurisdiction"": 0.0020656450651586056, ""arbitration"": 0.004740708973258734}"
test:1237,"evernote may act to temporarily limit your use of the service , suspend access to your account , or close your account , with or without notice according to these terms .","[""unilateral_termination""]","[""unilateral_termination"", ""content_removal""]","{""limitation_of_liability"": 0.049499619752168655, ""unilateral_termination"": 0.982154369354248, ""unilateral_change"": 0.42334356904029846, ""content_removal"": 0.48261338472366333, ""contract_by_using"": 0.02569524571299553, ""choice_of_law"": 0.019769296050071716, ""jurisdiction"": 0.027907494455575943, ""arbitration"": 0.06741145253181458}"
test:1238,"reasons for evernote suspending or closing your account may include , without limitation : ( i ) breach or violation of these terms ( including the user guidelines ) or any separate agreement , ( ii ) an extended period of inactivity ( determined in evernote 's sole discretion ) , ( iii ) your nonpayment of any fees or other sums due evernote or any other party related to your use of the service , ( iv ) the discontinuance or material modification of the service ( or any part thereof ) or ( v ) unexpected technical or security issues or problems or extensive unsupported use .",[],"[""unilateral_termination"", ""content_removal""]","{""limitation_of_liability"": 0.1531476229429245, ""unilateral_termination"": 0.9579962491989136, ""unilateral_change"": 0.07960096001625061, ""content_removal"": 0.5353605151176453, ""contract_by_using"": 0.008586520329117775, ""choice_of_law"": 0.009654507040977478, ""jurisdiction"": 0.026314830407500267, ""arbitration"": 0.025241371244192123}"
test:1239,"in most cases , in the event we elect to close your account , we will provide at least 30 days advance notice to you at the email address you have provided to us , so you have a chance to retrieve any content stored on the service servers ( unless we determine that we are legally prohibited from providing such notice or enabling you to do so ) .",[],[],"{""limitation_of_liability"": 0.004283584654331207, ""unilateral_termination"": 0.010076949372887611, ""unilateral_change"": 0.00775106530636549, ""content_removal"": 0.010269843973219395, ""contract_by_using"": 0.0033584898337721825, ""choice_of_law"": 0.0019013372948393226, ""jurisdiction"": 0.003015661844983697, ""arbitration"": 0.004452296532690525}"
test:1240,"after the expiration of this notice period , you will no longer be able to retrieve content contained in that account or otherwise use the service through that account .",[],[],"{""limitation_of_liability"": 0.00909446831792593, ""unilateral_termination"": 0.01624591089785099, ""unilateral_change"": 0.00313702248968184, ""content_removal"": 0.014063594862818718, ""contract_by_using"": 0.0036824883427470922, ""choice_of_law"": 0.0018046165350824594, ""jurisdiction"": 0.0025117730256170034, ""arbitration"": 0.003618039423599839}"
test:1241,what happens to my account when i die ?,[],[],"{""limitation_of_liability"": 0.008180435746908188, ""unilateral_termination"": 0.003782865358516574, ""unilateral_change"": 0.0034804262686520815, ""content_removal"": 0.003501022234559059, ""contract_by_using"": 0.00347541063092649, ""choice_of_law"": 0.002838769694790244, ""jurisdiction"": 0.00256247422657907, ""arbitration"": 0.005412325728684664}"
test:1242,"evernote 's pledge to protect the privacy of your content will continue , even after your death or incapacity .",[],[],"{""limitation_of_liability"": 0.006035701837390661, ""unilateral_termination"": 0.01938735879957676, ""unilateral_change"": 0.006257632281631231, ""content_removal"": 0.0071422383189201355, ""contract_by_using"": 0.0036087792832404375, ""choice_of_law"": 0.001633149804547429, ""jurisdiction"": 0.0018954137340188026, ""arbitration"": 0.004440558608621359}"
test:1243,"if you wish to enable someone to have access to your content or other data in your account after you are no longer able to provide them access , you need to implement a process for providing your information to them .",[],[],"{""limitation_of_liability"": 0.004858567379415035, ""unilateral_termination"": 0.003848301712423563, ""unilateral_change"": 0.004419292788952589, ""content_removal"": 0.003827315289527178, ""contract_by_using"": 0.0034483103081583977, ""choice_of_law"": 0.0021158726885914803, ""jurisdiction"": 0.0021867796313017607, ""arbitration"": 0.0045071132481098175}"
test:1244,"we will not provide your information , or your content , to anyone , even next of kin , unless we determine that we are legally obligated to do so .",[],[],"{""limitation_of_liability"": 0.008321463130414486, ""unilateral_termination"": 0.004788435995578766, ""unilateral_change"": 0.004111003130674362, ""content_removal"": 0.005452629644423723, ""contract_by_using"": 0.002678137505427003, ""choice_of_law"": 0.0020728143863379955, ""jurisdiction"": 0.0018767946166917682, ""arbitration"": 0.0031593767926096916}"
test:1245,"we encourage you to include your basic subscriber information , with instructions on how to access your content , in your will or other estate plans , so that anyone you wish to have access to your account will have the means to do so .",[],[],"{""limitation_of_liability"": 0.00422609131783247, ""unilateral_termination"": 0.003687662072479725, ""unilateral_change"": 0.00481764692813158, ""content_removal"": 0.003763984888792038, ""contract_by_using"": 0.004589718300849199, ""choice_of_law"": 0.002091879490762949, ""jurisdiction"": 0.0020743999630212784, ""arbitration"": 0.00401215860620141}"
test:1246,please see our commercial terms for information on terminating payment for paid services upon death or incapacity .,[],[],"{""limitation_of_liability"": 0.003957326058298349, ""unilateral_termination"": 0.007371960673481226, ""unilateral_change"": 0.0060489727184176445, ""content_removal"": 0.004667957313358784, ""contract_by_using"": 0.003250578185543418, ""choice_of_law"": 0.0018982720794156194, ""jurisdiction"": 0.0018630374688655138, ""arbitration"": 0.004364739637821913}"
test:1247,"if i have a great idea to share with evernote , what are my rights ?",[],[],"{""limitation_of_liability"": 0.010359515435993671, ""unilateral_termination"": 0.0037987788673490286, ""unilateral_change"": 0.003837201278656721, ""content_removal"": 0.003511598566547036, ""contract_by_using"": 0.0031812083907425404, ""choice_of_law"": 0.002503436990082264, ""jurisdiction"": 0.002105509862303734, ""arbitration"": 0.004155635833740234}"
test:1248,"when you submit any ideas , suggestions , documents and/or proposals relating to the service ( or other products or services ) to evernote through the `` contact us , '' user forum or support interfaces or through any other channel or mechanism ( collectively , `` contributions '' ) , you acknowledge and agree that : ( i ) your contributions do not contain confidential or proprietary information ; ( ii ) evernote is not under any obligation of confidentiality , express or implied , with respect to the contributions ; ( iii ) evernote shall be entitled to use or disclose ( or choose not to use or disclose ) such contributions for any purpose , in any way ; ( iv ) evernote may have something similar to the contributions already under consideration or in development ; ( v ) your contributions automatically become the property of evernote without any obligation of evernote to you ; and ( vi ) you are not entitled to any accounting , compensation or reimbursement of any kind from evernote under any circumstances .",[],[],"{""limitation_of_liability"": 0.021642709150910378, ""unilateral_termination"": 0.003789972048252821, ""unilateral_change"": 0.0034167335834354162, ""content_removal"": 0.0038346503861248493, ""contract_by_using"": 0.004214787390083075, ""choice_of_law"": 0.002109767170622945, ""jurisdiction"": 0.0019359842408448458, ""arbitration"": 0.0030699872877448797}"
test:1249,our business model is to make the service so valuable that our users will want to subscribe to a paid service .,[],[],"{""limitation_of_liability"": 0.0045150769874453545, ""unilateral_termination"": 0.0034106161911040545, ""unilateral_change"": 0.004655071999877691, ""content_removal"": 0.0036436873488128185, ""contract_by_using"": 0.0039662448689341545, ""choice_of_law"": 0.0024970201775431633, ""jurisdiction"": 0.0020532431080937386, ""arbitration"": 0.004444447346031666}"
test:1250,"however , we may display advertisements and promotions on or in connection with the service , some of which may be paid for by third parties .",[],[],"{""limitation_of_liability"": 0.004192891996353865, ""unilateral_termination"": 0.004155146889388561, ""unilateral_change"": 0.005668274126946926, ""content_removal"": 0.004668048117309809, ""contract_by_using"": 0.003278941148892045, ""choice_of_law"": 0.0021283074747771025, ""jurisdiction"": 0.0020256945863366127, ""arbitration"": 0.004028249531984329}"
test:1251,"for more information , please see our privacy policy and cookie information page .",[],[],"{""limitation_of_liability"": 0.0041321017779409885, ""unilateral_termination"": 0.004258825443685055, ""unilateral_change"": 0.004446690436452627, ""content_removal"": 0.004320889245718718, ""contract_by_using"": 0.0033891324419528246, ""choice_of_law"": 0.002826402895152569, ""jurisdiction"": 0.002968256827443838, ""arbitration"": 0.006367829628288746}"
test:1252,"some advertising or other messaging content we provide will be based upon information provided by third parties , and we shall not be responsible or liable for any loss or damage of any sort incurred by you as a result of any advertisements or other messages .","[""limitation_of_liability""]","[""limitation_of_liability""]","{""limitation_of_liability"": 0.9715909957885742, ""unilateral_termination"": 0.01850283518433571, ""unilateral_change"": 0.014489335007965565, ""content_removal"": 0.02161172777414322, ""contract_by_using"": 0.017159024253487587, ""choice_of_law"": 0.023669175803661346, ""jurisdiction"": 0.02819819003343582, ""arbitration"": 0.012674839235842228}"
test:1253,"furthermore , your interactions with advertisers found on or through the service , including , without limitation , all reliance upon advertising , all commercial transactions and legal obligations associated therewith , are solely between you and such advertisers .",[],[],"{""limitation_of_liability"": 0.008675595745444298, ""unilateral_termination"": 0.0030472800135612488, ""unilateral_change"": 0.003288844134658575, ""content_removal"": 0.003582533448934555, ""contract_by_using"": 0.005790772847831249, ""choice_of_law"": 0.0020878410432487726, ""jurisdiction"": 0.002001573331654072, ""arbitration"": 0.004225409589707851}"
test:1254,what else do i need to know ?,[],[],"{""limitation_of_liability"": 0.008001956157386303, ""unilateral_termination"": 0.0032348360400646925, ""unilateral_change"": 0.004428707994520664, ""content_removal"": 0.003314038272947073, ""contract_by_using"": 0.003197106998413801, ""choice_of_law"": 0.002882570493966341, ""jurisdiction"": 0.0025280769914388657, ""arbitration"": 0.004948608111590147}"
test:1255,"third-party links , content and programming .",[],[],"{""limitation_of_liability"": 0.00780298700556159, ""unilateral_termination"": 0.00319270440377295, ""unilateral_change"": 0.005648814607411623, ""content_removal"": 0.003520260564982891, ""contract_by_using"": 0.002974801929667592, ""choice_of_law"": 0.002855920000001788, ""jurisdiction"": 0.0025638334918767214, ""arbitration"": 0.004147141706198454}"
test:1256,"we may include or recommend third party resources , materials and developers and/or links to third party websites , content and applications as part of , or in connection with , the service .",[],[],"{""limitation_of_liability"": 0.0038668476045131683, ""unilateral_termination"": 0.003910404164344072, ""unilateral_change"": 0.006699348799884319, ""content_removal"": 0.004554198123514652, ""contract_by_using"": 0.003614831482991576, ""choice_of_law"": 0.0024868599139153957, ""jurisdiction"": 0.002091524191200733, ""arbitration"": 0.0038834952283650637}"
test:1257,"we may have little or no control over such sites or developers and , accordingly , you acknowledge and agree that ( i ) we are not responsible for the availability of such external sites , content or applications ; ( ii ) we are not responsible or liable for any content or other materials or performance available from such sites or applications and ( iii ) we shall not be responsible or liable , directly or indirectly , for any damage or loss caused or alleged to be caused by or in connection with use of or reliance on any such content , materials or applications .","[""limitation_of_liability""]","[""limitation_of_liability""]","{""limitation_of_liability"": 0.9778692126274109, ""unilateral_termination"": 0.02378115803003311, ""unilateral_change"": 0.016767313703894615, ""content_removal"": 0.02864217385649681, ""contract_by_using"": 0.018302300944924355, ""choice_of_law"": 0.028287790715694427, ""jurisdiction"": 0.03282477706670761, ""arbitration"": 0.013582603074610233}"
test:1258,"you agree to indemnify and hold evernote , its subsidiaries , affiliates , officers , agents , employees , advertisers , service providers and other partners harmless from and against any and all claims , liabilities , damages ( actual and consequential ) , losses and expenses ( including legal and other professional fees ) arising from or in any way related to any third party claims relating to your use of any of the service , any violation of these terms of service or any other actions connected with your use of the service ( including all actions taken under your account ) .",[],[],"{""limitation_of_liability"": 0.009639901109039783, ""unilateral_termination"": 0.002663773950189352, ""unilateral_change"": 0.0031996609177440405, ""content_removal"": 0.0033492406364530325, ""contract_by_using"": 0.005876473151147366, ""choice_of_law"": 0.002285464433953166, ""jurisdiction"": 0.002291918033733964, ""arbitration"": 0.003680282970890403}"
test:1259,"in the event of such claim , we will endeavor to provide notice of the claim , suit or action to the contact information we have for the account , provided that any failure to deliver such notice to you shall not eliminate or reduce your indemnification obligation hereunder .",[],[],"{""limitation_of_liability"": 0.012487834319472313, ""unilateral_termination"": 0.0056011429987847805, ""unilateral_change"": 0.007005596999078989, ""content_removal"": 0.004514627158641815, ""contract_by_using"": 0.0046190074644982815, ""choice_of_law"": 0.001508002053014934, ""jurisdiction"": 0.0020596147514879704, ""arbitration"": 0.0034125728998333216}"
test:1260,limitation of liability and disclaimer of warranties .,[],[],"{""limitation_of_liability"": 0.007232051808387041, ""unilateral_termination"": 0.0032204631716012955, ""unilateral_change"": 0.004263354931026697, ""content_removal"": 0.003144083544611931, ""contract_by_using"": 0.0033107951749116182, ""choice_of_law"": 0.0027585572097450495, ""jurisdiction"": 0.0024320855736732483, ""arbitration"": 0.0051252408884465694}"
test:1261,"to the maximum extent permitted by law , the service is available `` as is . ''",[],[],"{""limitation_of_liability"": 0.03364335000514984, ""unilateral_termination"": 0.006726983468979597, ""unilateral_change"": 0.008574448525905609, ""content_removal"": 0.004881125874817371, ""contract_by_using"": 0.003946838900446892, ""choice_of_law"": 0.0035957787185907364, ""jurisdiction"": 0.0022518932819366455, ""arbitration"": 0.003007542574778199}"
test:1262,you expressly understand and agree that :,[],[],"{""limitation_of_liability"": 0.009048026986420155, ""unilateral_termination"": 0.0030934130772948265, ""unilateral_change"": 0.0029649960342794657, ""content_removal"": 0.0033334391191601753, ""contract_by_using"": 0.004090629052370787, ""choice_of_law"": 0.002626392524689436, ""jurisdiction"": 0.002954411320388317, ""arbitration"": 0.005130364093929529}"
test:1263,your use of the service and the purchase and use of any services are all at your sole risk .,[],[],"{""limitation_of_liability"": 0.0654313787817955, ""unilateral_termination"": 0.022984597831964493, ""unilateral_change"": 0.0046454668045043945, ""content_removal"": 0.011029698885977268, ""contract_by_using"": 0.006392271723598242, ""choice_of_law"": 0.0016759863356128335, ""jurisdiction"": 0.002502894029021263, ""arbitration"": 0.003707856871187687}"
test:1264,the service is provided on an `` as is '' and `` as available '' basis .,[],[],"{""limitation_of_liability"": 0.005188469775021076, ""unilateral_termination"": 0.0032166708260774612, ""unilateral_change"": 0.009418949484825134, ""content_removal"": 0.0034168127458542585, ""contract_by_using"": 0.008777822367846966, ""choice_of_law"": 0.0040449583902955055, ""jurisdiction"": 0.0022026393562555313, ""arbitration"": 0.0040830099023878574}"
test:1265,"to the maximum extent permitted by law , evernote expressly disclaims all warranties and conditions of any kind , whether express or implied , including , but not limited to the implied warranties and conditions of merchantability , fitness for a particular purpose and non-infringement .",[],[],"{""limitation_of_liability"": 0.050757378339767456, ""unilateral_termination"": 0.0035911514423787594, ""unilateral_change"": 0.00303292041644454, ""content_removal"": 0.004048583097755909, ""contract_by_using"": 0.004333017859607935, ""choice_of_law"": 0.002849477343261242, ""jurisdiction"": 0.0027109754737466574, ""arbitration"": 0.003669207915663719}"
test:1266,"evernote does not warrant that ( i ) the service will meet all of your requirements ; ( ii ) the service will be uninterrupted , timely , secure or error-free ; or ( iii ) all errors in the software or service will be corrected .",[],[],"{""limitation_of_liability"": 0.06321945041418076, ""unilateral_termination"": 0.012822221964597702, ""unilateral_change"": 0.00926744844764471, ""content_removal"": 0.008862223476171494, ""contract_by_using"": 0.006716448348015547, ""choice_of_law"": 0.0017722034826874733, ""jurisdiction"": 0.0024117818102240562, ""arbitration"": 0.003513012081384659}"
test:1267,any material downloaded or otherwise obtained through the use of the service is done at your own discretion and risk and you are solely responsible for any damage to your computer or other device or loss of data resulting from the download or use of any such material .,"[""limitation_of_liability""]",[],"{""limitation_of_liability"": 0.2423492968082428, ""unilateral_termination"": 0.00818843673914671, ""unilateral_change"": 0.0038909083232283592, ""content_removal"": 0.025924256071448326, ""contract_by_using"": 0.010261970572173595, ""choice_of_law"": 0.007501026149839163, ""jurisdiction"": 0.006417811382561922, ""arbitration"": 0.005139569286257029}"
test:1268,"no advice or information , whether oral or written , obtained by you from evernote or through or from the service shall create any warranty not expressly stated in these terms of service .",[],[],"{""limitation_of_liability"": 0.016178779304027557, ""unilateral_termination"": 0.0035434917081147432, ""unilateral_change"": 0.0031840677838772535, ""content_removal"": 0.004142978694289923, ""contract_by_using"": 0.00640912726521492, ""choice_of_law"": 0.00194170034956187, ""jurisdiction"": 0.0020047416910529137, ""arbitration"": 0.0033296076580882072}"
test:1269,"you expressly understand and agree that evernote , its subsidiaries , affiliates , service providers , and licensors , and our and their respective officers , employees , agents and successors shall not be liable to you for any direct , indirect , incidental , special , consequential or exemplary damages , including but not limited to , damages for loss of profits , goodwill , use , data , cover or other intangible losses ( even if evernote has been advised of the possibility of such damages ) resulting from : ( i ) the use or the inability to use the service or to use promotional codes or evernote points ; ( ii ) the cost of procurement of substitute services resulting from any data , information or service purchased or obtained or messages received or transactions entered into through or from the service ; ( iii ) unauthorized access to or the loss , corruption or alteration of your transmissions , content or data ; ( iv ) statements or conduct of any third party on or using the service , or providing any services related to the operation of the service ; ( v ) evernote 's actions or omissions in reliance upon your basic subscriber information and any changes thereto or notices received therefrom ; ( vi ) your failure to protect the confidentiality of any passwords or access rights to your account ; ( vii ) the acts or omissions of any third party using or integrating with the service ; ( viii ) any advertising content or your purchase or use of any advertised or other third-party product or service ; ( ix ) the termination of your account in accordance with the terms of these terms of service ; or ( x ) any other matter relating to the service .","[""limitation_of_liability""]","[""limitation_of_liability""]","{""limitation_of_liability"": 0.9875098466873169, ""unilateral_termination"": 0.8289461731910706, ""unilateral_change"": 0.047069866210222244, ""content_removal"": 0.27299511432647705, ""contract_by_using"": 0.024467376992106438, ""choice_of_law"": 0.041332803666591644, ""jurisdiction"": 0.06221490725874901, ""arbitration"": 0.0245125163346529}"
test:1270,"nothing in these terms of service ( including the limitation of liability provisions ) is intended to exclude or limit any condition , warranty , right or liability which may not be lawfully excluded or limited .",[],[],"{""limitation_of_liability"": 0.021021949127316475, ""unilateral_termination"": 0.003236793912947178, ""unilateral_change"": 0.0038211168721318245, ""content_removal"": 0.004307260271161795, ""contract_by_using"": 0.003943458199501038, ""choice_of_law"": 0.002915037330240011, ""jurisdiction"": 0.00214215531013906, ""arbitration"": 0.0032740372698754072}"
test:1271,"some jurisdictions do not allow the exclusion of certain warranties or conditions or the limitation or exclusion of liability for loss or damage caused by willful acts , negligence , breach of contract or breach of implied terms , or incidental or consequential damages .",[],[],"{""limitation_of_liability"": 0.026244811713695526, ""unilateral_termination"": 0.002782053081318736, ""unilateral_change"": 0.003669898258522153, ""content_removal"": 0.003041219199076295, ""contract_by_using"": 0.003645408432930708, ""choice_of_law"": 0.002852574922144413, ""jurisdiction"": 0.002703305333852768, ""arbitration"": 0.003918594680726528}"
test:1272,"accordingly , only those liability and other limitations which are lawful in your jurisdiction ( if any ) will apply to you and our liability is limited to the maximum extent permitted by law .",[],"[""limitation_of_liability""]","{""limitation_of_liability"": 0.9569762945175171, ""unilateral_termination"": 0.030199946835637093, ""unilateral_change"": 0.022003447636961937, ""content_removal"": 0.027534306049346924, ""contract_by_using"": 0.019283974543213844, ""choice_of_law"": 0.08055731654167175, ""jurisdiction"": 0.11266208440065384, ""arbitration"": 0.02035076543688774}"
test:1273,"if evernote has to send me notice of something , how will that happen ?",[],[],"{""limitation_of_liability"": 0.00847182609140873, ""unilateral_termination"": 0.003525329055264592, ""unilateral_change"": 0.003921335097402334, ""content_removal"": 0.003588408697396517, ""contract_by_using"": 0.0030123216565698385, ""choice_of_law"": 0.0023955749347805977, ""jurisdiction"": 0.002254386665299535, ""arbitration"": 0.004324595909565687}"
test:1274,"this is another reason why it 's important for you to make sure your basic subscriber information is accurate , complete and up to date .",[],[],"{""limitation_of_liability"": 0.007727582007646561, ""unilateral_termination"": 0.003994758706539869, ""unilateral_change"": 0.003917524591088295, ""content_removal"": 0.00374372536316514, ""contract_by_using"": 0.0028828103095293045, ""choice_of_law"": 0.002329324372112751, ""jurisdiction"": 0.0020291651599109173, ""arbitration"": 0.003719205968081951}"
test:1275,"we may provide you with notices by email ( to the email address associated with your account ) , regular mail or postings on the website ( s ) related to the affected service .",[],[],"{""limitation_of_liability"": 0.0040026456117630005, ""unilateral_termination"": 0.0037805247120559216, ""unilateral_change"": 0.009259790182113647, ""content_removal"": 0.003697009989991784, ""contract_by_using"": 0.004211920313537121, ""choice_of_law"": 0.0026241003070026636, ""jurisdiction"": 0.002442099153995514, ""arbitration"": 0.004498751368373632}"
test:1276,how can i send a notice to evernote ?,[],[],"{""limitation_of_liability"": 0.008921057917177677, ""unilateral_termination"": 0.0031393347308039665, ""unilateral_change"": 0.004130751360207796, ""content_removal"": 0.003239107085391879, ""contract_by_using"": 0.003249243600293994, ""choice_of_law"": 0.0025821232702583075, ""jurisdiction"": 0.0022399257868528366, ""arbitration"": 0.004511880222707987}"
test:1277,"except where these terms or any separate agreement specifically provide for use of a different means or address for notice , any notice to evernote must be delivered by email to compliance@evernote.com .",[],[],"{""limitation_of_liability"": 0.007427448406815529, ""unilateral_termination"": 0.002861076733097434, ""unilateral_change"": 0.010304506868124008, ""content_removal"": 0.0038527639117091894, ""contract_by_using"": 0.0061262380331754684, ""choice_of_law"": 0.005000514443963766, ""jurisdiction"": 0.003141481429338455, ""arbitration"": 0.004661514889448881}"
test:1278,this email address may be updated as part of any update to these terms of service .,[],[],"{""limitation_of_liability"": 0.007072707172483206, ""unilateral_termination"": 0.009555174969136715, ""unilateral_change"": 0.3207312822341919, ""content_removal"": 0.008662928827106953, ""contract_by_using"": 0.014874572865664959, ""choice_of_law"": 0.006836308166384697, ""jurisdiction"": 0.003500784281641245, ""arbitration"": 0.005486960988491774}"
test:1279,"if you are unable to deliver notice via email , you may send a notice to us at the following address ( as applicable to your service provider ) :",[],[],"{""limitation_of_liability"": 0.00554055068641901, ""unilateral_termination"": 0.004764418583363295, ""unilateral_change"": 0.005445890128612518, ""content_removal"": 0.0050665223971009254, ""contract_by_using"": 0.004316546022891998, ""choice_of_law"": 0.002893203403800726, ""jurisdiction"": 0.003204770153388381, ""arbitration"": 0.005099382717162371}"
test:1280,"redwood city , california 94063 usa",[],[],"{""limitation_of_liability"": 0.006223014555871487, ""unilateral_termination"": 0.003254750743508339, ""unilateral_change"": 0.004448759835213423, ""content_removal"": 0.0031499057076871395, ""contract_by_using"": 0.0037557119503617287, ""choice_of_law"": 0.0025300642009824514, ""jurisdiction"": 0.0027890163473784924, ""arbitration"": 0.0062516662292182446}"
test:1281,federal taxpayer registration cnpj/mf no 17.566.240 / 0001-50,[],[],"{""limitation_of_liability"": 0.0075690485537052155, ""unilateral_termination"": 0.0047463346272706985, ""unilateral_change"": 0.003814194817095995, ""content_removal"": 0.004726410377770662, ""contract_by_using"": 0.0026241065934300423, ""choice_of_law"": 0.003083278890699148, ""jurisdiction"": 0.002944010542705655, ""arbitration"": 0.005867171101272106}"
test:1282,"cep : 01310-300 , são paulo/sp",[],[],"{""limitation_of_liability"": 0.007167419418692589, ""unilateral_termination"": 0.00403970992192626, ""unilateral_change"": 0.004427351988852024, ""content_removal"": 0.0037990561686456203, ""contract_by_using"": 0.002911580028012395, ""choice_of_law"": 0.0025999622885137796, ""jurisdiction"": 0.002754027722403407, ""arbitration"": 0.0061081452295184135}"
test:1283,are there countries where i 'm not allowed to use evernote ?,[],[],"{""limitation_of_liability"": 0.009957991540431976, ""unilateral_termination"": 0.00368333887308836, ""unilateral_change"": 0.0033808033913373947, ""content_removal"": 0.0033785596024245024, ""contract_by_using"": 0.0031281898263841867, ""choice_of_law"": 0.0025071597192436457, ""jurisdiction"": 0.0024827136658132076, ""arbitration"": 0.005043820012360811}"
test:1284,you may not use or otherwise export the service or any evernote software except as authorized by united states ( `` u.s. '' ) law and the laws of the jurisdiction in which the service is hosted or where you use the service .,[],[],"{""limitation_of_liability"": 0.014194761402904987, ""unilateral_termination"": 0.003181725973263383, ""unilateral_change"": 0.009243692271411419, ""content_removal"": 0.006817900575697422, ""contract_by_using"": 0.016940901055932045, ""choice_of_law"": 0.07785922288894653, ""jurisdiction"": 0.01868506707251072, ""arbitration"": 0.011407815851271152}"
test:1285,"in particular , but without limitation , the evernote software may not be ( i ) exported or re-exported into any countries that are subject to u.s. economic sanctions or ( ii ) provided to or used by anyone on the u.s. department of the treasury 's lists of foreign sanctions evaders or specially designated nationals or the u.s. department of commerce denied persons , unverified , or entity lists .",[],[],"{""limitation_of_liability"": 0.007104207295924425, ""unilateral_termination"": 0.004474197514355183, ""unilateral_change"": 0.0038409961853176355, ""content_removal"": 0.005354969296604395, ""contract_by_using"": 0.0028376157861202955, ""choice_of_law"": 0.0025705979205667973, ""jurisdiction"": 0.002331271069124341, ""arbitration"": 0.003946896642446518}"
test:1286,"by using the service , you represent and warrant that you are not located in any such country or on any such list , and shall not use the service , or provide access to or use of the service to anyone , in any such country .",[],[],"{""limitation_of_liability"": 0.012109776958823204, ""unilateral_termination"": 0.0028249877505004406, ""unilateral_change"": 0.0028530010022222996, ""content_removal"": 0.00382036529481411, ""contract_by_using"": 0.006463654804974794, ""choice_of_law"": 0.002797034103423357, ""jurisdiction"": 0.0027040871791541576, ""arbitration"": 0.003648308804258704}"
test:1287,"in addition , you are responsible for compliance with applicable export control , economic sanctions and related laws when you travel across international borders and access your content .",[],[],"{""limitation_of_liability"": 0.006652298849076033, ""unilateral_termination"": 0.0032436810433864594, ""unilateral_change"": 0.003677843138575554, ""content_removal"": 0.003976828418672085, ""contract_by_using"": 0.00413857214152813, ""choice_of_law"": 0.0028666050639003515, ""jurisdiction"": 0.0027315616607666016, ""arbitration"": 0.004452042747288942}"
test:1288,what law applies to my use of evernote ?,[],[],"{""limitation_of_liability"": 0.015070412307977676, ""unilateral_termination"": 0.002857048762962222, ""unilateral_change"": 0.003634463530033827, ""content_removal"": 0.0032641864381730556, ""contract_by_using"": 0.0034362419974058867, ""choice_of_law"": 0.004411024507135153, ""jurisdiction"": 0.0028973331209272146, ""arbitration"": 0.004920688923448324}"
test:1289,"if you are a resident of the united states or canada , these terms and the relationship between you and evernote ( including any dispute ) shall be governed in all respects by the laws of the state of california , united states of america , as they apply to agreements entered into and to be performed entirely within california between california residents , without regard to its conflict of law provisions .","[""choice_of_law""]","[""choice_of_law""]","{""limitation_of_liability"": 0.10256752371788025, ""unilateral_termination"": 0.05412900447845459, ""unilateral_change"": 0.09867405146360397, ""content_removal"": 0.07191736996173859, ""contract_by_using"": 0.11881215870380402, ""choice_of_law"": 0.9681373238563538, ""jurisdiction"": 0.31570425629615784, ""arbitration"": 0.17570844292640686}"
test:1290,"if you reside in brazil , these terms and the relationship between you and evernote ( including any dispute ) shall be governed in all respects by the laws of brazil and shall be considered to have been made and accepted in brazil , without regard to conflict of law provisions .","[""choice_of_law""]","[""choice_of_law""]","{""limitation_of_liability"": 0.10435548424720764, ""unilateral_termination"": 0.06280803680419922, ""unilateral_change"": 0.11101944744586945, ""content_removal"": 0.08140816539525986, ""contract_by_using"": 0.1599196195602417, ""choice_of_law"": 0.9740445613861084, ""jurisdiction"": 0.3591325581073761, ""arbitration"": 0.21141739189624786}"
test:1291,"if you reside outside of the united states , canada , and brazil , these terms and the relationship between you and evernote ( including any dispute ) shall be governed in all respects by the laws of switzerland and shall be considered to have been made and accepted in switzerland , without regard to conflict of law provisions .","[""choice_of_law""]","[""choice_of_law""]","{""limitation_of_liability"": 0.0976809710264206, ""unilateral_termination"": 0.06112159788608551, ""unilateral_change"": 0.1140298917889595, ""content_removal"": 0.08162626624107361, ""contract_by_using"": 0.15662504732608795, ""choice_of_law"": 0.9730115532875061, ""jurisdiction"": 0.32105013728141785, ""arbitration"": 0.2020481526851654}"
test:1292,"if any provision of these terms of service is found by a court of competent jurisdiction to be invalid , the parties nevertheless agree that the court should endeavor to give effect to the parties ' intentions as reflected in the provision , and the other provisions of the terms of service remain in full force and effect .",[],[],"{""limitation_of_liability"": 0.0061759911477565765, ""unilateral_termination"": 0.003807446453720331, ""unilateral_change"": 0.006684430409222841, ""content_removal"": 0.004335390403866768, ""contract_by_using"": 0.005917381960898638, ""choice_of_law"": 0.004415321163833141, ""jurisdiction"": 0.0033504043240100145, ""arbitration"": 0.0042991614900529385}"
test:1293,what do i do if i think i have a claim against evernote ?,[],[],"{""limitation_of_liability"": 0.00854991003870964, ""unilateral_termination"": 0.0031404076144099236, ""unilateral_change"": 0.0039447699673473835, ""content_removal"": 0.0032345762010663748, ""contract_by_using"": 0.0036557118874043226, ""choice_of_law"": 0.0025686509907245636, ""jurisdiction"": 0.002398715354502201, ""arbitration"": 0.004798597656190395}"
test:1294,let us know about your complaint .,[],[],"{""limitation_of_liability"": 0.005434226710349321, ""unilateral_termination"": 0.003882831195369363, ""unilateral_change"": 0.004047283437103033, ""content_removal"": 0.0036584187764674425, ""contract_by_using"": 0.0031140195205807686, ""choice_of_law"": 0.002836136147379875, ""jurisdiction"": 0.0026395730674266815, ""arbitration"": 0.006018114276230335}"
test:1295,"we want to know if you have a problem so we encourage you to contact our customer support team if you have any concerns with respect to the operation of the service or any evernote software , as we want to ensure that you have an excellent experience .",[],[],"{""limitation_of_liability"": 0.0041548409499228, ""unilateral_termination"": 0.0038232177030295134, ""unilateral_change"": 0.0050547984428703785, ""content_removal"": 0.004054674878716469, ""contract_by_using"": 0.00424858508631587, ""choice_of_law"": 0.0021060488652437925, ""jurisdiction"": 0.0019428873201832175, ""arbitration"": 0.003890270832926035}"
test:1296,"if you conclude that we have not satisfied your concern and that you must pursue legal action , you agree that your claim must be resolved by the processes set forth in these terms .",[],[],"{""limitation_of_liability"": 0.017152583226561546, ""unilateral_termination"": 0.006453783717006445, ""unilateral_change"": 0.004280002322047949, ""content_removal"": 0.012819874100387096, ""contract_by_using"": 0.02295556478202343, ""choice_of_law"": 0.0189871396869421, ""jurisdiction"": 0.04605377838015556, ""arbitration"": 0.08330920338630676}"
test:1297,"evernote provides the service to you on the condition that you accept the dispute resolution provisions described below , so if you initiate any claim against evernote in any other manner , you shall be in violation of these terms and you agree that evernote shall be entitled to have such action dismissed or otherwise terminated and you agree to reimburse evernote for its reasonable costs incurred in defending against such improperly initiated claim .",[],[],"{""limitation_of_liability"": 0.01914599910378456, ""unilateral_termination"": 0.16096636652946472, ""unilateral_change"": 0.004516633227467537, ""content_removal"": 0.03096914477646351, ""contract_by_using"": 0.007751204539090395, ""choice_of_law"": 0.0021221276838332415, ""jurisdiction"": 0.012108574621379375, ""arbitration"": 0.016980741173028946}"
test:1298,"you agree that prior to initiating any formal proceedings against evernote , you will send us a notice to our attorneys at legalnotice@evernote.com and state that you are providing a `` notice of dispute . ''",[],[],"{""limitation_of_liability"": 0.004774648696184158, ""unilateral_termination"": 0.0031869583763182163, ""unilateral_change"": 0.003969787620007992, ""content_removal"": 0.003871107939630747, ""contract_by_using"": 0.0077224355190992355, ""choice_of_law"": 0.0027285548858344555, ""jurisdiction"": 0.0033227785024791956, ""arbitration"": 0.008937113918364048}"
test:1299,"upon receipt of a notice of dispute , you and we shall attempt to resolve the dispute through informal negotiation within sixty ( 60 ) days from the date the notice of dispute is sent .",[],[],"{""limitation_of_liability"": 0.006830683443695307, ""unilateral_termination"": 0.011584419757127762, ""unilateral_change"": 0.020299268886446953, ""content_removal"": 0.014668382704257965, ""contract_by_using"": 0.06701291352510452, ""choice_of_law"": 0.027067262679338455, ""jurisdiction"": 0.039527807384729385, ""arbitration"": 0.32596004009246826}"
test:1300,"if the dispute remains unresolved , either you or we may initiate formal proceedings according to these terms .",[],[],"{""limitation_of_liability"": 0.003910525236278772, ""unilateral_termination"": 0.026180747896432877, ""unilateral_change"": 0.008109141141176224, ""content_removal"": 0.010532564483582973, ""contract_by_using"": 0.0040753502398729324, ""choice_of_law"": 0.0032536140643060207, ""jurisdiction"": 0.0071351914666593075, ""arbitration"": 0.021611839532852173}"
test:1301,"except where our dispute is being resolved pursuant to an arbitration ( as provided below ) , if you are a resident of the united states or canada , you agree that any claim or dispute you may have against evernote must be resolved exclusively by a state or federal court located in san mateo county , california .","[""jurisdiction""]","[""jurisdiction"", ""arbitration""]","{""limitation_of_liability"": 0.057027317583560944, ""unilateral_termination"": 0.051528047770261765, ""unilateral_change"": 0.022298278287053108, ""content_removal"": 0.05883672460913658, ""contract_by_using"": 0.07939060777425766, ""choice_of_law"": 0.11729665100574493, ""jurisdiction"": 0.6113060116767883, ""arbitration"": 0.8337190747261047}"
test:1302,"you agree to submit to the exclusive personal jurisdiction of the courts located within san mateo county , california ( and , for the avoidance of doubt , to exclude the jurisdiction of any other court ) for the purpose of litigating all such claims or disputes .","[""jurisdiction""]","[""jurisdiction""]","{""limitation_of_liability"": 0.2070721685886383, ""unilateral_termination"": 0.045345280319452286, ""unilateral_change"": 0.034782104194164276, ""content_removal"": 0.09094540774822235, ""contract_by_using"": 0.054338689893484116, ""choice_of_law"": 0.21146567165851593, ""jurisdiction"": 0.9311195611953735, ""arbitration"": 0.23083990812301636}"
test:1303,"except where our dispute is being resolved pursuant to an arbitration ( as provided below ) , if you reside in brazil , you agree that any claim or dispute you may have against evernote must be resolved exclusively by the courts in são paolo-sp , brasil .","[""jurisdiction""]","[""jurisdiction"", ""arbitration""]","{""limitation_of_liability"": 0.11708638072013855, ""unilateral_termination"": 0.07583239674568176, ""unilateral_change"": 0.03771206736564636, ""content_removal"": 0.08536293357610703, ""contract_by_using"": 0.10530318319797516, ""choice_of_law"": 0.36745378375053406, ""jurisdiction"": 0.9070631265640259, ""arbitration"": 0.8355395197868347}"
test:1304,"you agree to submit to the exclusive personal jurisdiction of the courts located within são paolo-sp , brasil ( and , for the avoidance of doubt , to exclude the jurisdiction of any other court ) for the purpose of litigating all such claims or disputes .","[""jurisdiction""]","[""jurisdiction""]","{""limitation_of_liability"": 0.19439256191253662, ""unilateral_termination"": 0.041201140731573105, ""unilateral_change"": 0.03041328862309456, ""content_removal"": 0.07819122821092606, ""contract_by_using"": 0.0496942400932312, ""choice_of_law"": 0.1698886752128601, ""jurisdiction"": 0.9154921770095825, ""arbitration"": 0.21057415008544922}"
test:1305,"except where our dispute is being resolved pursuant to an arbitration ( as provided below ) , if you are not a resident of the united states , canada , or brazil , you agree that any claim or dispute you may have against evernote must be resolved exclusively by the courts in zurich , switzerland .","[""jurisdiction""]","[""jurisdiction"", ""arbitration""]","{""limitation_of_liability"": 0.12310319393873215, ""unilateral_termination"": 0.07604285329580307, ""unilateral_change"": 0.0397396981716156, ""content_removal"": 0.08238430321216583, ""contract_by_using"": 0.10026855766773224, ""choice_of_law"": 0.3855995833873749, ""jurisdiction"": 0.9187353849411011, ""arbitration"": 0.8054672479629517}"
test:1306,"you agree to submit to the exclusive personal jurisdiction of the courts located within zurich , switzerland ( and , for the avoidance of doubt , to exclude the jurisdiction of any other court ) for the purpose of litigating all such claims or disputes .","[""jurisdiction""]","[""jurisdiction""]","{""limitation_of_liability"": 0.19973501563072205, ""unilateral_termination"": 0.04167521372437477, ""unilateral_change"": 0.03199063241481781, ""content_removal"": 0.07622751593589783, ""contract_by_using"": 0.048276081681251526, ""choice_of_law"": 0.1911068558692932, ""jurisdiction"": 0.9223012328147888, ""arbitration"": 0.22335638105869293}"
test:1307,"unless you are subject to the arbitration agreement set out below , and subject to any applicable laws , if a claim arises between you and evernote where the total value of such claim is less than us$ 10,000 , the party initiating the claim may elect to have the dispute resolved pursuant to a binding arbitration process that does not require attendance in person .",[],[],"{""limitation_of_liability"": 0.010700530372560024, ""unilateral_termination"": 0.03179987147450447, ""unilateral_change"": 0.01619587279856205, ""content_removal"": 0.018779614940285683, ""contract_by_using"": 0.033457785844802856, ""choice_of_law"": 0.015074837021529675, ""jurisdiction"": 0.06918393820524216, ""arbitration"": 0.4531521797180176}"
test:1308,"this `` alternative dispute resolution process '' shall be initiated by either party sending notice to the other , in which event you and evernote agree to use our reasonable efforts to agree within thirty ( 30 ) days upon an individual or service to manage the alternative dispute resolution process ( the `` arbitration manager '' ) according to the following requirements : ( i ) neither party shall be required to attend any proceeding in person , ( ii ) the proceeding will be conducted via written submissions , telephone or online communications or as otherwise agreed upon , ( iii ) the fees for the arbitration manager will be borne equally by the parties or be submitted to the arbitration manager to determine as part of the dispute and ( iv ) the judgment rendered by the arbitration manager may be entered in any court of competent jurisdiction for enforcement .",[],[],"{""limitation_of_liability"": 0.006267487537115812, ""unilateral_termination"": 0.01856820657849312, ""unilateral_change"": 0.009050537832081318, ""content_removal"": 0.013402379117906094, ""contract_by_using"": 0.016687583178281784, ""choice_of_law"": 0.009850647300481796, ""jurisdiction"": 0.045968830585479736, ""arbitration"": 0.1491851508617401}"
test:1309,"if you are a resident of the european union ( eu ) , please note that we offer this alternative dispute resolution process , but we can not offer you the european commission dispute platform as we do not have an establishment in the eu .",[],[],"{""limitation_of_liability"": 0.004289285279810429, ""unilateral_termination"": 0.003193737007677555, ""unilateral_change"": 0.003595551010221243, ""content_removal"": 0.00402290653437376, ""contract_by_using"": 0.005604723934084177, ""choice_of_law"": 0.003207522677257657, ""jurisdiction"": 0.003434945596382022, ""arbitration"": 0.007659442722797394}"
test:1310,"if you reside in the united states or are otherwise subject to the us federal arbitration act , you and evernote agree that any and all disputes or claims that have arisen or may arise between us - except any dispute relating to the enforcement or validity of your , our or either of our licensors ' intellectual property rights - shall be resolved exclusively through final and binding arbitration , rather than in court , except that you may assert claims in small claims court , if your claims qualify .","[""arbitration""]","[""arbitration""]","{""limitation_of_liability"": 0.046309683471918106, ""unilateral_termination"": 0.13561542332172394, ""unilateral_change"": 0.078095942735672, ""content_removal"": 0.09366826713085175, ""contract_by_using"": 0.14694271981716156, ""choice_of_law"": 0.20408296585083008, ""jurisdiction"": 0.4074958264827728, ""arbitration"": 0.9511982798576355}"
test:1311,the federal arbitration act governs the interpretation and enforcement of this arbitration agreement .,[],[],"{""limitation_of_liability"": 0.004001203458756208, ""unilateral_termination"": 0.003337032161653042, ""unilateral_change"": 0.005190993193536997, ""content_removal"": 0.0034974871668964624, ""contract_by_using"": 0.006528759375214577, ""choice_of_law"": 0.004254582803696394, ""jurisdiction"": 0.004410835448652506, ""arbitration"": 0.010954273864626884}"
test:1312,"( note that if you were a service user prior to december 4 , 2012 and formally elected to opt out of the arbitration agreement pursuant to the procedures set out in our terms of service that were effective as of december 4 , 2012 , you are not subject to this arbitration agreement . )",[],[],"{""limitation_of_liability"": 0.004723524674773216, ""unilateral_termination"": 0.0047122822143137455, ""unilateral_change"": 0.003738782601431012, ""content_removal"": 0.004972681403160095, ""contract_by_using"": 0.02471599355340004, ""choice_of_law"": 0.0039151194505393505, ""jurisdiction"": 0.006413081660866737, ""arbitration"": 0.018056906759738922}"
test:1313,"our arbitration proceedings would be conducted by the american arbitration association ( `` aaa '' ) under its rules and procedures applicable at that time , including the aaa 's supplementary procedures for consumer-related disputes ( to the extent applicable ) , as modified by our arbitration agreement .",[],[],"{""limitation_of_liability"": 0.005125817377120256, ""unilateral_termination"": 0.010028604418039322, ""unilateral_change"": 0.0097925690934062, ""content_removal"": 0.006963587366044521, ""contract_by_using"": 0.022770093753933907, ""choice_of_law"": 0.010579798370599747, ""jurisdiction"": 0.018630094826221466, ""arbitration"": 0.1182330995798111}"
test:1314,"you may review those rules and procedures , and obtain a form for initiating arbitration proceedings at the aaa 's website .",[],[],"{""limitation_of_liability"": 0.002801274647936225, ""unilateral_termination"": 0.004405510146170855, ""unilateral_change"": 0.00970911793410778, ""content_removal"": 0.004815007094293833, ""contract_by_using"": 0.004788401536643505, ""choice_of_law"": 0.002679485362023115, ""jurisdiction"": 0.002474199514836073, ""arbitration"": 0.005640579387545586}"
test:1315,the arbitration shall be held in the county in which you reside or at another mutually agreed location .,[],[],"{""limitation_of_liability"": 0.010774016380310059, ""unilateral_termination"": 0.04089217260479927, ""unilateral_change"": 0.016108345240354538, ""content_removal"": 0.020884912461042404, ""contract_by_using"": 0.026291484013199806, ""choice_of_law"": 0.028317349031567574, ""jurisdiction"": 0.08065267652273178, ""arbitration"": 0.4594963788986206}"
test:1316,"if the value of the relief sought is us$ 10,000 or less , either of us may elect to have the arbitration conducted by telephone or based solely on written submissions , which election shall be binding on us subject to the arbitrator 's discretion to require an in-person hearing .",[],[],"{""limitation_of_liability"": 0.009815998375415802, ""unilateral_termination"": 0.045272648334503174, ""unilateral_change"": 0.02676205337047577, ""content_removal"": 0.02983793057501316, ""contract_by_using"": 0.030875734984874725, ""choice_of_law"": 0.014590694569051266, ""jurisdiction"": 0.053754813969135284, ""arbitration"": 0.43975016474723816}"
test:1317,"attendance at an in-person hearing may be made by telephone by you and/or us , unless the arbitrator requires otherwise .",[],[],"{""limitation_of_liability"": 0.004462108016014099, ""unilateral_termination"": 0.005749344360083342, ""unilateral_change"": 0.006830978207290173, ""content_removal"": 0.008093760348856449, ""contract_by_using"": 0.003490182338282466, ""choice_of_law"": 0.0036658532917499542, ""jurisdiction"": 0.0031730812042951584, ""arbitration"": 0.006605895701795816}"
test:1318,"the arbitrator will decide the substance of all claims in accordance with the laws of the state of california , including recognized principles of equity , and will honor all claims of privilege recognized by law .",[],"[""choice_of_law""]","{""limitation_of_liability"": 0.038701802492141724, ""unilateral_termination"": 0.01361903641372919, ""unilateral_change"": 0.04975111410021782, ""content_removal"": 0.02522670477628708, ""contract_by_using"": 0.06471813470125198, ""choice_of_law"": 0.8190998435020447, ""jurisdiction"": 0.08647773414850235, ""arbitration"": 0.06836893409490585}"
test:1319,"the arbitrator shall not be bound by rulings in prior arbitrations involving different evernote users , but is bound by rulings in prior arbitrations involving the same user to the extent required by applicable law .",[],[],"{""limitation_of_liability"": 0.006031847093254328, ""unilateral_termination"": 0.0022725120652467012, ""unilateral_change"": 0.0038595409132540226, ""content_removal"": 0.0034091107081621885, ""contract_by_using"": 0.00801670178771019, ""choice_of_law"": 0.003799931611865759, ""jurisdiction"": 0.0037157218903303146, ""arbitration"": 0.007513030432164669}"
test:1320,"the arbitrator 's award shall be final and binding and judgment on the award rendered by the arbitrator may be entered in any court possessing jurisdiction over the parties , except for a limited right of appeal under the federal arbitration act .",[],[],"{""limitation_of_liability"": 0.004022980574518442, ""unilateral_termination"": 0.011909302324056625, ""unilateral_change"": 0.007693011313676834, ""content_removal"": 0.00790065061300993, ""contract_by_using"": 0.013786979019641876, ""choice_of_law"": 0.010343389585614204, ""jurisdiction"": 0.02043900080025196, ""arbitration"": 0.044985901564359665}"
test:1321,"the aaa rules will govern the payment of all filing , administration and arbitrator fees , unless our arbitration agreement expressly provides otherwise .",[],[],"{""limitation_of_liability"": 0.0068299914710223675, ""unilateral_termination"": 0.0022581254597753286, ""unilateral_change"": 0.006751262582838535, ""content_removal"": 0.002843606285750866, ""contract_by_using"": 0.005022898782044649, ""choice_of_law"": 0.0033397057559341192, ""jurisdiction"": 0.0027422169223427773, ""arbitration"": 0.005431155674159527}"
test:1322,"if the amount of any claim in an arbitration is us$ 10,000 or less , evernote will pay all filing , administration and arbitrator fees associated with the arbitration , so long as ( i ) you make a written request for such payment of fees and submit it to the aaa with your demand for arbitration and ( ii ) your claim is not determined by the arbitrator to be frivolous .",[],[],"{""limitation_of_liability"": 0.007617186289280653, ""unilateral_termination"": 0.0036571628879755735, ""unilateral_change"": 0.004642861895263195, ""content_removal"": 0.003957545384764671, ""contract_by_using"": 0.0051510147750377655, ""choice_of_law"": 0.0018406467279419303, ""jurisdiction"": 0.0031875688582658768, ""arbitration"": 0.007444154471158981}"
test:1323,"in such case , we will make arrangements to pay all necessary fees directly to the aaa .",[],[],"{""limitation_of_liability"": 0.0069626676850020885, ""unilateral_termination"": 0.0024322462268173695, ""unilateral_change"": 0.008107949048280716, ""content_removal"": 0.0033666379749774933, ""contract_by_using"": 0.0041352990083396435, ""choice_of_law"": 0.002993282862007618, ""jurisdiction"": 0.0020248217042535543, ""arbitration"": 0.003733718767762184}"
test:1324,"if the amount of the claim exceeds us$ 10,000 and you are able to demonstrate that the costs of arbitration will be prohibitive as compared to the costs of litigation , evernote will pay as much of the filing , administration and arbitrator fees as the arbitrator deems necessary to prevent the arbitration from being cost-prohibitive .",[],[],"{""limitation_of_liability"": 0.007645534351468086, ""unilateral_termination"": 0.0030615036375820637, ""unilateral_change"": 0.006267107557505369, ""content_removal"": 0.003619531635195017, ""contract_by_using"": 0.004448835272341967, ""choice_of_law"": 0.0020946217700839043, ""jurisdiction"": 0.002765628742054105, ""arbitration"": 0.006317249499261379}"
test:1325,"if the arbitrator determines the claim ( s ) you assert in the arbitration are frivolous , you agree to reimburse evernote for all fees associated with the arbitration paid by evernote on your behalf , which you otherwise would be obligated to pay under the aaa 's rules .",[],[],"{""limitation_of_liability"": 0.021296855062246323, ""unilateral_termination"": 0.0033077062107622623, ""unilateral_change"": 0.005086946301162243, ""content_removal"": 0.003308970248326659, ""contract_by_using"": 0.004881925415247679, ""choice_of_law"": 0.001878470997326076, ""jurisdiction"": 0.002895822050049901, ""arbitration"": 0.005872149020433426}"
test:1326,"you and evernote agree , as part of the arbitration agreement , that each of us may bring claims against the other only on an individual basis and not as part of any purported class or representative action or proceeding .",[],[],"{""limitation_of_liability"": 0.008098811842501163, ""unilateral_termination"": 0.0033603229094296694, ""unilateral_change"": 0.003018394112586975, ""content_removal"": 0.0037175260949879885, ""contract_by_using"": 0.007279050536453724, ""choice_of_law"": 0.0027674429584294558, ""jurisdiction"": 0.005559797398746014, ""arbitration"": 0.011337208561599255}"
test:1327,we refer to this as the `` prohibition of class and representative actions . '',[],[],"{""limitation_of_liability"": 0.005521899089217186, ""unilateral_termination"": 0.0033752648159861565, ""unilateral_change"": 0.0043497150763869286, ""content_removal"": 0.0038262372836470604, ""contract_by_using"": 0.0033264709636569023, ""choice_of_law"": 0.003181538311764598, ""jurisdiction"": 0.0025926989037543535, ""arbitration"": 0.005532215349376202}"
test:1328,"unless both you and we agree otherwise , the arbitrator may not consolidate or join your or our claim with another person 's or party 's claims , and may not otherwise preside over any form of a consolidated , representative or class proceeding .",[],[],"{""limitation_of_liability"": 0.005185529589653015, ""unilateral_termination"": 0.004584684502333403, ""unilateral_change"": 0.004979455377906561, ""content_removal"": 0.006655992474406958, ""contract_by_using"": 0.0036538788117468357, ""choice_of_law"": 0.0029784035868942738, ""jurisdiction"": 0.004276853520423174, ""arbitration"": 0.009854760020971298}"
test:1329,"the arbitrator may only award relief ( including monetary , injunctive , and declaratory relief ) in favor of the individual party seeking relief and only to the extent necessary to provide relief necessitated by that party 's individual claim ( s ) .",[],[],"{""limitation_of_liability"": 0.008936050347983837, ""unilateral_termination"": 0.00550285866484046, ""unilateral_change"": 0.004470236133784056, ""content_removal"": 0.004374105483293533, ""contract_by_using"": 0.0026245908811688423, ""choice_of_law"": 0.0022330351639539003, ""jurisdiction"": 0.0030145079363137484, ""arbitration"": 0.006434766575694084}"
test:1330,any relief awarded can not affect other evernote users .,[],[],"{""limitation_of_liability"": 0.00874871201813221, ""unilateral_termination"": 0.003028812585398555, ""unilateral_change"": 0.004348135553300381, ""content_removal"": 0.0030370207969099283, ""contract_by_using"": 0.003339311806485057, ""choice_of_law"": 0.002379626501351595, ""jurisdiction"": 0.001955040730535984, ""arbitration"": 0.003972132224589586}"
test:1331,"except with respect to the prohibition of class and representative actions , if a court decides that any part of this arbitration agreement is invalid or unenforceable , the other parts of this arbitration agreement shall continue to apply .",[],[],"{""limitation_of_liability"": 0.006213965360075235, ""unilateral_termination"": 0.003405245952308178, ""unilateral_change"": 0.004980936646461487, ""content_removal"": 0.0033389090094715357, ""contract_by_using"": 0.007156901061534882, ""choice_of_law"": 0.004293245729058981, ""jurisdiction"": 0.004491713829338551, ""arbitration"": 0.007759247440844774}"
test:1332,"if a court decides that the prohibition of class and representative actions is invalid or unenforceable , then this entire arbitration agreement shall be null and void .",[],[],"{""limitation_of_liability"": 0.005211241543292999, ""unilateral_termination"": 0.013521134853363037, ""unilateral_change"": 0.0034412979148328304, ""content_removal"": 0.0063158548437058926, ""contract_by_using"": 0.004912171978503466, ""choice_of_law"": 0.0028308613691478968, ""jurisdiction"": 0.00392936309799552, ""arbitration"": 0.011500177904963493}"
test:1333,the remainder of these terms and this section ( what do i do if i think i have a claim against evernote ? ),[],[],"{""limitation_of_liability"": 0.01000706385821104, ""unilateral_termination"": 0.0029491211753338575, ""unilateral_change"": 0.004153799265623093, ""content_removal"": 0.0036450743209570646, ""contract_by_using"": 0.003566624131053686, ""choice_of_law"": 0.003234769916161895, ""jurisdiction"": 0.0023972427006810904, ""arbitration"": 0.0038206852041184902}"
test:1334,"you agree that regardless of any statute or law to the contrary or the applicable dispute resolution process , any claim or cause of action you may have arising out of or related to use of the service or otherwise under these must be filed within one ( 1 ) year after such claim or cause of action arose or you hereby agree to be forever barred from bringing such claim .","[""limitation_of_liability""]",[],"{""limitation_of_liability"": 0.00958625040948391, ""unilateral_termination"": 0.005181725136935711, ""unilateral_change"": 0.003486227709800005, ""content_removal"": 0.005721996538341045, ""contract_by_using"": 0.005608679726719856, ""choice_of_law"": 0.0033497498370707035, ""jurisdiction"": 0.009885533712804317, ""arbitration"": 0.008859233930706978}"
test:1335,"the provisions of this section , entitled `` claims are time-barred '' shall be deemed to constitute a separate written legally binding agreement by and between you and us .",[],[],"{""limitation_of_liability"": 0.004736054223030806, ""unilateral_termination"": 0.002629591152071953, ""unilateral_change"": 0.0042768982239067554, ""content_removal"": 0.004399575758725405, ""contract_by_using"": 0.0254469383507967, ""choice_of_law"": 0.007936326786875725, ""jurisdiction"": 0.004423297476023436, ""arbitration"": 0.011204550974071026}"
test:1336,special notice for california users .,[],[],"{""limitation_of_liability"": 0.005784832406789064, ""unilateral_termination"": 0.003789062611758709, ""unilateral_change"": 0.0046464502811431885, ""content_removal"": 0.0034379195421934128, ""contract_by_using"": 0.0032271670643240213, ""choice_of_law"": 0.0025353487581014633, ""jurisdiction"": 0.0025364705361425877, ""arbitration"": 0.005829977802932262}"
test:1337,"under california civil code section 1789.3 , users of the service from california are entitled to the following specific consumer rights notice : the complaint assistance unit of the division of consumer services of the california department of consumer affairs may be contacted in writing at 1625 north market blvd. , suite n 112 , sacramento , ca 95834 , or by telephone at (916) 445-1254 or (800) 952-5210 .",[],[],"{""limitation_of_liability"": 0.0029487130232155323, ""unilateral_termination"": 0.012433226220309734, ""unilateral_change"": 0.011131435632705688, ""content_removal"": 0.0101546635851264, ""contract_by_using"": 0.0054714069701731205, ""choice_of_law"": 0.0027872957289218903, ""jurisdiction"": 0.004803525283932686, ""arbitration"": 0.008803753182291985}"
test:1338,you may contact us via email at legalnotice@evernote.com or at :,[],[],"{""limitation_of_liability"": 0.006103523541241884, ""unilateral_termination"": 0.004393779672682285, ""unilateral_change"": 0.0034919758327305317, ""content_removal"": 0.00429500313475728, ""contract_by_using"": 0.0030769286677241325, ""choice_of_law"": 0.0028853551484644413, ""jurisdiction"": 0.0028090120758861303, ""arbitration"": 0.0054246243089437485}"
test:1340,"a couple of final , but important , points .",[],[],"{""limitation_of_liability"": 0.008753174915909767, ""unilateral_termination"": 0.0032418344635516405, ""unilateral_change"": 0.005769738461822271, ""content_removal"": 0.0036422943230718374, ""contract_by_using"": 0.0028578219935297966, ""choice_of_law"": 0.0036311151925474405, ""jurisdiction"": 0.0026963597629219294, ""arbitration"": 0.0048631299287080765}"
test:1341,"first , these terms constitute the entire agreement between you and evernote and govern your use of the service , except for , and then only to the extent that you have entered into a separate agreement .",[],[],"{""limitation_of_liability"": 0.006329741328954697, ""unilateral_termination"": 0.002877024933695793, ""unilateral_change"": 0.003552597016096115, ""content_removal"": 0.0033103267196565866, ""contract_by_using"": 0.008584828115999699, ""choice_of_law"": 0.004030407872051001, ""jurisdiction"": 0.0028111806605011225, ""arbitration"": 0.006362421903759241}"
test:1342,these terms supersede any prior agreements or earlier versions of these terms between you and evernote for the use of the service as of the effective date indicated at the top of these terms .,[],[],"{""limitation_of_liability"": 0.0051691182889044285, ""unilateral_termination"": 0.002415091497823596, ""unilateral_change"": 0.012666458263993263, ""content_removal"": 0.0035395605955272913, ""contract_by_using"": 0.0410614013671875, ""choice_of_law"": 0.005117886699736118, ""jurisdiction"": 0.0030389719177037477, ""arbitration"": 0.005043551791459322}"
test:1343,"if , through accessing or using the service , you utilize or obtain any product or service from a third party , you may additionally be subject to such third party 's terms and conditions applicable thereto , and these terms shall not affect your legal relationship with such third party .",[],[],"{""limitation_of_liability"": 0.004195024725049734, ""unilateral_termination"": 0.004125208128243685, ""unilateral_change"": 0.00839939620345831, ""content_removal"": 0.004418640397489071, ""contract_by_using"": 0.015204341150820255, ""choice_of_law"": 0.0029693280812352896, ""jurisdiction"": 0.002332588890567422, ""arbitration"": 0.003811275353655219}"
test:1344,"second , you acknowledge and agree that each affiliate of evernote shall be a third party beneficiary to these terms and that such other companies shall be entitled to directly enforce , and rely upon , any provision of these terms which confers a benefit on ( or provides rights in favor of ) them .",[],[],"{""limitation_of_liability"": 0.017091549932956696, ""unilateral_termination"": 0.002550554694607854, ""unilateral_change"": 0.0057726772502064705, ""content_removal"": 0.0038279390428215265, ""contract_by_using"": 0.02009766176342964, ""choice_of_law"": 0.0044800639152526855, ""jurisdiction"": 0.00414851401001215, ""arbitration"": 0.00612826831638813}"
test:1345,"other than this , no other person or company shall be a third party beneficiary to these terms .",[],[],"{""limitation_of_liability"": 0.008835237473249435, ""unilateral_termination"": 0.0027699735946953297, ""unilateral_change"": 0.004645123146474361, ""content_removal"": 0.003249554196372628, ""contract_by_using"": 0.006045281421393156, ""choice_of_law"": 0.0026928498409688473, ""jurisdiction"": 0.0019323058659210801, ""arbitration"": 0.003493026364594698}"
test:1346,"finally , the section headings in these terms of service are for convenience only and have no legal or contractual effect .",[],[],"{""limitation_of_liability"": 0.007997117936611176, ""unilateral_termination"": 0.003182742279022932, ""unilateral_change"": 0.00950052309781313, ""content_removal"": 0.004361309111118317, ""contract_by_using"": 0.0035857432521879673, ""choice_of_law"": 0.004095220007002354, ""jurisdiction"": 0.0022923073265701532, ""arbitration"": 0.003926066681742668}"
test:1347,"this user agreement , the user privacy notice , the mobile devices terms , and all policies posted on our sites set out the terms on which ebay offers you access to and use of our sites , services , applications and tools ( collectively `` services '' ) .",[],[],"{""limitation_of_liability"": 0.0038183170836418867, ""unilateral_termination"": 0.0025715504307299852, ""unilateral_change"": 0.007972299121320248, ""content_removal"": 0.0037667558062821627, ""contract_by_using"": 0.029749777168035507, ""choice_of_law"": 0.0036236371379345655, ""jurisdiction"": 0.0027860139962285757, ""arbitration"": 0.005954164080321789}"
test:1348,you can find an overview of our policies here .,[],[],"{""limitation_of_liability"": 0.005358012393116951, ""unilateral_termination"": 0.0037449703086167574, ""unilateral_change"": 0.004710529465228319, ""content_removal"": 0.0036088733468204737, ""contract_by_using"": 0.003125258721411228, ""choice_of_law"": 0.0027975367847830057, ""jurisdiction"": 0.0023822712246328592, ""arbitration"": 0.005079079885035753}"
test:1349,"all policies , the mobile devices terms , and the user privacy notice are incorporated into this user agreement .",[],[],"{""limitation_of_liability"": 0.004593667108565569, ""unilateral_termination"": 0.0022095986641943455, ""unilateral_change"": 0.008229314349591732, ""content_removal"": 0.003993831109255552, ""contract_by_using"": 0.028595538809895515, ""choice_of_law"": 0.005787027068436146, ""jurisdiction"": 0.003210376249626279, ""arbitration"": 0.005594958085566759}"
test:1350,you agree to comply with all of the above when accessing or using our services .,"[""contract_by_using""]",[],"{""limitation_of_liability"": 0.006189003121107817, ""unilateral_termination"": 0.003101831302046776, ""unilateral_change"": 0.007772676646709442, ""content_removal"": 0.003925967961549759, ""contract_by_using"": 0.005608493462204933, ""choice_of_law"": 0.002270705299451947, ""jurisdiction"": 0.001786061911843717, ""arbitration"": 0.0030195352155715227}"
test:1351,"the entity you are contracting with is ebay inc. , 2025 hamilton ave. , san jose , ca 95125 if you reside in the united states .",[],[],"{""limitation_of_liability"": 0.004724152386188507, ""unilateral_termination"": 0.0033438631799072027, ""unilateral_change"": 0.003683823859319091, ""content_removal"": 0.0035973095800727606, ""contract_by_using"": 0.005641860421746969, ""choice_of_law"": 0.003199575934559107, ""jurisdiction"": 0.003151159267872572, ""arbitration"": 0.006690585054457188}"
test:1352,"it is ebay europe s.à r.l. , 22-24 boulevard royal , l-2449 luxembourg if you reside in the european union ; and , except as provided below , ebay international ag , helvetiastrasse 15/17 , 3005 , bern , switzerland if you reside in any other country .",[],[],"{""limitation_of_liability"": 0.005755171645432711, ""unilateral_termination"": 0.0031641661189496517, ""unilateral_change"": 0.0036237197928130627, ""content_removal"": 0.0039366185665130615, ""contract_by_using"": 0.00424016360193491, ""choice_of_law"": 0.0035497895441949368, ""jurisdiction"": 0.0033915380481630564, ""arbitration"": 0.0064145466312766075}"
test:1353,"starting on july 1 , 2017 , the entity you are contracting with is ebay canada limited , 500 king street west , suite 200 , toronto , on m5v 1l9 , canada , if you reside in canada .",[],[],"{""limitation_of_liability"": 0.004838153719902039, ""unilateral_termination"": 0.002877925056964159, ""unilateral_change"": 0.0037699241656810045, ""content_removal"": 0.0034898973535746336, ""contract_by_using"": 0.006868184078484774, ""choice_of_law"": 0.0032816273160278797, ""jurisdiction"": 0.002990409731864929, ""arbitration"": 0.006218519061803818}"
test:1354,"starting on august 1 , 2017 , it is ebay ( uk ) limited , 5 new street square , london , ec4a 3tw , united kingdom , if you reside in the united kingdom .",[],[],"{""limitation_of_liability"": 0.00498454924672842, ""unilateral_termination"": 0.003174267942085862, ""unilateral_change"": 0.004356363322585821, ""content_removal"": 0.0035612869542092085, ""contract_by_using"": 0.004485004581511021, ""choice_of_law"": 0.0036022609565407038, ""jurisdiction"": 0.0030297499615699053, ""arbitration"": 0.005820740479975939}"
test:1355,"if you reside in india , prior to august 1 , 2017 , the entity you are contracting with is ebay india private limited , 14th floor , north block , r-tech park , western express highway , goregaon ( east ) , mumbai 400063 , maharashtra ; thereafter , the entity is ebay international ag , helvetiastrasse 15/17 , 3005 , bern , switzerland .",[],[],"{""limitation_of_liability"": 0.00469281617552042, ""unilateral_termination"": 0.003348323982208967, ""unilateral_change"": 0.003435298101976514, ""content_removal"": 0.0039061368443071842, ""contract_by_using"": 0.005576637573540211, ""choice_of_law"": 0.00322833308018744, ""jurisdiction"": 0.0031682129483669996, ""arbitration"": 0.007223190274089575}"
test:1356,"in this user agreement , these entities are individually and collectively referred to as `` ebay , '' `` we , '' or `` us . ''",[],[],"{""limitation_of_liability"": 0.005569993518292904, ""unilateral_termination"": 0.0026069937739521265, ""unilateral_change"": 0.0037654335610568523, ""content_removal"": 0.0032591484487056732, ""contract_by_using"": 0.006998972035944462, ""choice_of_law"": 0.003151443786919117, ""jurisdiction"": 0.00245765526778996, ""arbitration"": 0.0054658567532896996}"
test:1357,please be advised that this user agreement contains provisions that govern how claims you and we have against each other are resolved ( see disclaimer of warranties ; limitation of liability and legal disputes provisions below ) .,[],[],"{""limitation_of_liability"": 0.005377472843974829, ""unilateral_termination"": 0.003069772617891431, ""unilateral_change"": 0.0035379482433199883, ""content_removal"": 0.0034247785806655884, ""contract_by_using"": 0.006376998499035835, ""choice_of_law"": 0.0045290617272257805, ""jurisdiction"": 0.005092601291835308, ""arbitration"": 0.012266733683645725}"
test:1358,"it also contains an agreement to arbitrate , which will , with limited exception , require you to submit claims you have against us or our agents to binding and final arbitration , unless you opt out of the agreement to arbitrate ( see legal disputes , section b ( `` agreement to arbitrate '' ) ) .",[],[],"{""limitation_of_liability"": 0.00863702967762947, ""unilateral_termination"": 0.01995142363011837, ""unilateral_change"": 0.010628892108798027, ""content_removal"": 0.010776441544294357, ""contract_by_using"": 0.030120931565761566, ""choice_of_law"": 0.012272530235350132, ""jurisdiction"": 0.04339876025915146, ""arbitration"": 0.273757666349411}"
test:1359,"unless you opt out : ( 1 ) you will only be permitted to pursue claims against us or our agents on an individual basis , not as a plaintiff or class member in any class or representative action or proceeding and ( 2 ) you will only be permitted to seek relief ( including monetary , injunctive , and declaratory relief ) on an individual basis .",[],[],"{""limitation_of_liability"": 0.011006047949194908, ""unilateral_termination"": 0.005129380617290735, ""unilateral_change"": 0.0024788787122815847, ""content_removal"": 0.004379430785775185, ""contract_by_using"": 0.003790744114667177, ""choice_of_law"": 0.002327119233086705, ""jurisdiction"": 0.004235684406012297, ""arbitration"": 0.0072101568803191185}"
test:1360,"ebay is a marketplace that allows users to offer , sell and buy just about anything in a variety of pricing formats and locations .",[],[],"{""limitation_of_liability"": 0.0048317089676856995, ""unilateral_termination"": 0.0033932419028133154, ""unilateral_change"": 0.004810601472854614, ""content_removal"": 0.0036782571114599705, ""contract_by_using"": 0.003670984413474798, ""choice_of_law"": 0.002769110957160592, ""jurisdiction"": 0.002199794864282012, ""arbitration"": 0.004798253532499075}"
test:1361,the actual contract for sale is directly between the seller and buyer .,[],[],"{""limitation_of_liability"": 0.0073667848482728004, ""unilateral_termination"": 0.0031178409699350595, ""unilateral_change"": 0.004524510819464922, ""content_removal"": 0.003386023687198758, ""contract_by_using"": 0.0032163222786039114, ""choice_of_law"": 0.003367044497281313, ""jurisdiction"": 0.002447469625622034, ""arbitration"": 0.0046675014309585094}"
test:1362,ebay is not a traditional auctioneer .,[],[],"{""limitation_of_liability"": 0.005890188738703728, ""unilateral_termination"": 0.0033929694909602404, ""unilateral_change"": 0.004468214698135853, ""content_removal"": 0.0035781527403742075, ""contract_by_using"": 0.0030572295654565096, ""choice_of_law"": 0.0028727122116833925, ""jurisdiction"": 0.0023539941757917404, ""arbitration"": 0.004973360802978277}"
test:1363,"while we may provide pricing , shipping , listing , sourcing , and other guidance in our services , such guidance is solely informational and you may decide to follow it or not .",[],[],"{""limitation_of_liability"": 0.003642988158389926, ""unilateral_termination"": 0.0035216391552239656, ""unilateral_change"": 0.005913537461310625, ""content_removal"": 0.004102338571101427, ""contract_by_using"": 0.004443046171218157, ""choice_of_law"": 0.002542433561757207, ""jurisdiction"": 0.0022204320412129164, ""arbitration"": 0.004238178953528404}"
test:1364,"also , while we may help facilitate the resolution of disputes through various programs , ebay has no control over and does not guarantee the existence , quality , safety or legality of items advertised ; the truth or accuracy of users ' content or listings ; the ability of sellers to sell items ; the ability of buyers to pay for items ; or that a buyer or seller will actually complete a transaction or return an item .",[],[],"{""limitation_of_liability"": 0.009346798993647099, ""unilateral_termination"": 0.0037119071930646896, ""unilateral_change"": 0.004659712314605713, ""content_removal"": 0.004004868678748608, ""contract_by_using"": 0.0032668577041476965, ""choice_of_law"": 0.0022481840569525957, ""jurisdiction"": 0.0020251087844371796, ""arbitration"": 0.0038123363628983498}"
test:1365,in connection with using or accessing the services you will not :,[],[],"{""limitation_of_liability"": 0.0213386882096529, ""unilateral_termination"": 0.003800226142629981, ""unilateral_change"": 0.0031586000695824623, ""content_removal"": 0.0037606554105877876, ""contract_by_using"": 0.004765413235872984, ""choice_of_law"": 0.002837986685335636, ""jurisdiction"": 0.002420288510620594, ""arbitration"": 0.0035919705405831337}"
test:1366,"• post , list or upload content or items in inappropriate categories or areas on our sites ;",[],[],"{""limitation_of_liability"": 0.013163300231099129, ""unilateral_termination"": 0.00451253168284893, ""unilateral_change"": 0.0037141842767596245, ""content_removal"": 0.004426619037985802, ""contract_by_using"": 0.0029034309554845095, ""choice_of_law"": 0.0020921104587614536, ""jurisdiction"": 0.002095807110890746, ""arbitration"": 0.0035281747113913298}"
test:1367,"• breach or circumvent any laws , third-party rights or our systems , policies , or determinations of your account status ;",[],[],"{""limitation_of_liability"": 0.011952806264162064, ""unilateral_termination"": 0.004420449025928974, ""unilateral_change"": 0.0031084762886166573, ""content_removal"": 0.004220925737172365, ""contract_by_using"": 0.003227262059226632, ""choice_of_law"": 0.0023735894355922937, ""jurisdiction"": 0.0024186300579458475, ""arbitration"": 0.0040235863998532295}"
test:1368,"• use our services if you are not able to form legally binding contracts ( for example , if you are under 18 years old ) , or are temporarily or indefinitely suspended from using our sites , services , applications or tools ;",[],[],"{""limitation_of_liability"": 0.017187755554914474, ""unilateral_termination"": 0.005414610728621483, ""unilateral_change"": 0.0027630578260868788, ""content_removal"": 0.0038465431425720453, ""contract_by_using"": 0.0032410258427262306, ""choice_of_law"": 0.0021806806325912476, ""jurisdiction"": 0.002440949436277151, ""arbitration"": 0.004079753533005714}"
test:1369,"• fail to pay for items purchased by you , unless you have a valid reason as set out in an ebay policy , for example , the seller has materially changed the item 's description after you bid , a clear typographical error is made , or you can not contact the seller ( see our unpaid item policy ) ;",[],[],"{""limitation_of_liability"": 0.012872954830527306, ""unilateral_termination"": 0.004881934262812138, ""unilateral_change"": 0.003905060701072216, ""content_removal"": 0.005128752905875444, ""contract_by_using"": 0.0029965334106236696, ""choice_of_law"": 0.0019231464248150587, ""jurisdiction"": 0.0019310794305056334, ""arbitration"": 0.0034272009506821632}"
test:1370,"• fail to deliver items sold by you , unless you have a valid reason as set out in an ebay policy , for example , the buyer fails to comply with the posted terms in your listing or you can not contact the buyer ;",[],[],"{""limitation_of_liability"": 0.09607742726802826, ""unilateral_termination"": 0.02703951671719551, ""unilateral_change"": 0.0027577586006373167, ""content_removal"": 0.015283888205885887, ""contract_by_using"": 0.003702930174767971, ""choice_of_law"": 0.002429599640890956, ""jurisdiction"": 0.00429144874215126, ""arbitration"": 0.004387251567095518}"
test:1371,• manipulate the price of any item or interfere with any other user 's listings ;,[],[],"{""limitation_of_liability"": 0.017335817217826843, ""unilateral_termination"": 0.004560228902846575, ""unilateral_change"": 0.00639927526935935, ""content_removal"": 0.006079659331589937, ""contract_by_using"": 0.003048891434445977, ""choice_of_law"": 0.0026702452450990677, ""jurisdiction"": 0.0019011019030585885, ""arbitration"": 0.0028639824595302343}"
test:1372,"• post false , inaccurate , misleading , deceptive , defamatory , or libelous content ;",[],[],"{""limitation_of_liability"": 0.013350511901080608, ""unilateral_termination"": 0.0030246987007558346, ""unilateral_change"": 0.0038216307293623686, ""content_removal"": 0.003484040033072233, ""contract_by_using"": 0.003018295159563422, ""choice_of_law"": 0.0028475173749029636, ""jurisdiction"": 0.0024732016026973724, ""arbitration"": 0.004189715720713139}"
test:1373,• take any action that may undermine the feedback or ratings systems ( see about our feedback policies ) ;,[],[],"{""limitation_of_liability"": 0.015823857858777046, ""unilateral_termination"": 0.003904780838638544, ""unilateral_change"": 0.003730885684490204, ""content_removal"": 0.004147082567214966, ""contract_by_using"": 0.0029504969716072083, ""choice_of_law"": 0.0023184006568044424, ""jurisdiction"": 0.0022076189052313566, ""arbitration"": 0.0034829392097890377}"
test:1374,• transfer your ebay account ( including feedback ) and user id to another party without our consent ;,[],[],"{""limitation_of_liability"": 0.006038482766598463, ""unilateral_termination"": 0.011365164071321487, ""unilateral_change"": 0.0037052968982607126, ""content_removal"": 0.011646291241049767, ""contract_by_using"": 0.0030747412238270044, ""choice_of_law"": 0.0021364446729421616, ""jurisdiction"": 0.002882180968299508, ""arbitration"": 0.004447408020496368}"
test:1375,"• distribute or post spam , unsolicited or bulk electronic communications , chain letters , or pyramid schemes ;",[],[],"{""limitation_of_liability"": 0.014685013331472874, ""unilateral_termination"": 0.0033100461587309837, ""unilateral_change"": 0.0037029385566711426, ""content_removal"": 0.0035178428515791893, ""contract_by_using"": 0.0029674877878278494, ""choice_of_law"": 0.0030439067631959915, ""jurisdiction"": 0.002620931016281247, ""arbitration"": 0.004383645486086607}"
test:1376,• distribute viruses or any other technologies that may harm ebay or the interests or property of users ;,[],[],"{""limitation_of_liability"": 0.02174190618097782, ""unilateral_termination"": 0.003669073572382331, ""unilateral_change"": 0.003734288504347205, ""content_removal"": 0.0037085670046508312, ""contract_by_using"": 0.0034312831703573465, ""choice_of_law"": 0.0026128587778657675, ""jurisdiction"": 0.0023560174740850925, ""arbitration"": 0.003626745892688632}"
test:1377,"• use any robot , spider , scraper , data mining tools , data gathering and extraction tools , or other automated means to access our services for any purpose , except with the prior express permission of ebay ;",[],[],"{""limitation_of_liability"": 0.01063593477010727, ""unilateral_termination"": 0.003478325204923749, ""unilateral_change"": 0.0038005781825631857, ""content_removal"": 0.0037618183996528387, ""contract_by_using"": 0.0035255264956504107, ""choice_of_law"": 0.0022168399300426245, ""jurisdiction"": 0.0020750288385897875, ""arbitration"": 0.0035404893569648266}"
test:1378,"• interfere with the working of our services , or impose an unreasonable or disproportionately large load on our infrastructure ;",[],[],"{""limitation_of_liability"": 0.11994729191064835, ""unilateral_termination"": 0.027593718841671944, ""unilateral_change"": 0.006959032732993364, ""content_removal"": 0.024561643600463867, ""contract_by_using"": 0.003027817700058222, ""choice_of_law"": 0.0037822024896740913, ""jurisdiction"": 0.0030368792358785868, ""arbitration"": 0.003825611900538206}"
test:1379,"• export or re-export any ebay application or tool , except in compliance with the export control laws of any relevant jurisdictions and in accordance with posted rules and restrictions ;",[],[],"{""limitation_of_liability"": 0.021204283460974693, ""unilateral_termination"": 0.0024120938032865524, ""unilateral_change"": 0.004834672436118126, ""content_removal"": 0.003555680625140667, ""contract_by_using"": 0.004772499203681946, ""choice_of_law"": 0.0061478391289711, ""jurisdiction"": 0.003344753058627248, ""arbitration"": 0.003907350357621908}"
test:1380,"• infringe the copyright , trademark , patent , publicity , moral , database , and/or other intellectual property rights ( collectively , `` intellectual property rights '' ) that belong to or are licensed to ebay .",[],[],"{""limitation_of_liability"": 0.00491121644154191, ""unilateral_termination"": 0.0028588587883859873, ""unilateral_change"": 0.005095612723380327, ""content_removal"": 0.0038842717185616493, ""contract_by_using"": 0.0038188742473721504, ""choice_of_law"": 0.0031167634297162294, ""jurisdiction"": 0.0023443778045475483, ""arbitration"": 0.004869008902460337}"
test:1381,"some , but not all , actions that may constitute infringement are reproducing , performing , displaying , distributing , copying , reverse engineering , decompiling , disassembling , or preparing derivative works from content that belongs to ebay or someone else ;",[],[],"{""limitation_of_liability"": 0.009348710998892784, ""unilateral_termination"": 0.002852985868230462, ""unilateral_change"": 0.0032651687506586313, ""content_removal"": 0.003351842286065221, ""contract_by_using"": 0.003941589500755072, ""choice_of_law"": 0.0026458371430635452, ""jurisdiction"": 0.0026558933313935995, ""arbitration"": 0.004594888538122177}"
test:1382,• infringe any intellectual property rights that belong to third parties affected by your use of the services or post content that does not belongs to you ;,[],[],"{""limitation_of_liability"": 0.011671379208564758, ""unilateral_termination"": 0.0036219744943082333, ""unilateral_change"": 0.002948215464130044, ""content_removal"": 0.003801894374191761, ""contract_by_using"": 0.0034295422956347466, ""choice_of_law"": 0.0026833005249500275, ""jurisdiction"": 0.0024895761162042618, ""arbitration"": 0.004384881816804409}"
test:1383,"• commercialize any ebay application or any information or software associated with such application , except with the prior express permission of ebay ;",[],[],"{""limitation_of_liability"": 0.02218235656619072, ""unilateral_termination"": 0.003887974424287677, ""unilateral_change"": 0.003680996596813202, ""content_removal"": 0.0036216010339558125, ""contract_by_using"": 0.0035664942115545273, ""choice_of_law"": 0.0023092138580977917, ""jurisdiction"": 0.0022325068712234497, ""arbitration"": 0.003556902054697275}"
test:1384,• harvest or otherwise collect information about users without their consent ; or,[],[],"{""limitation_of_liability"": 0.043873030692338943, ""unilateral_termination"": 0.018887288868427277, ""unilateral_change"": 0.0030902193393558264, ""content_removal"": 0.013200982473790646, ""contract_by_using"": 0.0034077842719852924, ""choice_of_law"": 0.0022592709865421057, ""jurisdiction"": 0.004149231594055891, ""arbitration"": 0.005041315220296383}"
test:1385,• circumvent any technical measures we use to provide the services .,[],[],"{""limitation_of_liability"": 0.004449889529496431, ""unilateral_termination"": 0.0037738694809377193, ""unilateral_change"": 0.005977343302220106, ""content_removal"": 0.004240533336997032, ""contract_by_using"": 0.0033497787080705166, ""choice_of_law"": 0.00279240682721138, ""jurisdiction"": 0.0022023669444024563, ""arbitration"": 0.004574215970933437}"
test:1386,sellers must meet ebay 's minimum performance standards .,[],[],"{""limitation_of_liability"": 0.005070821847766638, ""unilateral_termination"": 0.003443271853029728, ""unilateral_change"": 0.005305995233356953, ""content_removal"": 0.0035584457218647003, ""contract_by_using"": 0.0034557690378278494, ""choice_of_law"": 0.0023853613529354334, ""jurisdiction"": 0.0019903206266462803, ""arbitration"": 0.004477720707654953}"
test:1387,"failure to meet these standards may result in ebay charging you additional fees , and/or limiting , restricting , suspending , or downgrading your seller account .","[""unilateral_termination""]","[""unilateral_termination""]","{""limitation_of_liability"": 0.09015551954507828, ""unilateral_termination"": 0.8927150964736938, ""unilateral_change"": 0.17621541023254395, ""content_removal"": 0.267124205827713, ""contract_by_using"": 0.022528156638145447, ""choice_of_law"": 0.014427450485527515, ""jurisdiction"": 0.018644891679286957, ""arbitration"": 0.031047124415636063}"
test:1388,"if we believe you are abusing ebay in any way , we may , in our sole discretion and without limiting other remedies , limit , suspend , or terminate your user account ( s ) and access to our services , delay or remove hosted content , remove any special status associated with your account ( s ) , remove , not display , and/or demote listings , reduce or eliminate any discounts , and take technical and/or legal steps to prevent you from using our services .","[""unilateral_termination"", ""content_removal""]","[""unilateral_termination"", ""content_removal""]","{""limitation_of_liability"": 0.11362181603908539, ""unilateral_termination"": 0.9404075145721436, ""unilateral_change"": 0.42284998297691345, ""content_removal"": 0.9825344681739807, ""contract_by_using"": 0.05186857283115387, ""choice_of_law"": 0.08054623007774353, ""jurisdiction"": 0.09970841556787491, ""arbitration"": 0.09613602608442307}"
test:1389,"if we believe you are violating the policy on offers to buy or sell outside of ebay , you may be subject to a range of actions , including limits on your buying and selling privileges , restrictions on listings and account features , suspension of your account , application of fees , and recovery of expenses for policy monitoring and enforcement .",[],[],"{""limitation_of_liability"": 0.009443392045795918, ""unilateral_termination"": 0.45088687539100647, ""unilateral_change"": 0.013158637098968029, ""content_removal"": 0.0821230560541153, ""contract_by_using"": 0.005909881088882685, ""choice_of_law"": 0.003187339985743165, ""jurisdiction"": 0.008041600696742535, ""arbitration"": 0.014356705360114574}"
test:1390,"if you are a seller , you are liable for transaction fees arising out of all sales made using some or all ebay services , even if sales terms are finalized or payment is made outside of ebay .",[],"[""limitation_of_liability""]","{""limitation_of_liability"": 0.864429771900177, ""unilateral_termination"": 0.009878377430140972, ""unilateral_change"": 0.007276666350662708, ""content_removal"": 0.00908069871366024, ""contract_by_using"": 0.01157576497644186, ""choice_of_law"": 0.009144420735538006, ""jurisdiction"": 0.01332141738384962, ""arbitration"": 0.008797517977654934}"
test:1391,we may cancel unconfirmed accounts or accounts that have been inactive for a long time or modify or discontinue our services .,"[""unilateral_termination""]","[""unilateral_termination"", ""content_removal""]","{""limitation_of_liability"": 0.0424744114279747, ""unilateral_termination"": 0.9762687683105469, ""unilateral_change"": 0.2794976830482483, ""content_removal"": 0.4517892599105835, ""contract_by_using"": 0.025946086272597313, ""choice_of_law"": 0.01795300655066967, ""jurisdiction"": 0.02883116528391838, ""arbitration"": 0.06963895261287689}"
test:1392,"additionally , we reserve the right to refuse or terminate all or part of our services to anyone for any reason at our discretion .","[""unilateral_termination""]","[""unilateral_termination"", ""content_removal""]","{""limitation_of_liability"": 0.12684808671474457, ""unilateral_termination"": 0.9739432334899902, ""unilateral_change"": 0.10582397133111954, ""content_removal"": 0.40384072065353394, ""contract_by_using"": 0.013771731406450272, ""choice_of_law"": 0.012325270101428032, ""jurisdiction"": 0.02812154032289982, ""arbitration"": 0.04030943289399147}"
test:1393,"when a buyer or seller issue arises , we may consider the user 's performance history and the specific circumstances in applying our policies .",[],[],"{""limitation_of_liability"": 0.009996335953474045, ""unilateral_termination"": 0.006590020842850208, ""unilateral_change"": 0.07730928808450699, ""content_removal"": 0.007141155656427145, ""contract_by_using"": 0.008718333207070827, ""choice_of_law"": 0.007250645197927952, ""jurisdiction"": 0.0025251146871596575, ""arbitration"": 0.006373591721057892}"
test:1394,we may choose to be more lenient with policy enforcement in an effort to do the right thing for both buyers and sellers .,[],[],"{""limitation_of_liability"": 0.004859344568103552, ""unilateral_termination"": 0.004254179075360298, ""unilateral_change"": 0.006005271803587675, ""content_removal"": 0.004005764611065388, ""contract_by_using"": 0.003045422025024891, ""choice_of_law"": 0.0026020538061857224, ""jurisdiction"": 0.002126338891685009, ""arbitration"": 0.004304463509470224}"
test:1395,the fees we charge for using our services are listed on our standard selling fees page .,[],[],"{""limitation_of_liability"": 0.004968318622559309, ""unilateral_termination"": 0.0028979904018342495, ""unilateral_change"": 0.005707049276679754, ""content_removal"": 0.003557686461135745, ""contract_by_using"": 0.004157238639891148, ""choice_of_law"": 0.0031731263734400272, ""jurisdiction"": 0.0022960868664085865, ""arbitration"": 0.004679540637880564}"
test:1396,"we may change our seller fees from time to time by posting the changes on the ebay site 14 days in advance , but with no advance notice required for temporary promotions or any changes that result in the reduction of fees .","[""unilateral_change""]","[""unilateral_change""]","{""limitation_of_liability"": 0.05185740068554878, ""unilateral_termination"": 0.0681745857000351, ""unilateral_change"": 0.9771482944488525, ""content_removal"": 0.04129611700773239, ""contract_by_using"": 0.08012736588716507, ""choice_of_law"": 0.048816051334142685, ""jurisdiction"": 0.02416335605084896, ""arbitration"": 0.03163499757647514}"
test:1397,you must have a payment method on file when selling on ebay and pay all fees and applicable taxes associated with our services by the payment due date .,[],[],"{""limitation_of_liability"": 0.0053586531430482864, ""unilateral_termination"": 0.002936589065939188, ""unilateral_change"": 0.004537251312285662, ""content_removal"": 0.0034712795168161392, ""contract_by_using"": 0.004571997560560703, ""choice_of_law"": 0.0025740638375282288, ""jurisdiction"": 0.002123165177181363, ""arbitration"": 0.0043009622022509575}"
test:1398,"if your payment method fails or your account is past due , we may collect fees owed by charging other payment methods on file with us , retain collection agencies and legal counsel , and , for accounts over 180 days past due , request that paypal deduct the amount owed from your paypal account balance .",[],[],"{""limitation_of_liability"": 0.004942038096487522, ""unilateral_termination"": 0.005619746167212725, ""unilateral_change"": 0.007852998562157154, ""content_removal"": 0.005790866445749998, ""contract_by_using"": 0.004133608657866716, ""choice_of_law"": 0.0019353143870830536, ""jurisdiction"": 0.0024123380426317453, ""arbitration"": 0.004354868549853563}"
test:1399,"in addition , you will be subject to late fees .",[],[],"{""limitation_of_liability"": 0.00928940437734127, ""unilateral_termination"": 0.003920143470168114, ""unilateral_change"": 0.005500849802047014, ""content_removal"": 0.0033241906203329563, ""contract_by_using"": 0.003133943537250161, ""choice_of_law"": 0.0019378609722480178, ""jurisdiction"": 0.002117876196280122, ""arbitration"": 0.004185440018773079}"
test:1400,"ebay , or the collection agencies we retain , may also report information about your account to credit bureaus , and as a result , late payments , missed payments , or other defaults on your account may be reflected in your credit report .",[],[],"{""limitation_of_liability"": 0.005893844645470381, ""unilateral_termination"": 0.004397955257445574, ""unilateral_change"": 0.009925181046128273, ""content_removal"": 0.006236192304641008, ""contract_by_using"": 0.0042428262531757355, ""choice_of_law"": 0.0023209720384329557, ""jurisdiction"": 0.0020485685672611, ""arbitration"": 0.0034199366346001625}"
test:1401,"if you wish to dispute the information ebay reported to a credit bureau ( i.e. , experian , equifax or transunion ) please contact us at ebay inc. , c/o global collections , 7700 west parmer lane , building d , austin , tx 78729 .",[],[],"{""limitation_of_liability"": 0.004891517572104931, ""unilateral_termination"": 0.0035421112552285194, ""unilateral_change"": 0.004646236542612314, ""content_removal"": 0.0037881506141275167, ""contract_by_using"": 0.004372033756226301, ""choice_of_law"": 0.0027139242738485336, ""jurisdiction"": 0.0030334079638123512, ""arbitration"": 0.007472860626876354}"
test:1402,"if you wish to dispute the information a collection agency reported to a credit bureau regarding your ebay account , you must contact the collection agency directly .",[],[],"{""limitation_of_liability"": 0.004148437641561031, ""unilateral_termination"": 0.0037278784438967705, ""unilateral_change"": 0.004062721971422434, ""content_removal"": 0.0037934754509478807, ""contract_by_using"": 0.004599996842443943, ""choice_of_law"": 0.002496102126315236, ""jurisdiction"": 0.002618267433717847, ""arbitration"": 0.006367035675793886}"
test:1403,"when listing an item , you agree to comply with ebay 's rules for listing and selling practices policy and that :",[],[],"{""limitation_of_liability"": 0.006131582427769899, ""unilateral_termination"": 0.0027144327759742737, ""unilateral_change"": 0.0038234773091971874, ""content_removal"": 0.0039141057059168816, ""contract_by_using"": 0.018521340563893318, ""choice_of_law"": 0.002887379378080368, ""jurisdiction"": 0.00309874233789742, ""arbitration"": 0.00505107082426548}"
test:1404,• you are responsible for the accuracy and content of the listing and item offered .,[],[],"{""limitation_of_liability"": 0.0064513408578932285, ""unilateral_termination"": 0.002537982538342476, ""unilateral_change"": 0.004331602714955807, ""content_removal"": 0.0032417485490441322, ""contract_by_using"": 0.00431375578045845, ""choice_of_law"": 0.002729171421378851, ""jurisdiction"": 0.0022036656737327576, ""arbitration"": 0.004088120069354773}"
test:1405,• your listing may not be immediately searchable by keyword or category for several hours ( or up to 24 hours in some circumstances ) .,[],[],"{""limitation_of_liability"": 0.005157420877367258, ""unilateral_termination"": 0.006120346952229738, ""unilateral_change"": 0.0036174191627651453, ""content_removal"": 0.005364756099879742, ""contract_by_using"": 0.002897954545915127, ""choice_of_law"": 0.0022521226201206446, ""jurisdiction"": 0.0021675166208297014, ""arbitration"": 0.004485260229557753}"
test:1406,ebay ca n't guarantee exact listing durations .,[],[],"{""limitation_of_liability"": 0.007226418703794479, ""unilateral_termination"": 0.0034642249811440706, ""unilateral_change"": 0.004042033571749926, ""content_removal"": 0.003110117046162486, ""contract_by_using"": 0.003305884776636958, ""choice_of_law"": 0.002572752768173814, ""jurisdiction"": 0.002377008553594351, ""arbitration"": 0.005188550800085068}"
test:1407,"• when you use the consumer seller listing tool to create listings , your fixed-price listings may renew automatically every 30 days , based on the listing terms at that time , until the quantities sell out or until you cancel the listing .",[],[],"{""limitation_of_liability"": 0.003968751057982445, ""unilateral_termination"": 0.04959883540868759, ""unilateral_change"": 0.061538200825452805, ""content_removal"": 0.009824988432228565, ""contract_by_using"": 0.021095428615808487, ""choice_of_law"": 0.0034888230729848146, ""jurisdiction"": 0.003015572903677821, ""arbitration"": 0.008241025730967522}"
test:1408,• content that violates any of ebay 's policies may be deleted at ebay 's discretion .,[],"[""content_removal""]","{""limitation_of_liability"": 0.014464999549090862, ""unilateral_termination"": 0.6932833790779114, ""unilateral_change"": 0.33660611510276794, ""content_removal"": 0.7620627284049988, ""contract_by_using"": 0.017177626490592957, ""choice_of_law"": 0.01674804650247097, ""jurisdiction"": 0.023177210241556168, ""arbitration"": 0.023761959746479988}"
test:1409,"• we may revise data in the ebay product catalog to supplement , remove , or correct information ; if your listing uses catalog data that has been revised , those revisions may modify your listing accordingly .","[""unilateral_change""]","[""unilateral_change""]","{""limitation_of_liability"": 0.05179482698440552, ""unilateral_termination"": 0.08469770848751068, ""unilateral_change"": 0.9626268744468689, ""content_removal"": 0.22689294815063477, ""contract_by_using"": 0.06363397091627121, ""choice_of_law"": 0.04454786330461502, ""jurisdiction"": 0.02471866086125374, ""arbitration"": 0.022884394973516464}"
test:1410,• we strive to create a marketplace where buyers find what they are looking for .,[],[],"{""limitation_of_liability"": 0.004022264387458563, ""unilateral_termination"": 0.0037098568864166737, ""unilateral_change"": 0.006594243459403515, ""content_removal"": 0.0038438821211457253, ""contract_by_using"": 0.0036136037670075893, ""choice_of_law"": 0.0025066970847547054, ""jurisdiction"": 0.0022714033257216215, ""arbitration"": 0.005154488142579794}"
test:1411,"therefore , the appearance or placement of listings in search and browse results will depend on a variety of factors , including , but not limited to :",[],[],"{""limitation_of_liability"": 0.01933015137910843, ""unilateral_termination"": 0.004072604700922966, ""unilateral_change"": 0.017725063487887383, ""content_removal"": 0.004850783385336399, ""contract_by_using"": 0.006229310296475887, ""choice_of_law"": 0.004531524144113064, ""jurisdiction"": 0.0020558282267302275, ""arbitration"": 0.00335011282004416}"
test:1412,"• buyer 's location , search query , browsing site , and history ;",[],[],"{""limitation_of_liability"": 0.011205323040485382, ""unilateral_termination"": 0.002968313405290246, ""unilateral_change"": 0.0044921766966581345, ""content_removal"": 0.003927657846361399, ""contract_by_using"": 0.0028222210239619017, ""choice_of_law"": 0.0036326423287391663, ""jurisdiction"": 0.00258348579518497, ""arbitration"": 0.004163532983511686}"
test:1413,"• item 's location , listing format , price and shipping cost , terms of service , end time , history , and relevance to the user query ;",[],[],"{""limitation_of_liability"": 0.008663658052682877, ""unilateral_termination"": 0.0026838916819542646, ""unilateral_change"": 0.0048274872824549675, ""content_removal"": 0.0034628144931048155, ""contract_by_using"": 0.0036228522658348083, ""choice_of_law"": 0.0029756140429526567, ""jurisdiction"": 0.00211633974686265, ""arbitration"": 0.0035892613232135773}"
test:1414,"• seller 's history , including listing practices , detailed seller ratings , ebay policy compliance , feedback , and defect rate ; and",[],[],"{""limitation_of_liability"": 0.02802002988755703, ""unilateral_termination"": 0.002888216869905591, ""unilateral_change"": 0.004278391133993864, ""content_removal"": 0.003758178325369954, ""contract_by_using"": 0.0035707245115190744, ""choice_of_law"": 0.003117094049230218, ""jurisdiction"": 0.0025571342557668686, ""arbitration"": 0.0038719074800610542}"
test:1415,• number of listings matching the buyer 's query .,[],[],"{""limitation_of_liability"": 0.006679958198219538, ""unilateral_termination"": 0.0034464888740330935, ""unilateral_change"": 0.0041811177507042885, ""content_removal"": 0.003798888996243477, ""contract_by_using"": 0.002853246172890067, ""choice_of_law"": 0.0026397814508527517, ""jurisdiction"": 0.002367983106523752, ""arbitration"": 0.004731352441012859}"
test:1416,"• to drive a positive user experience , a listing may not appear in some search and browse results regardless of the sort order chosen by the buyer .",[],[],"{""limitation_of_liability"": 0.005098867230117321, ""unilateral_termination"": 0.0033737074118107557, ""unilateral_change"": 0.004978765733540058, ""content_removal"": 0.004133528098464012, ""contract_by_using"": 0.0034452525433152914, ""choice_of_law"": 0.002623415319249034, ""jurisdiction"": 0.0020443634130060673, ""arbitration"": 0.004071742296218872}"
test:1417,• some advanced listing upgrades will only be visible on certain services .,[],[],"{""limitation_of_liability"": 0.004716840106993914, ""unilateral_termination"": 0.0035422425717115402, ""unilateral_change"": 0.006439731922000647, ""content_removal"": 0.0036889552138745785, ""contract_by_using"": 0.003435893915593624, ""choice_of_law"": 0.0023611257784068584, ""jurisdiction"": 0.0019203027477487922, ""arbitration"": 0.0041291494853794575}"
test:1418,• ebay 's duplicate listing policy may also affect whether your listing appears in search results .,[],[],"{""limitation_of_liability"": 0.0045242914929986, ""unilateral_termination"": 0.004606228321790695, ""unilateral_change"": 0.0050156619399785995, ""content_removal"": 0.004542735405266285, ""contract_by_using"": 0.002879332285374403, ""choice_of_law"": 0.0021570750977844, ""jurisdiction"": 0.0020936012733727694, ""arbitration"": 0.004530726000666618}"
test:1419,• metatags and url links that are included in a listing may be removed or altered so as to not affect third-party search engine results .,[],[],"{""limitation_of_liability"": 0.005936852656304836, ""unilateral_termination"": 0.028613505885004997, ""unilateral_change"": 0.01552430260926485, ""content_removal"": 0.0883667916059494, ""contract_by_using"": 0.0051393648609519005, ""choice_of_law"": 0.0036660453770309687, ""jurisdiction"": 0.004033159464597702, ""arbitration"": 0.005364201497286558}"
test:1420,• we may provide you with optional recommendations to consider when creating your listings .,[],[],"{""limitation_of_liability"": 0.0029968481976538897, ""unilateral_termination"": 0.0063278330489993095, ""unilateral_change"": 0.018000362440943718, ""content_removal"": 0.005184801295399666, ""contract_by_using"": 0.0044638789258897305, ""choice_of_law"": 0.0021537018474191427, ""jurisdiction"": 0.0019497538451105356, ""arbitration"": 0.004245193675160408}"
test:1421,such recommendations may be based on the aggregated sales and performance history of similar sold and current listings ; results will vary for individual listings .,[],[],"{""limitation_of_liability"": 0.0067527019418776035, ""unilateral_termination"": 0.003624158911406994, ""unilateral_change"": 0.060187000781297684, ""content_removal"": 0.0038574831560254097, ""contract_by_using"": 0.011361205019056797, ""choice_of_law"": 0.007980127818882465, ""jurisdiction"": 0.002366742119193077, ""arbitration"": 0.004267956595867872}"
test:1422,"to drive the recommendations experience , you agree that we may display the sales and performance history of your individual listings to other sellers .",[],[],"{""limitation_of_liability"": 0.0029890425503253937, ""unilateral_termination"": 0.00383411324582994, ""unilateral_change"": 0.014328110963106155, ""content_removal"": 0.00667940778657794, ""contract_by_using"": 0.007516486570239067, ""choice_of_law"": 0.002509161364287138, ""jurisdiction"": 0.0022870698012411594, ""arbitration"": 0.004538308829069138}"
test:1423,"when buying an item , you agree to the rules for buyers and that :",[],[],"{""limitation_of_liability"": 0.00782278086990118, ""unilateral_termination"": 0.0028897991869598627, ""unilateral_change"": 0.01056004036217928, ""content_removal"": 0.006536938715726137, ""contract_by_using"": 0.30875077843666077, ""choice_of_law"": 0.008342055603861809, ""jurisdiction"": 0.008250974118709564, ""arbitration"": 0.012515667825937271}"
test:1424,• you are responsible for reading the full item listing before making a bid or commitment to buy .,[],[],"{""limitation_of_liability"": 0.005017410963773727, ""unilateral_termination"": 0.002819952555000782, ""unilateral_change"": 0.005031862761825323, ""content_removal"": 0.003663915442302823, ""contract_by_using"": 0.003953808452934027, ""choice_of_law"": 0.002659188350662589, ""jurisdiction"": 0.0021328097209334373, ""arbitration"": 0.004098379518836737}"
test:1425,"• you enter into a legally binding contract to purchase an item when you commit to buy an item , your offer for an item is accepted , or if you have the winning bid ( or your bid is otherwise accepted ) .",[],[],"{""limitation_of_liability"": 0.005949557293206453, ""unilateral_termination"": 0.003017721464857459, ""unilateral_change"": 0.0029064477421343327, ""content_removal"": 0.0036646483931690454, ""contract_by_using"": 0.008290496654808521, ""choice_of_law"": 0.0027918280102312565, ""jurisdiction"": 0.0028178240172564983, ""arbitration"": 0.005695323459804058}"
test:1426,"• for motor vehicles and real estate , a bid or offer initiates a non-binding transaction representing a buyer 's serious expression of interest in buying the seller 's item and does not create a formal contract between the buyer and the seller .",[],[],"{""limitation_of_liability"": 0.004779892507940531, ""unilateral_termination"": 0.003087349934503436, ""unilateral_change"": 0.004053881391882896, ""content_removal"": 0.0035944427363574505, ""contract_by_using"": 0.004505006596446037, ""choice_of_law"": 0.00284417811781168, ""jurisdiction"": 0.0025485027581453323, ""arbitration"": 0.005724593531340361}"
test:1427,• we do not transfer legal ownership of items from the seller to the buyer .,[],[],"{""limitation_of_liability"": 0.004324433393776417, ""unilateral_termination"": 0.003459286643192172, ""unilateral_change"": 0.005046603735536337, ""content_removal"": 0.004006229341030121, ""contract_by_using"": 0.0035833334550261497, ""choice_of_law"": 0.0026318805757910013, ""jurisdiction"": 0.0023364494554698467, ""arbitration"": 0.004722991026937962}"
test:1428,"• utah code annotated § 70a-2-401 ( 2 ) and uniform commercial code § 2-401 ( 2 ) apply to the transfer of ownership between the buyer and the seller , unless the buyer and the seller agree otherwise .",[],[],"{""limitation_of_liability"": 0.005496341269463301, ""unilateral_termination"": 0.0022486248053610325, ""unilateral_change"": 0.005466437432914972, ""content_removal"": 0.0036498759873211384, ""contract_by_using"": 0.0065026432275772095, ""choice_of_law"": 0.00378457666374743, ""jurisdiction"": 0.002632678020745516, ""arbitration"": 0.004098208621144295}"
test:1429,international buying and selling ; translation,[],[],"{""limitation_of_liability"": 0.007502879481762648, ""unilateral_termination"": 0.002791352802887559, ""unilateral_change"": 0.004268489312380552, ""content_removal"": 0.0033328814897686243, ""contract_by_using"": 0.0035652760416269302, ""choice_of_law"": 0.0035748514346778393, ""jurisdiction"": 0.0030793093610554934, ""arbitration"": 0.0058941044844686985}"
test:1430,many of our services are accessible to international sellers and buyers .,[],[],"{""limitation_of_liability"": 0.005583916790783405, ""unilateral_termination"": 0.003598247654736042, ""unilateral_change"": 0.004786268342286348, ""content_removal"": 0.0036268425174057484, ""contract_by_using"": 0.0031193990726023912, ""choice_of_law"": 0.00270674005150795, ""jurisdiction"": 0.002289751311764121, ""arbitration"": 0.0047564818523824215}"
test:1431,"we may offer certain programs , tools , and site experiences of particular interest to international sellers and buyers , such as estimated local currency conversion and international shipping calculation tools .",[],[],"{""limitation_of_liability"": 0.004282702226191759, ""unilateral_termination"": 0.0031204058323055506, ""unilateral_change"": 0.006038185209035873, ""content_removal"": 0.0036589456722140312, ""contract_by_using"": 0.00398959219455719, ""choice_of_law"": 0.0025921501219272614, ""jurisdiction"": 0.002156483940780163, ""arbitration"": 0.004626563750207424}"
test:1432,"sellers and buyers are responsible for complying with all laws and regulations applicable to the international sale , purchase , and shipment of items .",[],[],"{""limitation_of_liability"": 0.007255109027028084, ""unilateral_termination"": 0.0021599517203867435, ""unilateral_change"": 0.005968376994132996, ""content_removal"": 0.0035177438985556364, ""contract_by_using"": 0.004817086737602949, ""choice_of_law"": 0.003971802070736885, ""jurisdiction"": 0.0027116176206618547, ""arbitration"": 0.0042165410704910755}"
test:1433,"if you purchase an item on an ebay site other than ebay.com , you are subject to the user agreement of that other ebay site with respect to that particular purchase .",[],[],"{""limitation_of_liability"": 0.005803206004202366, ""unilateral_termination"": 0.0026227515190839767, ""unilateral_change"": 0.003117793472483754, ""content_removal"": 0.003992054611444473, ""contract_by_using"": 0.022612717002630234, ""choice_of_law"": 0.003893885063007474, ""jurisdiction"": 0.0036795996129512787, ""arbitration"": 0.0077327536419034}"
test:1434,you may list your items directly on one or more of ebay 's international sites .,[],[],"{""limitation_of_liability"": 0.004108255263417959, ""unilateral_termination"": 0.0038096841890364885, ""unilateral_change"": 0.00437273969873786, ""content_removal"": 0.003966073039919138, ""contract_by_using"": 0.003649891586974263, ""choice_of_law"": 0.0023508642334491014, ""jurisdiction"": 0.0022979227360337973, ""arbitration"": 0.0051027825102210045}"
test:1435,"additionally , you may direct us to display your listing on ebay sites other than the original ebay listing site , including where you choose to list an item with an international shipping option ( such as worldwide shipping or the global shipping program ) ; the appearance of your listings on these sites is not guaranteed .",[],[],"{""limitation_of_liability"": 0.003994922153651714, ""unilateral_termination"": 0.0037666731514036655, ""unilateral_change"": 0.0058657387271523476, ""content_removal"": 0.004986616317182779, ""contract_by_using"": 0.004582312423735857, ""choice_of_law"": 0.002145158126950264, ""jurisdiction"": 0.0022195640485733747, ""arbitration"": 0.003979978151619434}"
test:1436,"when you sell your items internationally , you agree to be subject to that other site 's user agreement , policies , and the ebay international selling policy .",[],[],"{""limitation_of_liability"": 0.00953314546495676, ""unilateral_termination"": 0.005297372583299875, ""unilateral_change"": 0.01646195910871029, ""content_removal"": 0.010922801680862904, ""contract_by_using"": 0.6296713948249817, ""choice_of_law"": 0.011645055375993252, ""jurisdiction"": 0.012339568696916103, ""arbitration"": 0.021725812926888466}"
test:1437,you may restrict international buyers from purchasing your items if you explicitly exclude international shipping from your listings and apply an exclusion list to your listings .,[],[],"{""limitation_of_liability"": 0.0041656349785625935, ""unilateral_termination"": 0.004730891901999712, ""unilateral_change"": 0.004311251919716597, ""content_removal"": 0.004263776354491711, ""contract_by_using"": 0.003495211247354746, ""choice_of_law"": 0.0020550554618239403, ""jurisdiction"": 0.0022131274454295635, ""arbitration"": 0.004857062362134457}"
test:1438,"you authorize us to use automated tools to translate your ebay content and member-to-member communications , in whole or in part , into local languages where such translation solutions are available .",[],[],"{""limitation_of_liability"": 0.003937628120183945, ""unilateral_termination"": 0.0028154575265944004, ""unilateral_change"": 0.006096799857914448, ""content_removal"": 0.0038155762013047934, ""contract_by_using"": 0.004468237515538931, ""choice_of_law"": 0.00292191025801003, ""jurisdiction"": 0.0022819030564278364, ""arbitration"": 0.004625904839485884}"
test:1439,we may provide you with tools which will enable you to translate content at your request .,[],[],"{""limitation_of_liability"": 0.0036426454316824675, ""unilateral_termination"": 0.003788198810070753, ""unilateral_change"": 0.007360130548477173, ""content_removal"": 0.0044562797993421555, ""contract_by_using"": 0.0034531557466834784, ""choice_of_law"": 0.0025154086761176586, ""jurisdiction"": 0.002525711664929986, ""arbitration"": 0.004931014962494373}"
test:1440,the accuracy and availability of any translation are not guaranteed .,[],[],"{""limitation_of_liability"": 0.012445860542356968, ""unilateral_termination"": 0.002459143754094839, ""unilateral_change"": 0.005730896256864071, ""content_removal"": 0.002824918134137988, ""contract_by_using"": 0.004227990750223398, ""choice_of_law"": 0.0027287143748253584, ""jurisdiction"": 0.0018977029249072075, ""arbitration"": 0.0035562701523303986}"
test:1441,"when providing content using the services ( directly or indirectly ) , you grant us a non-exclusive , worldwide , perpetual , irrevocable , royalty-free , sublicensable ( through multiple tiers ) right to exercise any and all intellectual property rights ( as defined above ) you have in that content in connection with our provision , expansion , and promotion of the services , in any media known now or developed in the future .",[],[],"{""limitation_of_liability"": 0.004335211124271154, ""unilateral_termination"": 0.006678723730146885, ""unilateral_change"": 0.005867969244718552, ""content_removal"": 0.006232499610632658, ""contract_by_using"": 0.020718546584248543, ""choice_of_law"": 0.0024082553572952747, ""jurisdiction"": 0.003509173169732094, ""arbitration"": 0.008141599595546722}"
test:1442,"to the fullest extent permitted under applicable law , you waive your right to enforce against ebay , our assignees , our sublicensees , and their assignees your intellectual property rights in that content in connection with our , those assignees ' , and those sublicensees ' use of that content .",[],[],"{""limitation_of_liability"": 0.009294452145695686, ""unilateral_termination"": 0.0042934538796544075, ""unilateral_change"": 0.0030608782544732094, ""content_removal"": 0.004120045807212591, ""contract_by_using"": 0.006066776346415281, ""choice_of_law"": 0.002907542046159506, ""jurisdiction"": 0.006106353364884853, ""arbitration"": 0.0078972727060318}"
test:1443,"you represent and warrant that , for all such content you provide , you own or otherwise control all necessary rights to do so and to meet your obligations under this agreement .",[],[],"{""limitation_of_liability"": 0.0057692681439220905, ""unilateral_termination"": 0.0031387123744934797, ""unilateral_change"": 0.0037015248090028763, ""content_removal"": 0.0038625358138233423, ""contract_by_using"": 0.004361152183264494, ""choice_of_law"": 0.0022925850935280323, ""jurisdiction"": 0.00210093823261559, ""arbitration"": 0.0037933054845780134}"
test:1444,you represent and warrant that such content is accurate .,[],[],"{""limitation_of_liability"": 0.007928169332444668, ""unilateral_termination"": 0.00286094076000154, ""unilateral_change"": 0.004208561964333057, ""content_removal"": 0.003225435968488455, ""contract_by_using"": 0.0035123713314533234, ""choice_of_law"": 0.0024327244609594345, ""jurisdiction"": 0.002306681824848056, ""arbitration"": 0.00431688642129302}"
test:1445,"you represent and warrant that use of any such content ( including derivative works ) by us , our users , or others in contract with us , and in compliance with this agreement , does not and will not infringe any intellectual property rights of any third party .",[],[],"{""limitation_of_liability"": 0.0060621947050094604, ""unilateral_termination"": 0.003276753704994917, ""unilateral_change"": 0.0034371318761259317, ""content_removal"": 0.004016296938061714, ""contract_by_using"": 0.004047438967972994, ""choice_of_law"": 0.0025218594819307327, ""jurisdiction"": 0.002276936313137412, ""arbitration"": 0.004462565295398235}"
test:1446,ebay takes no responsibility and assumes no liability for any content provided by you or any third party .,[],"[""limitation_of_liability""]","{""limitation_of_liability"": 0.9558247923851013, ""unilateral_termination"": 0.020575203001499176, ""unilateral_change"": 0.011114191263914108, ""content_removal"": 0.019244467839598656, ""contract_by_using"": 0.011583388783037663, ""choice_of_law"": 0.016971925273537636, ""jurisdiction"": 0.018936028704047203, ""arbitration"": 0.010124885477125645}"
test:1447,"we may offer catalogs including , for example , product images , descriptions and specifications that are provided by third parties ( including ebay users ) .",[],[],"{""limitation_of_liability"": 0.004221182782202959, ""unilateral_termination"": 0.003381437622010708, ""unilateral_change"": 0.005476858466863632, ""content_removal"": 0.003738311817869544, ""contract_by_using"": 0.00378177291713655, ""choice_of_law"": 0.0025833172257989645, ""jurisdiction"": 0.0024382388219237328, ""arbitration"": 0.005195314064621925}"
test:1448,you may use catalog content solely in your ebay listings .,[],[],"{""limitation_of_liability"": 0.004323873203247786, ""unilateral_termination"": 0.0035810424014925957, ""unilateral_change"": 0.004212194588035345, ""content_removal"": 0.003703607013449073, ""contract_by_using"": 0.0038391395937651396, ""choice_of_law"": 0.0025242476258426905, ""jurisdiction"": 0.002436046488583088, ""arbitration"": 0.005514516960829496}"
test:1449,the permission to use catalog content is subject to modification or revocation at any time at ebay 's sole discretion .,"[""unilateral_termination"", ""unilateral_change""]","[""content_removal""]","{""limitation_of_liability"": 0.012616404332220554, ""unilateral_termination"": 0.6615324020385742, ""unilateral_change"": 0.8336289525032043, ""content_removal"": 0.48812511563301086, ""contract_by_using"": 0.029878269881010056, ""choice_of_law"": 0.019532814621925354, ""jurisdiction"": 0.021507302299141884, ""arbitration"": 0.02356899529695511}"
test:1450,"while we try to offer reliable data , we can not promise that the catalogs or other content provided through the services will always be available , accurate , complete , and up-to-date .",[],[],"{""limitation_of_liability"": 0.006795207504183054, ""unilateral_termination"": 0.0029808003455400467, ""unilateral_change"": 0.005624216049909592, ""content_removal"": 0.003826306201517582, ""contract_by_using"": 0.004050425253808498, ""choice_of_law"": 0.0023870558943599463, ""jurisdiction"": 0.0017919163219630718, ""arbitration"": 0.003039779607206583}"
test:1451,"as a buyer , you agree that ebay is not responsible for examining or warranting the listings or content provided by third parties through the services , and that you will not attempt to hold us liable for any inaccuracies .",[],"[""limitation_of_liability""]","{""limitation_of_liability"": 0.9505137801170349, ""unilateral_termination"": 0.014524586498737335, ""unilateral_change"": 0.011636776849627495, ""content_removal"": 0.020173119381070137, ""contract_by_using"": 0.01440554577857256, ""choice_of_law"": 0.01711861416697502, ""jurisdiction"": 0.023501522839069366, ""arbitration"": 0.010055158287286758}"
test:1452,"as a seller , it is your responsibility to review the content of your listings for accuracy and that you will not attempt to hold our catalog providers or us responsible for inaccuracies .",[],[],"{""limitation_of_liability"": 0.02483714371919632, ""unilateral_termination"": 0.008269083686172962, ""unilateral_change"": 0.04109197109937668, ""content_removal"": 0.014489171095192432, ""contract_by_using"": 0.006590408273041248, ""choice_of_law"": 0.0029536434449255466, ""jurisdiction"": 0.0021135793067514896, ""arbitration"": 0.003348685335367918}"
test:1453,"the catalog may include copyrighted , trademarked or other proprietary materials .",[],[],"{""limitation_of_liability"": 0.0045696524903178215, ""unilateral_termination"": 0.0033235319424420595, ""unilateral_change"": 0.005222961772233248, ""content_removal"": 0.003723984584212303, ""contract_by_using"": 0.003573803463950753, ""choice_of_law"": 0.0027491759974509478, ""jurisdiction"": 0.002308258321136236, ""arbitration"": 0.004877407569438219}"
test:1454,"you agree not to remove any copyright , proprietary , or identification markings included within the catalogs and not to create any derivative works based on catalog content ( other than by including them in your listings ) .",[],[],"{""limitation_of_liability"": 0.012977365404367447, ""unilateral_termination"": 0.010849093087017536, ""unilateral_change"": 0.010420781560242176, ""content_removal"": 0.11085061728954315, ""contract_by_using"": 0.007777088321745396, ""choice_of_law"": 0.006296859588474035, ""jurisdiction"": 0.006879234686493874, ""arbitration"": 0.007289698347449303}"
test:1455,"the name `` ebay '' and other ebay marks , logos , designs , and phrases that we use in connection with our services are trademarks , service marks , or trade dress of ebay in the u.s. and other countries .",[],[],"{""limitation_of_liability"": 0.004464141558855772, ""unilateral_termination"": 0.002687475411221385, ""unilateral_change"": 0.00510807242244482, ""content_removal"": 0.0035826489329338074, ""contract_by_using"": 0.0046448917128145695, ""choice_of_law"": 0.0035086844582110643, ""jurisdiction"": 0.00264938035979867, ""arbitration"": 0.0052359942346811295}"
test:1456,they may not be used without the express written prior permission of ebay .,[],[],"{""limitation_of_liability"": 0.005114762578159571, ""unilateral_termination"": 0.004015980288386345, ""unilateral_change"": 0.004578143358230591, ""content_removal"": 0.004209459293633699, ""contract_by_using"": 0.0030262304935604334, ""choice_of_law"": 0.0023880223743617535, ""jurisdiction"": 0.001986611867323518, ""arbitration"": 0.004241409711539745}"
test:1457,a non-exhaustive list of our trademarks and the policy governing their use is available here .,[],[],"{""limitation_of_liability"": 0.00484515680000186, ""unilateral_termination"": 0.00335092656314373, ""unilateral_change"": 0.005792093928903341, ""content_removal"": 0.003784643020480871, ""contract_by_using"": 0.003519471501931548, ""choice_of_law"": 0.003315572626888752, ""jurisdiction"": 0.0026295760180801153, ""arbitration"": 0.005023537669330835}"
test:1458,notice for claims of intellectual property violations and copyright infringement pursuant to section 512 ( c ) of title 17 of the united states code,[],[],"{""limitation_of_liability"": 0.004842747934162617, ""unilateral_termination"": 0.0038415000308305025, ""unilateral_change"": 0.005046706646680832, ""content_removal"": 0.004337471444159746, ""contract_by_using"": 0.003116939915344119, ""choice_of_law"": 0.002658166689798236, ""jurisdiction"": 0.0022821472957730293, ""arbitration"": 0.004966362379491329}"
test:1459,we respond to notices of alleged copyright infringement under the united states digital millennium copyright act .,[],[],"{""limitation_of_liability"": 0.0052213589660823345, ""unilateral_termination"": 0.0035945759154856205, ""unilateral_change"": 0.003857468254864216, ""content_removal"": 0.003683890216052532, ""contract_by_using"": 0.003485250286757946, ""choice_of_law"": 0.002391936955973506, ""jurisdiction"": 0.002544777002185583, ""arbitration"": 0.005264279432594776}"
test:1460,"ebay 's verified rights owner ( vero ) program works to ensure that listed items and content on our site or in our apps do not infringe upon the copyright , trademark , or certain other intellectual property rights of third parties .",[],[],"{""limitation_of_liability"": 0.004717198200523853, ""unilateral_termination"": 0.0033266039099544287, ""unilateral_change"": 0.0043308911845088005, ""content_removal"": 0.004010474309325218, ""contract_by_using"": 0.0038710799999535084, ""choice_of_law"": 0.0024549958761781454, ""jurisdiction"": 0.0020627670455724, ""arbitration"": 0.004512351471930742}"
test:1461,"if you believe that your intellectual property rights have been infringed , please notify our vero team and we will investigate .",[],[],"{""limitation_of_liability"": 0.0035750549286603928, ""unilateral_termination"": 0.007737697567790747, ""unilateral_change"": 0.004202295560389757, ""content_removal"": 0.007103675976395607, ""contract_by_using"": 0.003978281281888485, ""choice_of_law"": 0.0024290168657898903, ""jurisdiction"": 0.0028522249776870012, ""arbitration"": 0.007098619360476732}"
test:1462,learn how to submit a notice to ebay .,[],[],"{""limitation_of_liability"": 0.005413288250565529, ""unilateral_termination"": 0.003682889277115464, ""unilateral_change"": 0.005538136698305607, ""content_removal"": 0.0034702057018876076, ""contract_by_using"": 0.003171993885189295, ""choice_of_law"": 0.002474580891430378, ""jurisdiction"": 0.0021694316528737545, ""arbitration"": 0.004854078870266676}"
test:1463,"to protect ebay from risk of liability for your actions as a seller , ebay has at times recommended , and may continue to recommend , that paypal restrict access to funds in a seller 's paypal account based on certain factors , including , but not limited to , selling history , seller performance , returns , riskiness of the listing category , transaction value , or the filing of an ebay money back guarantee case .",[],[],"{""limitation_of_liability"": 0.016727611422538757, ""unilateral_termination"": 0.012497128918766975, ""unilateral_change"": 0.00655897194519639, ""content_removal"": 0.00984262302517891, ""contract_by_using"": 0.003031624248251319, ""choice_of_law"": 0.001451754942536354, ""jurisdiction"": 0.0014650067314505577, ""arbitration"": 0.00233789486810565}"
test:1464,this may result in paypal restricting funds in your paypal account .,[],[],"{""limitation_of_liability"": 0.007745880633592606, ""unilateral_termination"": 0.017549484968185425, ""unilateral_change"": 0.004162653349339962, ""content_removal"": 0.008468886837363243, ""contract_by_using"": 0.0025711162015795708, ""choice_of_law"": 0.0017808693228289485, ""jurisdiction"": 0.0023885658010840416, ""arbitration"": 0.004507823381572962}"
test:1465,authorization to contact you ; recording calls ; analyzing message content,[],[],"{""limitation_of_liability"": 0.004974342882633209, ""unilateral_termination"": 0.004042481072247028, ""unilateral_change"": 0.004480103962123394, ""content_removal"": 0.0039739361964166164, ""contract_by_using"": 0.003204485634341836, ""choice_of_law"": 0.0025103718508034945, ""jurisdiction"": 0.0024096223060041666, ""arbitration"": 0.005485157947987318}"
test:1466,"ebay may contact you using autodialed or prerecorded calls and text messages , at any telephone number that you have provided us , to : ( i ) notify you regarding your account ; ( ii ) troubleshoot problems with your account ; ( iii ) resolve a dispute ; ( iv ) collect a debt ; ( v ) poll your opinions through surveys or questionnaires ; or ( vi ) as otherwise necessary to service your account or enforce this user agreement , our policies , applicable law , or any other agreement we may have with you .",[],[],"{""limitation_of_liability"": 0.0028860068414360285, ""unilateral_termination"": 0.008320766501128674, ""unilateral_change"": 0.007312756963074207, ""content_removal"": 0.008905149064958096, ""contract_by_using"": 0.003881779732182622, ""choice_of_law"": 0.002079065190628171, ""jurisdiction"": 0.0026563419960439205, ""arbitration"": 0.00543625745922327}"
test:1467,"ebay may also contact you using autodialed or prerecorded calls and text messages for marketing purposes ( e.g. , offers and promotions ) , if you consent to such communications .",[],[],"{""limitation_of_liability"": 0.0030953576788306236, ""unilateral_termination"": 0.004293892532587051, ""unilateral_change"": 0.00581487687304616, ""content_removal"": 0.004803940188139677, ""contract_by_using"": 0.0050276098772883415, ""choice_of_law"": 0.002066398272290826, ""jurisdiction"": 0.002169144805520773, ""arbitration"": 0.004572305828332901}"
test:1468,"as described in our user privacy notice , ebay may collect other telephone numbers for you and may place manual non-marketing calls to any of those numbers and autodialed non-marketing calls to any landline .",[],[],"{""limitation_of_liability"": 0.0033204802311956882, ""unilateral_termination"": 0.006016973406076431, ""unilateral_change"": 0.007344877813011408, ""content_removal"": 0.008356782607734203, ""contract_by_using"": 0.00380310439504683, ""choice_of_law"": 0.002253646729514003, ""jurisdiction"": 0.0023566419258713722, ""arbitration"": 0.004547898657619953}"
test:1469,standard telephone minute and text charges may apply and may include overage fees if you have exceeded your plan limits .,[],[],"{""limitation_of_liability"": 0.00487659964710474, ""unilateral_termination"": 0.005139274522662163, ""unilateral_change"": 0.009541514329612255, ""content_removal"": 0.004749721847474575, ""contract_by_using"": 0.0028641228564083576, ""choice_of_law"": 0.0023081188555806875, ""jurisdiction"": 0.0016434758435934782, ""arbitration"": 0.003358067013323307}"
test:1470,"if you do not wish to receive such communications , you may change your communications preference at any time , including through the communication preferences section of your my ebay .",[],[],"{""limitation_of_liability"": 0.008186984807252884, ""unilateral_termination"": 0.030580757185816765, ""unilateral_change"": 0.8409283757209778, ""content_removal"": 0.014563911594450474, ""contract_by_using"": 0.0746636763215065, ""choice_of_law"": 0.020516622811555862, ""jurisdiction"": 0.011327555403113365, ""arbitration"": 0.01864667981863022}"
test:1471,ebay may share your telephone number with its authorized service providers as stated in our user privacy notice .,[],[],"{""limitation_of_liability"": 0.0036820671521127224, ""unilateral_termination"": 0.005410649813711643, ""unilateral_change"": 0.005556969437748194, ""content_removal"": 0.005299239885061979, ""contract_by_using"": 0.003380745416507125, ""choice_of_law"": 0.002327894326299429, ""jurisdiction"": 0.0022300698328763247, ""arbitration"": 0.0046537406742572784}"
test:1472,"these service providers may contact you using autodialed or prerecorded calls and text messages , only as authorized by ebay to carry out the purposes we have identified above .",[],[],"{""limitation_of_liability"": 0.0038308147341012955, ""unilateral_termination"": 0.0036478270776569843, ""unilateral_change"": 0.0041055986657738686, ""content_removal"": 0.004216400906443596, ""contract_by_using"": 0.004396168980747461, ""choice_of_law"": 0.002491296036168933, ""jurisdiction"": 0.0024623849894851446, ""arbitration"": 0.005266527179628611}"
test:1473,"ebay may , without further notice or warning and in its discretion , monitor or record telephone conversations you or anyone acting on your behalf has with ebay or its agents for quality control and training purposes , or for its own protection .",[],"[""unilateral_termination"", ""content_removal""]","{""limitation_of_liability"": 0.06161072850227356, ""unilateral_termination"": 0.8375654816627502, ""unilateral_change"": 0.12556685507297516, ""content_removal"": 0.5776593685150146, ""contract_by_using"": 0.007654308807104826, ""choice_of_law"": 0.00788985937833786, ""jurisdiction"": 0.010647119954228401, ""arbitration"": 0.01434414740651846}"
test:1474,"ebay 's automated systems scan and analyze the contents of every message sent through its messages platform , including messages between users , to detect and prevent fraudulent activity or violations of ebay 's user agreement , including the incorporated terms , notices , rules , and policies .",[],[],"{""limitation_of_liability"": 0.004273479804396629, ""unilateral_termination"": 0.0030205517541617155, ""unilateral_change"": 0.004734141752123833, ""content_removal"": 0.004041530657559633, ""contract_by_using"": 0.004780207760632038, ""choice_of_law"": 0.002737103495746851, ""jurisdiction"": 0.0021325985435396433, ""arbitration"": 0.004207229241728783}"
test:1475,"this scanning and analysis may occur before , during , or after the message is sent , or while in storage , and may result in your message being delayed or withheld .",[],[],"{""limitation_of_liability"": 0.0076314304023981094, ""unilateral_termination"": 0.0402367077767849, ""unilateral_change"": 0.0045209829695522785, ""content_removal"": 0.032525379210710526, ""contract_by_using"": 0.0038759964518249035, ""choice_of_law"": 0.0024212754797190428, ""jurisdiction"": 0.0040283892303705215, ""arbitration"": 0.006020782049745321}"
test:1476,"ebay may store message contents , including to conduct this scanning and analysis .",[],[],"{""limitation_of_liability"": 0.0037885894998908043, ""unilateral_termination"": 0.010274040512740612, ""unilateral_change"": 0.014686180278658867, ""content_removal"": 0.017966976389288902, ""contract_by_using"": 0.0032707927748560905, ""choice_of_law"": 0.002521198708564043, ""jurisdiction"": 0.0033250879496335983, ""arbitration"": 0.004789215046912432}"
test:1477,"if ebay provides you with information about another user , you agree you will use the information only for the purposes that it is provided to you .",[],[],"{""limitation_of_liability"": 0.004262701142579317, ""unilateral_termination"": 0.002988270716741681, ""unilateral_change"": 0.003882833058014512, ""content_removal"": 0.003583295736461878, ""contract_by_using"": 0.0062279971316456795, ""choice_of_law"": 0.00246553891338408, ""jurisdiction"": 0.0023062867112457752, ""arbitration"": 0.005033846478909254}"
test:1478,"you may not disclose , sell , rent , or distribute a user 's information to a third party for purposes unrelated to the services .",[],[],"{""limitation_of_liability"": 0.004717187024652958, ""unilateral_termination"": 0.0036180857568979263, ""unilateral_change"": 0.004321473650634289, ""content_removal"": 0.003938168752938509, ""contract_by_using"": 0.0035994243808090687, ""choice_of_law"": 0.0023655567783862352, ""jurisdiction"": 0.0021771052852272987, ""arbitration"": 0.004683740437030792}"
test:1479,"additionally , you may not use information for marketing purposes , via electronic or other means , unless you obtain the consent of the specific user to do so .",[],[],"{""limitation_of_liability"": 0.004232039209455252, ""unilateral_termination"": 0.003972760401666164, ""unilateral_change"": 0.004444926045835018, ""content_removal"": 0.004780761431902647, ""contract_by_using"": 0.003686582902446389, ""choice_of_law"": 0.0022883182391524315, ""jurisdiction"": 0.0022567990235984325, ""arbitration"": 0.004440926946699619}"
test:1480,"sellers can create rules to automate replacements , returns , and refunds under certain circumstances .",[],[],"{""limitation_of_liability"": 0.004040853586047888, ""unilateral_termination"": 0.004461366217583418, ""unilateral_change"": 0.009757357649505138, ""content_removal"": 0.0043908520601689816, ""contract_by_using"": 0.0030115502886474133, ""choice_of_law"": 0.0021804068237543106, ""jurisdiction"": 0.0018974673002958298, ""arbitration"": 0.0038915479090064764}"
test:1481,"for all new sellers , in listings where returns are accepted , ebay will set a default rule that automates the return process .",[],[],"{""limitation_of_liability"": 0.0053254165686666965, ""unilateral_termination"": 0.003712958190590143, ""unilateral_change"": 0.0072424570098519325, ""content_removal"": 0.0035506344866007566, ""contract_by_using"": 0.004373833537101746, ""choice_of_law"": 0.0025588897988200188, ""jurisdiction"": 0.0017995969392359257, ""arbitration"": 0.0035709384828805923}"
test:1482,sellers may remove or customize their return preferences in their account settings within my ebay .,[],"[""content_removal""]","{""limitation_of_liability"": 0.01205957867205143, ""unilateral_termination"": 0.07708943635225296, ""unilateral_change"": 0.0734701082110405, ""content_removal"": 0.598267674446106, ""contract_by_using"": 0.013915431685745716, ""choice_of_law"": 0.012900346890091896, ""jurisdiction"": 0.01749465987086296, ""arbitration"": 0.01925085298717022}"
test:1483,"where settings have been set to automatically accept requests for returns or replacements , an ebay-generated return shipping label will be provided to your buyer .",[],[],"{""limitation_of_liability"": 0.003472082782536745, ""unilateral_termination"": 0.004695556592196226, ""unilateral_change"": 0.00599632365629077, ""content_removal"": 0.005229957401752472, ""contract_by_using"": 0.005098376423120499, ""choice_of_law"": 0.0019466700032353401, ""jurisdiction"": 0.0021026814356446266, ""arbitration"": 0.004638588987290859}"
test:1484,you agree to comply with our returns policy .,[],[],"{""limitation_of_liability"": 0.004312981851398945, ""unilateral_termination"": 0.0036116952542215586, ""unilateral_change"": 0.00469687394797802, ""content_removal"": 0.0036047142930328846, ""contract_by_using"": 0.003770790994167328, ""choice_of_law"": 0.0026958659291267395, ""jurisdiction"": 0.0026122075505554676, ""arbitration"": 0.005882295314222574}"
test:1485,"when an item is returned , to refund the buyer , you ( as seller ) authorize ebay to request that paypal remove the refund amount ( in same or other currency ) from your paypal account , place the amount on your invoice , and/or charge your payment method on file .",[],[],"{""limitation_of_liability"": 0.015382391400635242, ""unilateral_termination"": 0.008144033141434193, ""unilateral_change"": 0.008729500696063042, ""content_removal"": 0.04281868785619736, ""contract_by_using"": 0.006874105893075466, ""choice_of_law"": 0.0029547838494181633, ""jurisdiction"": 0.005587283056229353, ""arbitration"": 0.006061852909624577}"
test:1486,the cost of return shipping for an item that is not as described is the seller 's responsibility .,[],[],"{""limitation_of_liability"": 0.05926799401640892, ""unilateral_termination"": 0.002775359433144331, ""unilateral_change"": 0.006695038639008999, ""content_removal"": 0.003334524342790246, ""contract_by_using"": 0.003981666639447212, ""choice_of_law"": 0.004097313620150089, ""jurisdiction"": 0.0023198185954242945, ""arbitration"": 0.004040325526148081}"
test:1487,"you ( as seller ) authorize ebay to place the return shipping label cost on your invoice , subject to your automatic payment method on file when :",[],[],"{""limitation_of_liability"": 0.004876204300671816, ""unilateral_termination"": 0.003518125507980585, ""unilateral_change"": 0.003999288193881512, ""content_removal"": 0.004757276736199856, ""contract_by_using"": 0.004295660182833672, ""choice_of_law"": 0.0025774019304662943, ""jurisdiction"": 0.002613899065181613, ""arbitration"": 0.00554359145462513}"
test:1488,"• an ebay-generated return shipping label is used , and the seller is responsible for its cost ;",[],[],"{""limitation_of_liability"": 0.10626005381345749, ""unilateral_termination"": 0.0025671913754194975, ""unilateral_change"": 0.005823702085763216, ""content_removal"": 0.0035391233395785093, ""contract_by_using"": 0.004910167772322893, ""choice_of_law"": 0.006184118799865246, ""jurisdiction"": 0.0034903117921203375, ""arbitration"": 0.004362245090305805}"
test:1489,• returns have been automated ;,[],[],"{""limitation_of_liability"": 0.009854791685938835, ""unilateral_termination"": 0.003578418167307973, ""unilateral_change"": 0.004146052524447441, ""content_removal"": 0.003275626339018345, ""contract_by_using"": 0.002997794421389699, ""choice_of_law"": 0.003187502035871148, ""jurisdiction"": 0.0028470950201153755, ""arbitration"": 0.005569941364228725}"
test:1490,"• you fail to send your buyer a return shipping label and , instead , an ebay-generated shipping label is used ; and/or",[],[],"{""limitation_of_liability"": 0.0113616231828928, ""unilateral_termination"": 0.005034147296100855, ""unilateral_change"": 0.002562180394306779, ""content_removal"": 0.005935588385909796, ""contract_by_using"": 0.0037234611809253693, ""choice_of_law"": 0.0024750318843871355, ""jurisdiction"": 0.002879778388887644, ""arbitration"": 0.004708815366029739}"
test:1491,"• a transaction is cancelled , to refund the buyer , you ( as seller ) authorize ebay to request that paypal remove the refund amount ( in same or other currency ) from your paypal account .",[],[],"{""limitation_of_liability"": 0.019470592960715294, ""unilateral_termination"": 0.01068107783794403, ""unilateral_change"": 0.01045139692723751, ""content_removal"": 0.04902337118983269, ""contract_by_using"": 0.0055350204929709435, ""choice_of_law"": 0.0027743419632315636, ""jurisdiction"": 0.004764463286846876, ""arbitration"": 0.005396445281803608}"
test:1492,see our cancellation policy for more details .,[],[],"{""limitation_of_liability"": 0.005281511694192886, ""unilateral_termination"": 0.0039060511626303196, ""unilateral_change"": 0.005553191527724266, ""content_removal"": 0.0038085137493908405, ""contract_by_using"": 0.003088167868554592, ""choice_of_law"": 0.002730086212977767, ""jurisdiction"": 0.002373645780608058, ""arbitration"": 0.004902620334178209}"
test:1493,one of the ways that we may make ebay.com listings available to international buyers on ebay.com and on ebay 's international sites is through the global shipping program .,[],[],"{""limitation_of_liability"": 0.003949347417801619, ""unilateral_termination"": 0.003343853633850813, ""unilateral_change"": 0.00530175119638443, ""content_removal"": 0.003921750467270613, ""contract_by_using"": 0.004051841329783201, ""choice_of_law"": 0.002794746309518814, ""jurisdiction"": 0.002448834478855133, ""arbitration"": 0.005098514724522829}"
test:1494,"for eligible items located in the united states and purchased by an international buyer through the global shipping program , you ( as seller ) will simply ship the item to a parcel processing facility located in the united states .",[],[],"{""limitation_of_liability"": 0.004113637376576662, ""unilateral_termination"": 0.003102052491158247, ""unilateral_change"": 0.0036226732190698385, ""content_removal"": 0.004043926950544119, ""contract_by_using"": 0.006405302323400974, ""choice_of_law"": 0.002825913717970252, ""jurisdiction"": 0.002742920070886612, ""arbitration"": 0.005935712717473507}"
test:1495,"pitney bowes inc. , a third-party global shipping provider , will oversee the processing , customs clearance , and international shipment of the item on behalf of your international buyer .",[],[],"{""limitation_of_liability"": 0.005522755440324545, ""unilateral_termination"": 0.003135053673759103, ""unilateral_change"": 0.0038058606442064047, ""content_removal"": 0.003559625707566738, ""contract_by_using"": 0.004239805042743683, ""choice_of_law"": 0.0023480744566768408, ""jurisdiction"": 0.0023788195103406906, ""arbitration"": 0.005066810641437769}"
test:1496,"to the extent a buyer has a question about your global shipping program listings , ebay may respond directly to the buyer if the question pertains to the services overseen by pitney bowes inc. ( for example , customs or international shipping ) .",[],[],"{""limitation_of_liability"": 0.005702274851500988, ""unilateral_termination"": 0.003768681548535824, ""unilateral_change"": 0.004657247103750706, ""content_removal"": 0.004434581845998764, ""contract_by_using"": 0.003484730375930667, ""choice_of_law"": 0.0026119218673557043, ""jurisdiction"": 0.003313853871077299, ""arbitration"": 0.006055147852748632}"
test:1497,you pay no additional fees for selling through the global shipping program .,[],[],"{""limitation_of_liability"": 0.004826475400477648, ""unilateral_termination"": 0.003574331756681204, ""unilateral_change"": 0.00394958583638072, ""content_removal"": 0.0034483643248677254, ""contract_by_using"": 0.0039522056467831135, ""choice_of_law"": 0.0024231073912233114, ""jurisdiction"": 0.0024504750035703182, ""arbitration"": 0.005645697936415672}"
test:1498,"pursuant to a routed export transaction under the u.s. export administration regulations and foreign trade regulations , your buyer , as the foreign principal party in interest , will agree to assume responsibility for the export shipment , with pitney bowes inc. acting as your buyer 's forwarding agent .",[],[],"{""limitation_of_liability"": 0.013752445578575134, ""unilateral_termination"": 0.002285988535732031, ""unilateral_change"": 0.0035116304643452168, ""content_removal"": 0.003967216704040766, ""contract_by_using"": 0.012738608755171299, ""choice_of_law"": 0.0036259640473872423, ""jurisdiction"": 0.004125372506678104, ""arbitration"": 0.006435046903789043}"
test:1499,"you remain liable for the accuracy of information you provide about items , and you agree to provide timely responses to requests for additional information .",[],[],"{""limitation_of_liability"": 0.09050678461790085, ""unilateral_termination"": 0.00412097480148077, ""unilateral_change"": 0.004612891934812069, ""content_removal"": 0.003616212634369731, ""contract_by_using"": 0.004637584555894136, ""choice_of_law"": 0.0021304807160049677, ""jurisdiction"": 0.0025998742785304785, ""arbitration"": 0.003671404905617237}"
test:1500,"you consent to the disclosure of certain personally identifiable information , as well as listing and order information , by ebay to pitney bowes inc. , and by pitney bowes inc. to its affiliates , service providers , and other third parties ( such as customs and revenue authorities , as well as other government agencies ) , in connection with the processing , export and customs clearance , and international transportation of any item .",[],[],"{""limitation_of_liability"": 0.005449047312140465, ""unilateral_termination"": 0.0033719909843057394, ""unilateral_change"": 0.0030741754453629255, ""content_removal"": 0.004589376505464315, ""contract_by_using"": 0.006024015601724386, ""choice_of_law"": 0.00246017100289464, ""jurisdiction"": 0.0029124885331839323, ""arbitration"": 0.0045875427313148975}"
test:1501,"ebay does not control the privacy policies of pitney bowes inc. , its affiliates , or its service providers , and you are subject to the privacy policies of those parties , as applicable .",[],[],"{""limitation_of_liability"": 0.005384145770221949, ""unilateral_termination"": 0.0027401261031627655, ""unilateral_change"": 0.004259731154888868, ""content_removal"": 0.0033395960927009583, ""contract_by_using"": 0.005168633069843054, ""choice_of_law"": 0.003491473151370883, ""jurisdiction"": 0.0025042016059160233, ""arbitration"": 0.0048876479268074036}"
test:1502,you may prevent your listings from being made available to international buyers through the program by adjusting your account settings within my ebay .,[],[],"{""limitation_of_liability"": 0.003431478748098016, ""unilateral_termination"": 0.004262707196176052, ""unilateral_change"": 0.005662595387548208, ""content_removal"": 0.004256195388734341, ""contract_by_using"": 0.004399002064019442, ""choice_of_law"": 0.002052060328423977, ""jurisdiction"": 0.001996047794818878, ""arbitration"": 0.004907379858195782}"
test:1503,"additional information about the program , including policies governing feedback , the handling of lost , damaged , and undeliverable items , returns , and the resolution of buyer protection claims for items that you sell through the program , can be found on the global shipping program seller policies and frequently asked questions page .",[],[],"{""limitation_of_liability"": 0.004338637925684452, ""unilateral_termination"": 0.0035903172101825476, ""unilateral_change"": 0.010660734958946705, ""content_removal"": 0.0057364823296666145, ""contract_by_using"": 0.006132445763796568, ""choice_of_law"": 0.004017477855086327, ""jurisdiction"": 0.003151173936203122, ""arbitration"": 0.004954415839165449}"
test:1504,"most ebay sales go smoothly , but if there 's a problem with a purchase , the ebay money back guarantee helps buyers and sellers communicate and resolve issues .",[],[],"{""limitation_of_liability"": 0.0042416490614414215, ""unilateral_termination"": 0.003271074267104268, ""unilateral_change"": 0.0058450461365282536, ""content_removal"": 0.0037826101761311293, ""contract_by_using"": 0.004035987891256809, ""choice_of_law"": 0.0025934078730642796, ""jurisdiction"": 0.002147901337593794, ""arbitration"": 0.004992293193936348}"
test:1505,you agree to comply with the policy and permit us to make a final decision on any ebay money back guarantee case .,[],[],"{""limitation_of_liability"": 0.004247742239385843, ""unilateral_termination"": 0.005775765050202608, ""unilateral_change"": 0.005687414202839136, ""content_removal"": 0.0045133111998438835, ""contract_by_using"": 0.004081189166754484, ""choice_of_law"": 0.002451847307384014, ""jurisdiction"": 0.002795826643705368, ""arbitration"": 0.008419407531619072}"
test:1506,"if you ( as seller ) , choose to reimburse a buyer , or are required to reimburse a buyer or ebay under the ebay money back guarantee , you authorize ebay to request that paypal remove the reimbursement amount ( in same or other currency ) from your paypal account , place the amount on your invoice , and/or charge your payment method on file .",[],[],"{""limitation_of_liability"": 0.009811271913349628, ""unilateral_termination"": 0.012417334131896496, ""unilateral_change"": 0.01140675600618124, ""content_removal"": 0.07625561952590942, ""contract_by_using"": 0.005537514109164476, ""choice_of_law"": 0.0038634571246802807, ""jurisdiction"": 0.005280253943055868, ""arbitration"": 0.005902847740799189}"
test:1507,"if we can not get reimbursement from you , we may collect the outstanding sums using other collection mechanisms , including retaining collection agencies .",[],[],"{""limitation_of_liability"": 0.0035305677447468042, ""unilateral_termination"": 0.00960515160113573, ""unilateral_change"": 0.007364633027464151, ""content_removal"": 0.006979283876717091, ""contract_by_using"": 0.0035708213690668344, ""choice_of_law"": 0.0020404786337167025, ""jurisdiction"": 0.0027093153912574053, ""arbitration"": 0.005807163659483194}"
test:1508,we may suspend the ebay money back guarantee in whole or in part without notice if we suspect abuse or interference with the proper working of the policy .,"[""unilateral_termination""]","[""unilateral_termination""]","{""limitation_of_liability"": 0.0723046287894249, ""unilateral_termination"": 0.9726606607437134, ""unilateral_change"": 0.16322265565395355, ""content_removal"": 0.21438463032245636, ""contract_by_using"": 0.0170756783336401, ""choice_of_law"": 0.01590307056903839, ""jurisdiction"": 0.02786662057042122, ""arbitration"": 0.06952087581157684}"
test:1509,disclaimer of warranties ; limitation of liability,[],[],"{""limitation_of_liability"": 0.012986750341951847, ""unilateral_termination"": 0.003035378409549594, ""unilateral_change"": 0.003811976406723261, ""content_removal"": 0.0030926496256142855, ""contract_by_using"": 0.0032847572583705187, ""choice_of_law"": 0.002715126145631075, ""jurisdiction"": 0.002490987768396735, ""arbitration"": 0.004815834574401379}"
test:1510,"we try to keep our services safe , secure , and functioning properly , but we can not guarantee the continuous operation of or access to our services .",[],[],"{""limitation_of_liability"": 0.006485915742814541, ""unilateral_termination"": 0.0038885469548404217, ""unilateral_change"": 0.0040454501286149025, ""content_removal"": 0.003922679927200079, ""contract_by_using"": 0.003623752621933818, ""choice_of_law"": 0.0022244099527597427, ""jurisdiction"": 0.0018368371529504657, ""arbitration"": 0.0035618236288428307}"
test:1511,bid update and other notification functionality in ebay 's applications may not occur in real time .,[],[],"{""limitation_of_liability"": 0.005606733728200197, ""unilateral_termination"": 0.0041307322680950165, ""unilateral_change"": 0.00581491831690073, ""content_removal"": 0.004243313334882259, ""contract_by_using"": 0.0030821620021015406, ""choice_of_law"": 0.002602879423648119, ""jurisdiction"": 0.0018758239457383752, ""arbitration"": 0.003994191996753216}"
test:1512,such functionality is subject to delays beyond ebay 's control .,[],[],"{""limitation_of_liability"": 0.05415959283709526, ""unilateral_termination"": 0.013534069992601871, ""unilateral_change"": 0.009692705236375332, ""content_removal"": 0.006700996309518814, ""contract_by_using"": 0.00240355939604342, ""choice_of_law"": 0.0019603727851063013, ""jurisdiction"": 0.0019378737779334188, ""arbitration"": 0.0031701817642897367}"
test:1513,"you agree that you are making use of our services at your own risk , and that they are being provided to you on an `` as is '' and `` as available '' basis .",[],[],"{""limitation_of_liability"": 0.006709955167025328, ""unilateral_termination"": 0.0027956366539001465, ""unilateral_change"": 0.005098691210150719, ""content_removal"": 0.0034029600210487843, ""contract_by_using"": 0.010103321634232998, ""choice_of_law"": 0.002378213219344616, ""jurisdiction"": 0.0018705307738855481, ""arbitration"": 0.0038382261991500854}"
test:1514,"accordingly , to the extent permitted by applicable law , we exclude all express or implied warranties , terms and conditions including , but not limited to , implied warranties of merchantability , fitness for a particular purpose , and non-infringement .",[],[],"{""limitation_of_liability"": 0.013679977506399155, ""unilateral_termination"": 0.003144195768982172, ""unilateral_change"": 0.004233872517943382, ""content_removal"": 0.004708964377641678, ""contract_by_using"": 0.0035718544386327267, ""choice_of_law"": 0.0038603697903454304, ""jurisdiction"": 0.0026498690713196993, ""arbitration"": 0.004020749591290951}"
test:1515,"in addition , to the extent permitted by applicable law , we ( including our parent , subsidiaries , and affiliates , and our and their officers , directors , agents and employees ) are not liable , and you agree not to hold us responsible , for any damages or losses ( including , but not limited to , loss of money , goodwill or reputation , profits , other intangible losses , or any special , indirect , or consequential damages ) resulting directly or indirectly from : the content you provide ( directly or indirectly ) using the services ; your use of or your inability to use our services ; pricing , shipping , format , or other guidance provided by ebay ; delays or disruptions in our services ; viruses or other malicious software obtained by accessing or linking to our services ; glitches , bugs , errors , or inaccuracies of any kind in our services ; damage to your hardware device from the use of any ebay service ; the content , actions , or inactions of third parties , including items listed using our services or the destruction of allegedly fake items ; a suspension or other action taken with respect to your account or breach of the abusing ebay section above ; the duration or manner in which your listings appear in search results as set out in the listing conditions section above ; or your need to modify practices , content , or behavior , or your loss of or inability to do business , as a result of changes to this user agreement or our policies .","[""limitation_of_liability""]","[""limitation_of_liability""]","{""limitation_of_liability"": 0.9836443066596985, ""unilateral_termination"": 0.05014386400580406, ""unilateral_change"": 0.05305366590619087, ""content_removal"": 0.04040495678782463, ""contract_by_using"": 0.019727393984794617, ""choice_of_law"": 0.031706083565950394, ""jurisdiction"": 0.046670787036418915, ""arbitration"": 0.018658118322491646}"
test:1516,"some jurisdictions do not allow the disclaimer of warranties or exclusion of damages , so such disclaimers and exclusions may not apply to you .",[],[],"{""limitation_of_liability"": 0.007181153632700443, ""unilateral_termination"": 0.0028587107080966234, ""unilateral_change"": 0.00458255410194397, ""content_removal"": 0.003214937634766102, ""contract_by_using"": 0.0037047986406832933, ""choice_of_law"": 0.0023840353824198246, ""jurisdiction"": 0.0020745419897139072, ""arbitration"": 0.003507662797346711}"
test:1517,"regardless of the previous paragraphs , if we are found to be liable , our liability to you or to any third party is limited to the greater of ( a ) any amounts due under the ebay money back guarantee up to the price the item sold for on ebay ( including any applicable sales tax ) and its original shipping costs , ( b ) the amount of fees in dispute not to exceed the total fees , which you paid to us in the 12 months prior to the action giving rise to the liability , or ( c ) $ 100 .","[""limitation_of_liability""]","[""limitation_of_liability""]","{""limitation_of_liability"": 0.9768558740615845, ""unilateral_termination"": 0.026398317888379097, ""unilateral_change"": 0.016416724771261215, ""content_removal"": 0.02551666460931301, ""contract_by_using"": 0.016141464933753014, ""choice_of_law"": 0.02700188383460045, ""jurisdiction"": 0.0337163507938385, ""arbitration"": 0.015416880138218403}"
test:1518,"if you have a dispute with one or more users , you release us ( and our affiliates and subsidiaries , and our and their respective officers , directors , employees and agents ) from claims , demands and damages ( actual and consequential ) of every kind and nature , known and unknown , arising out of or in any way connected with such disputes .",[],[],"{""limitation_of_liability"": 0.01206802949309349, ""unilateral_termination"": 0.0026198893319815397, ""unilateral_change"": 0.003180836793035269, ""content_removal"": 0.00293878186494112, ""contract_by_using"": 0.005878361873328686, ""choice_of_law"": 0.002665138803422451, ""jurisdiction"": 0.0033961781300604343, ""arbitration"": 0.006022322922945023}"
test:1519,in entering into this release you expressly waive any protections ( whether statutory or otherwise ) that would otherwise limit the coverage of this release to include only those claims which you may know or suspect to exist in your favor at the time of agreeing to this release .,[],[],"{""limitation_of_liability"": 0.01165170967578888, ""unilateral_termination"": 0.00269121746532619, ""unilateral_change"": 0.0036286988761276007, ""content_removal"": 0.0038427687250077724, ""contract_by_using"": 0.013320321217179298, ""choice_of_law"": 0.0025851791724562645, ""jurisdiction"": 0.003360538277775049, ""arbitration"": 0.004383489023894072}"
test:1520,"you will indemnify and hold us ( including our affiliates and subsidiaries , as well as our and their respective officers , directors , employees , agents ) harmless from any claim or demand , including reasonable legal fees , made by any third party due to or arising out of your breach of this agreement , your improper use of ebay 's services or your breach of any law or the rights of a third party .",[],[],"{""limitation_of_liability"": 0.012011158280074596, ""unilateral_termination"": 0.003380998969078064, ""unilateral_change"": 0.0028007247019559145, ""content_removal"": 0.003580831689760089, ""contract_by_using"": 0.004491084720939398, ""choice_of_law"": 0.0020623488817363977, ""jurisdiction"": 0.002378696110099554, ""arbitration"": 0.00406426377594471}"
test:1521,please read this section carefully .,[],[],"{""limitation_of_liability"": 0.004219304770231247, ""unilateral_termination"": 0.0038959160447120667, ""unilateral_change"": 0.004629608243703842, ""content_removal"": 0.0038803128991276026, ""contract_by_using"": 0.003617324400693178, ""choice_of_law"": 0.002921679522842169, ""jurisdiction"": 0.002803741255775094, ""arbitration"": 0.006439673714339733}"
test:1522,it affects your rights and will have a substantial impact on how claims you and ebay have against each other are resolved .,[],[],"{""limitation_of_liability"": 0.00561559060588479, ""unilateral_termination"": 0.003914758563041687, ""unilateral_change"": 0.004652660805732012, ""content_removal"": 0.0038076837081462145, ""contract_by_using"": 0.004073548596352339, ""choice_of_law"": 0.0021887149196118116, ""jurisdiction"": 0.0020002336241304874, ""arbitration"": 0.0047679198905825615}"
test:1523,"you and ebay agree that any claim or dispute at law or equity that has arisen , or may arise , between you and ebay ( including any claim or dispute between you and a third-party agent of ebay ) that relates in any way to or arises out of this or previous versions of the ebay user agreement , your use of or access to the services , the actions of ebay or its agents , or any products or services sold or purchased through the services , will be resolved in accordance with the provisions set forth in this legal disputes section .",[],"[""choice_of_law"", ""arbitration""]","{""limitation_of_liability"": 0.08201618492603302, ""unilateral_termination"": 0.030378418043255806, ""unilateral_change"": 0.06392060220241547, ""content_removal"": 0.048536449670791626, ""contract_by_using"": 0.12747657299041748, ""choice_of_law"": 0.6758163571357727, ""jurisdiction"": 0.502304196357727, ""arbitration"": 0.8046875596046448}"
test:1524,"you agree that , except to the extent inconsistent with or preempted by federal law , the laws of the state of utah , without regard to principles of conflict of laws , will govern the user agreement and any claim or dispute that has arisen or may arise between you and ebay , except as otherwise stated in the user agreement .","[""choice_of_law""]","[""choice_of_law""]","{""limitation_of_liability"": 0.11236315220594406, ""unilateral_termination"": 0.03684430569410324, ""unilateral_change"": 0.07063649594783783, ""content_removal"": 0.06511690467596054, ""contract_by_using"": 0.11206026375293732, ""choice_of_law"": 0.9552698135375977, ""jurisdiction"": 0.25691500306129456, ""arbitration"": 0.13882124423980713}"
test:1525,"you and ebay each agree that any and all disputes or claims that have arisen , or may arise , between you and ebay ( including any disputes or claims between you and a third-party agent of ebay ) that relate in any way to or arise out of this or previous versions of the user agreement , your use of or access to ebay 's services , the actions of ebay or its agents , or any products or services sold , offered , or purchased through ebay 's services shall be resolved exclusively through final and binding arbitration , rather than in court .","[""arbitration""]","[""arbitration""]","{""limitation_of_liability"": 0.07506394386291504, ""unilateral_termination"": 0.15113422274589539, ""unilateral_change"": 0.08139106631278992, ""content_removal"": 0.10321546345949173, ""contract_by_using"": 0.1665913313627243, ""choice_of_law"": 0.27400797605514526, ""jurisdiction"": 0.527367353439331, ""arbitration"": 0.9596315622329712}"
test:1526,"alternatively , you may assert your claims in small claims court , if your claims qualify and so long as the matter remains in such court and advances only on an individual ( non-class , non-representative ) basis .",[],[],"{""limitation_of_liability"": 0.0053911698050796986, ""unilateral_termination"": 0.005324393976479769, ""unilateral_change"": 0.003148862160742283, ""content_removal"": 0.004895005375146866, ""contract_by_using"": 0.004007319454103708, ""choice_of_law"": 0.002053553005680442, ""jurisdiction"": 0.0034140734933316708, ""arbitration"": 0.005895661190152168}"
test:1527,the federal arbitration act governs the interpretation and enforcement of this agreement to arbitrate .,[],[],"{""limitation_of_liability"": 0.004090522415935993, ""unilateral_termination"": 0.00376586290076375, ""unilateral_change"": 0.00501870596781373, ""content_removal"": 0.0035304869525134563, ""contract_by_using"": 0.005858266726136208, ""choice_of_law"": 0.00366382859647274, ""jurisdiction"": 0.00439580949023366, ""arbitration"": 0.011196117848157883}"
test:1528,prohibition of class and representative actions and non-individualized relief,[],[],"{""limitation_of_liability"": 0.0059407115913927555, ""unilateral_termination"": 0.004382806830108166, ""unilateral_change"": 0.003715209662914276, ""content_removal"": 0.003994882106781006, ""contract_by_using"": 0.0032164137810468674, ""choice_of_law"": 0.002536727348342538, ""jurisdiction"": 0.0027071209624409676, ""arbitration"": 0.00615475932136178}"
test:1529,"you and ebay agree that each of us may bring claims against the other only on an individual basis and not as a plaintiff or class member in any purported class , or representative or private attorney general action or proceeding .",[],[],"{""limitation_of_liability"": 0.009695414453744888, ""unilateral_termination"": 0.003745892085134983, ""unilateral_change"": 0.0027887378819286823, ""content_removal"": 0.004100807476788759, ""contract_by_using"": 0.004298756830394268, ""choice_of_law"": 0.002565027680248022, ""jurisdiction"": 0.004213992971926928, ""arbitration"": 0.006606590002775192}"
test:1530,"unless both you and ebay agree otherwise , the arbitrator may not consolidate or join more than one person 's or party 's claims , and may not otherwise preside over any form of a consolidated , representative , class , or private attorney general action or proceeding .",[],[],"{""limitation_of_liability"": 0.005505823530256748, ""unilateral_termination"": 0.00413207383826375, ""unilateral_change"": 0.004995432216674089, ""content_removal"": 0.006479825358837843, ""contract_by_using"": 0.004109972156584263, ""choice_of_law"": 0.0031727023888379335, ""jurisdiction"": 0.004839014727622271, ""arbitration"": 0.010914000682532787}"
test:1531,"also , the arbitrator may award relief ( including monetary , injunctive , and declaratory relief ) only in favor of the individual party seeking relief and only to the extent necessary to provide relief necessitated by that party 's individual claim ( s ) .",[],[],"{""limitation_of_liability"": 0.00864633172750473, ""unilateral_termination"": 0.00832440610975027, ""unilateral_change"": 0.005814686883240938, ""content_removal"": 0.005573328118771315, ""contract_by_using"": 0.0025530378334224224, ""choice_of_law"": 0.0020225555635988712, ""jurisdiction"": 0.0035398383624851704, ""arbitration"": 0.0070189605467021465}"
test:1532,any relief awarded can not affect other users .,[],[],"{""limitation_of_liability"": 0.006508112885057926, ""unilateral_termination"": 0.0033753979951143265, ""unilateral_change"": 0.004960894118994474, ""content_removal"": 0.003334236331284046, ""contract_by_using"": 0.0030037544202059507, ""choice_of_law"": 0.00270508648827672, ""jurisdiction"": 0.0022087052930146456, ""arbitration"": 0.004573284648358822}"
test:1533,"if a court decides that applicable law precludes enforcement of any of this paragraph 's limitations as to a particular claim for relief , then that claim ( and only that claim ) must be severed from the arbitration and may be brought in court , subject to your and ebay 's right to appeal the court 's decision .",[],[],"{""limitation_of_liability"": 0.005787392146885395, ""unilateral_termination"": 0.01958891935646534, ""unilateral_change"": 0.0065897065214812756, ""content_removal"": 0.013442368246614933, ""contract_by_using"": 0.005310917738825083, ""choice_of_law"": 0.00537393381819129, ""jurisdiction"": 0.021386535838246346, ""arbitration"": 0.03873299062252045}"
test:1534,all other claims will be arbitrated .,[],[],"{""limitation_of_liability"": 0.005086815916001797, ""unilateral_termination"": 0.0037317185197025537, ""unilateral_change"": 0.003886364633217454, ""content_removal"": 0.0033858451060950756, ""contract_by_using"": 0.004501601215451956, ""choice_of_law"": 0.0025650495663285255, ""jurisdiction"": 0.003056055400520563, ""arbitration"": 0.007909473031759262}"
test:1535,arbitration is more informal than a lawsuit in court .,[],[],"{""limitation_of_liability"": 0.004449689295142889, ""unilateral_termination"": 0.00444585457444191, ""unilateral_change"": 0.004504546523094177, ""content_removal"": 0.003724029054865241, ""contract_by_using"": 0.004028123337775469, ""choice_of_law"": 0.002790764905512333, ""jurisdiction"": 0.003648405894637108, ""arbitration"": 0.009615794755518436}"
test:1536,"arbitration uses a neutral arbitrator instead of a judge or jury , and court review of an arbitration award is very limited .",[],[],"{""limitation_of_liability"": 0.004143450874835253, ""unilateral_termination"": 0.004140905104577541, ""unilateral_change"": 0.0043126847594976425, ""content_removal"": 0.003963374998420477, ""contract_by_using"": 0.004372527357190847, ""choice_of_law"": 0.002491703489795327, ""jurisdiction"": 0.0030340496450662613, ""arbitration"": 0.007757669314742088}"
test:1537,"however , an arbitrator can award the same damages and relief on an individual basis that a court can award to an individual .",[],[],"{""limitation_of_liability"": 0.005992190446704626, ""unilateral_termination"": 0.00448673777282238, ""unilateral_change"": 0.004095029551535845, ""content_removal"": 0.003949780948460102, ""contract_by_using"": 0.0035553646739572287, ""choice_of_law"": 0.002073593670502305, ""jurisdiction"": 0.0023205082397907972, ""arbitration"": 0.005550277419388294}"
test:1538,an arbitrator should apply the terms of the user agreement as a court would .,[],[],"{""limitation_of_liability"": 0.003452722681686282, ""unilateral_termination"": 0.0032188654877245426, ""unilateral_change"": 0.007669673301279545, ""content_removal"": 0.0041910745203495026, ""contract_by_using"": 0.005411003716289997, ""choice_of_law"": 0.0029008174315094948, ""jurisdiction"": 0.002372574293985963, ""arbitration"": 0.005249647423624992}"
test:1539,"all issues are for the arbitrator to decide , except that issues relating to arbitrability , the scope or enforceability of this agreement to arbitrate , or the interpretation of section 1 of this agreement to arbitrate ( `` prohibition of class and representative actions and non-individualized relief '' ) , shall be for a court of competent jurisdiction to decide .",[],[],"{""limitation_of_liability"": 0.013467255048453808, ""unilateral_termination"": 0.03413134068250656, ""unilateral_change"": 0.01557187456637621, ""content_removal"": 0.029448509216308594, ""contract_by_using"": 0.02216576784849167, ""choice_of_law"": 0.027381887659430504, ""jurisdiction"": 0.232395201921463, ""arbitration"": 0.2813086211681366}"
test:1540,"the arbitration will be conducted by the american arbitration association ( `` aaa '' ) under its rules and procedures , including the aaa 's consumer arbitration rules ( as applicable ) , as modified by this agreement to arbitrate .",[],"[""arbitration""]","{""limitation_of_liability"": 0.01565968617796898, ""unilateral_termination"": 0.0347871407866478, ""unilateral_change"": 0.02266179956495762, ""content_removal"": 0.019026925787329674, ""contract_by_using"": 0.06407885253429413, ""choice_of_law"": 0.04705701023340225, ""jurisdiction"": 0.08968894928693771, ""arbitration"": 0.6684499979019165}"
test:1541,the aaa 's rules are available at www.adr.org or by calling the aaa at 1-800-778-7879 .,[],[],"{""limitation_of_liability"": 0.004388428293168545, ""unilateral_termination"": 0.003081150120124221, ""unilateral_change"": 0.006783085409551859, ""content_removal"": 0.0035949000157415867, ""contract_by_using"": 0.004474726505577564, ""choice_of_law"": 0.003812285838648677, ""jurisdiction"": 0.002659242833033204, ""arbitration"": 0.005077567417174578}"
test:1542,"the use of the word `` arbitrator '' in this provision shall not be construed to prohibit more than one arbitrator from presiding over an arbitration ; rather , the aaa 's rules will govern the number of arbitrators that may preside over an arbitration conducted under this agreement to arbitrate .",[],[],"{""limitation_of_liability"": 0.005684319417923689, ""unilateral_termination"": 0.0051362644881010056, ""unilateral_change"": 0.004984991159290075, ""content_removal"": 0.004834197461605072, ""contract_by_using"": 0.007739158812910318, ""choice_of_law"": 0.003956414293497801, ""jurisdiction"": 0.007179080042988062, ""arbitration"": 0.016879236325621605}"
test:1543,"a party who intends to seek arbitration must first send to the other , by certified mail , a completed form notice of dispute ( `` notice '' ) .",[],[],"{""limitation_of_liability"": 0.0036945061292499304, ""unilateral_termination"": 0.0036420049145817757, ""unilateral_change"": 0.005064212717115879, ""content_removal"": 0.003924321848899126, ""contract_by_using"": 0.0060085090808570385, ""choice_of_law"": 0.0027514793910086155, ""jurisdiction"": 0.003325076773762703, ""arbitration"": 0.009380308911204338}"
test:1544,you may download a form notice here .,[],[],"{""limitation_of_liability"": 0.00400890689343214, ""unilateral_termination"": 0.003938221372663975, ""unilateral_change"": 0.004295567981898785, ""content_removal"": 0.004280583467334509, ""contract_by_using"": 0.0037737926468253136, ""choice_of_law"": 0.002458580071106553, ""jurisdiction"": 0.0027127231005579233, ""arbitration"": 0.006048846524208784}"
test:1545,"the notice to ebay should be sent to ebay inc. , attn : litigation department , re : notice of dispute , 583 w. ebay way , draper , ut 84020 .",[],[],"{""limitation_of_liability"": 0.00443266611546278, ""unilateral_termination"": 0.00387540552765131, ""unilateral_change"": 0.005776320584118366, ""content_removal"": 0.004007250536233187, ""contract_by_using"": 0.004073387943208218, ""choice_of_law"": 0.003315538167953491, ""jurisdiction"": 0.0033451903145760298, ""arbitration"": 0.008166094310581684}"
test:1546,ebay will send any notice to you to the physical address we have on file associated with your ebay account ; it is your responsibility to keep your physical address up to date .,[],[],"{""limitation_of_liability"": 0.005193869583308697, ""unilateral_termination"": 0.003430011449381709, ""unilateral_change"": 0.006045293062925339, ""content_removal"": 0.003970076330006123, ""contract_by_using"": 0.004050700459629297, ""choice_of_law"": 0.0023836337495595217, ""jurisdiction"": 0.0019371039234101772, ""arbitration"": 0.0035305004566907883}"
test:1547,"all information called for in the notice must be provided , including a description of the nature and basis of the claims the party is asserting and the relief sought .",[],[],"{""limitation_of_liability"": 0.007514160592108965, ""unilateral_termination"": 0.0030182464979588985, ""unilateral_change"": 0.0045835222117602825, ""content_removal"": 0.003740626387298107, ""contract_by_using"": 0.0041222842410206795, ""choice_of_law"": 0.002833736827597022, ""jurisdiction"": 0.002157163340598345, ""arbitration"": 0.0034013690892606974}"
test:1548,"if you and ebay are unable to resolve the claims described in the notice within 30 days after the notice is sent , you or ebay may initiate arbitration proceedings .",[],[],"{""limitation_of_liability"": 0.007427651900798082, ""unilateral_termination"": 0.026800818741321564, ""unilateral_change"": 0.007548541761934757, ""content_removal"": 0.010388299822807312, ""contract_by_using"": 0.011378276161849499, ""choice_of_law"": 0.004987162537872791, ""jurisdiction"": 0.02480301633477211, ""arbitration"": 0.10828975588083267}"
test:1549,a form for initiating arbitration proceedings is available on the aaa 's site at www.adr.org .,[],[],"{""limitation_of_liability"": 0.004514386411756277, ""unilateral_termination"": 0.0034793661907315254, ""unilateral_change"": 0.0053797559812664986, ""content_removal"": 0.0038657921832054853, ""contract_by_using"": 0.003842209931463003, ""choice_of_law"": 0.003380149370059371, ""jurisdiction"": 0.0027620659675449133, ""arbitration"": 0.0059538003988564014}"
test:1550,"in addition to filing this form with the aaa in accordance with its rules and procedures , the party initiating the arbitration must mail a copy of the completed form to the opposing party .",[],[],"{""limitation_of_liability"": 0.004650773014873266, ""unilateral_termination"": 0.0028663394041359425, ""unilateral_change"": 0.004675574135035276, ""content_removal"": 0.004274951759725809, ""contract_by_using"": 0.00943620502948761, ""choice_of_law"": 0.0023228961508721113, ""jurisdiction"": 0.0032147953752428293, ""arbitration"": 0.006388802081346512}"
test:1551,"you may send a copy to ebay at the following address : ebay , inc. c/o ct corporation system , 1108 e south union ave. , midvale , ut 84047 .",[],[],"{""limitation_of_liability"": 0.004601134918630123, ""unilateral_termination"": 0.003169622737914324, ""unilateral_change"": 0.005060185212641954, ""content_removal"": 0.004574485123157501, ""contract_by_using"": 0.004082405008375645, ""choice_of_law"": 0.00319298985414207, ""jurisdiction"": 0.0031373759265989065, ""arbitration"": 0.005287760403007269}"
test:1552,"in the event ebay initiates an arbitration against you , it will send a copy of the completed form to the physical address we have on file associated with your ebay account .",[],[],"{""limitation_of_liability"": 0.004525636322796345, ""unilateral_termination"": 0.003052670741453767, ""unilateral_change"": 0.004137292969971895, ""content_removal"": 0.0038991558831185102, ""contract_by_using"": 0.0054271952249109745, ""choice_of_law"": 0.0027880535926669836, ""jurisdiction"": 0.0029856394976377487, ""arbitration"": 0.005864492617547512}"
test:1553,any settlement offer made by you or ebay shall not be disclosed to the arbitrator .,[],[],"{""limitation_of_liability"": 0.006777883507311344, ""unilateral_termination"": 0.00353624252602458, ""unilateral_change"": 0.004106834996491671, ""content_removal"": 0.0038862135261297226, ""contract_by_using"": 0.003867784747853875, ""choice_of_law"": 0.0025215884670615196, ""jurisdiction"": 0.0027934785466641188, ""arbitration"": 0.0076415808871388435}"
test:1554,the arbitration hearing shall be held in the county in which you reside or at another mutually agreed location .,[],[],"{""limitation_of_liability"": 0.0055636134929955006, ""unilateral_termination"": 0.018159035593271255, ""unilateral_change"": 0.009478488937020302, ""content_removal"": 0.010873128660023212, ""contract_by_using"": 0.011948791332542896, ""choice_of_law"": 0.00748236570507288, ""jurisdiction"": 0.019373755902051926, ""arbitration"": 0.10454042255878448}"
test:1555,"if the value of the relief sought is $ 10,000 or less , you or ebay may elect to have the arbitration conducted by telephone or based solely on written submissions , which election shall be binding on you and ebay subject to the arbitrator 's discretion to require an in-person hearing , if the circumstances warrant .",[],[],"{""limitation_of_liability"": 0.010575741529464722, ""unilateral_termination"": 0.05704205483198166, ""unilateral_change"": 0.030883606523275375, ""content_removal"": 0.03756327927112579, ""contract_by_using"": 0.03445052728056908, ""choice_of_law"": 0.017464570701122284, ""jurisdiction"": 0.06116391718387604, ""arbitration"": 0.5037854909896851}"
test:1556,"in cases where an in-person hearing is held , you and/or ebay may attend by telephone , unless the arbitrator requires otherwise .",[],[],"{""limitation_of_liability"": 0.003789070062339306, ""unilateral_termination"": 0.0037728711031377316, ""unilateral_change"": 0.006880335509777069, ""content_removal"": 0.004465737845748663, ""contract_by_using"": 0.0047592706978321075, ""choice_of_law"": 0.00230638450011611, ""jurisdiction"": 0.0027344960253685713, ""arbitration"": 0.00687787588685751}"
test:1557,"the arbitrator will decide the substance of all claims in accordance with applicable law , including recognized principles of equity , and will honor all claims of privilege recognized by law .",[],[],"{""limitation_of_liability"": 0.005824301391839981, ""unilateral_termination"": 0.0032040379010140896, ""unilateral_change"": 0.012377849780023098, ""content_removal"": 0.0049143447540700436, ""contract_by_using"": 0.006722393445670605, ""choice_of_law"": 0.008968709968030453, ""jurisdiction"": 0.004273725673556328, ""arbitration"": 0.014313168823719025}"
test:1558,"the arbitrator shall not be bound by rulings in prior arbitrations involving different users , but is bound by rulings in prior arbitrations involving the same ebay user to the extent required by applicable law .",[],[],"{""limitation_of_liability"": 0.006124583538621664, ""unilateral_termination"": 0.0022874705027788877, ""unilateral_change"": 0.003839826909825206, ""content_removal"": 0.003557380521669984, ""contract_by_using"": 0.00854459311813116, ""choice_of_law"": 0.004160318989306688, ""jurisdiction"": 0.004328714217990637, ""arbitration"": 0.00878526084125042}"
test:1559,the arbitrator 's award shall be final and binding and judgment on the award rendered by the arbitrator may be entered in any court having jurisdiction thereof .,[],[],"{""limitation_of_liability"": 0.0045233359560370445, ""unilateral_termination"": 0.006958251353353262, ""unilateral_change"": 0.0050603365525603294, ""content_removal"": 0.005875367671251297, ""contract_by_using"": 0.011645665392279625, ""choice_of_law"": 0.006662231869995594, ""jurisdiction"": 0.010648561641573906, ""arbitration"": 0.019905509427189827}"
test:1560,"payment of all filing , administration and arbitrator fees will be governed by the aaa 's rules , unless otherwise stated in this agreement to arbitrate .",[],[],"{""limitation_of_liability"": 0.008230272680521011, ""unilateral_termination"": 0.00327819911763072, ""unilateral_change"": 0.009406779892742634, ""content_removal"": 0.003478944767266512, ""contract_by_using"": 0.008694428019225597, ""choice_of_law"": 0.018053065985441208, ""jurisdiction"": 0.00685713067650795, ""arbitration"": 0.016158057376742363}"
test:1561,"if the value of the relief sought is $ 10,000 or less , at your request , ebay will pay all filing , administration , and arbitrator fees associated with the arbitration .",[],[],"{""limitation_of_liability"": 0.007634486071765423, ""unilateral_termination"": 0.002776222536340356, ""unilateral_change"": 0.004874848295003176, ""content_removal"": 0.0035205718595534563, ""contract_by_using"": 0.00478008296340704, ""choice_of_law"": 0.0020653854589909315, ""jurisdiction"": 0.002441315446048975, ""arbitration"": 0.005534532014280558}"
test:1562,any request for payment of fees by ebay should be submitted by mail to the aaa along with your demand for arbitration and ebay will make arrangements to pay all necessary fees directly to the aaa .,[],[],"{""limitation_of_liability"": 0.0035296082496643066, ""unilateral_termination"": 0.0027437754906713963, ""unilateral_change"": 0.007652291562408209, ""content_removal"": 0.0039480384439229965, ""contract_by_using"": 0.006884044501930475, ""choice_of_law"": 0.002823379123583436, ""jurisdiction"": 0.002728496678173542, ""arbitration"": 0.006324499845504761}"
test:1563,"if ( a ) you willfully fail to comply with the notice of dispute requirement discussed above , or ( b ) in the event the arbitrator determines the claim ( s ) you assert in the arbitration to be frivolous , you agree to reimburse ebay for all fees associated with the arbitration paid by ebay on your behalf that you otherwise would be obligated to pay under the aaa 's rules .",[],[],"{""limitation_of_liability"": 0.04680066183209419, ""unilateral_termination"": 0.00868323165923357, ""unilateral_change"": 0.003854982554912567, ""content_removal"": 0.005465143825858831, ""contract_by_using"": 0.0033210418187081814, ""choice_of_law"": 0.0015774357598274946, ""jurisdiction"": 0.0035371952690184116, ""arbitration"": 0.006872172467410564}"
test:1564,"with the exception of any of the provisions in section 1 of this agreement to arbitrate ( `` prohibition of class and representative actions and non-individualized relief '' ) , if an arbitrator or court decides that any part of this agreement to arbitrate is invalid or unenforceable , the other parts of this agreement to arbitrate shall still apply .",[],[],"{""limitation_of_liability"": 0.006469969172030687, ""unilateral_termination"": 0.005083175376057625, ""unilateral_change"": 0.003456745995208621, ""content_removal"": 0.004008269403129816, ""contract_by_using"": 0.005678080953657627, ""choice_of_law"": 0.002368747955188155, ""jurisdiction"": 0.004312994424253702, ""arbitration"": 0.01119327824562788}"
test:1565,"if you are a new ebay user , you can choose to reject this agreement to arbitrate ( `` opt-out '' ) by mailing us a written opt-out notice ( `` opt-out notice '' ) .",[],[],"{""limitation_of_liability"": 0.0031508340034633875, ""unilateral_termination"": 0.004528524354100227, ""unilateral_change"": 0.004747990984469652, ""content_removal"": 0.004685597028583288, ""contract_by_using"": 0.009467929601669312, ""choice_of_law"": 0.002502339193597436, ""jurisdiction"": 0.0031375070102512836, ""arbitration"": 0.008336188271641731}"
test:1566,the opt-out notice must be postmarked no later than 30 days after the date you accept the user agreement for the first time .,[],[],"{""limitation_of_liability"": 0.00501575693488121, ""unilateral_termination"": 0.0034479729365557432, ""unilateral_change"": 0.00417353305965662, ""content_removal"": 0.005370117258280516, ""contract_by_using"": 0.00516837602481246, ""choice_of_law"": 0.0031086180824786425, ""jurisdiction"": 0.0029818490147590637, ""arbitration"": 0.004986166954040527}"
test:1567,"you must mail the opt-out notice to ebay inc. , attn : litigation department , re : opt-out notice , 583 west ebay way , draper , ut 84020 .",[],[],"{""limitation_of_liability"": 0.004292269703000784, ""unilateral_termination"": 0.0038550887256860733, ""unilateral_change"": 0.00406620604917407, ""content_removal"": 0.0042844368144869804, ""contract_by_using"": 0.004148685839027166, ""choice_of_law"": 0.002767424564808607, ""jurisdiction"": 0.0029574851505458355, ""arbitration"": 0.005728798918426037}"
test:1568,"for your convenience , we are providing an opt-out notice form you must complete and mail to opt out of the agreement to arbitrate .",[],[],"{""limitation_of_liability"": 0.003941763658076525, ""unilateral_termination"": 0.0035261984448879957, ""unilateral_change"": 0.003945462871342897, ""content_removal"": 0.0038397652097046375, ""contract_by_using"": 0.0066521442495286465, ""choice_of_law"": 0.002382130827754736, ""jurisdiction"": 0.003222324885427952, ""arbitration"": 0.007234442047774792}"
test:1569,"you must complete the opt-out notice form by providing the information called for in the form , including your name , address ( including street address , city , state and zip code ) , and the user id ( s ) and email address ( es ) associated with the ebay account ( s ) to which the opt-out applies .",[],[],"{""limitation_of_liability"": 0.005089338403195143, ""unilateral_termination"": 0.0027846843004226685, ""unilateral_change"": 0.004448926541954279, ""content_removal"": 0.004180240910500288, ""contract_by_using"": 0.005172098986804485, ""choice_of_law"": 0.002889906521886587, ""jurisdiction"": 0.0025296045932918787, ""arbitration"": 0.004022514913231134}"
test:1570,you must sign the opt-out notice for it to be effective .,[],[],"{""limitation_of_liability"": 0.003948259633034468, ""unilateral_termination"": 0.003369599115103483, ""unilateral_change"": 0.0038572773337364197, ""content_removal"": 0.0038821815978735685, ""contract_by_using"": 0.006599580403417349, ""choice_of_law"": 0.002824476221576333, ""jurisdiction"": 0.0027441801503300667, ""arbitration"": 0.005643901880830526}"
test:1571,this procedure is the only way you can opt out of the agreement to arbitrate .,[],[],"{""limitation_of_liability"": 0.003743942128494382, ""unilateral_termination"": 0.004264514893293381, ""unilateral_change"": 0.004473086912184954, ""content_removal"": 0.003847010899335146, ""contract_by_using"": 0.005119056906551123, ""choice_of_law"": 0.0025708056055009365, ""jurisdiction"": 0.0033763234969228506, ""arbitration"": 0.008887019008398056}"
test:1572,"if you opt out of the agreement to arbitrate , all other parts of the agreement and its legal disputes section will continue to apply to you .",[],[],"{""limitation_of_liability"": 0.0047176009975373745, ""unilateral_termination"": 0.003745950758457184, ""unilateral_change"": 0.004600460175424814, ""content_removal"": 0.003232774790376425, ""contract_by_using"": 0.007682611234486103, ""choice_of_law"": 0.003226442961022258, ""jurisdiction"": 0.0039681196212768555, ""arbitration"": 0.008484870195388794}"
test:1573,"opting out of this agreement to arbitrate has no effect on any previous , other , or future arbitration agreements that you may have with us .",[],[],"{""limitation_of_liability"": 0.008098834194242954, ""unilateral_termination"": 0.003401409601792693, ""unilateral_change"": 0.004227079451084137, ""content_removal"": 0.003706671530380845, ""contract_by_using"": 0.004829996265470982, ""choice_of_law"": 0.002787255682051182, ""jurisdiction"": 0.00278888619504869, ""arbitration"": 0.006542344577610493}"
test:1574,future amendments to the agreement to arbitrate,[],[],"{""limitation_of_liability"": 0.005055014509707689, ""unilateral_termination"": 0.003169104689732194, ""unilateral_change"": 0.005546338856220245, ""content_removal"": 0.0030954221729189157, ""contract_by_using"": 0.00410178117454052, ""choice_of_law"": 0.0026169428601861, ""jurisdiction"": 0.002695558127015829, ""arbitration"": 0.006076585967093706}"
test:1575,"notwithstanding any provision in the user agreement to the contrary , you and we agree that if we make any amendment to this agreement to arbitrate ( other than an amendment to any notice address or site link provided herein ) in the future , that amendment shall not apply to any claim that was filed in a legal proceeding against ebay prior to the effective date of the amendment .",[],[],"{""limitation_of_liability"": 0.006801212206482887, ""unilateral_termination"": 0.002444722456857562, ""unilateral_change"": 0.005538425408303738, ""content_removal"": 0.0036297403275966644, ""contract_by_using"": 0.008387641049921513, ""choice_of_law"": 0.002694183262065053, ""jurisdiction"": 0.0031693140044808388, ""arbitration"": 0.005210405681282282}"
test:1576,the amendment shall apply to all other disputes or claims governed by the agreement to arbitrate that have arisen or may arise between you and ebay .,[],[],"{""limitation_of_liability"": 0.006226660683751106, ""unilateral_termination"": 0.004940581973642111, ""unilateral_change"": 0.0075585003942251205, ""content_removal"": 0.0038940252270549536, ""contract_by_using"": 0.009449861943721771, ""choice_of_law"": 0.005598962772637606, ""jurisdiction"": 0.010613118298351765, ""arbitration"": 0.023607414215803146}"
test:1577,we will notify you of amendments to this agreement to arbitrate by posting the amended terms on www.ebay.com at least 30 days before the effective date of the amendments and by providing notice through the ebay message center and/or by email .,[],[],"{""limitation_of_liability"": 0.004091491922736168, ""unilateral_termination"": 0.004148148000240326, ""unilateral_change"": 0.09988266229629517, ""content_removal"": 0.006299010943621397, ""contract_by_using"": 0.15825682878494263, ""choice_of_law"": 0.010223080404102802, ""jurisdiction"": 0.00667083915323019, ""arbitration"": 0.013278384692966938}"
test:1578,"if you do not agree to these amended terms , you may close your account within the 30-day period and you will not be bound by the amended terms .",[],[],"{""limitation_of_liability"": 0.005436613690108061, ""unilateral_termination"": 0.006958224810659885, ""unilateral_change"": 0.012789302505552769, ""content_removal"": 0.0075098201632499695, ""contract_by_using"": 0.16730456054210663, ""choice_of_law"": 0.006995254661887884, ""jurisdiction"": 0.005436659790575504, ""arbitration"": 0.007623674347996712}"
test:1579,c. judicial forum for legal disputes,[],[],"{""limitation_of_liability"": 0.006620480678975582, ""unilateral_termination"": 0.004632401745766401, ""unilateral_change"": 0.0042479257099330425, ""content_removal"": 0.003658924950286746, ""contract_by_using"": 0.003329691244289279, ""choice_of_law"": 0.003435552818700671, ""jurisdiction"": 0.0038858309853821993, ""arbitration"": 0.00908686127513647}"
test:1580,"unless you and we agree otherwise , in the event that the agreement to arbitrate above is found not to apply to you or to a particular claim or dispute , either as a result of your decision to opt out of the agreement to arbitrate or as a result of a decision by the arbitrator or a court order , you agree that any claim or dispute that has arisen or may arise between you and ebay must be resolved exclusively by a state or federal court located in salt lake county , utah .","[""jurisdiction""]","[""jurisdiction"", ""arbitration""]","{""limitation_of_liability"": 0.07929908484220505, ""unilateral_termination"": 0.09365994483232498, ""unilateral_change"": 0.027321597561240196, ""content_removal"": 0.10699266195297241, ""contract_by_using"": 0.07199350744485855, ""choice_of_law"": 0.22217857837677002, ""jurisdiction"": 0.8260958194732666, ""arbitration"": 0.8126780986785889}"
test:1581,"you and ebay agree to submit to the personal jurisdiction of the courts located within salt lake county , utah for the purpose of litigating all such claims or disputes .","[""jurisdiction""]","[""jurisdiction""]","{""limitation_of_liability"": 0.14949949085712433, ""unilateral_termination"": 0.039944954216480255, ""unilateral_change"": 0.035515256226062775, ""content_removal"": 0.07026975601911545, ""contract_by_using"": 0.06846170127391815, ""choice_of_law"": 0.14523111283779144, ""jurisdiction"": 0.9106715321540833, ""arbitration"": 0.2575424015522003}"
test:1582,"except as otherwise provided in this agreement , if any provision of this user agreement is held to be invalid , void or for any reason unenforceable , such provision shall be struck out and shall not affect the validity and enforceability of the remaining provisions .",[],[],"{""limitation_of_liability"": 0.009749514982104301, ""unilateral_termination"": 0.0027850340120494366, ""unilateral_change"": 0.0047877635806798935, ""content_removal"": 0.004273843485862017, ""contract_by_using"": 0.005453002173453569, ""choice_of_law"": 0.007241119630634785, ""jurisdiction"": 0.0033860125113278627, ""arbitration"": 0.005286903120577335}"
test:1583,"in our sole discretion , we may assign this user agreement , and in such event , we will post notice on www.ebay.com .",[],[],"{""limitation_of_liability"": 0.002736892318353057, ""unilateral_termination"": 0.006986104883253574, ""unilateral_change"": 0.04069327935576439, ""content_removal"": 0.008346873335540295, ""contract_by_using"": 0.010300097055733204, ""choice_of_law"": 0.003251014044508338, ""jurisdiction"": 0.003594879526644945, ""arbitration"": 0.006176360882818699}"
test:1584,headings are for reference purposes only and do not limit the scope or extent of such section .,[],[],"{""limitation_of_liability"": 0.007885363884270191, ""unilateral_termination"": 0.0022531491704285145, ""unilateral_change"": 0.00610960740596056, ""content_removal"": 0.003072114195674658, ""contract_by_using"": 0.003784100292250514, ""choice_of_law"": 0.0037099537439644337, ""jurisdiction"": 0.0024364034179598093, ""arbitration"": 0.004287940915673971}"
test:1585,our failure to act with respect to a breach by you or others does not waive our right to act with respect to subsequent or similar breaches .,[],[],"{""limitation_of_liability"": 0.014367667958140373, ""unilateral_termination"": 0.003839125158265233, ""unilateral_change"": 0.0036355152260512114, ""content_removal"": 0.003383532166481018, ""contract_by_using"": 0.003665614640340209, ""choice_of_law"": 0.0019400875316932797, ""jurisdiction"": 0.0019752138759940863, ""arbitration"": 0.003612077794969082}"
test:1586,we do not guarantee we will take action against all breaches of this user agreement .,[],[],"{""limitation_of_liability"": 0.0076254853047430515, ""unilateral_termination"": 0.007257629185914993, ""unilateral_change"": 0.003116697072982788, ""content_removal"": 0.004836065229028463, ""contract_by_using"": 0.0028407315257936716, ""choice_of_law"": 0.0017321843188256025, ""jurisdiction"": 0.002464188262820244, ""arbitration"": 0.004749910905957222}"
test:1587,we may amend this user agreement at any time by posting the amended terms on www.ebay.com .,"[""unilateral_change""]","[""unilateral_change""]","{""limitation_of_liability"": 0.029954349622130394, ""unilateral_termination"": 0.05272647738456726, ""unilateral_change"": 0.9656174778938293, ""content_removal"": 0.03568428382277489, ""contract_by_using"": 0.12766815721988678, ""choice_of_law"": 0.03764256462454796, ""jurisdiction"": 0.024567315354943275, ""arbitration"": 0.0284589696675539}"
test:1588,"our right to amend the user agreement includes the right to modify , add to , or remove terms in the user agreement .","[""unilateral_change""]","[""unilateral_change""]","{""limitation_of_liability"": 0.02464662864804268, ""unilateral_termination"": 0.16750265657901764, ""unilateral_change"": 0.9774745106697083, ""content_removal"": 0.1372654289007187, ""contract_by_using"": 0.06920068711042404, ""choice_of_law"": 0.042665086686611176, ""jurisdiction"": 0.020411362871527672, ""arbitration"": 0.024280378594994545}"
test:1589,we will provide you 30 days ' notice by posting the amended terms .,[],[],"{""limitation_of_liability"": 0.0035553511697798967, ""unilateral_termination"": 0.005152180325239897, ""unilateral_change"": 0.09312360733747482, ""content_removal"": 0.004645627923309803, ""contract_by_using"": 0.0517163909971714, ""choice_of_law"": 0.005518982652574778, ""jurisdiction"": 0.003986862953752279, ""arbitration"": 0.007537318859249353}"
test:1590,"additionally , we will notify you through the ebay message center and/or by email .",[],[],"{""limitation_of_liability"": 0.004161299206316471, ""unilateral_termination"": 0.00398475956171751, ""unilateral_change"": 0.00426438357681036, ""content_removal"": 0.0037698131054639816, ""contract_by_using"": 0.0038112306501716375, ""choice_of_law"": 0.0023805652745068073, ""jurisdiction"": 0.0024734006728976965, ""arbitration"": 0.00604975875467062}"
test:1591,your continued access or use of our services constitutes your acceptance of the amended terms .,"[""contract_by_using""]","[""contract_by_using""]","{""limitation_of_liability"": 0.058720529079437256, ""unilateral_termination"": 0.02973347157239914, ""unilateral_change"": 0.11810094118118286, ""content_removal"": 0.05386709049344063, ""contract_by_using"": 0.981904923915863, ""choice_of_law"": 0.07621074467897415, ""jurisdiction"": 0.09266185760498047, ""arbitration"": 0.11587295681238174}"
test:1592,we may also ask you to acknowledge your acceptance of the user agreement through an electronic click-through .,[],[],"{""limitation_of_liability"": 0.0035473208408802748, ""unilateral_termination"": 0.005149601958692074, ""unilateral_change"": 0.008580019697546959, ""content_removal"": 0.005787965375930071, ""contract_by_using"": 0.09523484855890274, ""choice_of_law"": 0.004302234388887882, ""jurisdiction"": 0.0048857140354812145, ""arbitration"": 0.012304547242820263}"
test:1593,this user agreement may not otherwise be amended except through mutual agreement by you and an ebay representative who intends to amend this user agreement and is duly authorized to agree to such an amendment .,[],[],"{""limitation_of_liability"": 0.007892167195677757, ""unilateral_termination"": 0.007946450263261795, ""unilateral_change"": 0.39476412534713745, ""content_removal"": 0.011679664254188538, ""contract_by_using"": 0.21669615805149078, ""choice_of_law"": 0.027188856154680252, ""jurisdiction"": 0.009892131201922894, ""arbitration"": 0.011700180359184742}"
test:1594,the policies posted on our sites may be changed from time to time .,"[""unilateral_change""]","[""unilateral_change""]","{""limitation_of_liability"": 0.041284073144197464, ""unilateral_termination"": 0.07300059497356415, ""unilateral_change"": 0.9815331101417542, ""content_removal"": 0.06166079640388489, ""contract_by_using"": 0.15991617739200592, ""choice_of_law"": 0.06461641192436218, ""jurisdiction"": 0.03328573703765869, ""arbitration"": 0.035200558602809906}"
test:1595,changes take effect when we post them on the ebay site .,[],[],"{""limitation_of_liability"": 0.005170327611267567, ""unilateral_termination"": 0.003266320563852787, ""unilateral_change"": 0.026341548189520836, ""content_removal"": 0.0037273175548762083, ""contract_by_using"": 0.00605193804949522, ""choice_of_law"": 0.006446004379540682, ""jurisdiction"": 0.0024614844005554914, ""arbitration"": 0.0044721211306750774}"
test:1596,"if you create or use an account on behalf of a business entity , you represent that you are authorized to act on behalf of such business and bind the business to this user agreement .",[],[],"{""limitation_of_liability"": 0.004430455155670643, ""unilateral_termination"": 0.0029348053503781557, ""unilateral_change"": 0.003211895003914833, ""content_removal"": 0.004038253799080849, ""contract_by_using"": 0.00929423701018095, ""choice_of_law"": 0.0028915186412632465, ""jurisdiction"": 0.0029023708775639534, ""arbitration"": 0.005800364539027214}"
test:1597,such account is owned and controlled by the business entity .,[],[],"{""limitation_of_liability"": 0.0057100942358374596, ""unilateral_termination"": 0.0030338505748659372, ""unilateral_change"": 0.004609027411788702, ""content_removal"": 0.0034972711000591516, ""contract_by_using"": 0.003672318998724222, ""choice_of_law"": 0.0033498567063361406, ""jurisdiction"": 0.002377512864768505, ""arbitration"": 0.004637239035218954}"
test:1598,"no agency , partnership , joint venture , employee-employer or franchiser-franchisee relationship is intended or created by this user agreement .",[],[],"{""limitation_of_liability"": 0.005164559930562973, ""unilateral_termination"": 0.0033046233002096415, ""unilateral_change"": 0.003850952722132206, ""content_removal"": 0.003718781750649214, ""contract_by_using"": 0.003842031117528677, ""choice_of_law"": 0.002656711032614112, ""jurisdiction"": 0.0023460399825125933, ""arbitration"": 0.005065911915153265}"
test:1599,"the user agreement , the user privacy notice , and all polices posted through our services set forth the entire understanding and agreement between you and ebay , and supersede all prior understandings and agreements of the parties .",[],[],"{""limitation_of_liability"": 0.004834991414099932, ""unilateral_termination"": 0.002413446782156825, ""unilateral_change"": 0.003959496971219778, ""content_removal"": 0.0035788635723292828, ""contract_by_using"": 0.014250095933675766, ""choice_of_law"": 0.005474596284329891, ""jurisdiction"": 0.003982192371040583, ""arbitration"": 0.009807830676436424}"
test:1600,"the following sections survive any termination of this user agreement : fees , content , disclaimer of warranties ; limitation of liability ; release , indemnity , legal disputes , and general .",[],[],"{""limitation_of_liability"": 0.007506178226321936, ""unilateral_termination"": 0.003608887316659093, ""unilateral_change"": 0.0038459913339465857, ""content_removal"": 0.0030618137679994106, ""contract_by_using"": 0.003864369122311473, ""choice_of_law"": 0.0025846075732260942, ""jurisdiction"": 0.0023054881021380424, ""arbitration"": 0.0042546880431473255}"
test:1601,"if you are a california resident , in accordance with cal .",[],[],"{""limitation_of_liability"": 0.00720800319686532, ""unilateral_termination"": 0.002804800169542432, ""unilateral_change"": 0.0035016508772969246, ""content_removal"": 0.003544028615579009, ""contract_by_using"": 0.003940003924071789, ""choice_of_law"": 0.003592049004510045, ""jurisdiction"": 0.0036265291273593903, ""arbitration"": 0.006562141235917807}"
test:1602,"code § 1789.3 , you may report complaints to the complaint assistance unit of the division of consumer services of the california department of consumer affairs by contacting them in writing at 400 r street , sacramento , ca 95814 , or by telephone at (800) 952-5210 .",[],[],"{""limitation_of_liability"": 0.003843734273687005, ""unilateral_termination"": 0.004164837766438723, ""unilateral_change"": 0.004799277987331152, ""content_removal"": 0.005579020362347364, ""contract_by_using"": 0.004845305811613798, ""choice_of_law"": 0.002539069391787052, ""jurisdiction"": 0.0031402958557009697, ""arbitration"": 0.0053693074733018875}"
test:1603,"pursuant to 815 ilcs 414/1 .5 ( c ) , for transactions involving tickets to events in illinois , buyers and sellers may elect to submit complaints against one another to the american arbitration association ( `` aaa '' ) under its rules and procedures .",[],[],"{""limitation_of_liability"": 0.004276400897651911, ""unilateral_termination"": 0.015376188792288303, ""unilateral_change"": 0.01327527966350317, ""content_removal"": 0.007919409312307835, ""contract_by_using"": 0.010167086496949196, ""choice_of_law"": 0.00793428160250187, ""jurisdiction"": 0.022634120658040047, ""arbitration"": 0.07720264792442322}"
test:1604,the aaa 's rules are available at www.adr.org .,[],[],"{""limitation_of_liability"": 0.0048558893613517284, ""unilateral_termination"": 0.00289065670222044, ""unilateral_change"": 0.008443430997431278, ""content_removal"": 0.0035120907705277205, ""contract_by_using"": 0.004438756499439478, ""choice_of_law"": 0.004652251489460468, ""jurisdiction"": 0.0027322890236973763, ""arbitration"": 0.005220932886004448}"
test:1605,such complaints shall be decided by an independent arbitrator in accordance with this user agreement .,[],[],"{""limitation_of_liability"": 0.014345246367156506, ""unilateral_termination"": 0.030231650918722153, ""unilateral_change"": 0.015875646844506264, ""content_removal"": 0.019939817488193512, ""contract_by_using"": 0.016134589910507202, ""choice_of_law"": 0.021504756063222885, ""jurisdiction"": 0.04029363766312599, ""arbitration"": 0.31805241107940674}"
test:1606,buyers and sellers further agree to submit to the jurisdiction of the state of illinois for complaints involving a ticketed event held in illinois .,"[""jurisdiction""]","[""jurisdiction""]","{""limitation_of_liability"": 0.10385839641094208, ""unilateral_termination"": 0.045894090086221695, ""unilateral_change"": 0.05140405520796776, ""content_removal"": 0.07875841110944748, ""contract_by_using"": 0.04967992380261421, ""choice_of_law"": 0.3040640652179718, ""jurisdiction"": 0.911801278591156, ""arbitration"": 0.183792844414711}"
