clause_id,service_name,document_type,section_heading,clause_text_original,clause_text_clean,source_url,risk_level,risk_score,risk_categories,evidence_text,matched_rule_ids,label_method,label_confidence,needs_review,matched_tosdr_title,matched_tosdr_classification,matched_tosdr_topic_id,match_similarity,split,weak_label_notice
c3be7237ec989ccc,TikTok,privacy_policy,Others,"protect the rights, property, and safety of our users, copyright holders, and others, including to protect life or prevent imminent bodily harm. For example, we may provide information (such as your IP address) to law enforcement in the event of an emergency where someone’s life or safety is at risk,","protect the rights, property, and safety of our users, copyright holders, and others, including to protect life or prevent imminent bodily harm. For example, we may provide information (such as your IP address) to law enforcement in the event of an emergency where someone’s life or safety is at risk,",https://tiktok.com,Low,20,,,,default_low_unverified,0.25,True,,,,0.0965,train,AI-assisted weak label; requires human review before use as gold data
a79621bff391e9ff,Instagram,terms_of_service,4. Your Commitments,"Permission to use your username, profile picture, and information about your relationships and actions with accounts, ads, and sponsored content.","Permission to use your username, profile picture, and information about your relationships and actions with accounts, ads, and sponsored content.",https://instagram.com,Medium,60,tracking_profiling,profile,R003,explainable_rules,0.65,False,,,,0.0543,train,AI-assisted weak label; requires human review before use as gold data
a43e44046dd35ff4,PayPal,privacy_policy,Definitions,"Cookies means tracking technologies such as cookies, pixel tags, web beacons, and widgets.","Cookies means tracking technologies such as cookies, pixel tags, web beacons, and widgets.",https://paypal.com,Medium,60,tracking_profiling,tracking,R003,explainable_rules,0.65,False,,,,0.1763,train,AI-assisted weak label; requires human review before use as gold data
beecae71370a58e4,Netflix,privacy_policy,Advertising Choices,"Netflix supports the following self-regulatory programs, which provide additional privacy choices for Behavioral Advertising:","Netflix supports the following self-regulatory programs, which provide additional privacy choices for Behavioral Advertising:",https://netflix.com,Medium,60,tracking_profiling,Behavioral Advertising,R003,explainable_rules,0.65,False,,,,0.0374,train,AI-assisted weak label; requires human review before use as gold data
acd798c296f4a455,Netflix,privacy_policy,How can I exercise choice regarding these technologies?,"In addition to these choices, if you want to exercise your choices for Behavioral Advertising on Netflix, please see “Advertising Choices” above.","In addition to these choices, if you want to exercise your choices for Behavioral Advertising on Netflix, please see “Advertising Choices” above.",https://netflix.com,Medium,60,tracking_profiling,Behavioral Advertising,R003,explainable_rules,0.65,False,,,,0.0724,train,AI-assisted weak label; requires human review before use as gold data
4cc24df27cfc0244,PayPal,privacy_policy,When and How We Share Personal Information With Others,"Buyers in connection with business transfer. We may disclose Personal Information with a buyer in connection with a business transfer. For example, if we are involved in a merger, a purchase, or a sale of all or part of our business or assets, including receivables and debts, we may disclose, under appropriate data protection terms, your Personal Information to an interested or actual buyer of those business or assets. If PayPal or a significant portion of PayPal's assets are acquired by a third party, Personal Information may also be disclosed to that third party.","Buyers in connection with business transfer. We may disclose Personal Information with a buyer in connection with a business transfer. For example, if we are involved in a merger, a purchase, or a sale of all or part of our business or assets, including receivables and debts, we may disclose, under appropriate data protection terms, your Personal Information to an interested or actual buyer of those business or assets. If PayPal or a significant portion of PayPal's assets are acquired by a third party, Personal Information may also be disclosed to that third party.",https://paypal.com,Medium,60,third_party_sharing,"third party, Personal Information",R001,explainable_rules,0.65,False,,,,0.044,train,AI-assisted weak label; requires human review before use as gold data
e28f34fc88a745bc,Amazon,privacy_policy,How Secure Is Information About Me?,We follow the Payment Card Industry Data Security Standard (PCI DSS) when handling credit card data.,We follow the Payment Card Industry Data Security Standard (PCI DSS) when handling credit card data.,https://amazon.com,Low,20,,,,default_low_unverified,0.25,True,,,,0.103,train,AI-assisted weak label; requires human review before use as gold data
103def9bff06b328,TikTok,privacy_policy,Partners,"Third Party Platforms and Partners. We share limited information which may include Information You Provide, Technical Information, and Usage Information with third party platforms and partners whose platform or services are integrated with the Platform, or with whom we have a commercial relationship. We do this to give you a seamless experience, allow your content to be shared on other platforms, allow sellers to view and manage your orders through our shopping features, and enable third party platforms and partners to better authenticate users. Some examples include if you:","Third Party Platforms and Partners. We share limited information which may include Information You Provide, Technical Information, and Usage Information with third party platforms and partners whose platform or services are integrated with the Platform, or with whom we have a commercial relationship. We do this to give you a seamless experience, allow your content to be shared on other platforms, allow sellers to view and manage your orders through our shopping features, and enable third party platforms and partners to better authenticate users. Some examples include if you:",https://tiktok.com,Medium,60,third_party_sharing,"Provide, Technical Information, and Usage Information with third party",R001,explainable_rules,0.65,False,,,,0.0397,train,AI-assisted weak label; requires human review before use as gold data
26a78589ba1cce46,Pinterest,terms_of_service,More simply put,"If we're making a material change to the Terms, we'll let you know ahead of time. If you don’t agree with the new Terms, please stop using Pinterest.","If we're making a material change to the Terms, we'll let you know ahead of time. If you don’t agree with the new Terms, please stop using Pinterest.",https://pinterest.com,Low,20,,,,default_low_unverified,0.25,True,,,,0.0636,train,AI-assisted weak label; requires human review before use as gold data
4f343562821132ec,Discord,terms_of_service,Settling disputes between you and Discord,"Only after engaging in the Informal Dispute Resolution process set forth in these Terms, and only after those efforts fail to resolve the Dispute, then either Party may initiate binding arbitration as the sole means to resolve Disputes, subject to the terms of this Agreement to Arbitrate and the applicable arbitration rules.","Only after engaging in the Informal Dispute Resolution process set forth in these Terms, and only after those efforts fail to resolve the Dispute, then either Party may initiate binding arbitration as the sole means to resolve Disputes, subject to the terms of this Agreement to Arbitrate and the applicable arbitration rules.",https://discord.com,High,90,liability_dispute,binding arbitration,R011,explainable_rules,0.75,True,,,,0.1283,train,AI-assisted weak label; requires human review before use as gold data
d992c0853b9e42ed,Google,privacy_policy,We use data to build better services,We use the information that we collect from all our services for the following purposes:,We use the information that we collect from all our services for the following purposes:,https://google.com,Low,20,,,,default_low_unverified,0.25,True,,,,0.0832,train,AI-assisted weak label; requires human review before use as gold data
13a730b85381ca3b,TikTok,privacy_policy,Introduction,"This privacy policy (""Privacy Policy"") applies to the personal information that TikTok processes in connection with TikTok apps, websites, software and related services (the “Platform”), that link to or reference this Privacy Policy. Data Controller: If you live in the European Economic Area (“EEA”), the United Kingdom (“UK”), or Switzerland, TikTok Technology Limited, an Irish company (“TikTok Ireland”), and TikTok Information Technologies UK Limited (“TikTok UK”), a UK company, (""TikTok,"" ""our,"" ""we,"" or ""us"") are the joint controllers of your information processed in connection with this Privacy Policy.","This privacy policy (""Privacy Policy"") applies to the personal information that TikTok processes in connection with TikTok apps, websites, software and related services (the “Platform”), that link to or reference this Privacy Policy. Data Controller: If you live in the European Economic Area (“EEA”), the United Kingdom (“UK”), or Switzerland, TikTok Technology Limited, an Irish company (“TikTok Ireland”), and TikTok Information Technologies UK Limited (“TikTok UK”), a UK company, (""TikTok,"" ""our,"" ""we,"" or ""us"") are the joint controllers of your information processed in connection with this Privacy Policy.",https://tiktok.com,Low,20,,,,default_low_unverified,0.25,True,,,,0.0706,train,AI-assisted weak label; requires human review before use as gold data
6b67b2ab35bd93ea,Pinterest,privacy_policy,Information categories used,Account information (excluding race or ethnicity),Account information (excluding race or ethnicity),https://pinterest.com,Low,20,,,,default_low_unverified,0.25,True,,,,0.0581,train,AI-assisted weak label; requires human review before use as gold data
3b063c26dc869975,Google,privacy_policy,Legal bases of processing,We process your data when we have a legal obligation to do so.,We process your data when we have a legal obligation to do so.,https://google.com,Low,20,,,,default_low_unverified,0.25,True,,,,0.0756,train,AI-assisted weak label; requires human review before use as gold data
bb69a1f21a0066d2,Netflix,privacy_policy,How We Use Your Personal Information,"For safety, security, and fraud prevention: When you play Netflix games with text or voice chat, or user-generated content features, we use the following categories of personal information for safety, security and fraud prevention including to secure our systems, protect our business, and to investigate, prevent, and detect prohibited or illegal activities and other security/technical issues: personal details, payment details, Netflix account/profile information, usage information, advertising information, device and network information, and communications. We and our Service Providers may monitor and/or record text and voice chat during your use of those features (but do not have the obligation to do so) for the preceding reasons, including to enforce the Netflix Games Community Guidelines (help.netflix.com/legal/gamescommunityguidelines).","For safety, security, and fraud prevention: When you play Netflix games with text or voice chat, or user-generated content features, we use the following categories of personal information for safety, security and fraud prevention including to secure our systems, protect our business, and to investigate, prevent, and detect prohibited or illegal activities and other security/technical issues: personal details, payment details, Netflix account/profile information, usage information, advertising information, device and network information, and communications. We and our Service Providers may monitor and/or record text and voice chat during your use of those features (but do not have the obligation to do so) for the preceding reasons, including to enforce the Netflix Games Community Guidelines (help.netflix.com/legal/gamescommunityguidelines).",https://netflix.com,Medium,60,tracking_profiling,profile,R003,explainable_rules,0.65,False,,,,0.0674,train,AI-assisted weak label; requires human review before use as gold data
238ce6ddf74053ea,YouTube,terms_of_service,About Software in the Service,"Open Source Some software used in our Service may be offered under an open source license that we make available to you. There may be provisions in an open source license that expressly override some of these terms, so please be sure to read those licenses.","Open Source Some software used in our Service may be offered under an open source license that we make available to you. There may be provisions in an open source license that expressly override some of these terms, so please be sure to read those licenses.",https://youtube.com,Low,20,,,,default_low_unverified,0.25,True,,,,0.0713,train,AI-assisted weak label; requires human review before use as gold data
7a69ea252d2e7f17,Google,privacy_policy,Unique identifiers,"On other platforms besides browsers, unique identifiers are used to recognise a specific device or app on that device. For example, a unique identifier such as the Advertising ID is used to provide relevant advertising on Android devices, and can be managed in your device’s settings. Unique identifiers may also be incorporated into a device by its manufacturer (sometimes called a universally unique ID or UUID), such as the IMEI-number of a mobile phone. For example, a device’s unique identifier can be used to customise our service to your device or analyse device issues related to our services.","On other platforms besides browsers, unique identifiers are used to recognise a specific device or app on that device. For example, a unique identifier such as the Advertising ID is used to provide relevant advertising on Android devices, and can be managed in your device’s settings. Unique identifiers may also be incorporated into a device by its manufacturer (sometimes called a universally unique ID or UUID), such as the IMEI-number of a mobile phone. For example, a device’s unique identifier can be used to customise our service to your device or analyse device issues related to our services.",https://google.com,Medium,60,tracking_profiling,Advertising ID,R003,explainable_rules,0.65,False,,,,0.0518,train,AI-assisted weak label; requires human review before use as gold data
87395d91e438c888,PayPal,privacy_policy,How We Use Personal Information,"Create an account connection between your account and a third-party account or platform. We may use Personal Information to connect with a third-party account, such as your social network account to facilitate payment transactions or a financial institution when you link an account to PayPal or link your PayPal account to another financial institution, directly or through the use of an aggregator.","Create an account connection between your account and a third-party account or platform. We may use Personal Information to connect with a third-party account, such as your social network account to facilitate payment transactions or a financial institution when you link an account to PayPal or link your PayPal account to another financial institution, directly or through the use of an aggregator.",https://paypal.com,Medium,60,third_party_sharing,third-party account or platform. We may use Personal Information,R001,explainable_rules,0.65,False,,,,0.1709,train,AI-assisted weak label; requires human review before use as gold data
7f6774ccf1b30a7b,Google,privacy_policy,Legal bases of processing,"Or using information that's publicly available online or from other public sources to help train Google's AI models and build products and features using these foundational technologies, like Google Translate, Gemini Apps and Cloud AI capabilities.<br> Provide, maintain and improve services to meet the needs of our users.","Or using information that's publicly available online or from other public sources to help train Google's AI models and build products and features using these foundational technologies, like Google Translate, Gemini Apps and Cloud AI capabilities.<br> Provide, maintain and improve services to meet the needs of our users.",https://google.com,Low,20,,,,default_low_unverified,0.25,True,,,,0.0484,train,AI-assisted weak label; requires human review before use as gold data
2a2a4b78355fe9a4,TikTok,privacy_policy,Information You Provide,"User Content. We collect the content you create, import, upload or publish through the Platform, such as photographs, videos, audio recordings, livestreams, comments, hashtags, feedback, reviews, and the associated metadata (such as when, where, and by whom the content was created). Even if you are not a user, information about you may appear in content created or published by users on the Platform. We collect User Content through pre-loading at the time of creation, import, or upload, regardless of whether you choose to save or upload that User Content, for example, to recommend music based on the video. We also collect content (such as text, images, and video) from your device's clipboard if you choose to copy and paste content to or from the Platform or share content between it and a third party platform. In addition, we collect location information (such as tourist attractions, shops, or other points of interest) if you choose to add the location information to your User Content.","User Content. We collect the content you create, import, upload or publish through the Platform, such as photographs, videos, audio recordings, livestreams, comments, hashtags, feedback, reviews, and the associated metadata (such as when, where, and by whom the content was created). Even if you are not a user, information about you may appear in content created or published by users on the Platform. We collect User Content through pre-loading at the time of creation, import, or upload, regardless of whether you choose to save or upload that User Content, for example, to recommend music based on the video. We also collect content (such as text, images, and video) from your device's clipboard if you choose to copy and paste content to or from the Platform or share content between it and a third party platform. In addition, we collect location information (such as tourist attractions, shops, or other points of interest) if you choose to add the location information to your User Content.",https://tiktok.com,Medium,60,third_party_sharing,"third party platform. In addition, we collect location information",R001,explainable_rules,0.65,False,,,,0.0664,train,AI-assisted weak label; requires human review before use as gold data
4822c668d7114ba7,Netflix,privacy_policy,Who We Disclose Personal Information To,"Compliance with law and enforcing the Netflix Terms of Use: We may disclose your personal information as necessary to comply with applicable law, regulation, legal process, or governmental request, and processing necessary to protect against harm to the rights, property or safety of Netflix, its users or the public, as required or permitted by law. We may disclose personal information for the following purpose: to comply with law and enforce the Netflix Terms of Use.","Compliance with law and enforcing the Netflix Terms of Use: We may disclose your personal information as necessary to comply with applicable law, regulation, legal process, or governmental request, and processing necessary to protect against harm to the rights, property or safety of Netflix, its users or the public, as required or permitted by law. We may disclose personal information for the following purpose: to comply with law and enforce the Netflix Terms of Use.",https://netflix.com,Low,20,,,,default_low_unverified,0.25,True,,,,0.0863,train,AI-assisted weak label; requires human review before use as gold data
d329e36067cd21af,TikTok,terms_of_service,3. Additional terms that apply if you use certain features,Intellectual Property Policy: This applies to all content on the Platform protected by intellectual property rights.,Intellectual Property Policy: This applies to all content on the Platform protected by intellectual property rights.,https://tiktok.com,Low,20,,,,default_low_unverified,0.25,True,,,,0.044,train,AI-assisted weak label; requires human review before use as gold data
aa40bfd736b0f197,Pinterest,privacy_policy,Information categories used,"Any of the categories of information listed in “We collect information in a few different ways” except for Precise location information (which we don’t collect from users in EEA, Switzerland, or the UK).","Any of the categories of information listed in “We collect information in a few different ways” except for Precise location information (which we don’t collect from users in EEA, Switzerland, or the UK).",https://pinterest.com,Medium,60,personal_data_collection,collect information in a few different ways” except for Precise location,R013,explainable_rules,0.65,False,,,,0.1319,train,AI-assisted weak label; requires human review before use as gold data
03fee66abfac0f47,Google,privacy_policy,Data controller,"Google LLC for users of Google services based in the United Kingdom, located at 1600 Amphitheatre Parkway, Mountain View, California 94043, USA.","Google LLC for users of Google services based in the United Kingdom, located at 1600 Amphitheatre Parkway, Mountain View, California 94043, USA.",https://google.com,Low,20,,,,default_low_unverified,0.25,True,,,,0.0438,train,AI-assisted weak label; requires human review before use as gold data
ee62bb9feab175d9,Discord,terms_of_service,"Last Updated: August 29, 2025","‍IMPORTANT NOTE: The section titled “Settling Disputes Between You and Discord” contains an arbitration clause and class-action waiver that applies to all U.S. or Canada-based Discord users. Please read this section carefully as it may significantly affect your legal rights, including your right to file a lawsuit in court.","‍IMPORTANT NOTE: The section titled “Settling Disputes Between You and Discord” contains an arbitration clause and class-action waiver that applies to all U.S. or Canada-based Discord users. Please read this section carefully as it may significantly affect your legal rights, including your right to file a lawsuit in court.",https://discord.com,High,90,liability_dispute,arbitration clause,R011,explainable_rules,0.75,True,,,,0.1491,train,AI-assisted weak label; requires human review before use as gold data
584c9d6238a9510b,Google,privacy_policy,Go to Personal Info,YouTube settings: Pause and delete your YouTube Search History and your YouTube Watch History.,YouTube settings: Pause and delete your YouTube Search History and your YouTube Watch History.,https://google.com,Low,20,,,,default_low_unverified,0.25,True,,,,0.1266,train,AI-assisted weak label; requires human review before use as gold data
af2c0107ecdb8953,Discord,terms_of_service,More important stuff,Any disclaimer of warranties such as those under the “Services ‘AS IS’” section;,Any disclaimer of warranties such as those under the “Services ‘AS IS’” section;,https://discord.com,Medium,60,liability_dispute,disclaimer,R012,explainable_rules,0.65,False,,,,0.0,train,AI-assisted weak label; requires human review before use as gold data
403bafd55c221b6e,PayPal,privacy_policy,Categories of Personal Information We Collect,"Geolocation data: Such as Global Positioning System (""GPS""), which we may collect with your consent if you have an account for financial Services, and IP-based geolocation data during your user experience or based on your mobile application settings.","Geolocation data: Such as Global Positioning System (""GPS""), which we may collect with your consent if you have an account for financial Services, and IP-based geolocation data during your user experience or based on your mobile application settings.",https://paypal.com,Medium,60,personal_data_collection,collect with your consent if you have an account for financial,R013,explainable_rules,0.65,False,,,,0.0554,train,AI-assisted weak label; requires human review before use as gold data
f3ab01e35c283874,PayPal,privacy_policy,How We Use Personal Information,"Market our Services. We may use Personal Information to provide you with information, news, and market our Services including where we partner with others to offer similar services to market about our Partners and Merchants. We use Personal Information, including when we associate information about you, to better understand and cater to your interests.","Market our Services. We may use Personal Information to provide you with information, news, and market our Services including where we partner with others to offer similar services to market about our Partners and Merchants. We use Personal Information, including when we associate information about you, to better understand and cater to your interests.",https://paypal.com,Low,20,,,,default_low_unverified,0.25,True,,,,0.0535,train,AI-assisted weak label; requires human review before use as gold data
6fb20a3d1a9808f4,YouTube,privacy_policy,Retaining your information,"When you delete data, we follow a deletion process to make sure that your data is safely and completely removed from our servers or retained only in anonymized form. We try to ensure that our services protect information from accidental or malicious deletion. Because of this, there may be delays between when you delete something and when copies are deleted from our active and backup systems.","When you delete data, we follow a deletion process to make sure that your data is safely and completely removed from our servers or retained only in anonymized form. We try to ensure that our services protect information from accidental or malicious deletion. Because of this, there may be delays between when you delete something and when copies are deleted from our active and backup systems.",https://youtube.com,High,90,retention_deletion,data is safely and completely removed from our servers or retained,R017,explainable_rules,0.75,True,,,,0.0957,train,AI-assisted weak label; requires human review before use as gold data
f6f7576f420fd1b6,TikTok,terms_of_service,4.6 Your content,"If you think we have made a mistake in removing or restricting access to your content, you can appeal through the functionality provided on the Platform. When you do this we will review our decision and decide again. More information on how to submit an appeal, our complaint handling process and other redress options is set out here (the information on this page forms part of these Terms).","If you think we have made a mistake in removing or restricting access to your content, you can appeal through the functionality provided on the Platform. When you do this we will review our decision and decide again. More information on how to submit an appeal, our complaint handling process and other redress options is set out here (the information on this page forms part of these Terms).",https://tiktok.com,Low,20,,,,default_low_unverified,0.25,True,,,,0.0419,train,AI-assisted weak label; requires human review before use as gold data
50567eaf2b2f8446,TikTok,privacy_policy,Automatically Collected Information,"Location Information. We automatically collect information about your approximate location (e.g. country, state, or city) based on your Technical Information (such as SIM card and IP address). Also, where you enable location services for the TikTok app within your device settings, we collect approximate or precise location information from your device. Click here to learn more about how we collect Location Information.","Location Information. We automatically collect information about your approximate location (e.g. country, state, or city) based on your Technical Information (such as SIM card and IP address). Also, where you enable location services for the TikTok app within your device settings, we collect approximate or precise location information from your device. Click here to learn more about how we collect Location Information.",https://tiktok.com,Medium,60,personal_data_collection,collect approximate or precise location,R013,explainable_rules,0.65,False,,,,0.2499,train,AI-assisted weak label; requires human review before use as gold data
02cceea02dffd4cd,Google,privacy_policy,We build security into our services to protect your information,"We offer a range of security features, like Safe Browsing, Security Check-Up and 2 Step Verification to help you protect your account","We offer a range of security features, like Safe Browsing, Security Check-Up and 2 Step Verification to help you protect your account",https://google.com,Low,20,,,,default_low_unverified,0.25,True,,,,0.0577,train,AI-assisted weak label; requires human review before use as gold data
c0fcbf5f57cd3ef5,Amazon,privacy_policy,Does Amazon Share Your Personal Information?,"Transactions involving Third Parties: We make available to you services, products, applications, or skills provided by third parties for use on or through Amazon Services. For example, you can order products from third parties through our stores, download applications from third-party application providers from our App Store, and enable third-party skills through our Alexa services. We also offer services or sell product lines jointly with third-party businesses, such as co-branded credit cards. You can tell when a third party is involved in your transactions, and we share customers' personal information related to those transactions with that third party.","Transactions involving Third Parties: We make available to you services, products, applications, or skills provided by third parties for use on or through Amazon Services. For example, you can order products from third parties through our stores, download applications from third-party application providers from our App Store, and enable third-party skills through our Alexa services. We also offer services or sell product lines jointly with third-party businesses, such as co-branded credit cards. You can tell when a third party is involved in your transactions, and we share customers' personal information related to those transactions with that third party.",https://amazon.com,Medium,60,third_party_sharing,"third party is involved in your transactions, and we share customers' personal information",R001,explainable_rules,0.65,False,,,,0.1035,train,AI-assisted weak label; requires human review before use as gold data
82643a92202b8209,Netflix,privacy_policy,How We Use Your Personal Information,"To provide our service including making personalized recommendations for Netflix content that we think will be of interest to you (learn more: netflix.com/recommendations). This may also include personalizing and optimizing the features and functionalities of the service (such as the way in which the recommendations are presented to you), and localizing Netflix content relevant to your geography in compliance with our content partners’ licensing terms. We use the following categories of personal information for this purpose: personal details, Netflix account/profile information, purchase information, usage information, device and network information, and communications.","To provide our service including making personalized recommendations for Netflix content that we think will be of interest to you (learn more: netflix.com/recommendations). This may also include personalizing and optimizing the features and functionalities of the service (such as the way in which the recommendations are presented to you), and localizing Netflix content relevant to your geography in compliance with our content partners’ licensing terms. We use the following categories of personal information for this purpose: personal details, Netflix account/profile information, purchase information, usage information, device and network information, and communications.",https://netflix.com,Medium,60,tracking_profiling,profile,R003,explainable_rules,0.65,False,,,,0.0531,train,AI-assisted weak label; requires human review before use as gold data
4dc0b6f04a873408,X (Twitter),privacy_policy,3. Sharing Information,"With the general public. You are directing us to disclose that information as broadly as possible. X content, including your profile information (e.g., name/pseudonym, username, profile pictures), is available for viewing by the general public. The public does not need to be signed in to view some content on X. They may also find X content off of X: for example, from search query results on Internet search engines or videos downloaded and reshared elsewhere (depending on your settings).","With the general public. You are directing us to disclose that information as broadly as possible. X content, including your profile information (e.g., name/pseudonym, username, profile pictures), is available for viewing by the general public. The public does not need to be signed in to view some content on X. They may also find X content off of X: for example, from search query results on Internet search engines or videos downloaded and reshared elsewhere (depending on your settings).",https://twitter.com,Medium,60,tracking_profiling,profile,R003,explainable_rules,0.65,False,,,,0.0574,train,AI-assisted weak label; requires human review before use as gold data
6047149556874abf,Discord,privacy_policy,For our legitimate business interests,"To report on our company’s performance. We use your information to track the fundamental metrics of our business, to perform financial reporting, to respond to regulatory obligations, and to debug billing issues.","To report on our company’s performance. We use your information to track the fundamental metrics of our business, to perform financial reporting, to respond to regulatory obligations, and to debug billing issues.",https://discord.com,Medium,60,tracking_profiling,track,R003,explainable_rules,0.65,False,,,,0.0701,train,AI-assisted weak label; requires human review before use as gold data
5c1b89de73e16814,TikTok,privacy_policy,Your Consent,"Information used: Information You Provide and Automatically Collected Information,","Information used: Information You Provide and Automatically Collected Information,",https://tiktok.com,Low,20,,,,default_low_unverified,0.25,True,,,,0.2457,train,AI-assisted weak label; requires human review before use as gold data
c38f77c5b6ba48e6,PayPal,privacy_policy,Disclosures for Individuals in Mexico,"| | | | --- | --- | | Primary Purpose | Secondary Purpose | | The primary purpose for processing your Personal are:<br><br> to provide our Services, to fulfil relevant agreements with you and to otherwise administer our business relationship with you. <br> to administer your payment for products and the customer relationship.<br> If you are using Fastlane, we will also use your Personal Data and payment method details to determine whether the payment you are making with a participating Partner or Merchant is authorized by you and likely to be successfully authorized by the payment method you choose to use when you make a purchase using details from your Fastlane profile.<br> to assess your creditworthiness in connection with your application, confirm your identity and your contact information, and protect you and others from fraud.<br> to confirm your identity, also through the use of electronic signature, and verify your personal and contact details.<br> to prove that transactions have been executed.<br> to establish, exercise or defend a legal claim or collection procedure.<br> to comply with internal procedures.<br> to assess which payment options and services to offer you, for example by carrying out internal and external credit assessments.<br> for customer analysis, to administer our Services, and for internal operations, for example troubleshooting, data analysis, testing, research and statistical purposes.<br> to communicate with you in relation to our Services.<br> to ensure that content is presented in the most effective way for you and your device.<br> to determine your eligibility for and to communicate with you about Services for which you may qualify or that may be of interest to you <br> to carry out risk analysis, fraud prevention and risk management (e.g., through Automated Decision Making and AI).<br> to improve our Services and for general business development purposes, for example improving risk models to minimize fraud, develop new products and features and explore new business opportunities.<br> To keep your PayPal account and financial information up to date.<br> for marketing, product and customer analysis, including testing, for example to improve our product range and optimize our customer offerings.<br> to comply with applicable laws, bookkeeping laws, regulatory capital adequacy requirements, and rules issued by our designated banks and relevant card networks.","| | | | --- | --- | | Primary Purpose | Secondary Purpose | | The primary purpose for processing your Personal are:<br><br> to provide our Services, to fulfil relevant agreements with you and to otherwise administer our business relationship with you. <br> to administer your payment for products and the customer relationship.<br> If you are using Fastlane, we will also use your Personal Data and payment method details to determine whether the payment you are making with a participating Partner or Merchant is authorized by you and likely to be successfully authorized by the payment method you choose to use when you make a purchase using details from your Fastlane profile.<br> to assess your creditworthiness in connection with your application, confirm your identity and your contact information, and protect you and others from fraud.<br> to confirm your identity, also through the use of electronic signature, and verify your personal and contact details.<br> to prove that transactions have been executed.<br> to establish, exercise or defend a legal claim or collection procedure.<br> to comply with internal procedures.<br> to assess which payment options and services to offer you, for example by carrying out internal and external credit assessments.<br> for customer analysis, to administer our Services, and for internal operations, for example troubleshooting, data analysis, testing, research and statistical purposes.<br> to communicate with you in relation to our Services.<br> to ensure that content is presented in the most effective way for you and your device.<br> to determine your eligibility for and to communicate with you about Services for which you may qualify or that may be of interest to you <br> to carry out risk analysis, fraud prevention and risk management (e.g., through Automated Decision Making and AI).<br> to improve our Services and for general business development purposes, for example improving risk models to minimize fraud, develop new products and features and explore new business opportunities.<br> To keep your PayPal account and financial information up to date.<br> for marketing, product and customer analysis, including testing, for example to improve our product range and optimize our customer offerings.<br> to comply with applicable laws, bookkeeping laws, regulatory capital adequacy requirements, and rules issued by our designated banks and relevant card networks.",https://paypal.com,Medium,60,tracking_profiling,profile,R003,explainable_rules,0.65,False,,,,0.0789,train,AI-assisted weak label; requires human review before use as gold data
d62aaaf25fe6a850,Netflix,privacy_policy,Section C: Access to Account and Profiles,Profile Transfers: The profile transfer feature on your account allows you and users with access to your account to transfer an eligible profile from your account to a separate account (including information such as viewing history and recommendations). You can change the setting for this feature in the “Account” section of our website. You can learn more here: help.netflix.com/node/122698.,Profile Transfers: The profile transfer feature on your account allows you and users with access to your account to transfer an eligible profile from your account to a separate account (including information such as viewing history and recommendations). You can change the setting for this feature in the “Account” section of our website. You can learn more here: help.netflix.com/node/122698.,https://netflix.com,Medium,60,tracking_profiling,Profile,R003,explainable_rules,0.65,False,,,,0.0454,train,AI-assisted weak label; requires human review before use as gold data
2f35c5d54ce5e534,Instagram,privacy_policy,Providing and improving Meta Products,"The provision of the Meta Products includes collecting, storing, and, where relevant, sharing, profiling, reviewing and curating, and in some instances not only automated processing but also manual (human) reviewing, to:","The provision of the Meta Products includes collecting, storing, and, where relevant, sharing, profiling, reviewing and curating, and in some instances not only automated processing but also manual (human) reviewing, to:",https://instagram.com,Medium,60,tracking_profiling,profiling,R003,explainable_rules,0.65,False,,,,0.0733,train,AI-assisted weak label; requires human review before use as gold data
97bdd7706e5011e4,Pinterest,privacy_policy,How and when we share information,"With our corporate family of companies, including wholly-owned subsidiaries and affiliates. If we were to engage in a merger, acquisition, bankruptcy, dissolution, reorganization, or similar transaction or proceeding that involves the transfer of the information described in this Privacy Policy, we would share your information with a party involved in such a process (for example, a potential purchaser).","With our corporate family of companies, including wholly-owned subsidiaries and affiliates. If we were to engage in a merger, acquisition, bankruptcy, dissolution, reorganization, or similar transaction or proceeding that involves the transfer of the information described in this Privacy Policy, we would share your information with a party involved in such a process (for example, a potential purchaser).",https://pinterest.com,Low,20,,,,default_low_unverified,0.25,True,,,,0.0281,train,AI-assisted weak label; requires human review before use as gold data
0dbe062b1d4c923c,Pinterest,privacy_policy,How and when we share information,"Anyone can see the public content you post, such as boards and Pins you create and public profile information you give us. Depending on where you live, we also make this public information available through what are called APIs (a technical way to share information quickly). For example, a partner can study what their most popular Pins are or how their Pins are being shared on Pinterest by using a Pinterest API. We also share the categories of information described above:","Anyone can see the public content you post, such as boards and Pins you create and public profile information you give us. Depending on where you live, we also make this public information available through what are called APIs (a technical way to share information quickly). For example, a partner can study what their most popular Pins are or how their Pins are being shared on Pinterest by using a Pinterest API. We also share the categories of information described above:",https://pinterest.com,Medium,60,tracking_profiling,profile,R003,explainable_rules,0.65,False,,,,0.0797,train,AI-assisted weak label; requires human review before use as gold data
1a70eefbf8e073e7,Amazon,privacy_policy,Information You Give Us When You Use Amazon Services,use Login with Amazon or otherwise link your Amazon account to a third-party business;,use Login with Amazon or otherwise link your Amazon account to a third-party business;,https://amazon.com,Low,20,,,,default_low_unverified,0.25,True,,,,0.0646,train,AI-assisted weak label; requires human review before use as gold data
2661686dad389911,Netflix,privacy_policy,Retention of Personal Information,"Specifically, we retain personal information for as long as necessary to fulfill the following purposes: to provide our service; to administer and operate our business; to research, analyze, and improve our services; to send marketing and informational messages; to support advertisements; for safety, security, and fraud prevention; and to comply with law and enforce the Netflix Terms of Use. Our retention of personal information is based on many factors such as your relationship with Netflix (for example, whether you are a current Netflix member), the nature of the personal information, our legal obligations, and the need to defend or resolve current or anticipated legal claims.","Specifically, we retain personal information for as long as necessary to fulfill the following purposes: to provide our service; to administer and operate our business; to research, analyze, and improve our services; to send marketing and informational messages; to support advertisements; for safety, security, and fraud prevention; and to comply with law and enforce the Netflix Terms of Use. Our retention of personal information is based on many factors such as your relationship with Netflix (for example, whether you are a current Netflix member), the nature of the personal information, our legal obligations, and the need to defend or resolve current or anticipated legal claims.",https://netflix.com,Medium,60,retention_deletion,retain personal information for as long as necessary,R004,explainable_rules,0.65,False,,,,0.1076,train,AI-assisted weak label; requires human review before use as gold data
45b28766dd334f41,YouTube,privacy_policy,Your activity,"If you use our services to make and receive calls or send and receive messages, we may collect call and message log information like your phone number, calling-party number, receiving-party number, forwarding numbers, sender and recipient email address, time and date of calls and messages, duration of calls, routing information, and types and volumes of calls and messages.","If you use our services to make and receive calls or send and receive messages, we may collect call and message log information like your phone number, calling-party number, receiving-party number, forwarding numbers, sender and recipient email address, time and date of calls and messages, duration of calls, routing information, and types and volumes of calls and messages.",https://youtube.com,Low,20,,,,default_low_unverified,0.25,True,,,,0.0569,train,AI-assisted weak label; requires human review before use as gold data
01c669fda3d6c79e,Google,privacy_policy,Activity on Google services,You can view and control your Web & App Activity at My Activity.,You can view and control your Web & App Activity at My Activity.,https://google.com,Low,20,,,,default_low_unverified,0.25,True,,,,0.0858,train,AI-assisted weak label; requires human review before use as gold data
116713a11166052f,PayPal,privacy_policy,Non-Account Holders,"Our Services may be accessed by individuals without a PayPal account or profile. We will collect Personal Information from you even if you are a non-account holder when you use our Services, such as when you use our Pay without a PayPal Account, use Unbranded Payment Services (e.g., Braintree), use a Fastlane profile, or when you receive a payment through the Visa+ service from a PayPal account holder or a payment from a payor using the Hyperwallet services. If you Pay without a PayPal account, we may link your transaction information with your PayPal account if you create a PayPal account later.","Our Services may be accessed by individuals without a PayPal account or profile. We will collect Personal Information from you even if you are a non-account holder when you use our Services, such as when you use our Pay without a PayPal Account, use Unbranded Payment Services (e.g., Braintree), use a Fastlane profile, or when you receive a payment through the Visa+ service from a PayPal account holder or a payment from a payor using the Hyperwallet services. If you Pay without a PayPal account, we may link your transaction information with your PayPal account if you create a PayPal account later.",https://paypal.com,Medium,60,tracking_profiling,profile,R003,explainable_rules,0.65,False,,,,0.1523,train,AI-assisted weak label; requires human review before use as gold data
247a5a8af92e3b8a,TikTok,privacy_policy,Protect the Platform and defend legal rights,"If you are under the age of majority (under 18 in most relevant countries), with a limited ability to enter into an enforceable contract only, where we may be unable to process your information on the grounds of contractual necessity, we rely on legitimate interests and use the information we collect to:","If you are under the age of majority (under 18 in most relevant countries), with a limited ability to enter into an enforceable contract only, where we may be unable to process your information on the grounds of contractual necessity, we rely on legitimate interests and use the information we collect to:",https://tiktok.com,Low,20,,,,default_low_unverified,0.25,True,,,,0.0781,train,AI-assisted weak label; requires human review before use as gold data
200ec60c1de930ff,PayPal,privacy_policy,International Transfers of Personal Information,"In practice, this means that we will only transfer your Personal Information to a non-EEA or non-UK recipient where: (i) the recipient is located in a country that the European Commission has decided is adequate to receive Personal Information from the EEA or the UK Secretary of State has decided is adequate to receive Personal Information from the UK (as applicable); (ii) the recipient has signed appropriate contractual terms with us that incorporate the European Commission’s Standard Contractual Clauses or the UK Information Commissioner’s International Data Transfer Agreement or International Data Transfer Addendum (as applicable); or (iii) a data transfer derogation applies (for example, where you have consented to the transfer of your personal information).","In practice, this means that we will only transfer your Personal Information to a non-EEA or non-UK recipient where: (i) the recipient is located in a country that the European Commission has decided is adequate to receive Personal Information from the EEA or the UK Secretary of State has decided is adequate to receive Personal Information from the UK (as applicable); (ii) the recipient has signed appropriate contractual terms with us that incorporate the European Commission’s Standard Contractual Clauses or the UK Information Commissioner’s International Data Transfer Agreement or International Data Transfer Addendum (as applicable); or (iii) a data transfer derogation applies (for example, where you have consented to the transfer of your personal information).",https://paypal.com,Low,20,,,,default_low_unverified,0.25,True,,,,0.0393,train,AI-assisted weak label; requires human review before use as gold data
bd305d8fb5c4fea1,Google,privacy_policy,Legal bases of processing,"For example, informing you about our services, such as to let you know about upcoming changes or improvements to our services.<br> Marketing to inform users about our services. For example, emailing users of Photos about a printing promotion. | | To protect Google, our users and the public<br><br>To help improve the safety and reliability of our services, including detecting, preventing and responding to fraud, abuse, security risks and technical issues that could harm Google, our users or the public.<br><br>Examples of processing activities:<br><br> We collect and analyse IP addresses and cookie data to protect against automated abuse. This abuse takes many forms, such as sending spam to Gmail users, stealing money from advertisers by fraudulently clicking on ads or censoring content by launching a Distributed Denial of Service (DDoS) attack.<br> The 'last account activity' feature in Gmail can help you find out if and when someone accessed your email without your knowledge.","For example, informing you about our services, such as to let you know about upcoming changes or improvements to our services.<br> Marketing to inform users about our services. For example, emailing users of Photos about a printing promotion. | | To protect Google, our users and the public<br><br>To help improve the safety and reliability of our services, including detecting, preventing and responding to fraud, abuse, security risks and technical issues that could harm Google, our users or the public.<br><br>Examples of processing activities:<br><br> We collect and analyse IP addresses and cookie data to protect against automated abuse. This abuse takes many forms, such as sending spam to Gmail users, stealing money from advertisers by fraudulently clicking on ads or censoring content by launching a Distributed Denial of Service (DDoS) attack.<br> The 'last account activity' feature in Gmail can help you find out if and when someone accessed your email without your knowledge.",https://google.com,Low,20,,,,default_low_unverified,0.25,True,,,,0.0378,train,AI-assisted weak label; requires human review before use as gold data
8bf93970cfeb5dfc,Netflix,privacy_policy,"Cookies and Similar Technologies, Pixel Tags, and other Identifiers","If you use a Netflix app (such as the main Netflix app, or a Netflix game app) on a mobile device, tablet, or streaming media device, we may collect a resettable device identifier from your device. Resettable device identifiers can be used like cookies and are found on many mobile devices and tablets (for example, the “Identifier for Advertisers” on Apple iOS devices and the “Google Advertising ID” on Android devices), and certain streaming media devices.","If you use a Netflix app (such as the main Netflix app, or a Netflix game app) on a mobile device, tablet, or streaming media device, we may collect a resettable device identifier from your device. Resettable device identifiers can be used like cookies and are found on many mobile devices and tablets (for example, the “Identifier for Advertisers” on Apple iOS devices and the “Google Advertising ID” on Android devices), and certain streaming media devices.",https://netflix.com,Medium,60,tracking_profiling,Advertising ID,R003,explainable_rules,0.65,False,,,,0.0673,train,AI-assisted weak label; requires human review before use as gold data
eb903b8288427328,Google,terms_of_service,EU Platform-to-Business Regulation,The Regulation (EU) 2019/1150 on promoting fairness and transparency for business users of online intermediation services.,The Regulation (EU) 2019/1150 on promoting fairness and transparency for business users of online intermediation services.,https://google.com,Low,20,,,,default_low_unverified,0.25,True,,,,0.0297,train,AI-assisted weak label; requires human review before use as gold data
5c31d4f0bd861150,YouTube,privacy_policy,Maintain & improve our services,"We also use your information to ensure our services are working as intended, such as tracking outages or troubleshooting issues that you report to us. And we use your information to make improvements to our services — for example, understanding which search terms are most frequently misspelled helps us improve spell-check features used across our services.","We also use your information to ensure our services are working as intended, such as tracking outages or troubleshooting issues that you report to us. And we use your information to make improvements to our services — for example, understanding which search terms are most frequently misspelled helps us improve spell-check features used across our services.",https://youtube.com,Medium,60,tracking_profiling,tracking,R003,explainable_rules,0.65,False,,,,0.0502,train,AI-assisted weak label; requires human review before use as gold data
eced928481727929,Amazon,terms_of_service,DISPUTES,"YOU AND WE AGREE THAT ANY DISPUTE OR CLAIM RELATING IN ANY WAY TO YOUR USE OF ANY AMAZON SERVICE, OR TO ANY PRODUCTS OR SERVICES SOLD OR DISTRIBUTED BY AMAZON OR THROUGH AMAZON.COM, WILL BE RESOLVED BY BINDING ARBITRATION RATHER THAN IN COURT. The only exceptions are: (i) if the dispute or claim qualifies for small claims court in the jurisdiction in which you reside, then you or we may sue there instead; (ii) you or we may seek injunctive relief in court to stop infringement or misuse of intellectual property rights (like trademarks, copyrights, and patents), or to restrain future violations of the law for the benefit of the general public as a whole, rather than a subset of similarly situated persons; and (iii) all disputes about whether you or we complied with the pre-arbitration dispute resolution procedure set forth below (which is a condition precedent to filing arbitration) must be decided by a court and not by an arbitrator.","YOU AND WE AGREE THAT ANY DISPUTE OR CLAIM RELATING IN ANY WAY TO YOUR USE OF ANY AMAZON SERVICE, OR TO ANY PRODUCTS OR SERVICES SOLD OR DISTRIBUTED BY AMAZON OR THROUGH AMAZON.COM, WILL BE RESOLVED BY BINDING ARBITRATION RATHER THAN IN COURT. The only exceptions are: (i) if the dispute or claim qualifies for small claims court in the jurisdiction in which you reside, then you or we may sue there instead; (ii) you or we may seek injunctive relief in court to stop infringement or misuse of intellectual property rights (like trademarks, copyrights, and patents), or to restrain future violations of the law for the benefit of the general public as a whole, rather than a subset of similarly situated persons; and (iii) all disputes about whether you or we complied with the pre-arbitration dispute resolution procedure set forth below (which is a condition precedent to filing arbitration) must be decided by a court and not by an arbitrator.",https://amazon.com,High,90,liability_dispute,BINDING ARBITRATION,R011,explainable_rules,0.75,True,,,,0.0415,train,AI-assisted weak label; requires human review before use as gold data
6bacd684d6f93371,Pinterest,privacy_policy,Your Rights and Choices,Correction/rectification: You can correct your information by updating information in your profile.,Correction/rectification: You can correct your information by updating information in your profile.,https://pinterest.com,Medium,60,tracking_profiling,profile,R003,explainable_rules,0.65,False,,,,0.1038,train,AI-assisted weak label; requires human review before use as gold data
4dc5b327bd9886ad,Netflix,privacy_policy,Section C: Access to Account and Profiles,"If you share or otherwise allow others to have access to your account, they may be able to see viewing information, account information in the “Account” section of the service, and game related information such as text chat contents and saved game information. This remains true even when you use the profiles feature, although you can add a Profile Lock PIN to restrict streaming access on a profile (see help.netflix.com/node/114277). Please note that viewing history, recommendations, “continue watching” and similar information may be made available through various features and user experiences, such as Partner interfaces that are integrated with the Netflix service.","If you share or otherwise allow others to have access to your account, they may be able to see viewing information, account information in the “Account” section of the service, and game related information such as text chat contents and saved game information. This remains true even when you use the profiles feature, although you can add a Profile Lock PIN to restrict streaming access on a profile (see help.netflix.com/node/114277). Please note that viewing history, recommendations, “continue watching” and similar information may be made available through various features and user experiences, such as Partner interfaces that are integrated with the Netflix service.",https://netflix.com,High,90,tracking_profiling,add a Profile Lock PIN to restrict streaming access on a profile || profiles,R019|R003,explainable_rules,0.75,True,,,,0.0518,train,AI-assisted weak label; requires human review before use as gold data
f32000653817ce5f,X (Twitter),privacy_policy,"Before you scroll, read this","It’s really hard to make everyone happy with a Privacy Policy. Most people who use X want something short and easy to understand. While we wish we could fit everything you need to know into a post, our regulators ask us to meet our legal obligations by describing them all in a lot of detail.","It’s really hard to make everyone happy with a Privacy Policy. Most people who use X want something short and easy to understand. While we wish we could fit everything you need to know into a post, our regulators ask us to meet our legal obligations by describing them all in a lot of detail.",https://twitter.com,Low,20,,,,default_low_unverified,0.25,True,,,,0.092,train,AI-assisted weak label; requires human review before use as gold data
b1395092cddbf710,Pinterest,privacy_policy,How we use the info we collect,"Allow searching with photos, if you choose. For example, if you take a photo of a pair of shoes or a piece of furniture you like, you can ask us to show you similar items. You can opt in to this in your device operating system settings.","Allow searching with photos, if you choose. For example, if you take a photo of a pair of shoes or a piece of furniture you like, you can ask us to show you similar items. You can opt in to this in your device operating system settings.",https://pinterest.com,Low,20,,,,default_low_unverified,0.25,True,,,,0.0541,train,AI-assisted weak label; requires human review before use as gold data
8627730dc0a596f8,X (Twitter),privacy_policy,1. Information We Collect,"Information about your device and its settings, such as device and advertising ID, operating system, carrier, language, memory, apps installed, and battery level.","Information about your device and its settings, such as device and advertising ID, operating system, carrier, language, memory, apps installed, and battery level.",https://twitter.com,Medium,60,tracking_profiling,advertising ID,R003,explainable_rules,0.65,False,,,,0.0714,train,AI-assisted weak label; requires human review before use as gold data
545d8178e36aa332,PayPal,privacy_policy,"Summary of Personal Information Collected and Disclosed in the Prior 12 Months, Including under the California Consumer Privacy Act, as amended by the California Privacy Rights Act (“CCPA”)","| | | | | --- | --- | --- | | Categories of Personal Information We Collect | Purpose of Collection and Disclosure | Categories of 3rd Parties to which PayPal Discloses this Personal Information for Business Purpose | | Identifiers | Provide Services<br> Communicate with you<br> Link an account<br> Manage and improve our Services<br> Manage fraud and risk<br> Market our Services<br> Comply with laws<br> Process information about your contacts<br> Communicate with you<br> Provide receipts in connection with PayPal Point of Sale services<br> Remember your preferences<br> Associate information about you | PayPal and PayPal affiliates<br> Authorities<br> Other financial institutions<br> Card networks and payment Processors<br> Fraud prevention and identity verification agencies<br> CRAs<br> Service providers<br> Other Users in accordance with account settings<br> Linked accounts<br> Partners and Merchants<br> Other third parties<br> Buyers in connection with a business transfer | | Records and Financial Information (including Personal Information described in California Customer Records Act) | Provide Services<br> Communicate with you<br> Link an account<br> Keep your account and Fastlane profile and financial information up to date<br> Manage and improve our Services<br> Manage fraud and risk<br> Market our Services<br> Provide personalized Services<br> Comply with laws<br> Process information about your contacts<br> Communicate with you | PayPal and PayPal affiliates<br> Authorities<br> Other financial institutions<br> Card networks and payment processors<br> Fraud prevention and identity verification agencies<br> CRAs<br> Service providers<br> Other Users in accordance with account settings<br> Linked accounts<br> Partners and Merchants<br> Other third parties for business purposes<br> Buyers in connection with a business transfer | | Commercial information | Provide Services<br> Communicate with you<br> Manage and improve our Services<br> Manage fraud and risk<br> Market our Services<br> Comply with laws<br> Remember your preferences<br> Associate information about you | PayPal and PayPal affiliates<br> Service providers<br> Authorities<br> Other financial institutions<br> Partners and Merchants<br> Other third parties<br> Buyers or in connection with business transfer<br> Other Users if you have a business profile | | Geolocation Data | Send you location-based options<br> Manage fraud and risk | Authorities<br> PayPal and PayPal affiliates<br> Service providers<br> Other financial institutions<br> Partners and Merchants | | Internet or network activity | Operate and provide Services<br> Communicate with you<br> Manage and improve Services<br> Market our Services<br> Send you locally relevant options<br> Comply with laws | PayPal and PayPal affiliates<br> Service providers<br> Other financial institutions<br> Partners and Merchants<br> Authorities | | Biometric | Authenticate you for certain actions related to your account, including to:<br><br> meet regulatory requirements or before you access accounts and Services;<br> recover passwords;<br> update profile information;<br> manage payments and payment methods;<br> lift account limitations; and<br> initiate third-party crypto currency transfers. | Service providers | | Audio, electronic, visual, or similar information | Provide Services<br> Authenticate your access to an account or Fastlane profile<br> Manage and improve Services<br> Manage fraud and risk | Service providers<br> PayPal and PayPal affiliates<br> Merchants and Partners<br> Authorities | | Professional or employment information | Provide Services<br> Manage fraud and risk | Service providers<br> PayPal and PayPal affiliates<br> Merchants and Partners<br> Authorities<br> Other financial institutions | | Information about your imported contacts | Provide Services | Service providers | | Information in your PayPal, Hyperwallet or Xoom account or Fastlane profile | Provide Services | Service providers<br> PayPal and PayPal affiliates<br> Merchants and Partners<br> Authorities<br> Other financial institutions | | Information you provide when you contact us | Provide Services<br> Authenticate your access to an account or Fastlane profile<br> Manage and improve<br> Services<br> Manage fraud and risk | Service providers<br> PayPal and PayPal affiliates<br> Merchants and Partners<br> Authorities | | Inferred data | Provide Services<br> Manage fraud and risk<br> Market our Services<br> Display content based on your interest<br> Better respond to your requests or inquiries or for similar customer service issues<br> Verify your identity<br> Conduct risk assessment | PayPal and PayPal affiliates<br> Service Providers<br> Other financial institutions<br> Merchants and Partners<br> Authorities | | Sensitive Personal Information | Provide Services<br> Manage fraud and risk | PayPal and PayPal affiliates<br> Service providers<br> Other financial institutions<br> Merchants and Partners<br> Authorities<br> Buyers or in connection with<br> business transfer | | Characteristics of Protected Classifications | Provide our Services<br> Manage risk | PayPal and PayPal affiliates<br> Service providers<br> Authorities | | Information from your device | Provide Services<br> Manage and improve our Services<br> Manage fraud and risk<br> Communicate with you<br> Link an account<br> Market our Services<br> Personalize your experience <br> Comply with laws | PayPal and PayPal affiliates<br> Service providers<br> Other financial institutions<br> Merchants and Partners<br> Authorities |","| | | | | --- | --- | --- | | Categories of Personal Information We Collect | Purpose of Collection and Disclosure | Categories of 3rd Parties to which PayPal Discloses this Personal Information for Business Purpose | | Identifiers | Provide Services<br> Communicate with you<br> Link an account<br> Manage and improve our Services<br> Manage fraud and risk<br> Market our Services<br> Comply with laws<br> Process information about your contacts<br> Communicate with you<br> Provide receipts in connection with PayPal Point of Sale services<br> Remember your preferences<br> Associate information about you | PayPal and PayPal affiliates<br> Authorities<br> Other financial institutions<br> Card networks and payment Processors<br> Fraud prevention and identity verification agencies<br> CRAs<br> Service providers<br> Other Users in accordance with account settings<br> Linked accounts<br> Partners and Merchants<br> Other third parties<br> Buyers in connection with a business transfer | | Records and Financial Information (including Personal Information described in California Customer Records Act) | Provide Services<br> Communicate with you<br> Link an account<br> Keep your account and Fastlane profile and financial information up to date<br> Manage and improve our Services<br> Manage fraud and risk<br> Market our Services<br> Provide personalized Services<br> Comply with laws<br> Process information about your contacts<br> Communicate with you | PayPal and PayPal affiliates<br> Authorities<br> Other financial institutions<br> Card networks and payment processors<br> Fraud prevention and identity verification agencies<br> CRAs<br> Service providers<br> Other Users in accordance with account settings<br> Linked accounts<br> Partners and Merchants<br> Other third parties for business purposes<br> Buyers in connection with a business transfer | | Commercial information | Provide Services<br> Communicate with you<br> Manage and improve our Services<br> Manage fraud and risk<br> Market our Services<br> Comply with laws<br> Remember your preferences<br> Associate information about you | PayPal and PayPal affiliates<br> Service providers<br> Authorities<br> Other financial institutions<br> Partners and Merchants<br> Other third parties<br> Buyers or in connection with business transfer<br> Other Users if you have a business profile | | Geolocation Data | Send you location-based options<br> Manage fraud and risk | Authorities<br> PayPal and PayPal affiliates<br> Service providers<br> Other financial institutions<br> Partners and Merchants | | Internet or network activity | Operate and provide Services<br> Communicate with you<br> Manage and improve Services<br> Market our Services<br> Send you locally relevant options<br> Comply with laws | PayPal and PayPal affiliates<br> Service providers<br> Other financial institutions<br> Partners and Merchants<br> Authorities | | Biometric | Authenticate you for certain actions related to your account, including to:<br><br> meet regulatory requirements or before you access accounts and Services;<br> recover passwords;<br> update profile information;<br> manage payments and payment methods;<br> lift account limitations; and<br> initiate third-party crypto currency transfers. | Service providers | | Audio, electronic, visual, or similar information | Provide Services<br> Authenticate your access to an account or Fastlane profile<br> Manage and improve Services<br> Manage fraud and risk | Service providers<br> PayPal and PayPal affiliates<br> Merchants and Partners<br> Authorities | | Professional or employment information | Provide Services<br> Manage fraud and risk | Service providers<br> PayPal and PayPal affiliates<br> Merchants and Partners<br> Authorities<br> Other financial institutions | | Information about your imported contacts | Provide Services | Service providers | | Information in your PayPal, Hyperwallet or Xoom account or Fastlane profile | Provide Services | Service providers<br> PayPal and PayPal affiliates<br> Merchants and Partners<br> Authorities<br> Other financial institutions | | Information you provide when you contact us | Provide Services<br> Authenticate your access to an account or Fastlane profile<br> Manage and improve<br> Services<br> Manage fraud and risk | Service providers<br> PayPal and PayPal affiliates<br> Merchants and Partners<br> Authorities | | Inferred data | Provide Services<br> Manage fraud and risk<br> Market our Services<br> Display content based on your interest<br> Better respond to your requests or inquiries or for similar customer service issues<br> Verify your identity<br> Conduct risk assessment | PayPal and PayPal affiliates<br> Service Providers<br> Other financial institutions<br> Merchants and Partners<br> Authorities | | Sensitive Personal Information | Provide Services<br> Manage fraud and risk | PayPal and PayPal affiliates<br> Service providers<br> Other financial institutions<br> Merchants and Partners<br> Authorities<br> Buyers or in connection with<br> business transfer | | Characteristics of Protected Classifications | Provide our Services<br> Manage risk | PayPal and PayPal affiliates<br> Service providers<br> Authorities | | Information from your device | Provide Services<br> Manage and improve our Services<br> Manage fraud and risk<br> Communicate with you<br> Link an account<br> Market our Services<br> Personalize your experience <br> Comply with laws | PayPal and PayPal affiliates<br> Service providers<br> Other financial institutions<br> Merchants and Partners<br> Authorities |",https://paypal.com,Medium,60,tracking_profiling,profile,R003,explainable_rules,0.65,False,,,,0.0277,train,AI-assisted weak label; requires human review before use as gold data
9d2c6386371ff8ed,Netflix,privacy_policy,How can I exercise choice regarding these technologies?,"To exercise choice regarding Netflix’s use of hashed identifiers for Netflix marketing communications on third party services, please configure the appropriate setting under Matched Identifier Communications in the “Privacy and data settings” (for the relevant profile) within the “Account” section of our website.","To exercise choice regarding Netflix’s use of hashed identifiers for Netflix marketing communications on third party services, please configure the appropriate setting under Matched Identifier Communications in the “Privacy and data settings” (for the relevant profile) within the “Account” section of our website.",https://netflix.com,Medium,60,tracking_profiling,profile,R003,explainable_rules,0.65,False,,,,0.0518,train,AI-assisted weak label; requires human review before use as gold data
62fcb8a3fcd1e7db,Netflix,privacy_policy,How We Use Your Personal Information,"To comply with law and enforce the Netflix Terms of Use including to satisfy applicable law, regulation, legal process, or governmental request, and to protect against harm to the rights, property or safety of Netflix, its users or the public, as required or permitted by law, and to enforce applicable community guidelines. This also includes determining whether a particular device is permitted to use the account consistent with the Netflix Terms of Use. We use the following categories of personal information for this purpose: personal details, payment details, Netflix account/profile information, usage information, advertising information, device and network information, and communications.","To comply with law and enforce the Netflix Terms of Use including to satisfy applicable law, regulation, legal process, or governmental request, and to protect against harm to the rights, property or safety of Netflix, its users or the public, as required or permitted by law, and to enforce applicable community guidelines. This also includes determining whether a particular device is permitted to use the account consistent with the Netflix Terms of Use. We use the following categories of personal information for this purpose: personal details, payment details, Netflix account/profile information, usage information, advertising information, device and network information, and communications.",https://netflix.com,Medium,60,tracking_profiling,profile,R003,explainable_rules,0.65,False,,,,0.0538,train,AI-assisted weak label; requires human review before use as gold data
59f5920618c6abaa,Discord,terms_of_service,Limitation of liability,"IN JURISDICTIONS WHERE EXCLUSIONS OR LIMITATIONS OF LIABILITY ARE ALLOWED, NEITHER DISCORD, ITS AFFILIATES, NOR OUR SUPPLIERS INVOLVED IN CREATING, PRODUCING, OR DELIVERING THE SERVICES WILL BE LIABLE, TO THE MAXIMUM EXTENT PERMITTED UNDER APPLICABLE LAW, FOR ANY INCIDENTAL, SPECIAL, EXEMPLARY, OR CONSEQUENTIAL DAMAGES, OR DAMAGES FOR LOST PROFITS, LOST REVENUES, LOST SAVINGS, LOST BUSINESS OPPORTUNITY, LOSS OF DATA OR GOODWILL, SERVICE INTERRUPTION, COMPUTER DAMAGE OR SYSTEM FAILURE, OR THE COST OF SUBSTITUTE SERVICES OF ANY KIND ARISING OUT OF OR IN CONNECTION WITH THESE TERMS OR FROM THE USE OF OR INABILITY TO USE THE SERVICES, WHETHER BASED ON WARRANTY, CONTRACT, STATUTE, TORT (INCLUDING NEGLIGENCE), PRODUCT LIABILITY, OR ANY OTHER LEGAL THEORY, AND WHETHER OR NOT DISCORD OR ITS SUPPLIERS HAVE BEEN INFORMED OF THE POSSIBILITY OF SUCH DAMAGE, EVEN IF A LIMITED REMEDY PROVIDED IN THESE TERMS IS FOUND TO HAVE FAILED OF ITS ESSENTIAL PURPOSE.","IN JURISDICTIONS WHERE EXCLUSIONS OR LIMITATIONS OF LIABILITY ARE ALLOWED, NEITHER DISCORD, ITS AFFILIATES, NOR OUR SUPPLIERS INVOLVED IN CREATING, PRODUCING, OR DELIVERING THE SERVICES WILL BE LIABLE, TO THE MAXIMUM EXTENT PERMITTED UNDER APPLICABLE LAW, FOR ANY INCIDENTAL, SPECIAL, EXEMPLARY, OR CONSEQUENTIAL DAMAGES, OR DAMAGES FOR LOST PROFITS, LOST REVENUES, LOST SAVINGS, LOST BUSINESS OPPORTUNITY, LOSS OF DATA OR GOODWILL, SERVICE INTERRUPTION, COMPUTER DAMAGE OR SYSTEM FAILURE, OR THE COST OF SUBSTITUTE SERVICES OF ANY KIND ARISING OUT OF OR IN CONNECTION WITH THESE TERMS OR FROM THE USE OF OR INABILITY TO USE THE SERVICES, WHETHER BASED ON WARRANTY, CONTRACT, STATUTE, TORT (INCLUDING NEGLIGENCE), PRODUCT LIABILITY, OR ANY OTHER LEGAL THEORY, AND WHETHER OR NOT DISCORD OR ITS SUPPLIERS HAVE BEEN INFORMED OF THE POSSIBILITY OF SUCH DAMAGE, EVEN IF A LIMITED REMEDY PROVIDED IN THESE TERMS IS FOUND TO HAVE FAILED OF ITS ESSENTIAL PURPOSE.",https://discord.com,Low,20,,,,default_low_unverified,0.25,True,,,,0.0646,train,AI-assisted weak label; requires human review before use as gold data
df835c56c18113a5,PayPal,privacy_policy,Notice for Users in the UK,"We also set out in the list of third parties, under each ""Category"", non-exclusive examples of the actual third parties (which may include their assigns and successors) to whom we currently disclose your account information or to whom we may consider disclosing your account information, together with the purpose of doing so, and the actual information we disclose (except as explicitly stated, these third parties are limited by law or by contract from using the information for secondary purposes beyond the purposes for which the information was shared). Disclose necessary information to your agent or legal representative (such as the holder of a power of attorney that you grant, or a guardian appointed for you). Disclose aggregated statistical data with our business partners or for public relations. For example, we may disclose that a specific percentage of our users live in Manchester. However, this aggregated information is not tied to Personal Data. Share necessary account information with unaffiliated third parties (listed here) for their use for the following purposes:","We also set out in the list of third parties, under each ""Category"", non-exclusive examples of the actual third parties (which may include their assigns and successors) to whom we currently disclose your account information or to whom we may consider disclosing your account information, together with the purpose of doing so, and the actual information we disclose (except as explicitly stated, these third parties are limited by law or by contract from using the information for secondary purposes beyond the purposes for which the information was shared). Disclose necessary information to your agent or legal representative (such as the holder of a power of attorney that you grant, or a guardian appointed for you). Disclose aggregated statistical data with our business partners or for public relations. For example, we may disclose that a specific percentage of our users live in Manchester. However, this aggregated information is not tied to Personal Data. Share necessary account information with unaffiliated third parties (listed here) for their use for the following purposes:",https://paypal.com,Medium,60,third_party_sharing,Share necessary account information with unaffiliated third parties,R001,explainable_rules,0.65,False,,,,0.0991,train,AI-assisted weak label; requires human review before use as gold data
ae1214c97126626d,X (Twitter),terms_of_service,Summary of our Terms,"When posting Content and otherwise using the Services, you must comply with this User Agreement and Applicable Law: You are responsible for your use of the Services and your Content. You must comply with the User Agreement, including all applicable policies and rules, and all applicable laws.","When posting Content and otherwise using the Services, you must comply with this User Agreement and Applicable Law: You are responsible for your use of the Services and your Content. You must comply with the User Agreement, including all applicable policies and rules, and all applicable laws.",https://twitter.com,Low,20,,,,default_low_unverified,0.25,True,,,,0.0841,train,AI-assisted weak label; requires human review before use as gold data
a098b0a7ab0b9fab,Netflix,privacy_policy,Advertising Choices,"We respect your Behavioral Advertising preferences, as applicable. If you are eligible for Behavioral Advertisements, a “Behavioral Advertising” setting will be available to you in the “Privacy and data settings” menu (for the relevant profile) of the “Account” section of our website that you can adjust at any time.","We respect your Behavioral Advertising preferences, as applicable. If you are eligible for Behavioral Advertisements, a “Behavioral Advertising” setting will be available to you in the “Privacy and data settings” menu (for the relevant profile) of the “Account” section of our website that you can adjust at any time.",https://netflix.com,Medium,60,tracking_profiling,Behavioral Advertising,R003,explainable_rules,0.65,False,,,,0.0456,train,AI-assisted weak label; requires human review before use as gold data
54bbfd95dea3f08d,Google,privacy_policy,synced with your Google Account,Your Chrome browsing history is only saved to your account if you’ve enabled Chrome synchronisation with your Google Account. Learn more,Your Chrome browsing history is only saved to your account if you’ve enabled Chrome synchronisation with your Google Account. Learn more,https://google.com,Low,20,,,,default_low_unverified,0.25,True,,,,0.2203,train,AI-assisted weak label; requires human review before use as gold data
4e052de0dac3b4d2,PayPal,privacy_policy,UK and EEA Data Protection Rights,"In addition, you have the right to complain to your local Supervisory Authority about our use of your Personal Information.","In addition, you have the right to complain to your local Supervisory Authority about our use of your Personal Information.",https://paypal.com,Low,20,,,,default_low_unverified,0.25,True,,,,0.0491,train,AI-assisted weak label; requires human review before use as gold data
8d6474927f6c39c8,YouTube,terms_of_service,Your Use of the Service,"This section explains your rights to use the Service, and the conditions that apply to your use of the Service. It also explains how we may make changes to the Service.","This section explains your rights to use the Service, and the conditions that apply to your use of the Service. It also explains how we may make changes to the Service.",https://youtube.com,Low,20,,,,default_low_unverified,0.25,True,,,,0.1182,train,AI-assisted weak label; requires human review before use as gold data
0800ddf0c7a56f62,TikTok,terms_of_service,4.2 Account details,"you agree to maintain and promptly update your details if they change. See our Help Center for information about opening an account. Any changes you make to these details, content or settings, will also sync across the Platform.","you agree to maintain and promptly update your details if they change. See our Help Center for information about opening an account. Any changes you make to these details, content or settings, will also sync across the Platform.",https://tiktok.com,Low,20,,,,default_low_unverified,0.25,True,,,,0.0834,train,AI-assisted weak label; requires human review before use as gold data
421a7217149d3c83,PayPal,terms_of_service,Currency conversion choices,PayPal will always perform the conversion for transactions where you use existing balance or your linked bank account is the funding source.,PayPal will always perform the conversion for transactions where you use existing balance or your linked bank account is the funding source.,https://paypal.com,Low,20,,,,default_low_unverified,0.25,True,,,,0.0377,train,AI-assisted weak label; requires human review before use as gold data
6645d2e93b40a166,Google,privacy_policy,Customising our services,"For example, we may display a Google Doodle on the Search homepage to celebrate an event specific to your country.","For example, we may display a Google Doodle on the Search homepage to celebrate an event specific to your country.",https://google.com,Low,20,,,,default_low_unverified,0.25,True,,,,0.0314,train,AI-assisted weak label; requires human review before use as gold data
a57ee20ce1453770,PayPal,privacy_policy,How Long We Store Your Personal Information,"When consistent with a legal obligation to which we are subject, or when permitted under applicable law, such as under applicable bankruptcy laws and AML obligations.","When consistent with a legal obligation to which we are subject, or when permitted under applicable law, such as under applicable bankruptcy laws and AML obligations.",https://paypal.com,Low,20,,,,default_low_unverified,0.25,True,,,,0.0631,train,AI-assisted weak label; requires human review before use as gold data
625e9312244bdde3,Discord,privacy_policy,Contact us,Email us at privacy@discord.com with any questions about this Privacy Policy or how we process your information. We’ll be happy to help.,Email us at privacy@discord.com with any questions about this Privacy Policy or how we process your information. We’ll be happy to help.,https://discord.com,Low,20,,,,default_low_unverified,0.25,True,,,,0.0374,train,AI-assisted weak label; requires human review before use as gold data
567b2cbcf7a08a23,Discord,privacy_policy,Information you provide to us,"Account information. When you create a Discord account, you can come up with a username and password, and provide a way of contacting you (such as an email address and/or phone number). You’ll also need to provide your birthday. In some cases, we may require additional information to verify your age. You may be required to verify your account or provide additional information (like a verified phone number) to your account. You may also have the option to add your name or choose a display name.","Account information. When you create a Discord account, you can come up with a username and password, and provide a way of contacting you (such as an email address and/or phone number). You’ll also need to provide your birthday. In some cases, we may require additional information to verify your age. You may be required to verify your account or provide additional information (like a verified phone number) to your account. You may also have the option to add your name or choose a display name.",https://discord.com,High,90,tracking_profiling,add your name or choose a display name,R019,explainable_rules,0.75,True,,,,0.0735,train,AI-assisted weak label; requires human review before use as gold data
115613c73c4fefc1,PayPal,terms_of_service,How we convert currency,"Other than as set out below and on the Fees Page, if PayPal converts currency, it will be completed at the transaction exchange rate we set for the relevant currency exchange.","Other than as set out below and on the Fees Page, if PayPal converts currency, it will be completed at the transaction exchange rate we set for the relevant currency exchange.",https://paypal.com,Low,20,,,,default_low_unverified,0.25,True,,,,0.05,train,AI-assisted weak label; requires human review before use as gold data
4ad20923e0943469,PayPal,privacy_policy,Notice for Consumers of Financial Products and Services,"Contact us if you have questions about our Privacy Statement, this consumer notice, or your Personal Information. <br> <br>California: If your PayPal or Xoom account or Fastlane profile has a California mailing address, we will not share Personal Information we collect about you except to the extent permitted under California law, including for example, with your consent or to service your account. We will limit sharing among our companies to the extent required by California law. <br> <br>To talk about your PayPal account, call PayPal Customer Service at 1-888-221-1161 or visit our Customer Service web portal. To talk about your Xoom account, call Xoom Customer Service at 1-877-815-1531 or visit our Help Center web portal.","Contact us if you have questions about our Privacy Statement, this consumer notice, or your Personal Information. <br> <br>California: If your PayPal or Xoom account or Fastlane profile has a California mailing address, we will not share Personal Information we collect about you except to the extent permitted under California law, including for example, with your consent or to service your account. We will limit sharing among our companies to the extent required by California law. <br> <br>To talk about your PayPal account, call PayPal Customer Service at 1-888-221-1161 or visit our Customer Service web portal. To talk about your Xoom account, call Xoom Customer Service at 1-877-815-1531 or visit our Help Center web portal.",https://paypal.com,Low,25,tracking_profiling,profile,R003,explainable_rules,0.65,False,,,,0.0532,train,AI-assisted weak label; requires human review before use as gold data
d5ad8d7f765fd157,Discord,privacy_policy,To comply with our legal obligations,"We retain and use your information in connection with potential legal claims when necessary and for compliance, regulatory, and auditing purposes. For example, we retain information where we are required by law or if we are compelled to do so by a court order or regulatory body. Also, when you exercise any of your applicable legal rights to access, amend, or delete your personal information, we may request additional information from you for the purpose of confirming your identity.","We retain and use your information in connection with potential legal claims when necessary and for compliance, regulatory, and auditing purposes. For example, we retain information where we are required by law or if we are compelled to do so by a court order or regulatory body. Also, when you exercise any of your applicable legal rights to access, amend, or delete your personal information, we may request additional information from you for the purpose of confirming your identity.",https://discord.com,High,90,tracking_profiling,additional information from you for the purpose of confirming your identity,R019,explainable_rules,0.75,True,,,,0.0658,train,AI-assisted weak label; requires human review before use as gold data
5f3d5e6d868d6227,Amazon,privacy_policy,Amazon.com Privacy Notice,"Last updated: June 30, 2026. View the prior version of this Privacy Notice.","Last updated: June 30, 2026. View the prior version of this Privacy Notice.",https://amazon.com,Low,20,,,,default_low_unverified,0.25,True,,,,0.0959,train,AI-assisted weak label; requires human review before use as gold data
4e259a5ac4d64a84,Google,privacy_policy,servers around the world,"For example, we operate data centres located around the world to help keep our products continuously available for users.","For example, we operate data centres located around the world to help keep our products continuously available for users.",https://google.com,Low,20,,,,default_low_unverified,0.25,True,,,,0.1676,train,AI-assisted weak label; requires human review before use as gold data
a44e0f61f4c04c4d,Netflix,privacy_policy,How We Use Your Personal Information,"To administer and operate our business including purposes such as processing payments and any gift cards you redeem, sending transactional communications to you (such as confirmation of subscription start date or information about changes to your account), determining your internet service provider to support network troubleshooting issues, responding to your inquiries and requests, and assisting you with operational requests such as password resets. We use the following categories of personal information for this purpose: personal details, payment details, purchase information, Netflix account/profile information, usage information, device and network information, and communications.","To administer and operate our business including purposes such as processing payments and any gift cards you redeem, sending transactional communications to you (such as confirmation of subscription start date or information about changes to your account), determining your internet service provider to support network troubleshooting issues, responding to your inquiries and requests, and assisting you with operational requests such as password resets. We use the following categories of personal information for this purpose: personal details, payment details, purchase information, Netflix account/profile information, usage information, device and network information, and communications.",https://netflix.com,Medium,60,tracking_profiling,profile,R003,explainable_rules,0.65,False,,,,0.0653,train,AI-assisted weak label; requires human review before use as gold data
f04eb79600d5a598,Amazon,privacy_policy,Does Amazon Share Your Personal Information?,"Third-Party Service Providers: We employ other companies and individuals to perform functions on our behalf. Examples include fulfilling orders for products or services, delivering packages, sending postal mail and email, removing repetitive information from customer lists, analyzing data, providing marketing assistance, providing search results and links (including paid listings and links), processing payments, transmitting content, scoring, assessing and managing credit risk, and providing customer service. These third-party service providers have access to personal information needed to perform their functions, but may not use it for other purposes.","Third-Party Service Providers: We employ other companies and individuals to perform functions on our behalf. Examples include fulfilling orders for products or services, delivering packages, sending postal mail and email, removing repetitive information from customer lists, analyzing data, providing marketing assistance, providing search results and links (including paid listings and links), processing payments, transmitting content, scoring, assessing and managing credit risk, and providing customer service. These third-party service providers have access to personal information needed to perform their functions, but may not use it for other purposes.",https://amazon.com,Medium,60,third_party_sharing,third-party service providers have access to personal information,R001,explainable_rules,0.65,False,,,,0.0846,train,AI-assisted weak label; requires human review before use as gold data
717081ec12ba76f5,YouTube,privacy_policy,Personal information,"This is information that you provide to us which personally identifies you, such as your name, email address, or billing information, or other data that can be reasonably linked to such information by Google, such as information we associate with your Google Account.","This is information that you provide to us which personally identifies you, such as your name, email address, or billing information, or other data that can be reasonably linked to such information by Google, such as information we associate with your Google Account.",https://youtube.com,Low,20,,,,default_low_unverified,0.25,True,,,,0.0459,train,AI-assisted weak label; requires human review before use as gold data
0b691d437a7e9ae0,PayPal,terms_of_service,Withdrawing money,An Instant Transfer to your bank account linked to your account.,An Instant Transfer to your bank account linked to your account.,https://paypal.com,Low,20,,,,default_low_unverified,0.25,True,,,,0.041,train,AI-assisted weak label; requires human review before use as gold data
e651c1f4012abdd9,PayPal,privacy_policy,When and How We Share Personal Information With Others,"We disclose your Personal Information with service providers and third parties, including those participating in the payment network, to help us provide Services, protect our customers from risk and fraud, market our products, and comply with legal obligations. We may use and disclose your Sensitive Personal Information if permitted to carry out legitimate business activities and as allowed by law (e.g., with consent or for certain purposes that do not require offering a right to limit use and disclosure of Sensitive Personal Information).","We disclose your Personal Information with service providers and third parties, including those participating in the payment network, to help us provide Services, protect our customers from risk and fraud, market our products, and comply with legal obligations. We may use and disclose your Sensitive Personal Information if permitted to carry out legitimate business activities and as allowed by law (e.g., with consent or for certain purposes that do not require offering a right to limit use and disclosure of Sensitive Personal Information).",https://paypal.com,Medium,60,third_party_sharing,disclose your Personal Information with service providers and third parties,R001,explainable_rules,0.65,False,,,,0.0643,train,AI-assisted weak label; requires human review before use as gold data
48f4db62712de96e,PayPal,privacy_policy,Disclosures for Individuals in Singapore,"We rely on your explicit and voluntary consent to process your Personal Information to participate in certain features that while not necessary for use of the Services may be of interest to you, such as syncing your contact list to your PayPal account, providing biometric data, targeted advertising, or connecting to a third-party platform. You may change your mind about use of these features at any time through your account settings. Note that withdrawing your consent will not affect the lawfulness of any processing we have conducted prior to your withdrawal. You can withdraw your consent at any time, as described in Your Data Protection Rights above.","We rely on your explicit and voluntary consent to process your Personal Information to participate in certain features that while not necessary for use of the Services may be of interest to you, such as syncing your contact list to your PayPal account, providing biometric data, targeted advertising, or connecting to a third-party platform. You may change your mind about use of these features at any time through your account settings. Note that withdrawing your consent will not affect the lawfulness of any processing we have conducted prior to your withdrawal. You can withdraw your consent at any time, as described in Your Data Protection Rights above.",https://paypal.com,Medium,60,tracking_profiling,targeted advertising,R003,explainable_rules,0.65,False,,,,0.1265,train,AI-assisted weak label; requires human review before use as gold data
2e4fecd210644ddd,TikTok,privacy_policy,Legitimate Interests,"We help creators, sellers and advertisers measure the effectiveness and distribution of ads and other content viewed on the Platform.","We help creators, sellers and advertisers measure the effectiveness and distribution of ads and other content viewed on the Platform.",https://tiktok.com,Low,20,,,,default_low_unverified,0.25,True,,,,0.0152,train,AI-assisted weak label; requires human review before use as gold data
bfaa7b3069ce3de8,Google,privacy_policy,Retaining your information,"When you delete data, we follow a deletion process to make sure that your data is safely and completely removed from our servers or retained only in anonymised form. We try to ensure that our services protect information from accidental or malicious deletion. Because of this, there may be delays between when you delete something and when copies are deleted from our active and backup systems.","When you delete data, we follow a deletion process to make sure that your data is safely and completely removed from our servers or retained only in anonymised form. We try to ensure that our services protect information from accidental or malicious deletion. Because of this, there may be delays between when you delete something and when copies are deleted from our active and backup systems.",https://google.com,High,90,retention_deletion,data is safely and completely removed from our servers or retained,R017,explainable_rules,0.75,True,,,,0.0611,train,AI-assisted weak label; requires human review before use as gold data
add1726edd5338c8,YouTube,privacy_policy,We build security into our services to protect your information,"We offer a range of security features, like Safe Browsing, Security Checkup, and 2 Step Verification to help you protect your account","We offer a range of security features, like Safe Browsing, Security Checkup, and 2 Step Verification to help you protect your account",https://youtube.com,Low,20,,,,default_low_unverified,0.25,True,,,,0.0729,train,AI-assisted weak label; requires human review before use as gold data
eb04362626ee3f54,TikTok,terms_of_service,4.4 What you can do on the Platform,is limited to what we have said we will allow in these Terms;,is limited to what we have said we will allow in these Terms;,https://tiktok.com,Low,20,,,,default_low_unverified,0.25,True,,,,0.046,train,AI-assisted weak label; requires human review before use as gold data
cd37ce2c7bef7bad,PayPal,privacy_policy,Notice for Consumers of Financial Products and Services,"To talk about your Fastlane profile, call PayPal Customer Service at 1-844-705-3555 or visit your Fastlane profile management portal. <br> <br>Vermont: If your PayPal, Xoom account or Fastlane profile has a Vermont mailing address, we will not disclose information about your creditworthiness to our affiliates and will not disclose your Personal Information, financial information, credit report, or health information to nonaffiliated third parties to market to you, other than as permitted by Vermont law, unless you authorize us to make those disclosures. Additional information concerning our privacy policies can be found at Customer Service web portal or call 1-888-221-1161. <br> <br>Nevada: If your PayPal, Xoom account or Fastlane profile has a Nevada mailing address, we are providing this notice pursuant to Nevada law. If you prefer not to receive marketing calls from PayPal, you may be placed on our internal Do Not Call List by calling 1-888-221-1161 or going to /smarthelp/home.","To talk about your Fastlane profile, call PayPal Customer Service at 1-844-705-3555 or visit your Fastlane profile management portal. <br> <br>Vermont: If your PayPal, Xoom account or Fastlane profile has a Vermont mailing address, we will not disclose information about your creditworthiness to our affiliates and will not disclose your Personal Information, financial information, credit report, or health information to nonaffiliated third parties to market to you, other than as permitted by Vermont law, unless you authorize us to make those disclosures. Additional information concerning our privacy policies can be found at Customer Service web portal or call 1-888-221-1161. <br> <br>Nevada: If your PayPal, Xoom account or Fastlane profile has a Nevada mailing address, we are providing this notice pursuant to Nevada law. If you prefer not to receive marketing calls from PayPal, you may be placed on our internal Do Not Call List by calling 1-888-221-1161 or going to /smarthelp/home.",https://paypal.com,Medium,65,tracking_profiling|third_party_sharing,"profile || disclose your Personal Information, financial information, credit report, or health information to nonaffiliated third parties",R003|R001,explainable_rules,0.65,False,,,,0.0277,train,AI-assisted weak label; requires human review before use as gold data
873107ce2f933fc4,Instagram,privacy_policy,Providing and improving Meta Products,"Your public profile information (including your name, username and profile picture)","Your public profile information (including your name, username and profile picture)",https://instagram.com,Medium,60,tracking_profiling,profile,R003,explainable_rules,0.65,False,,,,0.1255,train,AI-assisted weak label; requires human review before use as gold data
4f736754ce58ceb6,Google,privacy_policy,For legal reasons,"Protect against harm to the rights, property or safety of Google, our users or the public.","Protect against harm to the rights, property or safety of Google, our users or the public.",https://google.com,Low,20,,,,default_low_unverified,0.25,True,,,,0.0412,train,AI-assisted weak label; requires human review before use as gold data
e3b2496fd4006d3f,Google,terms_of_service,Using Google services on behalf of an organisation or business,"Many organisations, such as businesses, non-profits and schools, take advantage of our services. To use our services on behalf of an organisation:","Many organisations, such as businesses, non-profits and schools, take advantage of our services. To use our services on behalf of an organisation:",https://google.com,Low,20,,,,default_low_unverified,0.25,True,,,,0.0748,train,AI-assisted weak label; requires human review before use as gold data
c868c56ffb4a76d8,TikTok,privacy_policy,Legitimate Interests,Ensure the safety and well-being of our community.,Ensure the safety and well-being of our community.,https://tiktok.com,Low,20,,,,default_low_unverified,0.25,True,,,,0.0,train,AI-assisted weak label; requires human review before use as gold data
d0e32eead7afb4f2,Amazon,privacy_policy,Does Amazon Share Your Personal Information?,"Information about our customers is an important part of our business, and we are not in the business of selling our customers' personal information to others. We share customers' personal information only as described below and with subsidiaries Amazon.com, Inc. controls that either are subject to this Privacy Notice or follow practices at least as protective as those described in this Privacy Notice.","Information about our customers is an important part of our business, and we are not in the business of selling our customers' personal information to others. We share customers' personal information only as described below and with subsidiaries Amazon.com, Inc. controls that either are subject to this Privacy Notice or follow practices at least as protective as those described in this Privacy Notice.",https://amazon.com,High,90,third_party_sharing,selling our customers' personal information,R002,explainable_rules,0.75,True,,,,0.1218,train,AI-assisted weak label; requires human review before use as gold data
c376d068dc972bd5,Amazon,terms_of_service,DISPUTES,"Class Action Waiver. YOU AND WE AGREE THAT ANY ARBITRATION PROCEEDING WILL BE CONDUCTED ONLY ON AN INDIVIDUAL BASIS AND NOT IN A CLASS OR REPRESENTATIVE ACTION. You and we may only seek or obtain individualized relief in arbitration, and claims or requests for public injunctive relief or relief where you or we act in a representative capacity are not allowed.","Class Action Waiver. YOU AND WE AGREE THAT ANY ARBITRATION PROCEEDING WILL BE CONDUCTED ONLY ON AN INDIVIDUAL BASIS AND NOT IN A CLASS OR REPRESENTATIVE ACTION. You and we may only seek or obtain individualized relief in arbitration, and claims or requests for public injunctive relief or relief where you or we act in a representative capacity are not allowed.",https://amazon.com,High,90,liability_dispute,Class Action Waiver,R011,explainable_rules,0.75,True,,,,0.0335,train,AI-assisted weak label; requires human review before use as gold data
16fbcff78cbf3549,Google,terms_of_service,Licence,"Your content remains yours, which means that you retain any intellectual property rights that you have in your content. For example, you have intellectual property rights in the creative content that you make, such as reviews that you write. Or you may have the right to share someone else’s creative content if they’ve given you their permission.","Your content remains yours, which means that you retain any intellectual property rights that you have in your content. For example, you have intellectual property rights in the creative content that you make, such as reviews that you write. Or you may have the right to share someone else’s creative content if they’ve given you their permission.",https://google.com,Low,20,,,,default_low_unverified,0.25,True,,,,0.0788,train,AI-assisted weak label; requires human review before use as gold data
ea9e018b282d39f7,Google,privacy_policy,With your consent,"We’ll share personal information outside of Google when we have your consent. For example, if you use Google Home to make a reservation through a booking service, we’ll get your permission before sharing your name or phone number with the restaurant. We also provide you with controls to review and manage third-party apps and sites that you have given access to data in your Google Account. We’ll ask for your explicit consent to share any sensitive personal information.","We’ll share personal information outside of Google when we have your consent. For example, if you use Google Home to make a reservation through a booking service, we’ll get your permission before sharing your name or phone number with the restaurant. We also provide you with controls to review and manage third-party apps and sites that you have given access to data in your Google Account. We’ll ask for your explicit consent to share any sensitive personal information.",https://google.com,Low,20,,,,default_low_unverified,0.25,True,,,,0.0948,train,AI-assisted weak label; requires human review before use as gold data
2c397764fd1fac2b,Google,privacy_policy,Maintain & improve our services,"We also use your information to ensure that our services are working as intended, such as tracking outages or troubleshooting issues that you report to us. And we use your information to make improvements to our services – for example, understanding which search terms are most frequently misspelled helps us improve spell-check features used across our services.","We also use your information to ensure that our services are working as intended, such as tracking outages or troubleshooting issues that you report to us. And we use your information to make improvements to our services – for example, understanding which search terms are most frequently misspelled helps us improve spell-check features used across our services.",https://google.com,Medium,60,tracking_profiling,tracking,R003,explainable_rules,0.65,False,,,,0.0536,train,AI-assisted weak label; requires human review before use as gold data
c9dcd9194bd6388e,Google,terms_of_service,Don't abuse our services,hiding or misrepresenting who you are in order to violate these terms,hiding or misrepresenting who you are in order to violate these terms,https://google.com,Low,20,,,,default_low_unverified,0.25,True,,,,0.0,train,AI-assisted weak label; requires human review before use as gold data
6d8e6093dd9250bb,Netflix,terms_of_service,1.1. Access to the Netflix Service,"1.1. Access to the Netflix Service. To use the Netflix service you must have Internet access and a Netflix supported device. Some features, content, or offerings may be available at no cost and may be accessed without creating an account or providing a Payment Method, while other options require you to create a Netflix account or purchase a subscription, subject to the subscription terms outlined below. You may also be able to use the Netflix service as a profile user under an Account Owner’s subscription, provided you are part of the same household, or, in countries where this feature is available, as an Extra Member if you do not live in the same household as the Account Owner. As used in these Terms, “Account Owner” means the user who created the Netflix account and whose Payment Method is charged for the subscription.","1.1. Access to the Netflix Service. To use the Netflix service you must have Internet access and a Netflix supported device. Some features, content, or offerings may be available at no cost and may be accessed without creating an account or providing a Payment Method, while other options require you to create a Netflix account or purchase a subscription, subject to the subscription terms outlined below. You may also be able to use the Netflix service as a profile user under an Account Owner’s subscription, provided you are part of the same household, or, in countries where this feature is available, as an Extra Member if you do not live in the same household as the Account Owner. As used in these Terms, “Account Owner” means the user who created the Netflix account and whose Payment Method is charged for the subscription.",https://netflix.com,Medium,60,tracking_profiling,profile,R003,explainable_rules,0.65,False,,,,0.0488,train,AI-assisted weak label; requires human review before use as gold data
17b432a2e03d068e,PayPal,privacy_policy,How you can exercise your rights,"If you, or an authorized agent, where permitted, want to exercise any of your rights relating to your Personal Information in your account profile(s), please follow the instructions on how to exercise your data protection rights below.","If you, or an authorized agent, where permitted, want to exercise any of your rights relating to your Personal Information in your account profile(s), please follow the instructions on how to exercise your data protection rights below.",https://paypal.com,Medium,60,tracking_profiling,profile,R003,explainable_rules,0.65,False,,,,0.0645,train,AI-assisted weak label; requires human review before use as gold data
020cb2c911b2551e,Google,terms_of_service,Provide a broad range of useful services,Many of these services also include content that you can stream or interact with.,Many of these services also include content that you can stream or interact with.,https://google.com,Low,20,,,,default_low_unverified,0.25,True,,,,0.0675,train,AI-assisted weak label; requires human review before use as gold data
d33bbdf51a325169,PayPal,privacy_policy,Choose how linked accounts collect and use Personal Information,"If you link your account(s) to a third-party service, you may be able to manage how your Personal Information is collected, used, and shared by them. Read the third parties’ privacy policies to see the choices they offer you. You can control which third-party services you link to your account and what Personal Information they can collect about you. For example, to manage the permissions, go to the Security settings in your account(s).","If you link your account(s) to a third-party service, you may be able to manage how your Personal Information is collected, used, and shared by them. Read the third parties’ privacy policies to see the choices they offer you. You can control which third-party services you link to your account and what Personal Information they can collect about you. For example, to manage the permissions, go to the Security settings in your account(s).",https://paypal.com,Medium,60,third_party_sharing,"third-party service, you may be able to manage how your Personal Information",R001,explainable_rules,0.65,False,,,,0.2035,train,AI-assisted weak label; requires human review before use as gold data
49032357b4e13331,TikTok,privacy_policy,Information You Provide,"Your Contacts and Other Connections. If you choose to sync your contacts, we will collect information from your device’s phone book such as names, phone numbers, and email addresses, and match that information to users of the Platform. If you choose to find other users through your social network contacts, we will collect your public profile information as well as names and profiles of your social network contacts. We also collect information about the accounts you follow and that follow you.","Your Contacts and Other Connections. If you choose to sync your contacts, we will collect information from your device’s phone book such as names, phone numbers, and email addresses, and match that information to users of the Platform. If you choose to find other users through your social network contacts, we will collect your public profile information as well as names and profiles of your social network contacts. We also collect information about the accounts you follow and that follow you.",https://tiktok.com,Medium,60,tracking_profiling,profile,R003,explainable_rules,0.65,False,,,,0.0498,train,AI-assisted weak label; requires human review before use as gold data
d23143f516be4ab5,PayPal,privacy_policy,Disclosures for Individuals in Mexico,"For example, when we process Personal Information for KYC requirements, to prevent, detect and investigate money laundering, terrorist financing and fraud. We also carry out sanction screening, report to tax authorities, police enforcement authorities, enforcement authorities, supervisory authorities. <br> to facilitate your participation in competitions, offerings, and events.<br> to conduct financial risk management obligations such as credit performance and quality, insurance risks and compliance with capital adequacy requirements under applicable law.<br> to process information about your contacts to make it easy for you to find and connect them and improve payment accuracy. By providing us with information about your contacts you certify that you have permission to provide that information to PayPal for the purposes described in this Privacy Statement. | We rely on your explicit and voluntary consent to process your Personal Information to participate in certain features that while not necessary for use of the Services may be of interest to you, such as syncing your contact list to your PayPal account, providing biometric data, targeted advertising, or connecting to a third-party platform.","For example, when we process Personal Information for KYC requirements, to prevent, detect and investigate money laundering, terrorist financing and fraud. We also carry out sanction screening, report to tax authorities, police enforcement authorities, enforcement authorities, supervisory authorities. <br> to facilitate your participation in competitions, offerings, and events.<br> to conduct financial risk management obligations such as credit performance and quality, insurance risks and compliance with capital adequacy requirements under applicable law.<br> to process information about your contacts to make it easy for you to find and connect them and improve payment accuracy. By providing us with information about your contacts you certify that you have permission to provide that information to PayPal for the purposes described in this Privacy Statement. | We rely on your explicit and voluntary consent to process your Personal Information to participate in certain features that while not necessary for use of the Services may be of interest to you, such as syncing your contact list to your PayPal account, providing biometric data, targeted advertising, or connecting to a third-party platform.",https://paypal.com,Medium,60,tracking_profiling,targeted advertising,R003,explainable_rules,0.65,False,,,,0.0891,train,AI-assisted weak label; requires human review before use as gold data
21891a46feed98ab,Netflix,privacy_policy,How We Use Your Personal Information,"To research, analyze, and improve our services such as analyzing and understanding how users interact with the Netflix service, to improve our services and optimize Netflix content selection and service delivery. This may also include processing your personal information in connection with any surveys you participate in. We use the following categories of personal information for this purpose: personal details, payment details, purchase information, Netflix account/profile information, usage information, device and network information, and communications.","To research, analyze, and improve our services such as analyzing and understanding how users interact with the Netflix service, to improve our services and optimize Netflix content selection and service delivery. This may also include processing your personal information in connection with any surveys you participate in. We use the following categories of personal information for this purpose: personal details, payment details, purchase information, Netflix account/profile information, usage information, device and network information, and communications.",https://netflix.com,Medium,60,tracking_profiling,profile,R003,explainable_rules,0.65,False,,,,0.0825,train,AI-assisted weak label; requires human review before use as gold data
11d637804dad26eb,Amazon,terms_of_service,Agents,"i. In all HTTP/HTTPS requests, identify that the request is from an Agent and disclose the name of the Agent by including the following in the request's user agent string: ""Agent/[agent name]"" (e.g., Agent/AmazonAgent)","i. In all HTTP/HTTPS requests, identify that the request is from an Agent and disclose the name of the Agent by including the following in the request's user agent string: ""Agent/[agent name]"" (e.g., Agent/AmazonAgent)",https://amazon.com,Low,20,,,,default_low_unverified,0.25,True,,,,0.0735,train,AI-assisted weak label; requires human review before use as gold data
0400fe68c3b22896,PayPal,privacy_policy,Your rights,"Your rights related to disclosure of Personal Information to third-parties for direct marketing purposes: You may request certain details about how your Personal Information is disclosed to third parties for direct marketing purposes. In the United States, Call or contact us.","Your rights related to disclosure of Personal Information to third-parties for direct marketing purposes: You may request certain details about how your Personal Information is disclosed to third parties for direct marketing purposes. In the United States, Call or contact us.",https://paypal.com,Medium,60,third_party_sharing,disclosure of Personal Information to third-parties,R001,explainable_rules,0.65,False,,,,0.2399,train,AI-assisted weak label; requires human review before use as gold data
d9ccf0ebf2749d63,X (Twitter),terms_of_service,6. General,"You and X agree that you must initiate any proceeding or action within one (1) year of the date of the occurrence of the event or facts giving rise to a dispute that is arising out of or related to these Terms or the Services. Otherwise, to the extent permitted by applicable law, you forever waive the right to pursue any claim or cause of action, of any kind or character, based on such events or facts, and such claims or causes of action are permanently barred.","You and X agree that you must initiate any proceeding or action within one (1) year of the date of the occurrence of the event or facts giving rise to a dispute that is arising out of or related to these Terms or the Services. Otherwise, to the extent permitted by applicable law, you forever waive the right to pursue any claim or cause of action, of any kind or character, based on such events or facts, and such claims or causes of action are permanently barred.",https://twitter.com,Low,20,,,,default_low_unverified,0.25,True,,,,0.1759,train,AI-assisted weak label; requires human review before use as gold data
1d2d262e9a9f6865,Google,privacy_policy,Exporting & deleting your information,You can export a copy of your information or delete it from your Google Account at any time,You can export a copy of your information or delete it from your Google Account at any time,https://google.com,Medium,60,account_content_termination,delete it from your Google Account at any time,R010,explainable_rules,0.65,False,,,,0.0944,train,AI-assisted weak label; requires human review before use as gold data
75f498aaecbf022f,Discord,privacy_policy,To fulfill our contract with you,"To meet our commitments to the Discord community. We work hard to try to make Discord a safe, positive, and inclusive place. To do so, we use your information to monitor for and take action against users and content that violate our Terms of Service, Community Guidelines, and other policies. This includes responding to user reports, generating transcriptions of content as part of our investigation, detecting fraud and malware, and proactively scanning attachments and other content for illegal or harmful activity. We also use certain information, which may include content reported to us, content that violates our Terms of Service, and certain other content widely available on the service (such as public posts, usernames, avatars, banners, user profiles, server names, server icons, and server banners), to create systems and models that can be automated to more swiftly detect, categorize, and take action against prohibited content or conduct.","To meet our commitments to the Discord community. We work hard to try to make Discord a safe, positive, and inclusive place. To do so, we use your information to monitor for and take action against users and content that violate our Terms of Service, Community Guidelines, and other policies. This includes responding to user reports, generating transcriptions of content as part of our investigation, detecting fraud and malware, and proactively scanning attachments and other content for illegal or harmful activity. We also use certain information, which may include content reported to us, content that violates our Terms of Service, and certain other content widely available on the service (such as public posts, usernames, avatars, banners, user profiles, server names, server icons, and server banners), to create systems and models that can be automated to more swiftly detect, categorize, and take action against prohibited content or conduct.",https://discord.com,Medium,60,tracking_profiling,profiles,R003,explainable_rules,0.65,False,,,,0.0554,train,AI-assisted weak label; requires human review before use as gold data
53f0869420feb0a4,Netflix,privacy_policy,International Transfers of Personal Information,"Netflix operates from various countries around the world, as do its Service Providers, Partners, and other third parties to whom we may need to disclose your personal information, as described above. This means that when you use or interact with Netflix, your personal information may be transferred to other countries that have different data protection laws than those where you reside.","Netflix operates from various countries around the world, as do its Service Providers, Partners, and other third parties to whom we may need to disclose your personal information, as described above. This means that when you use or interact with Netflix, your personal information may be transferred to other countries that have different data protection laws than those where you reside.",https://netflix.com,Medium,60,third_party_sharing,third parties to whom we may need to disclose your personal information,R001,explainable_rules,0.65,False,,,,0.103,train,AI-assisted weak label; requires human review before use as gold data
30e97d629af0f954,Instagram,privacy_policy,Highlights,"To promote the safety, security and integrity of Meta Products, users, employees, property and the public. Learn more.","To promote the safety, security and integrity of Meta Products, users, employees, property and the public. Learn more.",https://instagram.com,Low,20,,,,default_low_unverified,0.25,True,,,,0.0381,train,AI-assisted weak label; requires human review before use as gold data
987145a10eb61188,PayPal,terms_of_service,Closing Your PayPal Account,"We may retain your electronic money after closure to the extent and for the time we reasonably require to protect us and/or any third party against the risk of reversals, fees, fines, penalties and other liabilities of whatever nature. After this time you will be able to withdraw any undisputed funds that we are holding. Please Contact Us if you have any questions about funds held in your account on closure.","We may retain your electronic money after closure to the extent and for the time we reasonably require to protect us and/or any third party against the risk of reversals, fees, fines, penalties and other liabilities of whatever nature. After this time you will be able to withdraw any undisputed funds that we are holding. Please Contact Us if you have any questions about funds held in your account on closure.",https://paypal.com,Medium,60,retention_deletion,retain your electronic money after closure,R004,explainable_rules,0.65,False,,,,0.0304,train,AI-assisted weak label; requires human review before use as gold data
aa4a99c20a75ff93,Google,privacy_policy,use the information that we collect across our services,"If you have communicated with someone via Gmail and want to add them to a Google Doc or an event in Google Calendar, Google makes it easy to do so by auto-completing their email address when you start to type in their name. This feature makes it easier to share things with people you know. Learn more","If you have communicated with someone via Gmail and want to add them to a Google Doc or an event in Google Calendar, Google makes it easy to do so by auto-completing their email address when you start to type in their name. This feature makes it easier to share things with people you know. Learn more",https://google.com,High,90,tracking_profiling,address when you start to type in their name,R019,explainable_rules,0.75,True,,,,0.0346,train,AI-assisted weak label; requires human review before use as gold data
b718fe014fd7246e,Netflix,privacy_policy,Legal bases,"Consent: We rely on consent to collect and use personal information for the following purposes described in this Privacy Statement: to support Behavioral Advertising, to send marketing messages that individuals have consented to receive (such as email messages to encourage completion of registration, Offers that may be available, or to invite users to participate in consumer insights research such as detailed surveys, and panel and individual interviews). We also rely on consent for safety, security, and fraud prevention, and to comply with law and enforce the Netflix Terms of Use (such as where a member requests that we provide information about their account to law enforcement officials to help with an investigation regarding stolen property belonging to the individual).","Consent: We rely on consent to collect and use personal information for the following purposes described in this Privacy Statement: to support Behavioral Advertising, to send marketing messages that individuals have consented to receive (such as email messages to encourage completion of registration, Offers that may be available, or to invite users to participate in consumer insights research such as detailed surveys, and panel and individual interviews). We also rely on consent for safety, security, and fraud prevention, and to comply with law and enforce the Netflix Terms of Use (such as where a member requests that we provide information about their account to law enforcement officials to help with an investigation regarding stolen property belonging to the individual).",https://netflix.com,Medium,60,tracking_profiling,Behavioral Advertising,R003,explainable_rules,0.65,False,,,,0.0852,train,AI-assisted weak label; requires human review before use as gold data
63c2f7d12b89c97f,Instagram,terms_of_service,1. The Instagram Service,"Connecting you with brands, products, and services in ways you care about.","Connecting you with brands, products, and services in ways you care about.",https://instagram.com,Low,20,,,,default_low_unverified,0.25,True,,,,0.0246,train,AI-assisted weak label; requires human review before use as gold data
55643c9c88a46f97,X (Twitter),privacy_policy,6. Your Rights And Ours,"X has carefully considered the legal reasons it is permitted to collect, use, share and otherwise process your information. If you want to dig in to learn more and better understand the nuances, we’d encourage you to check out this additional information about data processing. And no, we don’t sell your personal information.","X has carefully considered the legal reasons it is permitted to collect, use, share and otherwise process your information. If you want to dig in to learn more and better understand the nuances, we’d encourage you to check out this additional information about data processing. And no, we don’t sell your personal information.",https://twitter.com,High,90,third_party_sharing,sell your personal information,R002,explainable_rules,0.75,True,,,,0.1528,train,AI-assisted weak label; requires human review before use as gold data
c1b605bc73377932,TikTok,privacy_policy,Our Global Operations and Data Transfers,"We share “What Information We Collect” with service providers, partners and other third party entities, as described in “How We Share Your Information”. These third parties can be located outside your country of residence.","We share “What Information We Collect” with service providers, partners and other third party entities, as described in “How We Share Your Information”. These third parties can be located outside your country of residence.",https://tiktok.com,Low,20,,,,default_low_unverified,0.25,True,,,,0.0949,train,AI-assisted weak label; requires human review before use as gold data
97a4154d51c697dc,Amazon,privacy_policy,Automatic Information,phone numbers used to call our customer service number; and,phone numbers used to call our customer service number; and,https://amazon.com,Low,20,,,,default_low_unverified,0.25,True,,,,0.079,train,AI-assisted weak label; requires human review before use as gold data
1a28e930ff57a4b5,PayPal,privacy_policy,Definitions,"Fastlane means the online tool whereby individuals can store their payment methods and other Personal Information with PayPal so that they can complete the checkout process faster, create a store or loyalty account, or facilitate other transactions at participating Partners and Merchants with payment card, contact information, shipping data or other data they save in their Fastlane profile as relevant to the specific interaction, participating Partners and Merchants, all without having to manually input payment method details and other Personal Information each time they check out.","Fastlane means the online tool whereby individuals can store their payment methods and other Personal Information with PayPal so that they can complete the checkout process faster, create a store or loyalty account, or facilitate other transactions at participating Partners and Merchants with payment card, contact information, shipping data or other data they save in their Fastlane profile as relevant to the specific interaction, participating Partners and Merchants, all without having to manually input payment method details and other Personal Information each time they check out.",https://paypal.com,Medium,60,tracking_profiling,profile,R003,explainable_rules,0.65,False,,,,0.0472,train,AI-assisted weak label; requires human review before use as gold data
eda15ed3a594c97e,PayPal,privacy_policy,Categories of Personal Information We Collect,"Biometric data: Such as voice identification, photo identification, or face scans, which we may collect when you consent in the user experience to authenticate you for certain actions related to your account, including, for example, to verify your identity before you access accounts and Services, recover passwords, update profile information, manage payments and payment methods, lift account limitations, and initiate cryptocurrency transfers.","Biometric data: Such as voice identification, photo identification, or face scans, which we may collect when you consent in the user experience to authenticate you for certain actions related to your account, including, for example, to verify your identity before you access accounts and Services, recover passwords, update profile information, manage payments and payment methods, lift account limitations, and initiate cryptocurrency transfers.",https://paypal.com,Medium,60,tracking_profiling,profile,R003,explainable_rules,0.65,False,,,,0.1201,train,AI-assisted weak label; requires human review before use as gold data
32375fb9972c828e,TikTok,privacy_policy,Legitimate Interests,"Legitimate Interest relied upon: To enable creators, sellers and advertisers to view and understand how their ads or content performed and the audience that viewed or interacted with their ads or content. This is so that they can make informed decisions (such as what kinds of ad campaigns they may want to run, the type of audience they want to reach and the types of content that users enjoy the most). This helps keep the advertising and other content we show users relevant and entertaining, and keeps the Platform free for all users.","Legitimate Interest relied upon: To enable creators, sellers and advertisers to view and understand how their ads or content performed and the audience that viewed or interacted with their ads or content. This is so that they can make informed decisions (such as what kinds of ad campaigns they may want to run, the type of audience they want to reach and the types of content that users enjoy the most). This helps keep the advertising and other content we show users relevant and entertaining, and keeps the Platform free for all users.",https://tiktok.com,Low,20,,,,default_low_unverified,0.25,True,,,,0.0363,train,AI-assisted weak label; requires human review before use as gold data
1cf0c1771e802c32,Google,privacy_policy,"Protect Google, our users and the public","If other users already have your email address or other information that identifies you, we may show them your publicly visible Google Account information, such as your name and photo. For example, this helps people identify an email coming from you.","If other users already have your email address or other information that identifies you, we may show them your publicly visible Google Account information, such as your name and photo. For example, this helps people identify an email coming from you.",https://google.com,Low,20,,,,default_low_unverified,0.25,True,,,,0.0262,train,AI-assisted weak label; requires human review before use as gold data
734d2d10de406962,TikTok,privacy_policy,How We Use Your Information,Suggest your account to other users and suggest accounts of others to you to help connect you with other users.,Suggest your account to other users and suggest accounts of others to you to help connect you with other users.,https://tiktok.com,Low,20,,,,default_low_unverified,0.25,True,,,,0.036,train,AI-assisted weak label; requires human review before use as gold data
ade93b782e09a04e,Pinterest,privacy_policy,More information on the Data Privacy Frameworks,"The Federal Trade Commission has jurisdiction over Pinterest, Inc.’s compliance with the Data Privacy Frameworks. Under certain conditions, it may be possible to invoke binding arbitration for complaints regarding DPF compliance not resolved by any of the other DPF mechanisms, see here for additional information.","The Federal Trade Commission has jurisdiction over Pinterest, Inc.’s compliance with the Data Privacy Frameworks. Under certain conditions, it may be possible to invoke binding arbitration for complaints regarding DPF compliance not resolved by any of the other DPF mechanisms, see here for additional information.",https://pinterest.com,High,90,liability_dispute,binding arbitration,R011,explainable_rules,0.75,True,,,,0.1159,train,AI-assisted weak label; requires human review before use as gold data
d71f78bc2e30fe05,Discord,terms_of_service,Settling disputes between you and Discord,"If the paragraph titled “Class Arbitration and Collective Relief Waiver,” the paragraph titled “Mass Filings,” or ADR Service’s Mass Arbitration rules are found unenforceable, then the “Agreement to Arbitrate” section will be null and void. If any other provision is found to be invalid, unenforceable or illegal, or otherwise conflicts with the rules of the applicable arbitration provider, then the balance of this Agreement to Arbitrate shall remain in effect and shall be construed in accordance with its terms as if the invalid, unenforceable, illegal or conflicting provision were not contained herein.","If the paragraph titled “Class Arbitration and Collective Relief Waiver,” the paragraph titled “Mass Filings,” or ADR Service’s Mass Arbitration rules are found unenforceable, then the “Agreement to Arbitrate” section will be null and void. If any other provision is found to be invalid, unenforceable or illegal, or otherwise conflicts with the rules of the applicable arbitration provider, then the balance of this Agreement to Arbitrate shall remain in effect and shall be construed in accordance with its terms as if the invalid, unenforceable, illegal or conflicting provision were not contained herein.",https://discord.com,Low,20,,,,default_low_unverified,0.25,True,,,,0.0645,train,AI-assisted weak label; requires human review before use as gold data
865f080a5a8a00ea,Amazon,terms_of_service,YOUR ACCOUNT,"You may need your own Amazon account to use certain Amazon Services, and you may be required to be logged in to the account and have a valid payment method associated with it. If there is a problem charging your selected payment method, we may charge any other valid payment method associated with your account. Visit Your Payments to manage your payment options. You are responsible for maintaining the confidentiality of your account and password and for restricting access to your account, and you agree to accept responsibility for all activities that occur under your account or password. Amazon does sell products for children, but it sells them to adults, who can purchase with a credit card or other permitted payment method. If you are under 18, you may use the Amazon Services only with involvement of a parent or guardian. Parents and guardians may create profiles for teenagers in their Amazon Household. Alcohol listings on Amazon are intended for adults.","You may need your own Amazon account to use certain Amazon Services, and you may be required to be logged in to the account and have a valid payment method associated with it. If there is a problem charging your selected payment method, we may charge any other valid payment method associated with your account. Visit Your Payments to manage your payment options. You are responsible for maintaining the confidentiality of your account and password and for restricting access to your account, and you agree to accept responsibility for all activities that occur under your account or password. Amazon does sell products for children, but it sells them to adults, who can purchase with a credit card or other permitted payment method. If you are under 18, you may use the Amazon Services only with involvement of a parent or guardian. Parents and guardians may create profiles for teenagers in their Amazon Household. Alcohol listings on Amazon are intended for adults.",https://amazon.com,Medium,60,tracking_profiling,profiles,R003,explainable_rules,0.65,False,,,,0.0274,train,AI-assisted weak label; requires human review before use as gold data
22aa22e554d34c1a,Google,terms_of_service,Respect others,"Our service-specific additional terms and policies, such as our Generative AI Prohibited Use Policy, provide additional details about appropriate conduct that everyone using those services must follow. If you find that others aren't following these rules, many of our services allow you to report abuse. If we act on a report of abuse, we also provide the process described in the Taking action in case of problems section.","Our service-specific additional terms and policies, such as our Generative AI Prohibited Use Policy, provide additional details about appropriate conduct that everyone using those services must follow. If you find that others aren't following these rules, many of our services allow you to report abuse. If we act on a report of abuse, we also provide the process described in the Taking action in case of problems section.",https://google.com,Low,20,,,,default_low_unverified,0.25,True,,,,0.0329,train,AI-assisted weak label; requires human review before use as gold data
592db3678d029d26,Instagram,terms_of_service,5. Additional Rights We Retain,You can only use our intellectual property and trademarks or similar marks as expressly permitted by our Brand Guidelines or with our prior written permission.,You can only use our intellectual property and trademarks or similar marks as expressly permitted by our Brand Guidelines or with our prior written permission.,https://instagram.com,Low,20,,,,default_low_unverified,0.25,True,,,,0.0148,train,AI-assisted weak label; requires human review before use as gold data
04a57be4e98605ff,Discord,terms_of_service,Limitation of liability,THE EXCLUSIONS AND LIMITATIONS OF DAMAGES SET FORTH ABOVE ARE FUNDAMENTAL ELEMENTS OF THE BASIS OF THE BARGAIN BETWEEN DISCORD AND YOU. THE LIMITATION OF LIABILITY DESCRIBED ABOVE SHALL APPLY FULLY TO RESIDENTS OF NEW JERSEY.,THE EXCLUSIONS AND LIMITATIONS OF DAMAGES SET FORTH ABOVE ARE FUNDAMENTAL ELEMENTS OF THE BASIS OF THE BARGAIN BETWEEN DISCORD AND YOU. THE LIMITATION OF LIABILITY DESCRIBED ABOVE SHALL APPLY FULLY TO RESIDENTS OF NEW JERSEY.,https://discord.com,Medium,60,liability_dispute,LIMITATION OF LIABILITY,R012,explainable_rules,0.65,False,,,,0.0734,train,AI-assisted weak label; requires human review before use as gold data
34687c9fa84063e8,PayPal,privacy_policy,AI and Automated Decision Making,"Automated Decision Making. PayPal uses Automated Decision Making technology to make assessments or decisions, including related to risk, fraud and creditworthiness, where permitted and in accordance with applicable law. Our Automated Decision Making technology may use profiling techniques to evaluate personal aspects about you, including to analyze or predict your economic situation, reliability and/or behavior. This enables us to assess, for example, whether you display traits indicating possible credit or financial risk, money laundering or fraudulent activity, that are inconsistent with any submissions you have made to us, or that suggest you have hidden your real identity. In making an Automated Decision, PayPal may process Users’ Personal Information. If we determine that you pose a credit, fraud, money laundering or other risk, we may refuse to provide new services to you, stop providing services you currently use, or place limits or restrictions on the services you use. Users may exercise rights related to Automated Decision Making, as described in Your Data Protection Rights.","Automated Decision Making. PayPal uses Automated Decision Making technology to make assessments or decisions, including related to risk, fraud and creditworthiness, where permitted and in accordance with applicable law. Our Automated Decision Making technology may use profiling techniques to evaluate personal aspects about you, including to analyze or predict your economic situation, reliability and/or behavior. This enables us to assess, for example, whether you display traits indicating possible credit or financial risk, money laundering or fraudulent activity, that are inconsistent with any submissions you have made to us, or that suggest you have hidden your real identity. In making an Automated Decision, PayPal may process Users’ Personal Information. If we determine that you pose a credit, fraud, money laundering or other risk, we may refuse to provide new services to you, stop providing services you currently use, or place limits or restrictions on the services you use. Users may exercise rights related to Automated Decision Making, as described in Your Data Protection Rights.",https://paypal.com,Medium,60,tracking_profiling,profiling,R003,explainable_rules,0.65,False,,,,0.1832,train,AI-assisted weak label; requires human review before use as gold data
0305f26237e84ddb,Instagram,privacy_policy,Sharing information with third parties at your request,Information such as your contact or profile information,Information such as your contact or profile information,https://instagram.com,Medium,60,tracking_profiling,profile,R003,explainable_rules,0.65,False,,,,0.1125,train,AI-assisted weak label; requires human review before use as gold data
c08b3685d1f89ec4,Discord,privacy_policy,Information you provide to us,"Information from optional features. Certain features, like contact syncing, may require that you provide additional information (or grant us access to such information) to make them work. This also includes if you choose to interact with sponsored content, enable integrations, or authorize third-party services to share data with us. For example, when you link a music streaming or game account, we may collect information about that account such as the song you are listening to or the game you are playing in order to display that information on your profile or as your status (if you have chosen to do so).","Information from optional features. Certain features, like contact syncing, may require that you provide additional information (or grant us access to such information) to make them work. This also includes if you choose to interact with sponsored content, enable integrations, or authorize third-party services to share data with us. For example, when you link a music streaming or game account, we may collect information about that account such as the song you are listening to or the game you are playing in order to display that information on your profile or as your status (if you have chosen to do so).",https://discord.com,Medium,60,tracking_profiling,profile,R003,explainable_rules,0.65,False,,,,0.0564,train,AI-assisted weak label; requires human review before use as gold data
88a536ec158b9068,TikTok,privacy_policy,Our Global Operations and Data Transfers,"When we transfer your information outside of the EEA, the UK, or Switzerland, we ensure it benefits from an adequate level of data protection by relying on:","When we transfer your information outside of the EEA, the UK, or Switzerland, we ensure it benefits from an adequate level of data protection by relying on:",https://tiktok.com,Low,20,,,,default_low_unverified,0.25,True,,,,0.0455,train,AI-assisted weak label; requires human review before use as gold data
4be760dcb07efe55,YouTube,privacy_policy,Views and interactions with content and ads,"For example, we collect information about views and interactions with ads so we can provide aggregated reports to advertisers, like telling them whether we served their ad on a page and whether the ad was likely seen by a viewer. We may also measure other interactions, such as how you move your mouse over an ad or if you interact with the page on which the ad appears.","For example, we collect information about views and interactions with ads so we can provide aggregated reports to advertisers, like telling them whether we served their ad on a page and whether the ad was likely seen by a viewer. We may also measure other interactions, such as how you move your mouse over an ad or if you interact with the page on which the ad appears.",https://youtube.com,Low,20,,,,default_low_unverified,0.25,True,,,,0.0595,train,AI-assisted weak label; requires human review before use as gold data
52a1c818d8b470c0,Discord,terms_of_service,Term & Termination,"Our right to terminate. Subject to applicable law, we reserve the right to suspend or terminate your account and/or your access to some or all of our services with or without notice, at our discretion for any reason, or for the following reasons:","Our right to terminate. Subject to applicable law, we reserve the right to suspend or terminate your account and/or your access to some or all of our services with or without notice, at our discretion for any reason, or for the following reasons:",https://discord.com,Medium,60,account_content_termination,suspend or terminate your account and/or your access to some or all of our services with or without notice,R010,explainable_rules,0.65,False,,,,0.0991,train,AI-assisted weak label; requires human review before use as gold data
0e6562e1f1f17e37,Amazon,terms_of_service,Agents,"The terms in this section (""Agent Terms"") apply if you use, allow, enable, or cause the deployment of an Agent to access, use, or interact with any Amazon Services. For the purposes of these Agent Terms, ""Agent"" means any software or service that takes autonomous or semi-autonomous action on behalf of, or at the instruction of, any person or entity.","The terms in this section (""Agent Terms"") apply if you use, allow, enable, or cause the deployment of an Agent to access, use, or interact with any Amazon Services. For the purposes of these Agent Terms, ""Agent"" means any software or service that takes autonomous or semi-autonomous action on behalf of, or at the instruction of, any person or entity.",https://amazon.com,Low,20,,,,default_low_unverified,0.25,True,,,,0.0449,train,AI-assisted weak label; requires human review before use as gold data
4a3c316449724cfe,Netflix,privacy_policy,How We Use Your Personal Information,"To support advertisements including to provide, analyze, administer, enhance, optimize, select, deliver and measure advertisements. We use the following categories of personal information for this purpose: personal details, payment details, purchase information, Netflix account/profile information, usage information, advertising information, and device and network information.","To support advertisements including to provide, analyze, administer, enhance, optimize, select, deliver and measure advertisements. We use the following categories of personal information for this purpose: personal details, payment details, purchase information, Netflix account/profile information, usage information, advertising information, and device and network information.",https://netflix.com,Medium,60,tracking_profiling,profile,R003,explainable_rules,0.65,False,,,,0.0787,train,AI-assisted weak label; requires human review before use as gold data
be7fbf44414b3db9,PayPal,privacy_policy,When and How We Share Personal Information With Others,"Linked accounts. If you choose to link your PayPal account with a third-party account, we may disclose Personal Information with third-parties who facilitate that linking.","Linked accounts. If you choose to link your PayPal account with a third-party account, we may disclose Personal Information with third-parties who facilitate that linking.",https://paypal.com,Medium,60,third_party_sharing,"third-party account, we may disclose Personal Information",R001,explainable_rules,0.65,False,,,,0.0595,train,AI-assisted weak label; requires human review before use as gold data
06cf0477ac11ca79,Instagram,privacy_policy,Personalizing Meta Products,"The time, frequency and duration of your activities on our Products","The time, frequency and duration of your activities on our Products",https://instagram.com,Low,20,,,,default_low_unverified,0.25,True,,,,0.0858,train,AI-assisted weak label; requires human review before use as gold data
bd61f388b27f21fa,PayPal,privacy_policy,Disclosures for Individuals in the United Kingdom (“UK”) and European Economic Area (“EEA”),This section contains additional disclosures for individuals in the UK and EEA and supplements PayPal’s Privacy Statement above.,This section contains additional disclosures for individuals in the UK and EEA and supplements PayPal’s Privacy Statement above.,https://paypal.com,Low,20,,,,default_low_unverified,0.25,True,,,,0.0201,train,AI-assisted weak label; requires human review before use as gold data
aa2cac1cdbf7ec88,Google,privacy_policy,Pixel tag,"A pixel tag is a type of technology placed on a website or within the body of an email for the purpose of tracking certain activity, such as views of a website or when an email is opened. Pixel tags are often used in combination with cookies.","A pixel tag is a type of technology placed on a website or within the body of an email for the purpose of tracking certain activity, such as views of a website or when an email is opened. Pixel tags are often used in combination with cookies.",https://google.com,Medium,60,tracking_profiling,tracking,R003,explainable_rules,0.65,False,,,,0.057,train,AI-assisted weak label; requires human review before use as gold data
3041d6fb167f5c9c,Instagram,privacy_policy,Highlights,"!A row of images, including a bar graph, two ads and an online shopping cart.","!A row of images, including a bar graph, two ads and an online shopping cart.",https://instagram.com,Low,20,,,,default_low_unverified,0.25,True,,,,0.0536,train,AI-assisted weak label; requires human review before use as gold data
9b30d159a4a402f3,PayPal,privacy_policy,UK and EEA Data Protection Rights,"The right to have automated decisions reviewed and to be informed of the existence of any Automated Decision Making, including any Profiling, and the logic involved, significance of and the envisaged consequences of any such processing;","The right to have automated decisions reviewed and to be informed of the existence of any Automated Decision Making, including any Profiling, and the logic involved, significance of and the envisaged consequences of any such processing;",https://paypal.com,Medium,60,tracking_profiling,Profiling,R003,explainable_rules,0.65,False,,,,0.2026,train,AI-assisted weak label; requires human review before use as gold data
135f0df439ce8a1b,Google,privacy_policy,Legal bases of processing,"Google Dashboard allows you to manage information associated with specific products.<br> Personal information that you provide to us when you create a Google Account (like your name and password, phone number, date of birth or payment information).<br> Information that we collect as you use our services:<br> Information about your apps, browsers and devices, such as unique identifiers tied to the browser, application or device that you’re using and information about the interaction of your apps, browsers and devices with our services (like IP address, crash reports and system activity).<br> Information about your activity in our services, such as your search terms, Chrome browsing history that you’ve synced with your Google Account, your views and interactions with content and ads, and your activity on third-party sites and apps that use our services.","Google Dashboard allows you to manage information associated with specific products.<br> Personal information that you provide to us when you create a Google Account (like your name and password, phone number, date of birth or payment information).<br> Information that we collect as you use our services:<br> Information about your apps, browsers and devices, such as unique identifiers tied to the browser, application or device that you’re using and information about the interaction of your apps, browsers and devices with our services (like IP address, crash reports and system activity).<br> Information about your activity in our services, such as your search terms, Chrome browsing history that you’ve synced with your Google Account, your views and interactions with content and ads, and your activity on third-party sites and apps that use our services.",https://google.com,High,90,user_choice_control,"browsing history that you’ve synced with your Google Account, your views",R021,explainable_rules,0.75,True,,,,0.0907,train,AI-assisted weak label; requires human review before use as gold data
506c93d574931600,Discord,terms_of_service,Settling disputes between you and Discord,"Class Action Waiver. You agree that any Dispute between you and Discord that for any reason is not subject to the “Agreement to Arbitrate” section below may only be pursued by you on an individual basis, and you may not bring a claim as a plaintiff or a class member in a class, collective, or representative action. To the extent a Dispute between you and Discord is subject to arbitration, the provisions set forth in the “Agreement to Arbitrate” apply, including those regarding class arbitration, private attorney general arbitration, arbitration involving joint or consolidated claims, and batching.","Class Action Waiver. You agree that any Dispute between you and Discord that for any reason is not subject to the “Agreement to Arbitrate” section below may only be pursued by you on an individual basis, and you may not bring a claim as a plaintiff or a class member in a class, collective, or representative action. To the extent a Dispute between you and Discord is subject to arbitration, the provisions set forth in the “Agreement to Arbitrate” apply, including those regarding class arbitration, private attorney general arbitration, arbitration involving joint or consolidated claims, and batching.",https://discord.com,High,90,liability_dispute,Class Action Waiver,R011,explainable_rules,0.75,True,,,,0.1528,train,AI-assisted weak label; requires human review before use as gold data
0c9ed9a7c7f3dd82,Instagram,terms_of_service,3. The Privacy Policy,"Providing our Service requires collecting and using your information. The Privacy Policy explains how we collect, use, and share information across the Meta Products. It also explains the many ways you can control your information, including in the Instagram Privacy and Security Settings. You must agree to the Privacy Policy to use Instagram.","Providing our Service requires collecting and using your information. The Privacy Policy explains how we collect, use, and share information across the Meta Products. It also explains the many ways you can control your information, including in the Instagram Privacy and Security Settings. You must agree to the Privacy Policy to use Instagram.",https://instagram.com,Low,20,,,,default_low_unverified,0.25,True,,,,0.1562,train,AI-assisted weak label; requires human review before use as gold data
d584a0399670eefa,PayPal,privacy_policy,When and How We Share Personal Information With Others,"Other Users in accordance with your account settings. In accordance with your account settings or PayPal.Me preferences, your Personal Information can be seen by other account holders (such as users of Venmo or third party payment networks and processors) to help facilitate a transaction. For example, as part of the send money feature, a User may search for your account to initiate a payment. Based on your account settings, the information shown to other Users may include your username, profile photo, first and last name, email, phone number, city and state, month and year of PayPal account creation, and any additional information you include in the details or ""about you"" section of your account.","Other Users in accordance with your account settings. In accordance with your account settings or PayPal.Me preferences, your Personal Information can be seen by other account holders (such as users of Venmo or third party payment networks and processors) to help facilitate a transaction. For example, as part of the send money feature, a User may search for your account to initiate a payment. Based on your account settings, the information shown to other Users may include your username, profile photo, first and last name, email, phone number, city and state, month and year of PayPal account creation, and any additional information you include in the details or ""about you"" section of your account.",https://paypal.com,Medium,60,tracking_profiling,profile,R003,explainable_rules,0.65,False,,,,0.0384,train,AI-assisted weak label; requires human review before use as gold data
d013cf0ed6809dfa,PayPal,privacy_policy,ARCO Rights,Your duly authorized agent can submit a request on your behalf by contacting our Customer Services line. Please note that we may require additional information for veriﬁcation.,Your duly authorized agent can submit a request on your behalf by contacting our Customer Services line. Please note that we may require additional information for verification.,https://paypal.com,Low,20,,,,default_low_unverified,0.25,True,,,,0.0422,train,AI-assisted weak label; requires human review before use as gold data
b9891232d2396102,Netflix,terms_of_service,1.8. Usage Rights and Restrictions,"(v) decompile, reverse engineer or disassemble any software or other products or processes accessible through the Netflix service;","(v) decompile, reverse engineer or disassemble any software or other products or processes accessible through the Netflix service;",https://netflix.com,Low,20,,,,default_low_unverified,0.25,True,,,,0.0105,train,AI-assisted weak label; requires human review before use as gold data
83f7db28951a9e52,PayPal,privacy_policy,Your rights,"Log in to your PayPal account(s) or profile management portal, and submit a request.","Log in to your PayPal account(s) or profile management portal, and submit a request.",https://paypal.com,Medium,60,tracking_profiling,profile,R003,explainable_rules,0.65,False,,,,0.069,train,AI-assisted weak label; requires human review before use as gold data
86856cd063ed83bc,PayPal,privacy_policy,How Long We Store Your Personal Information,"We retain biometric data for as long as needed or permitted given the purpose for which it was collected and no more than 3 years after your account closes, unless otherwise required by applicable law.","We retain biometric data for as long as needed or permitted given the purpose for which it was collected and no more than 3 years after your account closes, unless otherwise required by applicable law.",https://paypal.com,Medium,60,personal_data_collection,biometric data for as long as needed or permitted given the purpose for which it was collected,R013,explainable_rules,0.65,False,,,,0.2423,train,AI-assisted weak label; requires human review before use as gold data
798fe4ca6bae8e08,TikTok,privacy_policy,Legitimate Interests,"Interactive features, like Duet and Stitch, enable other users to include your videos in their videos (if you allow this in your settings).","Interactive features, like Duet and Stitch, enable other users to include your videos in their videos (if you allow this in your settings).",https://tiktok.com,Low,20,,,,default_low_unverified,0.25,True,,,,0.0159,train,AI-assisted weak label; requires human review before use as gold data
8ea4e51f13ace507,Netflix,privacy_policy,Where We Collect Personal Information From,"Publicly available sources such as public posts on social media platforms (for example, where you have tagged Netflix in a publicly-available social media post, or shared or liked content we have made available on social media) and other information available through public databases, in accordance with applicable laws.","Publicly available sources such as public posts on social media platforms (for example, where you have tagged Netflix in a publicly-available social media post, or shared or liked content we have made available on social media) and other information available through public databases, in accordance with applicable laws.",https://netflix.com,Low,20,,,,default_low_unverified,0.25,True,,,,0.3413,train,AI-assisted weak label; requires human review before use as gold data
fe8a251625522e60,Amazon,privacy_policy,What Choices Do I Have?,"The Help feature on most browsers and devices will tell you how to prevent your browser or device from accepting new cookies or other identifiers, how to have the browser notify you when you receive a new cookie, or how to block cookies altogether. Because cookies and identifiers allow you to take advantage of some essential features of Amazon Services, we recommend that you leave them turned on. For instance, if you block or otherwise reject our cookies, you will not be able to add items to your Shopping Cart, proceed to Checkout, or use any Services that require you to Sign in. For more information about cookies and other identifiers, see our Cookies Notice.","The Help feature on most browsers and devices will tell you how to prevent your browser or device from accepting new cookies or other identifiers, how to have the browser notify you when you receive a new cookie, or how to block cookies altogether. Because cookies and identifiers allow you to take advantage of some essential features of Amazon Services, we recommend that you leave them turned on. For instance, if you block or otherwise reject our cookies, you will not be able to add items to your Shopping Cart, proceed to Checkout, or use any Services that require you to Sign in. For more information about cookies and other identifiers, see our Cookies Notice.",https://amazon.com,Low,20,,,,default_low_unverified,0.25,True,,,,0.0903,train,AI-assisted weak label; requires human review before use as gold data
121bcdbaa72eb62b,Discord,privacy_policy,International data transfers,"For more information about the Data Privacy Framework principles and to view our certification, please visit the U.S. Department of Commerce’s Data Privacy Framework site.","For more information about the Data Privacy Framework principles and to view our certification, please visit the U.S. Department of Commerce’s Data Privacy Framework site.",https://discord.com,Low,20,,,,default_low_unverified,0.25,True,,,,0.0543,train,AI-assisted weak label; requires human review before use as gold data
3852bac923144c14,X (Twitter),terms_of_service,Ending These Terms,"In all such cases, the Terms shall terminate, including, without limitation, your license to use the Services, except that the following sections shall continue to apply: 2, 3, 5, 6, and the misuse provisions of Section 4 (“Misuse of the Services”). If you believe your account was terminated in error you can file an appeal following the steps found in our Help Center (https://help.x.com/forms/account-access/appeals). For the avoidance of doubt, these Terms survive the deactivation or termination of your account.","In all such cases, the Terms shall terminate, including, without limitation, your license to use the Services, except that the following sections shall continue to apply: 2, 3, 5, 6, and the misuse provisions of Section 4 (“Misuse of the Services”). If you believe your account was terminated in error you can file an appeal following the steps found in our Help Center (https://help.x.com/forms/account-access/appeals). For the avoidance of doubt, these Terms survive the deactivation or termination of your account.",https://twitter.com,Low,20,,,,default_low_unverified,0.25,True,,,,0.0458,train,AI-assisted weak label; requires human review before use as gold data
a13a3dce11d70fab,PayPal,terms_of_service,Holding and using a PayPal balance,"You will not receive interest or any other earnings on the money in your account. This is because the money in your account is electronic money and applicable laws forbid paying interest on electronic money (for example, Directive 2009/110/EC article 12 of the European Union). Also, electronic money is not a deposit or an investment under Luxembourg law, so the Luxembourg deposit guarantee or investor indemnity schemes administered by the Conseil des Protection des Deposants et des Investisseurs or any equivalent scheme in the EEA cannot protect you.","You will not receive interest or any other earnings on the money in your account. This is because the money in your account is electronic money and applicable laws forbid paying interest on electronic money (for example, Directive 2009/110/EC article 12 of the European Union). Also, electronic money is not a deposit or an investment under Luxembourg law, so the Luxembourg deposit guarantee or investor indemnity schemes administered by the Conseil des Protection des Deposants et des Investisseurs or any equivalent scheme in the EEA cannot protect you.",https://paypal.com,Low,20,,,,default_low_unverified,0.25,True,,,,0.0322,train,AI-assisted weak label; requires human review before use as gold data
11b2b5595fa29e22,YouTube,terms_of_service,Other Legal Terms,"Warranty Disclaimer OTHER THAN AS EXPRESSLY STATED IN THIS AGREEMENT OR AS REQUIRED BY LAW, THE SERVICE IS PROVIDED “AS IS” AND YOUTUBE DOES NOT MAKE ANY SPECIFIC COMMITMENTS OR WARRANTIES ABOUT THE SERVICE. FOR EXAMPLE, WE DON’T MAKE ANY WARRANTIES ABOUT: (A) THE CONTENT PROVIDED THROUGH THE SERVICE; (B) THE SPECIFIC FEATURES OF THE SERVICE, OR ITS ACCURACY, RELIABILITY, AVAILABILITY, OR ABILITY TO MEET YOUR NEEDS; OR (C) THAT ANY CONTENT YOU SUBMIT WILL BE ACCESSIBLE ON THE SERVICE.","Warranty Disclaimer OTHER THAN AS EXPRESSLY STATED IN THIS AGREEMENT OR AS REQUIRED BY LAW, THE SERVICE IS PROVIDED “AS IS” AND YOUTUBE DOES NOT MAKE ANY SPECIFIC COMMITMENTS OR WARRANTIES ABOUT THE SERVICE. FOR EXAMPLE, WE DON’T MAKE ANY WARRANTIES ABOUT: (A) THE CONTENT PROVIDED THROUGH THE SERVICE; (B) THE SPECIFIC FEATURES OF THE SERVICE, OR ITS ACCURACY, RELIABILITY, AVAILABILITY, OR ABILITY TO MEET YOUR NEEDS; OR (C) THAT ANY CONTENT YOU SUBMIT WILL BE ACCESSIBLE ON THE SERVICE.",https://youtube.com,Medium,60,liability_dispute,Disclaimer,R012,explainable_rules,0.65,False,,,,0.1799,train,AI-assisted weak label; requires human review before use as gold data
3903c3bb236b476d,YouTube,terms_of_service,Removal of Content By YouTube,"If we reasonably believe that any of your Content (1) is in breach of this Agreement or (2) may cause harm to YouTube, our users, or third parties, we reserve the right to remove or take down that Content in accordance with applicable law. We will notify you with the reason for our action unless we reasonably believe that to do so: (a) would breach the law or the direction of a legal enforcement authority or would otherwise risk legal liability for YouTube or our Affiliates; (b) would compromise an investigation or the integrity or operation of the Service; or (c) would cause harm to any user, other third party, YouTube or our Affiliates. You can learn more about reporting and enforcement, including how to appeal on the Troubleshooting page of our Help Center.","If we reasonably believe that any of your Content (1) is in breach of this Agreement or (2) may cause harm to YouTube, our users, or third parties, we reserve the right to remove or take down that Content in accordance with applicable law. We will notify you with the reason for our action unless we reasonably believe that to do so: (a) would breach the law or the direction of a legal enforcement authority or would otherwise risk legal liability for YouTube or our Affiliates; (b) would compromise an investigation or the integrity or operation of the Service; or (c) would cause harm to any user, other third party, YouTube or our Affiliates. You can learn more about reporting and enforcement, including how to appeal on the Troubleshooting page of our Help Center.",https://youtube.com,Low,20,,,,default_low_unverified,0.25,True,,,,0.0533,train,AI-assisted weak label; requires human review before use as gold data
8a5e1638d331fd7f,PayPal,privacy_policy,Categories of Personal Information We Collect,"Categories of Personal Information collected from you, including from your interactions with us and use of the Services:","Categories of Personal Information collected from you, including from your interactions with us and use of the Services:",https://paypal.com,Low,20,,,,default_low_unverified,0.25,True,,,,0.2033,train,AI-assisted weak label; requires human review before use as gold data
a0929afd8985072e,PayPal,privacy_policy,Our Lawful Basis for Processing Personal Information,"| | | | | --- | --- | --- | | We may process your Personal Information in accordance with the lawful bases below under the General Data Protection Regulation | Types of Data | Lawful basis and special condition for processing (if relevant) | | These processing purposes include:<br><br> to provide our Services, to fulfil relevant agreements with you and to otherwise administer our business relationship with you;<br> to administer your payment for products and the customer relationship;<br> to assess your creditworthiness in connection with your application, confirm your identity and your contact information, and protect you and others from fraud;<br> to confirm your identity, also through the use of electronic signature, and verify your personal and contact details;<br> to prove that transactions have been executed;<br> to establish, exercise or defend a legal claim or collection procedure;<br> to comply with internal procedures;<br> to assess which payment options and services to offer you, for example by carrying out internal and external credit assessments;<br> for customer analysis, to administer our Services, and for internal operations, for example troubleshooting, data analysis, testing, research and statistical purposes;<br> to communicate with you in relation to our Services;<br> to promote the security of the Services;<br> to comply with applicable laws, such as AML and bookkeeping laws and rules issued by our designated banks and relevant card networks;<br> specifically for Visa+, we will receive the recipient’s name and payment information from Visa and third-party Visa+ participating digital wallets for the purpose of processing and matching Visa+ payment transactions between participating digital wallets and PayPal;<br> For Fastlane users, we may recognize you as a Fastlane user when you shop on participating Partner and Merchant sites, and we may prompt you to engage in participating Partner or Merchant interactions, such as registering for a store or loyalty account using your Fastlane profile.","| | | | | --- | --- | --- | | We may process your Personal Information in accordance with the lawful bases below under the General Data Protection Regulation | Types of Data | Lawful basis and special condition for processing (if relevant) | | These processing purposes include:<br><br> to provide our Services, to fulfil relevant agreements with you and to otherwise administer our business relationship with you;<br> to administer your payment for products and the customer relationship;<br> to assess your creditworthiness in connection with your application, confirm your identity and your contact information, and protect you and others from fraud;<br> to confirm your identity, also through the use of electronic signature, and verify your personal and contact details;<br> to prove that transactions have been executed;<br> to establish, exercise or defend a legal claim or collection procedure;<br> to comply with internal procedures;<br> to assess which payment options and services to offer you, for example by carrying out internal and external credit assessments;<br> for customer analysis, to administer our Services, and for internal operations, for example troubleshooting, data analysis, testing, research and statistical purposes;<br> to communicate with you in relation to our Services;<br> to promote the security of the Services;<br> to comply with applicable laws, such as AML and bookkeeping laws and rules issued by our designated banks and relevant card networks;<br> specifically for Visa+, we will receive the recipient’s name and payment information from Visa and third-party Visa+ participating digital wallets for the purpose of processing and matching Visa+ payment transactions between participating digital wallets and PayPal;<br> For Fastlane users, we may recognize you as a Fastlane user when you shop on participating Partner and Merchant sites, and we may prompt you to engage in participating Partner or Merchant interactions, such as registering for a store or loyalty account using your Fastlane profile.",https://paypal.com,Medium,60,tracking_profiling,profile,R003,explainable_rules,0.65,False,,,,0.0363,train,AI-assisted weak label; requires human review before use as gold data
bec0549c7d30b561,TikTok,privacy_policy,Information You Provide,"Information From Forms and Features You Use. We collect the Information You Provide when you fill in a form on the Platform. You can let TikTok fill in forms automatically with your account info, like your addresses or payment info.","Information From Forms and Features You Use. We collect the Information You Provide when you fill in a form on the Platform. You can let TikTok fill in forms automatically with your account info, like your addresses or payment info.",https://tiktok.com,Low,20,,,,default_low_unverified,0.25,True,,,,0.0424,train,AI-assisted weak label; requires human review before use as gold data
a0f416a72ca64176,Netflix,privacy_policy,Communication and Marketing Preferences,"Email and Text Messages. If you no longer want to receive certain communications from us via email or text message, please access the “Notification settings” option for the relevant profile within the “Account” section of our website. Alternatively, click the “unsubscribe” link in the email or reply STOP (or as otherwise instructed) to the text message (note: you may receive a confirmation text message in this case). Please note that you cannot unsubscribe from transactional messages from us, such as messages relating to your account transactions.","Email and Text Messages. If you no longer want to receive certain communications from us via email or text message, please access the “Notification settings” option for the relevant profile within the “Account” section of our website. Alternatively, click the “unsubscribe” link in the email or reply STOP (or as otherwise instructed) to the text message (note: you may receive a confirmation text message in this case). Please note that you cannot unsubscribe from transactional messages from us, such as messages relating to your account transactions.",https://netflix.com,Medium,60,tracking_profiling,profile,R003,explainable_rules,0.65,False,,,,0.0304,train,AI-assisted weak label; requires human review before use as gold data
81909409871e72c7,Pinterest,privacy_policy,How we use the info we collect,"May access user information in relation to a legal claim, litigation, or regulatory proceeding.","May access user information in relation to a legal claim, litigation, or regulatory proceeding.",https://pinterest.com,Low,20,,,,default_low_unverified,0.25,True,,,,0.0453,train,AI-assisted weak label; requires human review before use as gold data
c772eae0fc883bc5,Pinterest,terms_of_service,11. Arbitration,"A party with a dispute must first send us a Notice of Dispute, which must include your full name; your Pinterest profile name (which begins @); the email address associated with your Pinterest account; your country of residence and, if you are a U.S. resident, your state of residence; your counsel, if you are represented by counsel; a detailed description of both the dispute and the alleged harm; and your signature. That information should be emailed to litigation@pinterest.com. The notice can only be sent on behalf of an individual party; a Notice of Dispute that asserts the rights of more than one party is ineffective. After receiving the Notice of Dispute, Pinterest will respond within 60 days to attempt to resolve the dispute amicably. After the 60-day period has elapsed, either party may initiate arbitration.","A party with a dispute must first send us a Notice of Dispute, which must include your full name; your Pinterest profile name (which begins @); the email address associated with your Pinterest account; your country of residence and, if you are a U.S. resident, your state of residence; your counsel, if you are represented by counsel; a detailed description of both the dispute and the alleged harm; and your signature. That information should be emailed to litigation@pinterest.com. The notice can only be sent on behalf of an individual party; a Notice of Dispute that asserts the rights of more than one party is ineffective. After receiving the Notice of Dispute, Pinterest will respond within 60 days to attempt to resolve the dispute amicably. After the 60-day period has elapsed, either party may initiate arbitration.",https://pinterest.com,Medium,60,tracking_profiling,profile,R003,explainable_rules,0.65,False,,,,0.0461,train,AI-assisted weak label; requires human review before use as gold data
f5bc21b2ba0fd097,TikTok,privacy_policy,Legitimate Interests,"We share your information with independent researchers to facilitate research that meets certain criteria, including where such researchers have demonstrable experience and expertise in their area. Click here to learn more","We share your information with independent researchers to facilitate research that meets certain criteria, including where such researchers have demonstrable experience and expertise in their area. Click here to learn more",https://tiktok.com,Low,20,,,,default_low_unverified,0.25,True,,,,0.0215,train,AI-assisted weak label; requires human review before use as gold data
0f9eacefb01b6a73,Google,terms_of_service,Age requirements,"If you’re a parent or legal guardian, and you allow your child to use the services, then these terms apply to you and you’re responsible for your child’s activity on the services.","If you’re a parent or legal guardian, and you allow your child to use the services, then these terms apply to you and you’re responsible for your child’s activity on the services.",https://google.com,Low,20,,,,default_low_unverified,0.25,True,,,,0.0446,train,AI-assisted weak label; requires human review before use as gold data
46fdae10c31940c0,X (Twitter),terms_of_service,Limitation of Liability,"THE LIMITATIONS OF THIS SUBSECTION SHALL APPLY TO ANY THEORY OF LIABILITY, WHETHER BASED ON WARRANTY, CONTRACT, STATUTE, TORT (INCLUDING NEGLIGENCE) OR OTHERWISE, AND WHETHER OR NOT THE X ENTITIES HAVE BEEN INFORMED OF THE POSSIBILITY OF ANY SUCH DAMAGE, AND EVEN IF A REMEDY SET FORTH HEREIN IS FOUND TO HAVE FAILED OF ITS ESSENTIAL PURPOSE. IN THE EVENT ANY PORTION OF THESE LIMITATION OF LIABILITY PROVISIONS IS DEEMED UNENFORCEABLE AS A MATTER OF LAW, THAT LIMITATION SHALL INSTEAD BE THE GREATEST LIMITATION PERMITTED BY LAW.","THE LIMITATIONS OF THIS SUBSECTION SHALL APPLY TO ANY THEORY OF LIABILITY, WHETHER BASED ON WARRANTY, CONTRACT, STATUTE, TORT (INCLUDING NEGLIGENCE) OR OTHERWISE, AND WHETHER OR NOT THE X ENTITIES HAVE BEEN INFORMED OF THE POSSIBILITY OF ANY SUCH DAMAGE, AND EVEN IF A REMEDY SET FORTH HEREIN IS FOUND TO HAVE FAILED OF ITS ESSENTIAL PURPOSE. IN THE EVENT ANY PORTION OF THESE LIMITATION OF LIABILITY PROVISIONS IS DEEMED UNENFORCEABLE AS A MATTER OF LAW, THAT LIMITATION SHALL INSTEAD BE THE GREATEST LIMITATION PERMITTED BY LAW.",https://twitter.com,Medium,60,liability_dispute,LIMITATION OF LIABILITY,R012,explainable_rules,0.65,False,,,,0.0382,train,AI-assisted weak label; requires human review before use as gold data
e48ddd31e3de7604,PayPal,privacy_policy,When and How We Share Personal Information With Others,"Other Users if you have a business profile. If you have a business profile, we will display a payment link and disclose certain information about you to other Users, including your name or business name, profile picture or logo, and the city associated with your PayPal account, as well as total time selling with us, total number of followers, and total number of unique Users that have paid you in the past year. If you have a business profile, you can choose to display other information to other Users, such as your street address, phone number, email and website, in accordance with your business profile settings.","Other Users if you have a business profile. If you have a business profile, we will display a payment link and disclose certain information about you to other Users, including your name or business name, profile picture or logo, and the city associated with your PayPal account, as well as total time selling with us, total number of followers, and total number of unique Users that have paid you in the past year. If you have a business profile, you can choose to display other information to other Users, such as your street address, phone number, email and website, in accordance with your business profile settings.",https://paypal.com,High,90,tracking_profiling,"address, phone number, email and website, in accordance with your business profile || profile",R019|R003,explainable_rules,0.75,True,,,,0.0571,train,AI-assisted weak label; requires human review before use as gold data
00f6723e051c762c,X (Twitter),privacy_policy,1. Information We Collect,"Personal accounts. If you create an account, you must provide us with some information so that we can provide our services to you. This includes a display name (for example, “Creators”); a username (for example, @XCreators); a password; an email address or phone number; a date of birth; your display language; and third-party single sign-in information (if you choose this sign-in method). You can also choose to share your location in your profile and posts, and to upload your address book to X to help find people you may know. Your profile information, which includes your display name and username, is always public, but you can use either your real name or a pseudonym. And remember, you can create multiple X accounts, for example, to express different parts of your identity, professional or otherwise.","Personal accounts. If you create an account, you must provide us with some information so that we can provide our services to you. This includes a display name (for example, “Creators”); a username (for example, @XCreators); a password; an email address or phone number; a date of birth; your display language; and third-party single sign-in information (if you choose this sign-in method). You can also choose to share your location in your profile and posts, and to upload your address book to X to help find people you may know. Your profile information, which includes your display name and username, is always public, but you can use either your real name or a pseudonym. And remember, you can create multiple X accounts, for example, to express different parts of your identity, professional or otherwise.",https://twitter.com,High,90,tracking_profiling,address book to X to help find people you may know. Your profile || profile,R019|R003,explainable_rules,0.75,True,,,,0.0942,train,AI-assisted weak label; requires human review before use as gold data
68f974a6d58124b5,PayPal,privacy_policy,Our Lawful Basis for Processing Personal Information,"We also carry out sanction screening, and report to tax authorities, police enforcement authorities, enforcement authorities, and supervisory authorities. | Necessary categories of Personal Information include:<br><br> Registration and contact information;<br> Identification and signature information;<br> Payment information;<br> Information related to legal requirements;<br> Information you provide when you contact us;<br> Transaction information;<br> Package tracking;<br> Service-specific Personal Information;<br> Information from CRAs and financial institutions;<br> Information from your connected financial accounts;<br> Information from your use of the Services;<br> Technical usage data;<br> Device information; and<br> Location data. | We have a legal obligation under applicable laws to conduct certain processing activities.","We also carry out sanction screening, and report to tax authorities, police enforcement authorities, enforcement authorities, and supervisory authorities. | Necessary categories of Personal Information include:<br><br> Registration and contact information;<br> Identification and signature information;<br> Payment information;<br> Information related to legal requirements;<br> Information you provide when you contact us;<br> Transaction information;<br> Package tracking;<br> Service-specific Personal Information;<br> Information from CRAs and financial institutions;<br> Information from your connected financial accounts;<br> Information from your use of the Services;<br> Technical usage data;<br> Device information; and<br> Location data. | We have a legal obligation under applicable laws to conduct certain processing activities.",https://paypal.com,Medium,60,tracking_profiling,tracking,R003,explainable_rules,0.65,False,,,,0.0707,train,AI-assisted weak label; requires human review before use as gold data
c858c18c5e94ab18,Amazon,terms_of_service,PRODUCT DESCRIPTIONS,"Amazon attempts to be as accurate as possible. However, Amazon does not warrant that product descriptions or other content of any Amazon Service is accurate, complete, reliable, current, or error-free. If a product offered by Amazon itself is not as described, your sole remedy is to return it in unused condition.","Amazon attempts to be as accurate as possible. However, Amazon does not warrant that product descriptions or other content of any Amazon Service is accurate, complete, reliable, current, or error-free. If a product offered by Amazon itself is not as described, your sole remedy is to return it in unused condition.",https://amazon.com,Low,20,,,,default_low_unverified,0.25,True,,,,0.0441,train,AI-assisted weak label; requires human review before use as gold data
03f3cc0974c6f523,PayPal,privacy_policy,Notice for Users in the UK,"Disclose account Information to intellectual property right owners if under applicable law they have a claim against PayPal for an out-of-court information disclosure due to an infringement of their intellectual property rights for which PayPal Services have been used. Disclose necessary information in response to the requirements of the credit card associations or a civil or criminal legal process. Disclose your name and PayPal link in the PayPal user directory. Your details will be confirmed to other PayPal users in response to a user searching using your name, email address or telephone number, or part of these details. This is to ensure people make payments to the correct user. This feature can be turned off in the PayPal profile settings.","Disclose account Information to intellectual property right owners if under applicable law they have a claim against PayPal for an out-of-court information disclosure due to an infringement of their intellectual property rights for which PayPal Services have been used. Disclose necessary information in response to the requirements of the credit card associations or a civil or criminal legal process. Disclose your name and PayPal link in the PayPal user directory. Your details will be confirmed to other PayPal users in response to a user searching using your name, email address or telephone number, or part of these details. This is to ensure people make payments to the correct user. This feature can be turned off in the PayPal profile settings.",https://paypal.com,Medium,60,tracking_profiling,profile,R003,explainable_rules,0.65,False,,,,0.0458,train,AI-assisted weak label; requires human review before use as gold data
5c5d1995d095e794,TikTok,privacy_policy,Partners,"sign-up or log-in to the Platform using your account details from a third party platform (such as Facebook or Google), we will share certain Technical Information to facilitate this,","sign-up or log-in to the Platform using your account details from a third party platform (such as Facebook or Google), we will share certain Technical Information to facilitate this,",https://tiktok.com,Low,20,,,,default_low_unverified,0.25,True,,,,0.062,train,AI-assisted weak label; requires human review before use as gold data
48319edbb712774b,TikTok,terms_of_service,6.2 TikTok’s rights,"We might temporarily suspend, permanently restrict or terminate your account, or impose limits on, or restrict your access to features of the Platform if:","We might temporarily suspend, permanently restrict or terminate your account, or impose limits on, or restrict your access to features of the Platform if:",https://tiktok.com,Low,20,,,,default_low_unverified,0.25,True,,,,0.0987,train,AI-assisted weak label; requires human review before use as gold data
89dfdc6b20864ba6,Netflix,privacy_policy,Legal bases,"Legitimate interests: We rely on legitimate interests to collect and use personal information for the following purposes described in this Privacy Statement: to provide our service (when processing profile users' personal information, including for the purpose of profile transfers); to research, analyze, and improve our services; to enable Partner integrations and promotions; to send marketing and informational messages (in accordance with your communications preferences and where permitted by law); to support advertisements (for non-behavioral advertisements); for safety, security, and fraud prevention (except where we have a legal obligation to comply or have your consent, in the circumstances described below); and to comply with law and enforce the Netflix Terms of Use (when determining whether and for which Offers you are eligible and determining whether a particular device is permitted to use the account consistent with the Netflix Terms of Use).","Legitimate interests: We rely on legitimate interests to collect and use personal information for the following purposes described in this Privacy Statement: to provide our service (when processing profile users' personal information, including for the purpose of profile transfers); to research, analyze, and improve our services; to enable Partner integrations and promotions; to send marketing and informational messages (in accordance with your communications preferences and where permitted by law); to support advertisements (for non-behavioral advertisements); for safety, security, and fraud prevention (except where we have a legal obligation to comply or have your consent, in the circumstances described below); and to comply with law and enforce the Netflix Terms of Use (when determining whether and for which Offers you are eligible and determining whether a particular device is permitted to use the account consistent with the Netflix Terms of Use).",https://netflix.com,Medium,60,tracking_profiling,profile,R003,explainable_rules,0.65,False,,,,0.1028,train,AI-assisted weak label; requires human review before use as gold data
d219a17374bff5cf,TikTok,terms_of_service,4.4 What you can do on the Platform,See our Help Center for more information about features of the Platform and how to use them.,See our Help Center for more information about features of the Platform and how to use them.,https://tiktok.com,Low,20,,,,default_low_unverified,0.25,True,,,,0.0247,train,AI-assisted weak label; requires human review before use as gold data
16d61bce0153da3c,Pinterest,terms_of_service,10. Limitation of Liability,"If we cause damage to you and you're a consumer in the EEA or UK, the above doesn't apply. Instead, Pinterest's liability will be limited to foreseeable damages arising due to a breach of material contractual obligations typical for this type of contract. Pinterest isn't liable for damages that result from a non-material breach of any other applicable duty of care. This limitation of liability won't apply to any statutory liability that cannot be limited, to liability for death or personal injury caused by our negligence or willful misconduct, or to exclude our responsibility for something we have specifically promised to you.","If we cause damage to you and you're a consumer in the EEA or UK, the above doesn't apply. Instead, Pinterest's liability will be limited to foreseeable damages arising due to a breach of material contractual obligations typical for this type of contract. Pinterest isn't liable for damages that result from a non-material breach of any other applicable duty of care. This limitation of liability won't apply to any statutory liability that cannot be limited, to liability for death or personal injury caused by our negligence or willful misconduct, or to exclude our responsibility for something we have specifically promised to you.",https://pinterest.com,Medium,60,liability_dispute,limitation of liability,R012,explainable_rules,0.65,False,,,,0.0939,train,AI-assisted weak label; requires human review before use as gold data
91b992b30cc1e06f,X (Twitter),privacy_policy,1. Information We Collect,"Information about your connection, such as your IP address, browser type, and related information.","Information about your connection, such as your IP address, browser type, and related information.",https://twitter.com,Low,20,,,,default_low_unverified,0.25,True,,,,0.1769,train,AI-assisted weak label; requires human review before use as gold data
39396cd3b5f53d55,Google,terms_of_service,Software in Google services,Some of our services include downloadable or preloaded software. We give you permission to use that software as part of the services.,Some of our services include downloadable or preloaded software. We give you permission to use that software as part of the services.,https://google.com,Low,20,,,,default_low_unverified,0.25,True,,,,0.0173,train,AI-assisted weak label; requires human review before use as gold data
12fb2643de38bc53,Netflix,privacy_policy,Section C: Access to Account and Profiles,"Profiles: Profiles allow users on a Netflix account to have a personalized Netflix experience, built around the Netflix content of interest to them, as well as separate watch histories. Please note that profiles are available to everyone who uses your Netflix account, so that anyone with access to your Netflix account can navigate to and use, edit or delete profiles, and information within or associated with the profile (although, as noted above, you can add a Profile Lock PIN to restrict streaming access on a profile). You should explain this to others with access to your account, and if you do not want them to use or change your profile, be sure to let them know. We also have various parental controls available and you can learn more here: help.netflix.com/node/264.","Profiles: Profiles allow users on a Netflix account to have a personalized Netflix experience, built around the Netflix content of interest to them, as well as separate watch histories. Please note that profiles are available to everyone who uses your Netflix account, so that anyone with access to your Netflix account can navigate to and use, edit or delete profiles, and information within or associated with the profile (although, as noted above, you can add a Profile Lock PIN to restrict streaming access on a profile). You should explain this to others with access to your account, and if you do not want them to use or change your profile, be sure to let them know. We also have various parental controls available and you can learn more here: help.netflix.com/node/264.",https://netflix.com,Medium,60,tracking_profiling,Profiles || add a Profile Lock PIN to restrict streaming access on a profile,R003|R019,explainable_rules,0.65,False,,,,0.0368,train,AI-assisted weak label; requires human review before use as gold data
73485895ed6d2d53,Google,terms_of_service,Don't abuse our services,"You must not abuse, harm, interfere with or disrupt our services or systems – for example, by:","You must not abuse, harm, interfere with or disrupt our services or systems – for example, by:",https://google.com,Low,20,,,,default_low_unverified,0.25,True,,,,0.0481,train,AI-assisted weak label; requires human review before use as gold data
0f596b8a46276fea,PayPal,terms_of_service,Closing Your PayPal Account,You will remain liable for all outstanding obligations under this user agreement related to your account prior to closure.,You will remain liable for all outstanding obligations under this user agreement related to your account prior to closure.,https://paypal.com,Low,20,,,,default_low_unverified,0.25,True,,,,0.0248,train,AI-assisted weak label; requires human review before use as gold data
9c95d258ce70e8e6,TikTok,terms_of_service,You can contact us here: Share your feedback,"In some countries, the law requires us to give you additional regulatory information and/or contact points, even though we may not be physically present there. You can find this information here.","In some countries, the law requires us to give you additional regulatory information and/or contact points, even though we may not be physically present there. You can find this information here.",https://tiktok.com,Low,20,,,,default_low_unverified,0.25,True,,,,0.0242,train,AI-assisted weak label; requires human review before use as gold data
ec209c227a129e6a,PayPal,privacy_policy,Your rights,Your right to request a list of specific third parties. If you want to request a list of the specific third parties to which we have disclosed your Personal Information:,Your right to request a list of specific third parties. If you want to request a list of the specific third parties to which we have disclosed your Personal Information:,https://paypal.com,Medium,60,third_party_sharing,third parties to which we have disclosed your Personal Information,R001,explainable_rules,0.65,False,,,,0.1228,train,AI-assisted weak label; requires human review before use as gold data
2ed5371c03bee388,Google,terms_of_service,your content,blog posts that you upload through Blogger,blog posts that you upload through Blogger,https://google.com,Low,20,,,,default_low_unverified,0.25,True,,,,0.0,train,AI-assisted weak label; requires human review before use as gold data
5abf4edbaf339078,PayPal,privacy_policy,Categories of Personal Information We Collect,"Professional or employment information: Such as business information, job title, contact emails, phone numbers and taxpayer ID numbers.","Professional or employment information: Such as business information, job title, contact emails, phone numbers and taxpayer ID numbers.",https://paypal.com,Low,20,,,,default_low_unverified,0.25,True,,,,0.0211,train,AI-assisted weak label; requires human review before use as gold data
95cfb0e24de6e849,X (Twitter),privacy_policy,3. Sharing Information,"Content you send to a specific X user, such as through Direct Messages. Please keep in mind that if you’ve shared information like Direct Messages or protected posts with someone else who accesses X through a third-party service, the information may be shared with the third-party service.","Content you send to a specific X user, such as through Direct Messages. Please keep in mind that if you’ve shared information like Direct Messages or protected posts with someone else who accesses X through a third-party service, the information may be shared with the third-party service.",https://twitter.com,High,90,user_choice_control,Direct Messages or protected posts with someone else who accesses,R021,explainable_rules,0.75,True,,,,0.0865,train,AI-assisted weak label; requires human review before use as gold data
9193d24b308007bc,X (Twitter),privacy_policy,4. How Long We Keep Information,"To comply with a law, regulation, legal process, or governmental request. Including in order to adhere to a legally appropriate preservation request made by law enforcement. You can read more about law enforcement access here.","To comply with a law, regulation, legal process, or governmental request. Including in order to adhere to a legally appropriate preservation request made by law enforcement. You can read more about law enforcement access here.",https://twitter.com,Low,20,,,,default_low_unverified,0.25,True,,,,0.0897,train,AI-assisted weak label; requires human review before use as gold data
4652b27e32d0d3ec,Amazon,privacy_policy,Automatic Information,"content interaction information, such as content downloads, streams, and playback details, including duration and number of simultaneous streams and downloads, and network details for streaming and download quality, including information about your internet service provider;","content interaction information, such as content downloads, streams, and playback details, including duration and number of simultaneous streams and downloads, and network details for streaming and download quality, including information about your internet service provider;",https://amazon.com,Low,20,,,,default_low_unverified,0.25,True,,,,0.0437,train,AI-assisted weak label; requires human review before use as gold data
9c9e551b2465da22,X (Twitter),privacy_policy,3. Sharing Information,"With service providers. We may share your information with our service providers that perform functions and provide services on our behalf, including payment services providers who facilitate payments; service providers that host our various blogs and wikis; service providers that help us understand the use of our services; applicant tracking system providers to send and receive applicant and job data to potential employers; service providers supporting age assurance solutions; and those that provide fraud detection services.","With service providers. We may share your information with our service providers that perform functions and provide services on our behalf, including payment services providers who facilitate payments; service providers that host our various blogs and wikis; service providers that help us understand the use of our services; applicant tracking system providers to send and receive applicant and job data to potential employers; service providers supporting age assurance solutions; and those that provide fraud detection services.",https://twitter.com,Medium,60,tracking_profiling,tracking,R003,explainable_rules,0.65,False,,,,0.0534,train,AI-assisted weak label; requires human review before use as gold data
2aa04ef9ddae9ae8,Amazon,privacy_policy,Does Amazon Share Your Personal Information?,"Business Transfers: As we continue to develop our business, we might sell or buy other businesses or services. In such transactions, customer information generally is one of the transferred business assets but remains subject to the promises made in any pre-existing Privacy Notice (unless, of course, the customer consents otherwise). Also, in the unlikely event that Amazon.com, Inc. or substantially all of its assets are acquired, customer information will of course be one of the transferred assets.","Business Transfers: As we continue to develop our business, we might sell or buy other businesses or services. In such transactions, customer information generally is one of the transferred business assets but remains subject to the promises made in any pre-existing Privacy Notice (unless, of course, the customer consents otherwise). Also, in the unlikely event that Amazon.com, Inc. or substantially all of its assets are acquired, customer information will of course be one of the transferred assets.",https://amazon.com,High,90,third_party_sharing,"sell or buy other businesses or services. In such transactions, customer information",R002,explainable_rules,0.75,True,,,,0.0419,train,AI-assisted weak label; requires human review before use as gold data
29cbfc3293df73f2,PayPal,terms_of_service,Safe use of your PayPal account,Confirm whether an amount necessary for the execution of a card-based payment transaction is available on your account.,Confirm whether an amount necessary for the execution of a card-based payment transaction is available on your account.,https://paypal.com,Low,20,,,,default_low_unverified,0.25,True,,,,0.0598,train,AI-assisted weak label; requires human review before use as gold data
479c9952a9363a81,Google,terms_of_service,Don't abuse our services,"using our services (including the content that they provide) to violate anyone's legal rights, such as intellectual property or privacy rights","using our services (including the content that they provide) to violate anyone's legal rights, such as intellectual property or privacy rights",https://google.com,Low,20,,,,default_low_unverified,0.25,True,,,,0.0306,train,AI-assisted weak label; requires human review before use as gold data
2ee2eda2900452c7,Instagram,privacy_policy,To communicate with you,"We communicate with you using information you've given us, like contact information you've entered on your profile.","We communicate with you using information you've given us, like contact information you've entered on your profile.",https://instagram.com,Medium,60,tracking_profiling,profile,R003,explainable_rules,0.65,False,,,,0.0961,train,AI-assisted weak label; requires human review before use as gold data
c950fcbe03cbc84c,YouTube,privacy_policy,Google Account,"You may access some of our services by signing up for a Google Account and providing us with some personal information (typically your name, email address, and a password). This account information is used to authenticate you when you access Google services and protect your account from unauthorized access by others. You can edit or delete your account at any time through your Google Account settings.","You may access some of our services by signing up for a Google Account and providing us with some personal information (typically your name, email address, and a password). This account information is used to authenticate you when you access Google services and protect your account from unauthorized access by others. You can edit or delete your account at any time through your Google Account settings.",https://youtube.com,Medium,60,account_content_termination,delete your account at any time,R010,explainable_rules,0.65,False,,,,0.0884,train,AI-assisted weak label; requires human review before use as gold data
6880e798d6ecf2cc,PayPal,privacy_policy,Notice for Consumers of Financial Products and Services,"| | | | --- | --- | | Who we are | | | Who is providing this notice? | This privacy notice is provided by PayPal, Inc. and is applicable to your personal PayPal and Xoom accounts, and Fastlane profile. | | What we do | | | How does PayPal protect my personal information? | To protect your personal information from unauthorized access and use, we use security measures that comply with federal law.","| | | | --- | --- | | Who we are | | | Who is providing this notice? | This privacy notice is provided by PayPal, Inc. and is applicable to your personal PayPal and Xoom accounts, and Fastlane profile. | | What we do | | | How does PayPal protect my personal information? | To protect your personal information from unauthorized access and use, we use security measures that comply with federal law.",https://paypal.com,Medium,60,tracking_profiling,profile,R003,explainable_rules,0.65,False,,,,0.086,train,AI-assisted weak label; requires human review before use as gold data
015a9a658dff23d0,TikTok,terms_of_service,4.5 What you can’t do on the Platform,"engage with others, including minors, in an exploitative or inappropriate way;","engage with others, including minors, in an exploitative or inappropriate way;",https://tiktok.com,Low,20,,,,default_low_unverified,0.25,True,,,,0.0,train,AI-assisted weak label; requires human review before use as gold data
9d7342b83e0ee63a,X (Twitter),terms_of_service,"The Services are Available ""AS-IS""","Your access to and use of the Services or any Content are at your own risk. You understand and agree that the Services are provided to you on an “AS IS” and “AS AVAILABLE” basis. The “X Entities” refers to X Corp., its parents, affiliates, related companies, officers, directors, employees, agents, representatives, partners, and licensors. Without limiting the foregoing, to the maximum extent permitted under applicable law, THE X ENTITIES DISCLAIM ALL WARRANTIES AND CONDITIONS, WHETHER EXPRESS OR IMPLIED, OF MERCHANTABILITY, FITNESS FOR A PARTICULAR PURPOSE, OR NON-INFRINGEMENT.","Your access to and use of the Services or any Content are at your own risk. You understand and agree that the Services are provided to you on an “AS IS” and “AS AVAILABLE” basis. The “X Entities” refers to X Corp., its parents, affiliates, related companies, officers, directors, employees, agents, representatives, partners, and licensors. Without limiting the foregoing, to the maximum extent permitted under applicable law, THE X ENTITIES DISCLAIM ALL WARRANTIES AND CONDITIONS, WHETHER EXPRESS OR IMPLIED, OF MERCHANTABILITY, FITNESS FOR A PARTICULAR PURPOSE, OR NON-INFRINGEMENT.",https://twitter.com,Medium,60,liability_dispute,DISCLAIM,R012,explainable_rules,0.65,False,,,,0.0492,train,AI-assisted weak label; requires human review before use as gold data
c7827ceb76e69a35,PayPal,privacy_policy,When and How We Share Personal Information With Others,"To opt-out of disclosures of Personal Information to Partners and Merchants for personalized shopping experiences, log into your PayPal account and edit your preferences in the Data and Privacy setting.","To opt-out of disclosures of Personal Information to Partners and Merchants for personalized shopping experiences, log into your PayPal account and edit your preferences in the Data and Privacy setting.",https://paypal.com,Low,20,,,,default_low_unverified,0.25,True,,,,0.062,train,AI-assisted weak label; requires human review before use as gold data
48e026feba4f877b,Instagram,terms_of_service,4. Your Commitments,"Nothing is changing about your rights in your content. We do not claim ownership of your content that you post on or through the Service and you are free to share your content with anyone else, wherever you want. However, we need certain legal permissions from you (known as a “license”) to provide the Service. When you share, post, or upload content that is covered by intellectual property rights (like photos or videos) on or in connection with our Service, you hereby grant to us a non-exclusive, royalty-free, transferable, sub-licensable, worldwide license to host, use, distribute, modify, run, copy, publicly perform or display, translate, and create derivative works of your content (consistent with your privacy and application settings). This license will end when your content is deleted from our systems. You can delete content individually or all at once by deleting your account. To learn more about how we use information, and how to control or delete your content, review the Privacy Policy and visit the Instagram Help Center.","Nothing is changing about your rights in your content. We do not claim ownership of your content that you post on or through the Service and you are free to share your content with anyone else, wherever you want. However, we need certain legal permissions from you (known as a “license”) to provide the Service. When you share, post, or upload content that is covered by intellectual property rights (like photos or videos) on or in connection with our Service, you hereby grant to us a non-exclusive, royalty-free, transferable, sub-licensable, worldwide license to host, use, distribute, modify, run, copy, publicly perform or display, translate, and create derivative works of your content (consistent with your privacy and application settings). This license will end when your content is deleted from our systems. You can delete content individually or all at once by deleting your account. To learn more about how we use information, and how to control or delete your content, review the Privacy Policy and visit the Instagram Help Center.",https://instagram.com,Low,20,,,,default_low_unverified,0.25,True,,,,0.1207,train,AI-assisted weak label; requires human review before use as gold data
77a70be6856d6418,Netflix,privacy_policy,How We Use Your Personal Information,"To send marketing and informational messages including news and promotional communications about our service, new features, available Netflix content, Offers, as well as Netflix marketing on third party services. Any of these messages, including Netflix marketing on third party services, may be personalized for you or your likely interests. Please see the section “Communication Preferences” below to change your communications preferences. To understand your choices in connection with Netflix’s marketing on third party services, please see the “Cookies and other Technologies” section below. Depending on the nature of the message we send, we may use the following categories of personal information for this purpose: personal details, payment details, Netflix account/profile information, purchase information, usage information, device and network information, and communications.","To send marketing and informational messages including news and promotional communications about our service, new features, available Netflix content, Offers, as well as Netflix marketing on third party services. Any of these messages, including Netflix marketing on third party services, may be personalized for you or your likely interests. Please see the section “Communication Preferences” below to change your communications preferences. To understand your choices in connection with Netflix’s marketing on third party services, please see the “Cookies and other Technologies” section below. Depending on the nature of the message we send, we may use the following categories of personal information for this purpose: personal details, payment details, Netflix account/profile information, purchase information, usage information, device and network information, and communications.",https://netflix.com,Medium,60,tracking_profiling,profile,R003,explainable_rules,0.65,False,,,,0.1278,train,AI-assisted weak label; requires human review before use as gold data
f61645367fc270e1,PayPal,privacy_policy,When and How We Share Personal Information With Others,"Partners and Merchants, their service providers and others involved in a transaction. We may disclose Personal Information with these parties involved in a transaction such as your user name, address, phone number, email address to enable the purchase and delivery of the goods in the transaction. For example, when you use the Services to initiate online purchases, save your payment information with Fastlane, pay other Users using the Services, pay recipients using Visa+, return goods, or when you participate in transactions through the payment network, we may disclose information about you and your account or Fastlane profile with the other parties (or their service providers) involved in processing your transactions. If you choose to interact with participating Partners and Merchants, we will disclose your profile information with the participating Partners and Merchants and their service providers, and facilitate your transaction, shopping experience or other interaction with participating Partners and Merchants sites. This also applies when you interact with ads or offers we provide relating to one of our Partners and Merchants.","Partners and Merchants, their service providers and others involved in a transaction. We may disclose Personal Information with these parties involved in a transaction such as your user name, address, phone number, email address to enable the purchase and delivery of the goods in the transaction. For example, when you use the Services to initiate online purchases, save your payment information with Fastlane, pay other Users using the Services, pay recipients using Visa+, return goods, or when you participate in transactions through the payment network, we may disclose information about you and your account or Fastlane profile with the other parties (or their service providers) involved in processing your transactions. If you choose to interact with participating Partners and Merchants, we will disclose your profile information with the participating Partners and Merchants and their service providers, and facilitate your transaction, shopping experience or other interaction with participating Partners and Merchants sites. This also applies when you interact with ads or offers we provide relating to one of our Partners and Merchants.",https://paypal.com,Medium,60,tracking_profiling,profile,R003,explainable_rules,0.65,False,,,,0.1281,train,AI-assisted weak label; requires human review before use as gold data
97f6d2866983ec8b,X (Twitter),privacy_policy,4. How Long We Keep Information,"Remember public content can exist elsewhere even after it is removed from X. For example, search engines and other third parties may retain copies of your posts longer, based upon their own privacy policies, even after they are deleted or expire on X. You can read more about search visibility here.","Remember public content can exist elsewhere even after it is removed from X. For example, search engines and other third parties may retain copies of your posts longer, based upon their own privacy policies, even after they are deleted or expire on X. You can read more about search visibility here.",https://twitter.com,High,90,retention_deletion,"content can exist elsewhere even after it is removed from X. For example, search engines and other third parties may retain",R017,explainable_rules,0.75,True,,,,0.0818,train,AI-assisted weak label; requires human review before use as gold data
94643a94a8759c7e,Pinterest,privacy_policy,We use info based on legitimate interests,We rely on our legitimate interests or those of a third party where they are not outweighed by your interests and fundamental rights.,We rely on our legitimate interests or those of a third party where they are not outweighed by your interests and fundamental rights.,https://pinterest.com,Low,20,,,,default_low_unverified,0.25,True,,,,0.0576,train,AI-assisted weak label; requires human review before use as gold data
0f827603c67efc10,Discord,terms_of_service,Settling disputes between you and Discord,"Governing Law, Jurisdiction, Class Action Waiver and Time Limitation.","Governing Law, Jurisdiction, Class Action Waiver and Time Limitation.",https://discord.com,High,90,liability_dispute,Class Action Waiver,R011,explainable_rules,0.75,True,,,,0.2458,train,AI-assisted weak label; requires human review before use as gold data
3a0eecbfd542de1d,Netflix,privacy_policy,Where We Collect Personal Information From,Third-party sites and forums where we provide support for the Netflix service (such as an online support forum for Netflix customer support or for a particular Netflix game).,Third-party sites and forums where we provide support for the Netflix service (such as an online support forum for Netflix customer support or for a particular Netflix game).,https://netflix.com,Low,20,,,,default_low_unverified,0.25,True,,,,0.0438,train,AI-assisted weak label; requires human review before use as gold data
23f5351aa1a55e44,Google,terms_of_service,Duration,"If you make your content available through other companies' services, it’s possible that search engines, including Google Search, will continue to find and display your content as part of their search results.","If you make your content available through other companies' services, it’s possible that search engines, including Google Search, will continue to find and display your content as part of their search results.",https://google.com,Low,20,,,,default_low_unverified,0.25,True,,,,0.0401,train,AI-assisted weak label; requires human review before use as gold data
f93668a5926130b3,PayPal,privacy_policy,Disclosures for Individuals in Singapore,"By providing us with information about your contacts you certify that you have permission to provide that information to PayPal for the purposes described in this Privacy Statement;<br> to provide you with information, news, and marketing about our Services, including rewards or ads from us or where we partner with others to offer similar services on our Services as well, depending on your communication preferences;<br> to associate information about you to identify your use of Services without a PayPal account (e.g., Pay without a PayPal account) or Unbranded Payment Services (e.g., Braintree) and to associate such transactions with your account, if you have one or later establish an account; and <br> to remember your preferences for the next time you use the Services, such as which of your payment methods you prefer or whether you choose to receive digital receipts via email or text when you checkout. | Necessary categories of Personal Information include:<br><br> Registration and contact information;<br> Identification and signature information;<br> Payment information; <br> Information related to legal requirements;<br> Information you provide when you contact us;<br> Transaction information;<br> Package tracking;<br> Service-specific Personal Information;<br> Information from CRAs and financial institutions;<br> Information from your connected financial accounts;<br> Information from your use of the Services;<br> Technical usage data;<br> Device information; and<br> Location data. |","By providing us with information about your contacts you certify that you have permission to provide that information to PayPal for the purposes described in this Privacy Statement;<br> to provide you with information, news, and marketing about our Services, including rewards or ads from us or where we partner with others to offer similar services on our Services as well, depending on your communication preferences;<br> to associate information about you to identify your use of Services without a PayPal account (e.g., Pay without a PayPal account) or Unbranded Payment Services (e.g., Braintree) and to associate such transactions with your account, if you have one or later establish an account; and <br> to remember your preferences for the next time you use the Services, such as which of your payment methods you prefer or whether you choose to receive digital receipts via email or text when you checkout. | Necessary categories of Personal Information include:<br><br> Registration and contact information;<br> Identification and signature information;<br> Payment information; <br> Information related to legal requirements;<br> Information you provide when you contact us;<br> Transaction information;<br> Package tracking;<br> Service-specific Personal Information;<br> Information from CRAs and financial institutions;<br> Information from your connected financial accounts;<br> Information from your use of the Services;<br> Technical usage data;<br> Device information; and<br> Location data. |",https://paypal.com,Medium,60,tracking_profiling,tracking,R003,explainable_rules,0.65,False,,,,0.0569,train,AI-assisted weak label; requires human review before use as gold data
bbf85ec6a670125f,PayPal,privacy_policy,Banking Regulations Notice for Users in the EEA,"Disclose Account Information to intellectual property right owners if under the applicable national law of an EU member state they have a claim against PayPal for an out-of-court information disclosure due to an infringement of their intellectual property rights for which PayPal Services have been used (for example, but without limitation, Sec. 19, para 2, sub-section 3 of the German Trademark Act or Sec. 101, para 2, sub-section 3 of the German Copyright Act). Disclose necessary information in response to the requirements of the credit card associations or a civil or criminal legal process. Disclose your name and PayPal link in the PayPal user directory. Your details will be confirmed to other PayPal users in response to a user searching using your name, email address or telephone number, or part of these details. This is to ensure people make payments to the correct user. This feature can be turned off in the PayPal profile settings.","Disclose Account Information to intellectual property right owners if under the applicable national law of an EU member state they have a claim against PayPal for an out-of-court information disclosure due to an infringement of their intellectual property rights for which PayPal Services have been used (for example, but without limitation, Sec. 19, para 2, sub-section 3 of the German Trademark Act or Sec. 101, para 2, sub-section 3 of the German Copyright Act). Disclose necessary information in response to the requirements of the credit card associations or a civil or criminal legal process. Disclose your name and PayPal link in the PayPal user directory. Your details will be confirmed to other PayPal users in response to a user searching using your name, email address or telephone number, or part of these details. This is to ensure people make payments to the correct user. This feature can be turned off in the PayPal profile settings.",https://paypal.com,Medium,60,tracking_profiling,profile,R003,explainable_rules,0.65,False,,,,0.0366,train,AI-assisted weak label; requires human review before use as gold data
6ca5ca7b55f3c965,Pinterest,privacy_policy,"Additional information if you live in the EEA, Switzerland, and the UK","For litigation or regulatory matters: For example, we retain information for as long as we need it for a legal claim, litigation or regulatory proceeding.","For litigation or regulatory matters: For example, we retain information for as long as we need it for a legal claim, litigation or regulatory proceeding.",https://pinterest.com,Medium,60,retention_deletion,retain information for as long as we,R004,explainable_rules,0.65,False,,,,0.0358,train,AI-assisted weak label; requires human review before use as gold data
9c15d59be28a1778,TikTok,privacy_policy,Information From Other Sources,"Third Party Platforms and Partners. Third party platforms provide us with information (such as your email address, authentication ID, and public profile) when you choose to sign up for or log in to the Platform using sign-in features provided by those third parties. We may also receive contact information that you hold or is held about you when contact information is synced with our Platform by you or another user. When you interact with any third party service (such as third party apps, websites or products) that integrate TikTok Developer Tools, we will receive the information necessary to provide you with features like cross-service authentication or cross-posting. For example, this will happen if you log in to another platform with your TikTok account or if you use TikTok’s “share” button on a third party platform to share content from there to the Platform. We may also receive information from third party providers which we use for safety purposes, including to protect users on the Platform and for content moderation.","Third Party Platforms and Partners. Third party platforms provide us with information (such as your email address, authentication ID, and public profile) when you choose to sign up for or log in to the Platform using sign-in features provided by those third parties. We may also receive contact information that you hold or is held about you when contact information is synced with our Platform by you or another user. When you interact with any third party service (such as third party apps, websites or products) that integrate TikTok Developer Tools, we will receive the information necessary to provide you with features like cross-service authentication or cross-posting. For example, this will happen if you log in to another platform with your TikTok account or if you use TikTok’s “share” button on a third party platform to share content from there to the Platform. We may also receive information from third party providers which we use for safety purposes, including to protect users on the Platform and for content moderation.",https://tiktok.com,High,90,tracking_profiling,"address, authentication ID, and public profile || profile",R019|R003,explainable_rules,0.75,True,,,,0.0513,train,AI-assisted weak label; requires human review before use as gold data
98ec5185dfef9807,Discord,terms_of_service,Settling disputes between you and Discord,"ARBITRATION MEANS THAT YOU WAIVE YOUR RIGHT TO A JURY TRIAL. In some instances, the costs of arbitration could exceed the costs of litigation and the right to discovery may be more limited in arbitration than in court. YOU HEREBY ACKNOWLEDGE AND AGREE THAT YOU AND DISCORD ARE EACH WAIVING THE RIGHT TO A TRIAL BY JURY TO THE MAXIMUM EXTENT PERMITTED BY LAW.","ARBITRATION MEANS THAT YOU WAIVE YOUR RIGHT TO A JURY TRIAL. In some instances, the costs of arbitration could exceed the costs of litigation and the right to discovery may be more limited in arbitration than in court. YOU HEREBY ACKNOWLEDGE AND AGREE THAT YOU AND DISCORD ARE EACH WAIVING THE RIGHT TO A TRIAL BY JURY TO THE MAXIMUM EXTENT PERMITTED BY LAW.",https://discord.com,High,90,liability_dispute,WAIVE YOUR RIGHT TO A JURY TRIAL,R011,explainable_rules,0.75,True,,,,0.1548,train,AI-assisted weak label; requires human review before use as gold data
4488a7eebb01659e,PayPal,privacy_policy,Understanding your choices,"You can control how Personal Information is collected or disclosed, as well as how we communicate with you. Here are some of the ways you can customize your choices.","You can control how Personal Information is collected or disclosed, as well as how we communicate with you. Here are some of the ways you can customize your choices.",https://paypal.com,Low,20,,,,default_low_unverified,0.25,True,,,,0.1589,train,AI-assisted weak label; requires human review before use as gold data
9ef9a2bacdb766a5,PayPal,privacy_policy,How We Use Personal Information,"Website cookies and trackers. When you use Services, as well as other third-party sites and services, we might use tracking technologies like cookies. See Our Use of Cookies and Tracking Technologies for more details.","Website cookies and trackers. When you use Services, as well as other third-party sites and services, we might use tracking technologies like cookies. See Our Use of Cookies and Tracking Technologies for more details.",https://paypal.com,Medium,60,tracking_profiling,trackers,R003,explainable_rules,0.65,False,,,,0.1605,train,AI-assisted weak label; requires human review before use as gold data
dafcc085866253a0,Netflix,privacy_policy,How We Use Your Personal Information,"To provide our service: When you play Netflix games that include these features (or similar features), we use your personal information in order to provide the game including the features, as described below. We use the following categories of personal information used to provide our service with these features: Netflix account/profile information, usage information, and device and network information. In particular:","To provide our service: When you play Netflix games that include these features (or similar features), we use your personal information in order to provide the game including the features, as described below. We use the following categories of personal information used to provide our service with these features: Netflix account/profile information, usage information, and device and network information. In particular:",https://netflix.com,Medium,60,tracking_profiling,profile,R003,explainable_rules,0.65,False,,,,0.116,train,AI-assisted weak label; requires human review before use as gold data
480d8eebe3b4404c,Instagram,privacy_policy,Highlights,"We keep information as long as we need it to provide our Products, comply with legal obligations or protect our or other’s interests. We decide how long we need information on a case-by-case basis. Here’s what we consider when we decide:","We keep information as long as we need it to provide our Products, comply with legal obligations or protect our or other’s interests. We decide how long we need information on a case-by-case basis. Here’s what we consider when we decide:",https://instagram.com,Medium,60,retention_deletion,keep information as long as we,R004,explainable_rules,0.65,False,,,,0.1294,train,AI-assisted weak label; requires human review before use as gold data
640c9e67a807f1e8,PayPal,privacy_policy,When and How We Share Personal Information With Others,"Authorities. We may disclose Personal Information with authorities if compelled by a subpoena, court order, or similar legal procedure, when necessary to comply with law, or where the disclosure of Personal Information is reasonably necessary to prevent physical harm or financial loss, report suspected illegal activity, or investigate violations of the relevant agreement, or as otherwise required by law. Such authorities include courts, governments, law enforcement, and regulators. We may also be required to provide other third parties information about your use of our Services, for example, to comply with card association rules, to investigate or enforce violations of our user agreement, or to prevent physical harm or illegal activity.","Authorities. We may disclose Personal Information with authorities if compelled by a subpoena, court order, or similar legal procedure, when necessary to comply with law, or where the disclosure of Personal Information is reasonably necessary to prevent physical harm or financial loss, report suspected illegal activity, or investigate violations of the relevant agreement, or as otherwise required by law. Such authorities include courts, governments, law enforcement, and regulators. We may also be required to provide other third parties information about your use of our Services, for example, to comply with card association rules, to investigate or enforce violations of our user agreement, or to prevent physical harm or illegal activity.",https://paypal.com,Low,20,,,,default_low_unverified,0.25,True,,,,0.0462,train,AI-assisted weak label; requires human review before use as gold data
df96992bc73c50d3,Pinterest,terms_of_service,11. Arbitration,"For any dispute you have with us, you agree to first contact us and try to resolve the dispute informally. To the extent permitted by law, neither party may initiate any legal proceeding—whether in court, arbitration, or any other forum—until the Notice of Dispute and Informal Dispute Resolution processes described below are completed. Nothing in this Section, however, will prevent either you or us from seeking temporary injunctive relief in court (or in arbitration) to preserve the status quo or to help enforce this arbitration clause at the outset of any dispute.","For any dispute you have with us, you agree to first contact us and try to resolve the dispute informally. To the extent permitted by law, neither party may initiate any legal proceeding—whether in court, arbitration, or any other forum—until the Notice of Dispute and Informal Dispute Resolution processes described below are completed. Nothing in this Section, however, will prevent either you or us from seeking temporary injunctive relief in court (or in arbitration) to preserve the status quo or to help enforce this arbitration clause at the outset of any dispute.",https://pinterest.com,High,90,liability_dispute,arbitration clause,R011,explainable_rules,0.75,True,,,,0.0516,train,AI-assisted weak label; requires human review before use as gold data
c97775cea28b6625,PayPal,privacy_policy,Our Contact Information,Call Hyperwallet Customer Service at 1-877-546-8220; or,Call Hyperwallet Customer Service at 1-877-546-8220; or,https://paypal.com,Low,20,,,,default_low_unverified,0.25,True,,,,0.038,train,AI-assisted weak label; requires human review before use as gold data
05bf90340ab0de56,PayPal,terms_of_service,Welcome to PayPal!,| | | | --- | --- | | Bulgaria | Cyprus | | Czech Republic | Estonia | | Greece | Latvia | | Liechtenstein | Lithuania | | Malta | Romania | | San Marino | Slovakia | | Slovenia | |,| | | | --- | --- | | Bulgaria | Cyprus | | Czech Republic | Estonia | | Greece | Latvia | | Liechtenstein | Lithuania | | Malta | Romania | | San Marino | Slovakia | | Slovenia | |,https://paypal.com,Low,20,,,,default_low_unverified,0.25,True,,,,0.0,train,AI-assisted weak label; requires human review before use as gold data
53575071cc5f17e1,YouTube,privacy_policy,use the information we collect across our services,"If you have communicated with someone via Gmail and want to add them to a Google Doc or an event in Google Calendar, Google makes it easy to do so by autocompleting their email address when you start to type in their name. This feature makes it easier to share things with people you know. Learn more","If you have communicated with someone via Gmail and want to add them to a Google Doc or an event in Google Calendar, Google makes it easy to do so by autocompleting their email address when you start to type in their name. This feature makes it easier to share things with people you know. Learn more",https://youtube.com,High,90,tracking_profiling,address when you start to type in their name,R019,explainable_rules,0.75,True,,,,0.0492,train,AI-assisted weak label; requires human review before use as gold data
ff287a522fceb7f5,Discord,privacy_policy,Information about local privacy laws,Right to rectify your personal data if it is incorrect,Right to rectify your personal data if it is incorrect,https://discord.com,Low,20,,,,default_low_unverified,0.25,True,,,,0.2119,train,AI-assisted weak label; requires human review before use as gold data
60a10672f7a24eb5,Amazon,privacy_policy,Information You Can Access,"If you are a seller, you can access your account and other information, and adjust your communications preferences, by updating your account in Seller Central.","If you are a seller, you can access your account and other information, and adjust your communications preferences, by updating your account in Seller Central.",https://amazon.com,Low,20,,,,default_low_unverified,0.25,True,,,,0.0668,train,AI-assisted weak label; requires human review before use as gold data
5e1e22453e406264,Instagram,privacy_policy,"Promoting safety, integrity and security on and across the Meta Products",Detect and stop threats to our personnel and property,Detect and stop threats to our personnel and property,https://instagram.com,Low,20,,,,default_low_unverified,0.25,True,,,,0.1165,train,AI-assisted weak label; requires human review before use as gold data
8ce1b40613f3e715,YouTube,privacy_policy,"Provide personalized services, including content and ads","We don’t share information that personally identifies you with advertisers, such as your name or email, unless you ask us to. For example, if you see an ad for a nearby flower shop and select the “tap to call” button, we’ll connect your call and may share your phone number with the flower shop.","We don’t share information that personally identifies you with advertisers, such as your name or email, unless you ask us to. For example, if you see an ad for a nearby flower shop and select the “tap to call” button, we’ll connect your call and may share your phone number with the flower shop.",https://youtube.com,High,90,tracking_profiling,"advertisers, such as your name",R019,explainable_rules,0.75,True,,,,0.0703,train,AI-assisted weak label; requires human review before use as gold data
9aaf87694bd58626,PayPal,privacy_policy,Overview,"This Privacy Statement does not apply when Personal Information is processed by certain third parties, for example, authorities, credit bureaus, acquirers, and other financial institutions. Instead, the third parties' processing of your Personal Information is regulated by their own privacy policies. We encourage you to read the third parties' privacy policies and know your privacy rights before interacting with them.","This Privacy Statement does not apply when Personal Information is processed by certain third parties, for example, authorities, credit bureaus, acquirers, and other financial institutions. Instead, the third parties' processing of your Personal Information is regulated by their own privacy policies. We encourage you to read the third parties' privacy policies and know your privacy rights before interacting with them.",https://paypal.com,Medium,60,third_party_sharing,third parties' processing of your Personal Information,R001,explainable_rules,0.65,False,,,,0.0989,train,AI-assisted weak label; requires human review before use as gold data
fa7b975729f31997,PayPal,privacy_policy,Our Lawful Basis for Processing Personal Information,"We do this where it is necessary to comply with applicable laws. | | These processing purposes include:<br><br> participate in certain features that while not necessary for use of the Services may be of interest to you, such as syncing your contact list to your account;<br> providing biometric data for identification purposes;<br> certain targeted advertising;<br> linking your email account for package tracking;<br> linking any non-financial or financial accounts, such as social network accounts, mail accounts, or bank, card, or investment accounts you agree to link to facilitate payments or for other purposes for which you agree to link such external account; or<br> Connecting to a third party platform or third party wallet; and<br> if you agree to let us track your precise geolocation, we can customize our Services by using the right language and personalizing content such as providing location-based options, functionality or offers, ads and search results.","We do this where it is necessary to comply with applicable laws. | | These processing purposes include:<br><br> participate in certain features that while not necessary for use of the Services may be of interest to you, such as syncing your contact list to your account;<br> providing biometric data for identification purposes;<br> certain targeted advertising;<br> linking your email account for package tracking;<br> linking any non-financial or financial accounts, such as social network accounts, mail accounts, or bank, card, or investment accounts you agree to link to facilitate payments or for other purposes for which you agree to link such external account; or<br> Connecting to a third party platform or third party wallet; and<br> if you agree to let us track your precise geolocation, we can customize our Services by using the right language and personalizing content such as providing location-based options, functionality or offers, ads and search results.",https://paypal.com,Medium,60,tracking_profiling,targeted advertising,R003,explainable_rules,0.65,False,,,,0.0883,train,AI-assisted weak label; requires human review before use as gold data
4b733fc11195c1ab,Pinterest,terms_of_service,9. Disclaimers,"We may make changes to Pinterest for various reasons. We will have no liability for any change to Pinterest or any suspension or termination of your access to, or use of Pinterest.","We may make changes to Pinterest for various reasons. We will have no liability for any change to Pinterest or any suspension or termination of your access to, or use of Pinterest.",https://pinterest.com,Medium,60,liability_dispute,no liability,R012,explainable_rules,0.65,False,,,,0.0851,train,AI-assisted weak label; requires human review before use as gold data
a6dabaa640d05cd1,PayPal,terms_of_service,Withdrawing money,"To protect you, our other users and us from loss and to allow us to comply with our anti-money laundering and other legal obligations, we may delay a withdrawal, in certain situations, including if we need to confirm that you have authorized the withdrawal or if payments to your PayPal account have been subject to a reversal (for example, as a result of a chargeback, bank reversal or dispute by a buyer). If we place a limitation on your PayPal account, a payment is subject to a hold, or your account or an associated account has a negative balance in any currency while a withdrawal from your PayPal account is pending, you will have to reinitiate the withdrawal once the limitation or hold has been lifted, or negative balance is fully paid off.","To protect you, our other users and us from loss and to allow us to comply with our anti-money laundering and other legal obligations, we may delay a withdrawal, in certain situations, including if we need to confirm that you have authorized the withdrawal or if payments to your PayPal account have been subject to a reversal (for example, as a result of a chargeback, bank reversal or dispute by a buyer). If we place a limitation on your PayPal account, a payment is subject to a hold, or your account or an associated account has a negative balance in any currency while a withdrawal from your PayPal account is pending, you will have to reinitiate the withdrawal once the limitation or hold has been lifted, or negative balance is fully paid off.",https://paypal.com,Low,20,,,,default_low_unverified,0.25,True,,,,0.0534,train,AI-assisted weak label; requires human review before use as gold data
23d06b2ccda21e41,PayPal,privacy_policy,Our Lawful Basis for Processing Personal Information,"Even if you don’t allow us to track your precise location, we may still use your address to send you location-based options recommended by businesses that are near your address. | Necessary categories of Personal Information include:<br><br> Registration and contact information;<br> Identification and signature information;<br> Biometric data;<br> Information from your use of the Services;<br> Technical usage data;<br> Device information; and<br> Location data. | Except as otherwise described above, we rely on your explicit and voluntary consent. |","Even if you don’t allow us to track your precise location, we may still use your address to send you location-based options recommended by businesses that are near your address. | Necessary categories of Personal Information include:<br><br> Registration and contact information;<br> Identification and signature information;<br> Biometric data;<br> Information from your use of the Services;<br> Technical usage data;<br> Device information; and<br> Location data. | Except as otherwise described above, we rely on your explicit and voluntary consent. |",https://paypal.com,Medium,60,tracking_profiling,track,R003,explainable_rules,0.65,False,,,,0.132,train,AI-assisted weak label; requires human review before use as gold data
e08bb5be306f76cb,Discord,terms_of_service,Your content,"We welcome feedback on our services. By sending us feedback, you grant us a non-exclusive, perpetual, irrevocable, transferable license to use the feedback and ideas generated from the feedback without any restrictions, attribution, or compensation to you.","We welcome feedback on our services. By sending us feedback, you grant us a non-exclusive, perpetual, irrevocable, transferable license to use the feedback and ideas generated from the feedback without any restrictions, attribution, or compensation to you.",https://discord.com,High,90,content_licence_reuse,"perpetual, irrevocable, transferable license",R008,explainable_rules,0.75,True,,,,0.1538,train,AI-assisted weak label; requires human review before use as gold data
172778f1c2a5027d,PayPal,privacy_policy,Categories of Personal Information We Collect,"Transaction and experience information: Such as account balances, transaction history and transaction details, online shopping cart information, transaction ID, shopping activity and goods or services considered on Partners and Merchants sites, shipping address, shipping options and associated costs when you check out, purchase history, seller information, such as seller name, industry and postal code, buyer information, purchase information, and order tracking and product information.","Transaction and experience information: Such as account balances, transaction history and transaction details, online shopping cart information, transaction ID, shopping activity and goods or services considered on Partners and Merchants sites, shipping address, shipping options and associated costs when you check out, purchase history, seller information, such as seller name, industry and postal code, buyer information, purchase information, and order tracking and product information.",https://paypal.com,Medium,60,tracking_profiling,tracking,R003,explainable_rules,0.65,False,,,,0.0276,train,AI-assisted weak label; requires human review before use as gold data
330ec82fd571ecd1,TikTok,privacy_policy,How We Use Your Information,"Enforce our Terms, Guidelines, and other policies that apply to you. We review User Content and other information through a mix of technology (including through automated means) and human moderation to protect the safety and well-being of our community.","Enforce our Terms, Guidelines, and other policies that apply to you. We review User Content and other information through a mix of technology (including through automated means) and human moderation to protect the safety and well-being of our community.",https://tiktok.com,Low,20,,,,default_low_unverified,0.25,True,,,,0.0359,train,AI-assisted weak label; requires human review before use as gold data
7dbbbb0b2902dc40,Netflix,privacy_policy,Advertising Choices,Behavioral Advertising Choices for Advertisements on Netflix,Behavioral Advertising Choices for Advertisements on Netflix,https://netflix.com,Medium,60,tracking_profiling,Behavioral Advertising,R003,explainable_rules,0.65,False,,,,0.0694,train,AI-assisted weak label; requires human review before use as gold data
e6b6b9c03014f833,Google,terms_of_service,consumer,"An individual who uses Google services for personal, non-commercial purposes outside of their trade, business, craft or profession. This includes 'consumers' as defined in Article 2.1 of the EU consumer rights directive. (See business user)","An individual who uses Google services for personal, non-commercial purposes outside of their trade, business, craft or profession. This includes 'consumers' as defined in Article 2.1 of the EU consumer rights directive. (See business user)",https://google.com,Low,20,,,,default_low_unverified,0.25,True,,,,0.0557,train,AI-assisted weak label; requires human review before use as gold data
0f0f185c5f923cac,PayPal,privacy_policy,Your rights,"Your rights related to Sensitive Personal Information. Where required by law, we will obtain your consent before collecting and processing your Sensitive Personal Information. You can withdraw your consent by contacting us and refer to Our Contact Information of this Privacy Statement.","Your rights related to Sensitive Personal Information. Where required by law, we will obtain your consent before collecting and processing your Sensitive Personal Information. You can withdraw your consent by contacting us and refer to Our Contact Information of this Privacy Statement.",https://paypal.com,Medium,60,personal_data_collection,"Sensitive Personal Information. Where required by law, we will obtain your consent before collecting",R013,explainable_rules,0.65,False,,,,0.0714,train,AI-assisted weak label; requires human review before use as gold data
616ec0ec94ab7283,YouTube,privacy_policy,publicly accessible sources,"For example, we may collect information that’s publicly available online or from other public sources to help train Google’s AI models and build products and features like Google Translate, Gemini Apps, and Cloud AI capabilities. Or, if your business’s information appears on a website, we may index and display it on Google services.","For example, we may collect information that’s publicly available online or from other public sources to help train Google’s AI models and build products and features like Google Translate, Gemini Apps, and Cloud AI capabilities. Or, if your business’s information appears on a website, we may index and display it on Google services.",https://youtube.com,Low,20,,,,default_low_unverified,0.25,True,,,,0.0533,train,AI-assisted weak label; requires human review before use as gold data
9fa2d8f361d40fa2,PayPal,privacy_policy,Categories of Personal Information We Collect,"Information you provide when you contact us: Such as your responses to surveys, recorded conversations, chat conversations with us, email correspondence with us, account or profile status, repayment history, voice identification, vulnerability-related information provided by you and information about others if you choose to share it with us.","Information you provide when you contact us: Such as your responses to surveys, recorded conversations, chat conversations with us, email correspondence with us, account or profile status, repayment history, voice identification, vulnerability-related information provided by you and information about others if you choose to share it with us.",https://paypal.com,Medium,60,tracking_profiling,profile,R003,explainable_rules,0.65,False,,,,0.1409,train,AI-assisted weak label; requires human review before use as gold data
2129ed494f585680,PayPal,privacy_policy,Our Lawful Basis for Processing Personal Information,"This means that your e-mail address or mobile number will be pre-filled in the receipt view for your convenience the next time you buy something from a Merchant who uses PayPal Point of Sale in its physical store. | Necessary categories of Personal Information include:<br><br> Registration and contact information;<br> Identification and signature information;<br> Payment information;<br> Information related to legal requirements;<br> Information you provide when you contact us;<br> Transaction information;<br> Package tracking;<br> Service-specific;<br> Personal Information;<br> Information from CRAs and financial institutions;<br> Information from your connected financial accounts;<br> Information from your use of the Services;<br> Technical usage data;<br> Device information; and<br> Location data. | We collect these categories of Personal Information because we consider them necessary to fulfil our pre-contractual and contractual obligations to you and without which you will not be able to use the Services. | | These processing purposes include:<br><br> to ensure that content is presented in the most effective way for you and your device;<br> to prevent misuse of our Services as part of our efforts to keep our platform safe and secure;<br> to determine your eligibility for and to communicate with you about Services for which you may qualify or that may be of interest to you, for example by carrying out internal credit assessments;<br> to carry out risk analysis, fraud prevention and risk management (e.g., through Automated Decision Making and AI);<br> to manage and improve our Services and for general business development purposes, for example improving risk models to minimize fraud, develop new products and features, for internal operations (e.g., for troubleshooting), data analysis, testing, research, statistical purposes, and explore new business opportunities;<br> to keep your account and financial information up to date;<br> for marketing, product and customer analysis, including where we partner with others to offer similar services to market about our Partners and testing, for example to improve our product range and optimize our customer offerings;<br> to comply with applicable laws, such as AML, bookkeeping laws, regulatory capital adequacy requirements, and rules issued by our designated banks and relevant card networks.","This means that your e-mail address or mobile number will be pre-filled in the receipt view for your convenience the next time you buy something from a Merchant who uses PayPal Point of Sale in its physical store. | Necessary categories of Personal Information include:<br><br> Registration and contact information;<br> Identification and signature information;<br> Payment information;<br> Information related to legal requirements;<br> Information you provide when you contact us;<br> Transaction information;<br> Package tracking;<br> Service-specific;<br> Personal Information;<br> Information from CRAs and financial institutions;<br> Information from your connected financial accounts;<br> Information from your use of the Services;<br> Technical usage data;<br> Device information; and<br> Location data. | We collect these categories of Personal Information because we consider them necessary to fulfil our pre-contractual and contractual obligations to you and without which you will not be able to use the Services. | | These processing purposes include:<br><br> to ensure that content is presented in the most effective way for you and your device;<br> to prevent misuse of our Services as part of our efforts to keep our platform safe and secure;<br> to determine your eligibility for and to communicate with you about Services for which you may qualify or that may be of interest to you, for example by carrying out internal credit assessments;<br> to carry out risk analysis, fraud prevention and risk management (e.g., through Automated Decision Making and AI);<br> to manage and improve our Services and for general business development purposes, for example improving risk models to minimize fraud, develop new products and features, for internal operations (e.g., for troubleshooting), data analysis, testing, research, statistical purposes, and explore new business opportunities;<br> to keep your account and financial information up to date;<br> for marketing, product and customer analysis, including where we partner with others to offer similar services to market about our Partners and testing, for example to improve our product range and optimize our customer offerings;<br> to comply with applicable laws, such as AML, bookkeeping laws, regulatory capital adequacy requirements, and rules issued by our designated banks and relevant card networks.",https://paypal.com,Medium,60,tracking_profiling,tracking,R003,explainable_rules,0.65,False,,,,0.0677,train,AI-assisted weak label; requires human review before use as gold data
d726003947f8c52b,X (Twitter),terms_of_service,5. Limitations of Liability,"By using the Services you agree that X Internet Unlimited Company, its parents, affiliates, related companies, officers, directors, employees, agents representatives, partners and licensors, liability is limited to the maximum extent permissible in your country of residence.","By using the Services you agree that X Internet Unlimited Company, its parents, affiliates, related companies, officers, directors, employees, agents representatives, partners and licensors, liability is limited to the maximum extent permissible in your country of residence.",https://twitter.com,Low,20,,,,default_low_unverified,0.25,True,,,,0.0548,train,AI-assisted weak label; requires human review before use as gold data
a14be5637bf614fc,Instagram,privacy_policy,"Promoting safety, integrity and security on and across the Meta Products","Detect, prevent and combat harmful or unlawful behavior, such as to review and, in some cases, remove content reported to us","Detect, prevent and combat harmful or unlawful behavior, such as to review and, in some cases, remove content reported to us",https://instagram.com,Low,20,,,,default_low_unverified,0.25,True,,,,0.0325,train,AI-assisted weak label; requires human review before use as gold data
a71726bcd3926375,Google,privacy_policy,Affiliates,"An affiliate is an entity that belongs to the Google group of companies, including the following companies that provide consumer services in the EU: Google Ireland Limited, Google Commerce Ltd, Google Payment Corp and Google Dialer Inc. Learn more about the companies providing business services in the EU.","An affiliate is an entity that belongs to the Google group of companies, including the following companies that provide consumer services in the EU: Google Ireland Limited, Google Commerce Ltd, Google Payment Corp and Google Dialer Inc. Learn more about the companies providing business services in the EU.",https://google.com,Low,20,,,,default_low_unverified,0.25,True,,,,0.0351,train,AI-assisted weak label; requires human review before use as gold data
75f188a4214c95d1,PayPal,privacy_policy,Notice for Consumers of Financial Products and Services,"For more information, you can contact PayPal at 12312 Port Grace Blvd, La Vista, NE 68128 or you can contact the Bureau of Consumer Protection, Office of the Nevada Attorney General, 555 E. Washington St., Suite 3900, Las Vegas, NV 89101; telephone number: 1-702-486-3132; email: Aginfo@ag.nv.gov. | |","For more information, you can contact PayPal at 12312 Port Grace Blvd, La Vista, NE 68128 or you can contact the Bureau of Consumer Protection, Office of the Nevada Attorney General, 555 E. Washington St., Suite 3900, Las Vegas, NV 89101; telephone number: 1-702-486-3132; email: Aginfo@ag.nv.gov. | |",https://paypal.com,Low,20,,,,default_low_unverified,0.25,True,,,,0.0129,train,AI-assisted weak label; requires human review before use as gold data
9b12c99d22609144,PayPal,privacy_policy,Categories of Personal Information We Collect,"Information from your device: Such as language settings, browser ID, device ID, device type, cookie preferences, time zone, operating system, platform, screen resolution, and similar information about your device settings, device's web browser, and internet connection, and data collected from Cookies or other tracking technologies.","Information from your device: Such as language settings, browser ID, device ID, device type, cookie preferences, time zone, operating system, platform, screen resolution, and similar information about your device settings, device's web browser, and internet connection, and data collected from Cookies or other tracking technologies.",https://paypal.com,Medium,60,tracking_profiling,tracking,R003,explainable_rules,0.65,False,,,,0.1205,train,AI-assisted weak label; requires human review before use as gold data
d1d6ece9254ade6f,Google,privacy_policy,Activity on Google services,"In some cases, areas that you have searched from in the past may be used to estimate a relevant location for your search. For example, if you search for coffee shops while in Chelsea, Google might show results for Chelsea in future searches.","In some cases, areas that you have searched from in the past may be used to estimate a relevant location for your search. For example, if you search for coffee shops while in Chelsea, Google might show results for Chelsea in future searches.",https://google.com,Low,20,,,,default_low_unverified,0.25,True,,,,0.0489,train,AI-assisted weak label; requires human review before use as gold data
c1839708300fd4ca,Netflix,privacy_policy,Communication and Marketing Preferences,You can indicate your choices regarding the Matched Identifier Communications on third party services in the “Privacy and data settings” (for the relevant profile) within the “Account” section of our website.,You can indicate your choices regarding the Matched Identifier Communications on third party services in the “Privacy and data settings” (for the relevant profile) within the “Account” section of our website.,https://netflix.com,Medium,60,tracking_profiling,profile,R003,explainable_rules,0.65,False,,,,0.0428,train,AI-assisted weak label; requires human review before use as gold data
c51977dbc9c0fbd0,Google,privacy_policy,"Provide personalised services, including content and ads","We don’t share information that personally identifies you with advertisers, such as your name or email, unless you ask us to. For example, if you see an ad for a nearby flower shop and select the 'tap to call' button, we’ll connect your call and may share your phone number with the flower shop.","We don’t share information that personally identifies you with advertisers, such as your name or email, unless you ask us to. For example, if you see an ad for a nearby flower shop and select the 'tap to call' button, we’ll connect your call and may share your phone number with the flower shop.",https://google.com,High,90,tracking_profiling,"advertisers, such as your name",R019,explainable_rules,0.75,True,,,,0.0584,train,AI-assisted weak label; requires human review before use as gold data
6eee1c7a6fbf0d04,Instagram,privacy_policy,Manage apps and websites,How do we share information with third parties?,How do we share information with third parties?,https://instagram.com,Medium,60,,,,tosdr_similarity,0.752,False,This service can share your personal information to third parties,bad,48,0.5033,train,AI-assisted weak label; requires human review before use as gold data
937c93b0e27e0ae9,PayPal,privacy_policy,Our Lawful Basis for Processing Personal Information,We collect precise geolocation data from Users while they are logged into their financial account. | Necessary categories of Personal Information include:<br><br> Registration and contact information;<br> Identification and signature information;<br> Payment information;<br> Information related to legal requirements;<br> Information you provide when you contact us including information related to your vulnerability;<br> Transaction information;<br> Package tracking;<br> Service-specific Personal Information;<br> Information from CRAs and financial institutions;<br> Information from your connected financial accounts;<br> Information from your use of the Services;<br> Technical usage data;<br> Device information; and <br> Location data. | We have a legitimate interest in ensuring that PayPal remains a secure financial service and continuing to offer services that are innovative and of interest to you as well as to optimize our sales efforts by tailoring our services to your interests including ads and offers you may be shown.,We collect precise geolocation data from Users while they are logged into their financial account. | Necessary categories of Personal Information include:<br><br> Registration and contact information;<br> Identification and signature information;<br> Payment information;<br> Information related to legal requirements;<br> Information you provide when you contact us including information related to your vulnerability;<br> Transaction information;<br> Package tracking;<br> Service-specific Personal Information;<br> Information from CRAs and financial institutions;<br> Information from your connected financial accounts;<br> Information from your use of the Services;<br> Technical usage data;<br> Device information; and <br> Location data. | We have a legitimate interest in ensuring that PayPal remains a secure financial service and continuing to offer services that are innovative and of interest to you as well as to optimize our sales efforts by tailoring our services to your interests including ads and offers you may be shown.,https://paypal.com,Medium,65,tracking_profiling|personal_data_collection,tracking || collect precise geolocation data from Users while they are logged into their financial,R003|R013,explainable_rules,0.65,False,,,,0.0678,train,AI-assisted weak label; requires human review before use as gold data
36d5c51bfa84f147,PayPal,privacy_policy,Your rights,"In the United States, these are either exempt practices or do not trigger an opt-out right under applicable United States privacy laws. However, in other jurisdictions, individuals may exercise the right to seek a review of, or to object to and/or revoke consent for, an Automated Decision that has legal or similarly significant effects on them (together with the relevant Profiling), where this right exists, by contacting us. We will then review the decision, taking into account relevant additional circumstances.","In the United States, these are either exempt practices or do not trigger an opt-out right under applicable United States privacy laws. However, in other jurisdictions, individuals may exercise the right to seek a review of, or to object to and/or revoke consent for, an Automated Decision that has legal or similarly significant effects on them (together with the relevant Profiling), where this right exists, by contacting us. We will then review the decision, taking into account relevant additional circumstances.",https://paypal.com,Medium,60,tracking_profiling,Profiling,R003,explainable_rules,0.65,False,,,,0.0974,train,AI-assisted weak label; requires human review before use as gold data
0e1161597374dec0,TikTok,privacy_policy,Automatically Collected Information,"Cookies. We use cookies and similar tracking technologies to operate and provide the Platform. For example, we use cookies to remember your language preferences, make sure you don’t see the same video more than once, and for security purposes. We also use these technologies for marketing purposes. To learn more about our use of cookies, please see our Cookies Policy. We will obtain your consent to our use of cookies where required by law.","Cookies. We use cookies and similar tracking technologies to operate and provide the Platform. For example, we use cookies to remember your language preferences, make sure you don’t see the same video more than once, and for security purposes. We also use these technologies for marketing purposes. To learn more about our use of cookies, please see our Cookies Policy. We will obtain your consent to our use of cookies where required by law.",https://tiktok.com,Medium,60,tracking_profiling,tracking,R003,explainable_rules,0.65,False,,,,0.1046,train,AI-assisted weak label; requires human review before use as gold data
6bc2d7e6e0575262,Amazon,terms_of_service,DISCLAIMER OF WARRANTIES AND LIMITATION OF LIABILITY,"TO THE FULL EXTENT PERMISSIBLE BY LAW, AMAZON DISCLAIMS ALL WARRANTIES, EXPRESS OR IMPLIED, INCLUDING, BUT NOT LIMITED TO, IMPLIED WARRANTIES OF MERCHANTABILITY AND FITNESS FOR A PARTICULAR PURPOSE. AMAZON DOES NOT WARRANT THAT THE AMAZON SERVICES, INFORMATION, CONTENT, MATERIALS, PRODUCTS (INCLUDING SOFTWARE) OR OTHER SERVICES INCLUDED ON OR OTHERWISE MADE AVAILABLE TO YOU THROUGH THE AMAZON SERVICES, AMAZON'S SERVERS OR ELECTRONIC COMMUNICATIONS SENT FROM AMAZON ARE FREE OF VIRUSES OR OTHER HARMFUL COMPONENTS. TO THE FULL EXTENT PERMISSIBLE BY LAW, AMAZON WILL NOT BE LIABLE FOR ANY DAMAGES OF ANY KIND ARISING FROM THE USE OF ANY AMAZON SERVICE, OR FROM ANY INFORMATION, CONTENT, MATERIALS, PRODUCTS (INCLUDING SOFTWARE) OR OTHER SERVICES INCLUDED ON OR OTHERWISE MADE AVAILABLE TO YOU THROUGH ANY AMAZON SERVICE, INCLUDING, BUT NOT LIMITED TO DIRECT, INDIRECT, INCIDENTAL, PUNITIVE, AND CONSEQUENTIAL DAMAGES, UNLESS OTHERWISE SPECIFIED IN WRITING.","TO THE FULL EXTENT PERMISSIBLE BY LAW, AMAZON DISCLAIMS ALL WARRANTIES, EXPRESS OR IMPLIED, INCLUDING, BUT NOT LIMITED TO, IMPLIED WARRANTIES OF MERCHANTABILITY AND FITNESS FOR A PARTICULAR PURPOSE. AMAZON DOES NOT WARRANT THAT THE AMAZON SERVICES, INFORMATION, CONTENT, MATERIALS, PRODUCTS (INCLUDING SOFTWARE) OR OTHER SERVICES INCLUDED ON OR OTHERWISE MADE AVAILABLE TO YOU THROUGH THE AMAZON SERVICES, AMAZON'S SERVERS OR ELECTRONIC COMMUNICATIONS SENT FROM AMAZON ARE FREE OF VIRUSES OR OTHER HARMFUL COMPONENTS. TO THE FULL EXTENT PERMISSIBLE BY LAW, AMAZON WILL NOT BE LIABLE FOR ANY DAMAGES OF ANY KIND ARISING FROM THE USE OF ANY AMAZON SERVICE, OR FROM ANY INFORMATION, CONTENT, MATERIALS, PRODUCTS (INCLUDING SOFTWARE) OR OTHER SERVICES INCLUDED ON OR OTHERWISE MADE AVAILABLE TO YOU THROUGH ANY AMAZON SERVICE, INCLUDING, BUT NOT LIMITED TO DIRECT, INDIRECT, INCIDENTAL, PUNITIVE, AND CONSEQUENTIAL DAMAGES, UNLESS OTHERWISE SPECIFIED IN WRITING.",https://amazon.com,Medium,60,liability_dispute,DISCLAIMS,R012,explainable_rules,0.65,False,,,,0.0484,train,AI-assisted weak label; requires human review before use as gold data
d4ef32a3734bebb5,PayPal,privacy_policy,UK and EEA Data Protection Rights,"Individuals located in the UK and EEA benefit from the following rights, which are further illustrated in Your Data Protection Rights:","Individuals located in the UK and EEA benefit from the following rights, which are further illustrated in Your Data Protection Rights:",https://paypal.com,Low,20,,,,default_low_unverified,0.25,True,,,,0.064,train,AI-assisted weak label; requires human review before use as gold data
1e54134106e6c57b,Instagram,privacy_policy,Highlights,"The feature we use it for, and how that feature works. For example, messages sent using Messenger’s vanish mode are retained for less time than regular messages. Learn more.","The feature we use it for, and how that feature works. For example, messages sent using Messenger’s vanish mode are retained for less time than regular messages. Learn more.",https://instagram.com,Low,20,,,,default_low_unverified,0.25,True,,,,0.0886,train,AI-assisted weak label; requires human review before use as gold data
b28c36e1b2a34374,Google,privacy_policy,Delete your information,"And finally, you can also request to remove content from specific Google services based on applicable law and our policies.","And finally, you can also request to remove content from specific Google services based on applicable law and our policies.",https://google.com,Low,20,,,,default_low_unverified,0.25,True,,,,0.0328,train,AI-assisted weak label; requires human review before use as gold data
bd52eca24489ecdd,Discord,privacy_policy,Information we collect automatically,"Information about your device. We collect information about the device you are using to access the services. For example, this includes information like your IP address, operating system information, browser information, and information about your device settings, such as your microphone and/or camera.","Information about your device. We collect information about the device you are using to access the services. For example, this includes information like your IP address, operating system information, browser information, and information about your device settings, such as your microphone and/or camera.",https://discord.com,Low,20,,,,default_low_unverified,0.25,True,,,,0.1206,train,AI-assisted weak label; requires human review before use as gold data
248e60360cb76ad9,PayPal,terms_of_service,Withdrawing money,An eligible bank account (where we make this available) through:,An eligible bank account (where we make this available) through:,https://paypal.com,Low,20,,,,default_low_unverified,0.25,True,,,,0.0849,train,AI-assisted weak label; requires human review before use as gold data
db527f517d81d75b,YouTube,privacy_policy,Device,"A device is a computer that can be used to access Google services. For example, desktop computers, tablets, smart speakers, and smartphones are all considered devices.","A device is a computer that can be used to access Google services. For example, desktop computers, tablets, smart speakers, and smartphones are all considered devices.",https://youtube.com,Low,20,,,,default_low_unverified,0.25,True,,,,0.0386,train,AI-assisted weak label; requires human review before use as gold data
421f2f5334af01f6,Instagram,privacy_policy,"Transferring, storing or processing your information globally","For more information, see the ""How do we transfer information?"" section of the Meta Privacy Policy.","For more information, see the ""How do we transfer information?"" section of the Meta Privacy Policy.",https://instagram.com,Low,20,,,,default_low_unverified,0.25,True,,,,0.1267,train,AI-assisted weak label; requires human review before use as gold data
1e081cd10175a746,PayPal,privacy_policy,Choose how we collect Personal Information,"Also, some Personal Information is required for our Services to function. For example, sharing your contacts helps make it easier for you to find the people you want to send money to. If you choose not to share your contacts with us, you can still use our mobile apps, but some actions may not be as fast or easy as it would be if you shared your contacts. Another example is creating an account or Fastlane profile with us. If you choose not to provide information that is required for an account or Fastlane profile to function, like your name and email address, we will not be able to create an account or Fastlane profile for you.","Also, some Personal Information is required for our Services to function. For example, sharing your contacts helps make it easier for you to find the people you want to send money to. If you choose not to share your contacts with us, you can still use our mobile apps, but some actions may not be as fast or easy as it would be if you shared your contacts. Another example is creating an account or Fastlane profile with us. If you choose not to provide information that is required for an account or Fastlane profile to function, like your name and email address, we will not be able to create an account or Fastlane profile for you.",https://paypal.com,Medium,60,tracking_profiling,"profile || address, we will not be able to create an account or Fastlane profile",R003|R019,explainable_rules,0.65,False,,,,0.1245,train,AI-assisted weak label; requires human review before use as gold data
1bf8ec3028f48bb1,X (Twitter),privacy_policy,6. Your Rights And Ours,"Just as you use X to seamlessly participate in global conversations with people in countries all over the world, X must move information across borders and to different countries around the world to support the safe and reliable service you depend on. For example, if you live in Europe and are having a conversation with someone in the United States, information has to move between those countries to provide that experience – it’s what you expect from us.","Just as you use X to seamlessly participate in global conversations with people in countries all over the world, X must move information across borders and to different countries around the world to support the safe and reliable service you depend on. For example, if you live in Europe and are having a conversation with someone in the United States, information has to move between those countries to provide that experience – it’s what you expect from us.",https://twitter.com,Low,20,,,,default_low_unverified,0.25,True,,,,0.0755,train,AI-assisted weak label; requires human review before use as gold data
8dfe6222782fe921,X (Twitter),privacy_policy,1. Information We Collect,"Biometric information. Based on your consent, we may collect and use your biometric information for safety, security, and identification purposes.","Biometric information. Based on your consent, we may collect and use your biometric information for safety, security, and identification purposes.",https://twitter.com,Medium,60,personal_data_collection,"Biometric information. Based on your consent, we may collect",R013,explainable_rules,0.65,False,,,,0.185,train,AI-assisted weak label; requires human review before use as gold data
e34fe84bb07d1a10,TikTok,terms_of_service,3. Additional terms that apply if you use certain features,Commercial Music Library Terms: These apply if you are a commercial entity or you post content on the Platform that includes music from the Commercial Music Library.,Commercial Music Library Terms: These apply if you are a commercial entity or you post content on the Platform that includes music from the Commercial Music Library.,https://tiktok.com,Low,20,,,,default_low_unverified,0.25,True,,,,0.0466,train,AI-assisted weak label; requires human review before use as gold data
4464e17a0421b9aa,X (Twitter),terms_of_service,"The Services are Available ""AS-IS""","The X Entities make no warranty or representation and disclaim all responsibility and liability for: (i) the completeness, accuracy, availability, timeliness, security or reliability of the Services or any Content; (ii) any harm to your computer system, loss of data, or other harm that results from your access to or use of the Services or any Content; (iii) the deletion of, or the failure to store or to transmit, any Content and other communications maintained by the Services; and (iv) whether the Services will meet your requirements or be available on an uninterrupted, secure, or error-free basis. No advice or information, whether oral or written, obtained from the X Entities or through the Services, will create any warranty or representation not expressly made herein.","The X Entities make no warranty or representation and disclaim all responsibility and liability for: (i) the completeness, accuracy, availability, timeliness, security or reliability of the Services or any Content; (ii) any harm to your computer system, loss of data, or other harm that results from your access to or use of the Services or any Content; (iii) the deletion of, or the failure to store or to transmit, any Content and other communications maintained by the Services; and (iv) whether the Services will meet your requirements or be available on an uninterrupted, secure, or error-free basis. No advice or information, whether oral or written, obtained from the X Entities or through the Services, will create any warranty or representation not expressly made herein.",https://twitter.com,Medium,60,liability_dispute,disclaim,R012,explainable_rules,0.65,False,,,,0.1514,train,AI-assisted weak label; requires human review before use as gold data
5c9a06f711804301,PayPal,privacy_policy,How We Protect Your Personal Information,"We maintain technical, physical, and administrative security measures designed to provide reasonable protection for your Personal Information against loss, misuse, interference, unauthorized access, disclosure, and alteration. The security measures include firewalls, data encryption, physical access controls to our data centers, and information access authorization controls. While we are dedicated to securing our systems and Services, you are responsible for securing and maintaining the privacy of your password(s) and account or profile registration information and verifying that the Personal Information we maintain about you is accurate and current. We are not responsible for protecting any Personal Information that we share with a third-party based on a linked account connection that you have authorized.","We maintain technical, physical, and administrative security measures designed to provide reasonable protection for your Personal Information against loss, misuse, interference, unauthorized access, disclosure, and alteration. The security measures include firewalls, data encryption, physical access controls to our data centers, and information access authorization controls. While we are dedicated to securing our systems and Services, you are responsible for securing and maintaining the privacy of your password(s) and account or profile registration information and verifying that the Personal Information we maintain about you is accurate and current. We are not responsible for protecting any Personal Information that we share with a third-party based on a linked account connection that you have authorized.",https://paypal.com,Medium,60,tracking_profiling,profile,R003,explainable_rules,0.65,False,,,,0.0963,train,AI-assisted weak label; requires human review before use as gold data
b52f18e0cd1a9777,Instagram,privacy_policy,Processing information when required by law,"The categories of information depend on the specific circumstances of each mandatory request or obligation. Only the information necessary to comply with the relevant legal obligation will be shared or otherwise processed. For example, for civil matters, this will typically include limited information (such as contact details and login information). However, depending on the circumstances it could include the following:","The categories of information depend on the specific circumstances of each mandatory request or obligation. Only the information necessary to comply with the relevant legal obligation will be shared or otherwise processed. For example, for civil matters, this will typically include limited information (such as contact details and login information). However, depending on the circumstances it could include the following:",https://instagram.com,Low,20,,,,default_low_unverified,0.25,True,,,,0.0489,train,AI-assisted weak label; requires human review before use as gold data
63733a1b8106a15d,TikTok,privacy_policy,How We Use Your Information,"Review, improve, and develop the Platform, including by monitoring interactions and usage across your devices, analysing how people are using it, and by training, testing, and improving our technology, such as our machine learning models and algorithms.","Review, improve, and develop the Platform, including by monitoring interactions and usage across your devices, analysing how people are using it, and by training, testing, and improving our technology, such as our machine learning models and algorithms.",https://tiktok.com,Low,20,,,,default_low_unverified,0.25,True,,,,0.0,train,AI-assisted weak label; requires human review before use as gold data
9d7dbcd2de25287e,PayPal,terms_of_service,Withdrawing money,Your branded MasterCard or Visa card (where we make this available).,Your branded MasterCard or Visa card (where we make this available).,https://paypal.com,Low,20,,,,default_low_unverified,0.25,True,,,,0.0686,train,AI-assisted weak label; requires human review before use as gold data
bdf610baa8ec264b,TikTok,privacy_policy,Your Rights and Choices,"Restrict the processing of your information. You have the right to request the restriction of the processing of your information where (a) you are challenging the accuracy of the information, (b) the information has been unlawfully processed, but you are opposing the deletion of that information, (c) where you need the information to be retained for the pursuit or defence of a legal claim, or (d) you have objected to processing and you are awaiting the outcome of that objection request.","Restrict the processing of your information. You have the right to request the restriction of the processing of your information where (a) you are challenging the accuracy of the information, (b) the information has been unlawfully processed, but you are opposing the deletion of that information, (c) where you need the information to be retained for the pursuit or defence of a legal claim, or (d) you have objected to processing and you are awaiting the outcome of that objection request.",https://tiktok.com,Low,20,,,,default_low_unverified,0.25,True,,,,0.0553,train,AI-assisted weak label; requires human review before use as gold data
61bfb99737d98e00,TikTok,terms_of_service,4.9 Ownership of content and grant of licences,"You also grant to each user of the Platform a non-exclusive, royalty-free, worldwide licence to access and use your content, including to reproduce (e.g. to copy, share or download), adapt or make derivative works (e.g. to include your content in their content), perform and communicate your content to the public (e.g. to display it) using the Platform for entertainment purposes, subject to your Platform settings.","You also grant to each user of the Platform a non-exclusive, royalty-free, worldwide licence to access and use your content, including to reproduce (e.g. to copy, share or download), adapt or make derivative works (e.g. to include your content in their content), perform and communicate your content to the public (e.g. to display it) using the Platform for entertainment purposes, subject to your Platform settings.",https://tiktok.com,Low,20,,,,default_low_unverified,0.25,True,,,,0.0263,train,AI-assisted weak label; requires human review before use as gold data
ce0d03dba2f0b747,Amazon,terms_of_service,NOTICE AND PROCEDURE FOR MAKING CLAIMS OF INTELLECTUAL PROPERTY INFRINGEMENT,"A statement by you that you have a good-faith belief that the disputed use is not authorized by the copyright owner, its agent, or the law; and","A statement by you that you have a good-faith belief that the disputed use is not authorized by the copyright owner, its agent, or the law; and",https://amazon.com,Low,20,,,,default_low_unverified,0.25,True,,,,0.0125,train,AI-assisted weak label; requires human review before use as gold data
91f5a6bc54e63384,TikTok,privacy_policy,Our Global Operations and Data Transfers,"Article 49. In the absence of an adequacy decision, We rely on Article 49 (1)(b) and (c) GDPR to transfer Purchase Information as described in “What Information We Collect” to sellers and transaction fulfilment providers in countries without an adequacy decision when necessary to provide shopping features to facilitate the purchase and delivery of products, goods and services, or to process your orders; or","Article 49. In the absence of an adequacy decision, We rely on Article 49 (1)(b) and (c) GDPR to transfer Purchase Information as described in “What Information We Collect” to sellers and transaction fulfilment providers in countries without an adequacy decision when necessary to provide shopping features to facilitate the purchase and delivery of products, goods and services, or to process your orders; or",https://tiktok.com,Low,20,,,,default_low_unverified,0.25,True,,,,0.0586,train,AI-assisted weak label; requires human review before use as gold data
947d9aa41fa4af4a,YouTube,privacy_policy,Related privacy practices,"To help explain things as clearly as possible, we’ve added examples, explanatory videos, and definitions for key terms. And if you have any questions about this Privacy Policy, you can contact us.","To help explain things as clearly as possible, we’ve added examples, explanatory videos, and definitions for key terms. And if you have any questions about this Privacy Policy, you can contact us.",https://youtube.com,Low,20,,,,default_low_unverified,0.25,True,,,,0.0923,train,AI-assisted weak label; requires human review before use as gold data
2ac3676cf692d2a1,TikTok,privacy_policy,How We Use Your Information,Facilitate the sending of marketing communications by sellers to you on our Platform. We act as a joint controller with the sellers in this scenario. Learn more about our arrangements with these sellers.,Facilitate the sending of marketing communications by sellers to you on our Platform. We act as a joint controller with the sellers in this scenario. Learn more about our arrangements with these sellers.,https://tiktok.com,Low,20,,,,default_low_unverified,0.25,True,,,,0.0,train,AI-assisted weak label; requires human review before use as gold data
1ca2bf1c7705755b,PayPal,privacy_policy,When and How We Share Personal Information With Others,"Other third parties. We may disclose Personal Information with other third parties. For example, we disclose Personal Information to advertising platforms, at your direction. We also disclose Personal Information to security service providers to help prevent unauthorized access to our Services. This further applies to parties we cooperate with for marketing purposes, in particular to show you ads and offers tailored to your interests. Please be aware that these parties' privacy notice applies to the Personal Information that you share directly with them. For example, we use Google's reCAPTCHA to prevent misuse of our Services, when you access our mobile application. We may also use Google Address Autofill to ensure accuracy of your address. Google's Privacy Policy and Terms of Use apply to the Personal Information you share with them. For marketing purposes, we may use third parties to identify and display ads on our Services tailored to your interests and track interactions with these ads. Your interactions with such ads are governed by their Privacy Policy.","Other third parties. We may disclose Personal Information with other third parties. For example, we disclose Personal Information to advertising platforms, at your direction. We also disclose Personal Information to security service providers to help prevent unauthorized access to our Services. This further applies to parties we cooperate with for marketing purposes, in particular to show you ads and offers tailored to your interests. Please be aware that these parties' privacy notice applies to the Personal Information that you share directly with them. For example, we use Google's reCAPTCHA to prevent misuse of our Services, when you access our mobile application. We may also use Google Address Autofill to ensure accuracy of your address. Google's Privacy Policy and Terms of Use apply to the Personal Information you share with them. For marketing purposes, we may use third parties to identify and display ads on our Services tailored to your interests and track interactions with these ads. Your interactions with such ads are governed by their Privacy Policy.",https://paypal.com,Medium,65,third_party_sharing|tracking_profiling,third parties. We may disclose Personal Information || track,R001|R003,explainable_rules,0.65,False,,,,0.1175,train,AI-assisted weak label; requires human review before use as gold data
96ac436bab1c5fd6,TikTok,privacy_policy,Information You Provide,"Account Information. We collect information that you provide when you set up an account, such as your date of birth, username, email address and/or telephone number, and password. You can choose to add other information to your account, such as a bio or image.","Account Information. We collect information that you provide when you set up an account, such as your date of birth, username, email address and/or telephone number, and password. You can choose to add other information to your account, such as a bio or image.",https://tiktok.com,High,90,tracking_profiling,"add other information to your account, such as a bio or image",R019,explainable_rules,0.75,True,,,,0.0823,train,AI-assisted weak label; requires human review before use as gold data
51068006ab2c4dbf,Pinterest,privacy_policy,"Additional rights in the EEA, Switzerland, and the UK","For users who reside in certain U.S. states and have enabled an opt-out preferences signal (such as Global Privacy Control), we will respect this preference when you use Pinterest.","For users who reside in certain U.S. states and have enabled an opt-out preferences signal (such as Global Privacy Control), we will respect this preference when you use Pinterest.",https://pinterest.com,Low,20,,,,default_low_unverified,0.25,True,,,,0.059,train,AI-assisted weak label; requires human review before use as gold data
d38e9d5bed3ed1be,Instagram,privacy_policy,Why and how we process your information,How is your information shared on Meta Products or with integrated partners?,How is your information shared on Meta Products or with integrated partners?,https://instagram.com,Low,20,,,,default_low_unverified,0.25,True,,,,0.0302,train,AI-assisted weak label; requires human review before use as gold data
946e11a5c7aa1715,Discord,privacy_policy,"Schiphol Boulevard 195 1118 BG Schiphol, Netherlands","If you reside anywhere else, you can contact us at:","If you reside anywhere else, you can contact us at:",https://discord.com,Low,20,,,,default_low_unverified,0.25,True,,,,0.0,train,AI-assisted weak label; requires human review before use as gold data
a939de1e92991806,Google,terms_of_service,indemnify or indemnity,An individual or organisation’s contractual obligation to compensate the losses suffered by another individual or organisation from legal proceedings such as lawsuits.,An individual or organisation’s contractual obligation to compensate the losses suffered by another individual or organisation from legal proceedings such as lawsuits.,https://google.com,Low,20,,,,default_low_unverified,0.25,True,,,,0.0195,train,AI-assisted weak label; requires human review before use as gold data
4382cb5351a1e34e,Instagram,privacy_policy,Personalizing Meta Products,Purchases or other transactions you make,Purchases or other transactions you make,https://instagram.com,Low,20,,,,default_low_unverified,0.25,True,,,,0.0,train,AI-assisted weak label; requires human review before use as gold data
eff7353aece75b14,X (Twitter),privacy_policy,5. Take Control,"If you follow the instructions here, your account will be deactivated and your data will be queued for deletion. When deactivated, your X account, including your display name, username, and public profile, will no longer be viewable on X.com, X for iOS, and X for Android. For up to 30 days after deactivation it is still possible to restore your X account if it was accidentally or wrongfully deactivated.","If you follow the instructions here, your account will be deactivated and your data will be queued for deletion. When deactivated, your X account, including your display name, username, and public profile, will no longer be viewable on X.com, X for iOS, and X for Android. For up to 30 days after deactivation it is still possible to restore your X account if it was accidentally or wrongfully deactivated.",https://twitter.com,Medium,60,tracking_profiling,profile,R003,explainable_rules,0.65,False,,,,0.0516,train,AI-assisted weak label; requires human review before use as gold data
0322f2f18bf17639,Pinterest,privacy_policy,How we use the info we collect,"Depending on where you live, and with your consent, identify your precise location and customize your experience on our Services. For example, if we know that you’re near a retailer we may show you that retailer’s Pins that may be of interest to you. You can opt in to (and out of) this in your device operating system settings.","Depending on where you live, and with your consent, identify your precise location and customize your experience on our Services. For example, if we know that you’re near a retailer we may show you that retailer’s Pins that may be of interest to you. You can opt in to (and out of) this in your device operating system settings.",https://pinterest.com,Low,20,,,,default_low_unverified,0.25,True,,,,0.1133,train,AI-assisted weak label; requires human review before use as gold data
88eb574d4690b18b,Pinterest,terms_of_service,9. Disclaimers,"The limitations, exclusions, and disclaimers in this section apply to the fullest extent permitted by applicable law.","The limitations, exclusions, and disclaimers in this section apply to the fullest extent permitted by applicable law.",https://pinterest.com,Medium,60,liability_dispute,disclaimers,R012,explainable_rules,0.65,False,,,,0.0298,train,AI-assisted weak label; requires human review before use as gold data
9b4a3c8304a02026,PayPal,privacy_policy,"Summary of Personal Information Collected and Disclosed in the Prior 12 Months, Including under the California Consumer Privacy Act, as amended by the California Privacy Rights Act (“CCPA”)","This section provides additional information regarding PayPal’s prior 12-month Personal Information processing activities under the CCPA. In the preceding 12 months, we have collected the categories of Personal Information set forth in the table below. For details about the precise data points we collect and the categories of sources of such collection, please see Categories of Personal Information We Collect. In the preceding 12 months, we have disclosed the following categories of Personal Information for business purposes to the following categories of third parties, which we describe in greater detail in How We Use Personal Information and When and How We Share Personal Information With Others.","This section provides additional information regarding PayPal’s prior 12-month Personal Information processing activities under the CCPA. In the preceding 12 months, we have collected the categories of Personal Information set forth in the table below. For details about the precise data points we collect and the categories of sources of such collection, please see Categories of Personal Information We Collect. In the preceding 12 months, we have disclosed the following categories of Personal Information for business purposes to the following categories of third parties, which we describe in greater detail in How We Use Personal Information and When and How We Share Personal Information With Others.",https://paypal.com,Medium,60,third_party_sharing,disclosed the following categories of Personal Information for business purposes to the following categories of third parties,R001,explainable_rules,0.65,False,,,,0.0676,train,AI-assisted weak label; requires human review before use as gold data
74cf18b8c5595277,YouTube,privacy_policy,Unique identifiers,"On other platforms besides browsers, unique identifiers are used to recognize a specific device or app on that device. For example, a unique identifier such as the Advertising ID is used to provide relevant advertising on Android devices, and can be managed in your device’s settings. Unique identifiers may also be incorporated into a device by its manufacturer (sometimes called a universally unique ID or UUID), such as the IMEI-number of a mobile phone. For example, a device’s unique identifier can be used to customize our service to your device or analyze device issues related to our services.","On other platforms besides browsers, unique identifiers are used to recognize a specific device or app on that device. For example, a unique identifier such as the Advertising ID is used to provide relevant advertising on Android devices, and can be managed in your device’s settings. Unique identifiers may also be incorporated into a device by its manufacturer (sometimes called a universally unique ID or UUID), such as the IMEI-number of a mobile phone. For example, a device’s unique identifier can be used to customize our service to your device or analyze device issues related to our services.",https://youtube.com,Medium,60,tracking_profiling,Advertising ID,R003,explainable_rules,0.65,False,,,,0.0746,train,AI-assisted weak label; requires human review before use as gold data
a84f6486bfcdcaae,PayPal,privacy_policy,Our Contact Information,"Ltd. <br>5 Temasek Boulevard 09-01, Suntec Tower 5 <br>Singapore 038985 <br>Contact Online for Privacy queries | | Switzerland | PayPal Pte. Ltd. <br>5 Temasek Boulevard 09-01, Suntec Tower 5 <br>Singapore 038985 <br>Contact Online for Privacy queries | | Taiwan | PayPal Pte. Ltd. <br>5 Temasek Boulevard 09-01, Suntec Tower 5 <br>Singapore 038985 <br>Contact Online for Privacy queries | | Thailand | Athenee Tower, 23F; 63 Wittayu Road; Lumpini, Pathumwan; Bangkok 10330, Thailand <br>Contact Online for Privacy queries | | UK | PayPal UK Ltd <br>5 Fleet Place <br>London, UK EC4M 7RD <br>Contact Online for Privacy queries | | United Arab Emirates | PayPal Pte. Ltd. <br>5 Temasek Boulevard 09-01, Suntec Tower 5 <br>Singapore 038985 <br>Contact Online for Privacy queries | | United States | PayPal Inc. <br>2211 N. 1st St., <br>San Jose, CA 95131 <br>Contact Online for Privacy queries | | Vietnam | PayPal Pte. Ltd. <br>5 Temasek Boulevard 09-01, Suntec Tower 5 <br>Singapore 038985 <br>Contact Online for Privacy queries |","Ltd. <br>5 Temasek Boulevard 09-01, Suntec Tower 5 <br>Singapore 038985 <br>Contact Online for Privacy queries | | Switzerland | PayPal Pte. Ltd. <br>5 Temasek Boulevard 09-01, Suntec Tower 5 <br>Singapore 038985 <br>Contact Online for Privacy queries | | Taiwan | PayPal Pte. Ltd. <br>5 Temasek Boulevard 09-01, Suntec Tower 5 <br>Singapore 038985 <br>Contact Online for Privacy queries | | Thailand | Athenee Tower, 23F; 63 Wittayu Road; Lumpini, Pathumwan; Bangkok 10330, Thailand <br>Contact Online for Privacy queries | | UK | PayPal UK Ltd <br>5 Fleet Place <br>London, UK EC4M 7RD <br>Contact Online for Privacy queries | | United Arab Emirates | PayPal Pte. Ltd. <br>5 Temasek Boulevard 09-01, Suntec Tower 5 <br>Singapore 038985 <br>Contact Online for Privacy queries | | United States | PayPal Inc. <br>2211 N. 1st St., <br>San Jose, CA 95131 <br>Contact Online for Privacy queries | | Vietnam | PayPal Pte. Ltd. <br>5 Temasek Boulevard 09-01, Suntec Tower 5 <br>Singapore 038985 <br>Contact Online for Privacy queries |",https://paypal.com,Low,20,,,,default_low_unverified,0.25,True,,,,0.0148,train,AI-assisted weak label; requires human review before use as gold data
b2cf1d0dcf59818d,X (Twitter),privacy_policy,5. Take Control,"You can access, correct, or modify the information you provided to us by editing your profile and adjusting your account settings.","You can access, correct, or modify the information you provided to us by editing your profile and adjusting your account settings.",https://twitter.com,Medium,60,tracking_profiling,profile,R003,explainable_rules,0.65,False,,,,0.1547,train,AI-assisted weak label; requires human review before use as gold data
8c304e6836366099,PayPal,privacy_policy,AI and Automated Decision Making,We may process your Personal Information using AI and/or Automated Decision Making technology under the circumstances described below:,We may process your Personal Information using AI and/or Automated Decision Making technology under the circumstances described below:,https://paypal.com,High,90,ai_training_human_review,Personal Information using AI and/or Automated Decision,R020,explainable_rules,0.75,True,,,,0.2748,train,AI-assisted weak label; requires human review before use as gold data
39a764019dae693a,PayPal,privacy_policy,Your rights,Close your PayPal account(s) or profile.,Close your PayPal account(s) or profile.,https://paypal.com,Medium,60,tracking_profiling,profile,R003,explainable_rules,0.65,False,,,,0.1763,train,AI-assisted weak label; requires human review before use as gold data
84a17d7e9435998c,Instagram,privacy_policy,"Providing measurement, analytics and business services","Our systems automatically, as well as with some manual (human) processing, process information we have collected and stored about you and others. We use this information to:","Our systems automatically, as well as with some manual (human) processing, process information we have collected and stored about you and others. We use this information to:",https://instagram.com,Low,20,,,,default_low_unverified,0.25,True,,,,0.098,train,AI-assisted weak label; requires human review before use as gold data
a08e61ba59f9541e,X (Twitter),privacy_policy,1. Information We Collect,"Purchase and payments. To allow you to make a payment or send money using X features or services, including through an intermediary, we may receive information about your transaction such as when it was made, when a subscription is set to expire or auto-renew, and amounts paid or received.","Purchase and payments. To allow you to make a payment or send money using X features or services, including through an intermediary, we may receive information about your transaction such as when it was made, when a subscription is set to expire or auto-renew, and amounts paid or received.",https://twitter.com,Medium,60,auto_renewal_trial,auto-renew,R006,explainable_rules,0.65,False,,,,0.0355,train,AI-assisted weak label; requires human review before use as gold data
ca9f91ef4d70a50c,YouTube,privacy_policy,safety and reliability,"The “last account activity” feature in Gmail can help you find out if and when someone accessed your email without your knowledge. This feature shows you information about recent activity in Gmail, such as the IP addresses that accessed your mail, the associated location, and the date and time of access. Learn more","The “last account activity” feature in Gmail can help you find out if and when someone accessed your email without your knowledge. This feature shows you information about recent activity in Gmail, such as the IP addresses that accessed your mail, the associated location, and the date and time of access. Learn more",https://youtube.com,Low,20,,,,default_low_unverified,0.25,True,,,,0.0657,train,AI-assisted weak label; requires human review before use as gold data
bb398c7dd9ab592c,PayPal,privacy_policy,Definitions,"Partners and Merchants means our partners and the merchants, partners or businesses that our Users transact with for the purpose of obtaining goods or services.","Partners and Merchants means our partners and the merchants, partners or businesses that our Users transact with for the purpose of obtaining goods or services.",https://paypal.com,Low,20,,,,default_low_unverified,0.25,True,,,,0.0377,train,AI-assisted weak label; requires human review before use as gold data
ede4aed7b37de8b1,PayPal,privacy_policy,Choose how we communicate with you,"Your choices about how we communicate with you differ depending on the purpose of the message, how it is delivered and other requirements under applicable law. Some messages are considered optional, and some are necessary for you to manage your accounts or Fastlane profile with us. We use email, text messages, push notifications on your mobile device, and even phone calls or paper mail depending on the situation, your preferences and applicable law.","Your choices about how we communicate with you differ depending on the purpose of the message, how it is delivered and other requirements under applicable law. Some messages are considered optional, and some are necessary for you to manage your accounts or Fastlane profile with us. We use email, text messages, push notifications on your mobile device, and even phone calls or paper mail depending on the situation, your preferences and applicable law.",https://paypal.com,Medium,60,tracking_profiling,profile,R003,explainable_rules,0.65,False,,,,0.0175,train,AI-assisted weak label; requires human review before use as gold data
f6ff3c68bced4c2f,YouTube,privacy_policy,ensure and improve,"For example, we analyze how people interact with advertising to improve the performance of our ads.","For example, we analyze how people interact with advertising to improve the performance of our ads.",https://youtube.com,Low,20,,,,default_low_unverified,0.25,True,,,,0.0705,train,AI-assisted weak label; requires human review before use as gold data
c004947631353bee,X (Twitter),privacy_policy,2. How We Use Information,"2.3 Measure, analyze and make our services better.","2.3 Measure, analyze and make our services better.",https://twitter.com,Low,20,,,,default_low_unverified,0.25,True,,,,0.0,train,AI-assisted weak label; requires human review before use as gold data
755912ce7333002d,PayPal,privacy_policy,When and How We Share Personal Information With Others,"Other PayPal account holders to complete a transaction. We may disclose Personal Information with other PayPal account holders to complete a payment transaction, where necessary. This also applies when you interact with ads or offers we provide relating to one of our Partners and Merchants. The Personal Information that may be shared with other PayPal account holders includes your username, profile photo, first and last name, email, city, and phone number in accordance with your account settings.","Other PayPal account holders to complete a transaction. We may disclose Personal Information with other PayPal account holders to complete a payment transaction, where necessary. This also applies when you interact with ads or offers we provide relating to one of our Partners and Merchants. The Personal Information that may be shared with other PayPal account holders includes your username, profile photo, first and last name, email, city, and phone number in accordance with your account settings.",https://paypal.com,Medium,60,tracking_profiling,profile,R003,explainable_rules,0.65,False,,,,0.07,train,AI-assisted weak label; requires human review before use as gold data
858943e5ea4a7205,Discord,terms_of_service,Term & Termination,Disabling your account limits the processing of your personal information as described in our Privacy Policy. Disabling your account does not terminate this agreement.,Disabling your account limits the processing of your personal information as described in our Privacy Policy. Disabling your account does not terminate this agreement.,https://discord.com,Low,20,,,,default_low_unverified,0.25,True,,,,0.0693,train,AI-assisted weak label; requires human review before use as gold data
b3846b846e1470d1,Pinterest,privacy_policy,We also use your information to personalize the ads you see,"Specifically, we use the information we collect to:","Specifically, we use the information we collect to:",https://pinterest.com,Low,20,,,,default_low_unverified,0.25,True,,,,0.2681,train,AI-assisted weak label; requires human review before use as gold data
3c2c10f6ed0e6be7,PayPal,privacy_policy,Definitions,"Profiling means analysis of an individual’s personality, behavior, interest and habits to make predictions or decisions about them, including like terms under applicable laws.","Profiling means analysis of an individual’s personality, behavior, interest and habits to make predictions or decisions about them, including like terms under applicable laws.",https://paypal.com,Medium,60,tracking_profiling,Profiling,R003,explainable_rules,0.65,False,,,,0.0434,train,AI-assisted weak label; requires human review before use as gold data
9fa5e2abbb06ff93,Google,terms_of_service,Age requirements,"If you’re under the age required to manage your own Google Account, you must have your parent or legal guardian’s permission to use a Google Account. Please ask your parent or legal guardian to read these terms with you.","If you’re under the age required to manage your own Google Account, you must have your parent or legal guardian’s permission to use a Google Account. Please ask your parent or legal guardian to read these terms with you.",https://google.com,Low,20,,,,default_low_unverified,0.25,True,,,,0.0446,train,AI-assisted weak label; requires human review before use as gold data
8b8cbccac745c3a2,Instagram,privacy_policy,Communicating with you,Contact information on your profile and your communications with us,Contact information on your profile and your communications with us,https://instagram.com,Medium,60,tracking_profiling,profile,R003,explainable_rules,0.65,False,,,,0.1047,train,AI-assisted weak label; requires human review before use as gold data
4ff1262903c4deb1,Pinterest,terms_of_service,11. Arbitration,"Any arbitration will be administered by the American Arbitration Association (""AAA"") under the applicable rules then in effect for the AAA. If the AAA rules conflict in any way with these Terms, the Terms will govern. You can find AAA’s forms at www.adr.org. The arbitrator shall issue a reasoned written decision explaining the essential findings and conclusions on which the award is based. A judgment on the arbitrator’s award may be entered in any court of competent jurisdiction. Where the AAA’s Consumer Arbitration Rules apply, if the arbitrator determines that a party’s claim was frivolous or brought for an improper purpose, the arbitrator must assign all fees and costs associated with the arbitration to that party.","Any arbitration will be administered by the American Arbitration Association (""AAA"") under the applicable rules then in effect for the AAA. If the AAA rules conflict in any way with these Terms, the Terms will govern. You can find AAA’s forms at www.adr.org. The arbitrator shall issue a reasoned written decision explaining the essential findings and conclusions on which the award is based. A judgment on the arbitrator’s award may be entered in any court of competent jurisdiction. Where the AAA’s Consumer Arbitration Rules apply, if the arbitrator determines that a party’s claim was frivolous or brought for an improper purpose, the arbitrator must assign all fees and costs associated with the arbitration to that party.",https://pinterest.com,Low,20,,,,default_low_unverified,0.25,True,,,,0.0437,train,AI-assisted weak label; requires human review before use as gold data
f047925db6786c51,Netflix,privacy_policy,Who We Disclose Personal Information To,"Safety, security and fraud prevention: Netflix and its Service Providers may disclose your personal information to third parties where we reasonably believe disclosure is needed for the purpose of: safety, security, and fraud prevention.","Safety, security and fraud prevention: Netflix and its Service Providers may disclose your personal information to third parties where we reasonably believe disclosure is needed for the purpose of: safety, security, and fraud prevention.",https://netflix.com,Medium,60,third_party_sharing,Providers may disclose your personal information to third parties,R001,explainable_rules,0.65,False,,,,0.1658,train,AI-assisted weak label; requires human review before use as gold data
5dd2c149ff71f150,Google,terms_of_service,Don't abuse our services,providing services that appear to originate from us when they do not,providing services that appear to originate from us when they do not,https://google.com,Low,20,,,,default_low_unverified,0.25,True,,,,0.1036,train,AI-assisted weak label; requires human review before use as gold data
5428bbff9e0f7d94,PayPal,terms_of_service,Safe use of your PayPal account,"You must keep your postal address, email address, phone number of a phone to which you are the primary user and other contact information current in your PayPal account profile.","You must keep your postal address, email address, phone number of a phone to which you are the primary user and other contact information current in your PayPal account profile.",https://paypal.com,Medium,60,tracking_profiling,profile,R003,explainable_rules,0.65,False,,,,0.0457,train,AI-assisted weak label; requires human review before use as gold data
f539ae51248fdfe8,TikTok,terms_of_service,4.9 Ownership of content and grant of licences,"To provide the Platform, we need certain rights from you (called a licence). The details of these licences are set out below.","To provide the Platform, we need certain rights from you (called a licence). The details of these licences are set out below.",https://tiktok.com,Low,20,,,,default_low_unverified,0.25,True,,,,0.0606,train,AI-assisted weak label; requires human review before use as gold data
14521e39c2b09626,TikTok,privacy_policy,Partners,"log-in to a third party platform using your account, we will share your basic account information and any other Information You Provide,","log-in to a third party platform using your account, we will share your basic account information and any other Information You Provide,",https://tiktok.com,Medium,60,third_party_sharing,"third party platform using your account, we will share your basic account information",R001,explainable_rules,0.65,False,,,,0.0606,train,AI-assisted weak label; requires human review before use as gold data
8b094e0acc43ad28,Pinterest,terms_of_service,"6. Third party links, sites, and services","Pinterest may contain links to third party websites, advertisers, services, software components, special offers or other events or activities that are not owned or controlled by us. We don’t endorse or assume any responsibility for any such third party websites, information, materials, products or services. If you access any third party website, service or content, etc. from Pinterest, you do so at your own risk and you agree that we have no liability arising from your use of, purchase from or access to any third party website, service, or content, etc.","Pinterest may contain links to third party websites, advertisers, services, software components, special offers or other events or activities that are not owned or controlled by us. We don’t endorse or assume any responsibility for any such third party websites, information, materials, products or services. If you access any third party website, service or content, etc. from Pinterest, you do so at your own risk and you agree that we have no liability arising from your use of, purchase from or access to any third party website, service, or content, etc.",https://pinterest.com,Medium,60,liability_dispute,no liability,R012,explainable_rules,0.65,False,,,,0.1171,train,AI-assisted weak label; requires human review before use as gold data
6163d93354cb54fc,Discord,terms_of_service,More important stuff,Any applicable limitation of liability such as those under the “Limitation of Liability” section;,Any applicable limitation of liability such as those under the “Limitation of Liability” section;,https://discord.com,Medium,60,liability_dispute,limitation of liability,R012,explainable_rules,0.65,False,,,,0.1011,train,AI-assisted weak label; requires human review before use as gold data
fcd3b90e6df4bfe0,Instagram,terms_of_service,7. Our Agreement and What Happens if We Disagree,"Our Service is provided ""as is,"" and we can't guarantee it will be safe and secure or will work perfectly all the time. TO THE EXTENT PERMITTED BY LAW, WE ALSO DISCLAIM ALL WARRANTIES, WHETHER EXPRESS OR IMPLIED, INCLUDING THE IMPLIED WARRANTIES OF MERCHANTABILITY, FITNESS FOR A PARTICULAR PURPOSE, TITLE, AND NON-INFRINGEMENT.","Our Service is provided ""as is,"" and we can't guarantee it will be safe and secure or will work perfectly all the time. TO THE EXTENT PERMITTED BY LAW, WE ALSO DISCLAIM ALL WARRANTIES, WHETHER EXPRESS OR IMPLIED, INCLUDING THE IMPLIED WARRANTIES OF MERCHANTABILITY, FITNESS FOR A PARTICULAR PURPOSE, TITLE, AND NON-INFRINGEMENT.",https://instagram.com,Medium,60,liability_dispute,DISCLAIM,R012,explainable_rules,0.65,False,,,,0.0898,train,AI-assisted weak label; requires human review before use as gold data
213f65ee71447c4d,Google,privacy_policy,Google Account,"You may access some of our services by signing up for a Google Account and providing us with some personal information (typically your name, email address and a password). This account information is used to authenticate you when you access Google services and protect your account from unauthorised access by others. You can edit or delete your account at any time through your Google Account settings.","You may access some of our services by signing up for a Google Account and providing us with some personal information (typically your name, email address and a password). This account information is used to authenticate you when you access Google services and protect your account from unauthorised access by others. You can edit or delete your account at any time through your Google Account settings.",https://google.com,Medium,60,account_content_termination,delete your account at any time,R010,explainable_rules,0.65,False,,,,0.1641,train,AI-assisted weak label; requires human review before use as gold data
5feb5357ab1b2a90,Pinterest,terms_of_service,11. Arbitration,"Arbitration is a more informal way to resolve our disagreements than a lawsuit in court. By accepting these Terms, you agree that the U.S. Federal Arbitration Act governs the interpretation and enforcement of this Section, and that you and Pinterest are each waiving the right to a trial by jury or to participate in a class action. The arbitrator also has exclusive authority to resolve any dispute relating to the interpretation, applicability, or enforceability of this binding arbitration agreement, including any dispute regarding arbitrability.","Arbitration is a more informal way to resolve our disagreements than a lawsuit in court. By accepting these Terms, you agree that the U.S. Federal Arbitration Act governs the interpretation and enforcement of this Section, and that you and Pinterest are each waiving the right to a trial by jury or to participate in a class action. The arbitrator also has exclusive authority to resolve any dispute relating to the interpretation, applicability, or enforceability of this binding arbitration agreement, including any dispute regarding arbitrability.",https://pinterest.com,High,90,liability_dispute,binding arbitration,R011,explainable_rules,0.75,True,,,,0.1124,train,AI-assisted weak label; requires human review before use as gold data
de0d0a1cd37a6a64,PayPal,privacy_policy,Our Lawful Basis for Processing Personal Information,"We will also use your Personal Information and payment method details to determine whether the payment you are making with a participating Partner or Merchant is authorized by you and likely to be successfully authorized by the payment method you choose to use when you make a purchase using details from your Fastlane profile; and<br> provide receipts in connection with PayPal Point of Sale services. For buyers using our PayPal Point of Sale services (including Venmo Tap to Pay), you may choose to provide us your contact details so that we can send you digital receipts. If you provide your e-mail address or mobile number to a Partner or Merchant who uses PayPal Point of Sale, we may remember your details for the next time you buy something from a Merchant who uses PayPal Point of Sale in its physical store, if you use the same payment card. This is regardless of whether you have previously bought something from this Merchant or not.","We will also use your Personal Information and payment method details to determine whether the payment you are making with a participating Partner or Merchant is authorized by you and likely to be successfully authorized by the payment method you choose to use when you make a purchase using details from your Fastlane profile; and<br> provide receipts in connection with PayPal Point of Sale services. For buyers using our PayPal Point of Sale services (including Venmo Tap to Pay), you may choose to provide us your contact details so that we can send you digital receipts. If you provide your e-mail address or mobile number to a Partner or Merchant who uses PayPal Point of Sale, we may remember your details for the next time you buy something from a Merchant who uses PayPal Point of Sale in its physical store, if you use the same payment card. This is regardless of whether you have previously bought something from this Merchant or not.",https://paypal.com,Medium,60,tracking_profiling,profile,R003,explainable_rules,0.65,False,,,,0.0362,train,AI-assisted weak label; requires human review before use as gold data
9dcc7fd443e9d113,PayPal,terms_of_service,Your continuous permission for us to charge your funding sources,The payment amount (plus all transaction fees payable to us) when you use your account to send a payment to another user.,The payment amount (plus all transaction fees payable to us) when you use your account to send a payment to another user.,https://paypal.com,Low,20,,,,default_low_unverified,0.25,True,,,,0.0384,train,AI-assisted weak label; requires human review before use as gold data
696dd8453a043099,Pinterest,terms_of_service,Thank you for using Pinterest!,"Our Enforcement practices, which explain how we put our policies into practice, including restrictions we may impose on your content on or use of Pinterest.","Our Enforcement practices, which explain how we put our policies into practice, including restrictions we may impose on your content on or use of Pinterest.",https://pinterest.com,Low,20,,,,default_low_unverified,0.25,True,,,,0.0392,train,AI-assisted weak label; requires human review before use as gold data
5088d949e862a18b,X (Twitter),terms_of_service,Ending These Terms,"We may suspend or terminate your account or cease providing you with all or part of the Services at any time if we reasonably believe: (i) you have violated these Terms or our Rules and Policies; (ii) you create risk or possible legal exposure for us; (iii) your account should be removed due to unlawful conduct; (iv) your account should be removed due to prolonged inactivity; or (v) our provision of the Services to you is no longer commercially viable. We will make reasonable efforts to notify you by the email address associated with your account or the next time you attempt to access your account, depending on the circumstances. In all such cases, the Terms shall terminate, including, without limitation, your license to use the Services, except that the following sections shall continue to apply: 2, 3, 5, 6, and the misuse provisions of Section 4 (“Misuse of the Services”). If you believe your account was terminated in error you can file an appeal following the steps found in our Help Center (https://help.x.com/forms/account-access/appeals).","We may suspend or terminate your account or cease providing you with all or part of the Services at any time if we reasonably believe: (i) you have violated these Terms or our Rules and Policies; (ii) you create risk or possible legal exposure for us; (iii) your account should be removed due to unlawful conduct; (iv) your account should be removed due to prolonged inactivity; or (v) our provision of the Services to you is no longer commercially viable. We will make reasonable efforts to notify you by the email address associated with your account or the next time you attempt to access your account, depending on the circumstances. In all such cases, the Terms shall terminate, including, without limitation, your license to use the Services, except that the following sections shall continue to apply: 2, 3, 5, 6, and the misuse provisions of Section 4 (“Misuse of the Services”). If you believe your account was terminated in error you can file an appeal following the steps found in our Help Center (https://help.x.com/forms/account-access/appeals).",https://twitter.com,Medium,60,account_content_termination,suspend or terminate your account or cease providing you with all or part of the Services at any time,R010,explainable_rules,0.65,False,,,,0.062,train,AI-assisted weak label; requires human review before use as gold data
9ab7799db2bbd2b5,PayPal,privacy_policy,Categories of Personal Information We Collect,"Account profile information: Such as username, profile picture, gender, or personal description, which you add that may include Sensitive Personal Information. You can set your profile to ""Private"" at any time.","Account profile information: Such as username, profile picture, gender, or personal description, which you add that may include Sensitive Personal Information. You can set your profile to ""Private"" at any time.",https://paypal.com,High,90,tracking_profiling,add that may include Sensitive Personal Information. You can set your profile || profile,R019|R003,explainable_rules,0.75,True,,,,0.0558,train,AI-assisted weak label; requires human review before use as gold data
0d8a2424226addf7,Netflix,privacy_policy,The Categories of Personal Information We Collect,"Advertising information: We collect information about the advertisements on the Netflix service that you view or interact with, device information (such as resettable device identifiers), IP addresses, inferences we make about you or your household based on data we collect from or about you (such as the types of ads you or your household prefer to see), and information provided by Advertising Companies (such as your demographic information, likely interests they have collected or inferred from your interactions and purchases through their own and other websites and apps). We also collect information on Advertiser websites and apps. We use this information to support advertisements (including behavioral advertisements in accordance with your preferences. ""Behavioral Advertisements"" are those that are selected based on information about your use and/or interactions within the Netflix service and/or with unaffiliated third party services).","Advertising information: We collect information about the advertisements on the Netflix service that you view or interact with, device information (such as resettable device identifiers), IP addresses, inferences we make about you or your household based on data we collect from or about you (such as the types of ads you or your household prefer to see), and information provided by Advertising Companies (such as your demographic information, likely interests they have collected or inferred from your interactions and purchases through their own and other websites and apps). We also collect information on Advertiser websites and apps. We use this information to support advertisements (including behavioral advertisements in accordance with your preferences. ""Behavioral Advertisements"" are those that are selected based on information about your use and/or interactions within the Netflix service and/or with unaffiliated third party services).",https://netflix.com,Medium,60,tracking_profiling,behavioral advertisements,R003,explainable_rules,0.65,False,,,,0.0833,train,AI-assisted weak label; requires human review before use as gold data
2805a94fe3da9375,Instagram,privacy_policy,"Friends, followers and other connections",Information about the network you connect your device to,Information about the network you connect your device to,https://instagram.com,Low,20,,,,default_low_unverified,0.25,True,,,,0.0865,train,AI-assisted weak label; requires human review before use as gold data
c138391233040712,Netflix,privacy_policy,Where We Collect Personal Information From,"Service Providers such as vendors, agents, and contractors that collect or provide personal information to Netflix in connection with services they perform on our behalf (“Service Providers”). This may include Service Providers such as those that:","Service Providers such as vendors, agents, and contractors that collect or provide personal information to Netflix in connection with services they perform on our behalf (“Service Providers”). This may include Service Providers such as those that:",https://netflix.com,Low,20,,,,default_low_unverified,0.25,True,,,,0.0631,train,AI-assisted weak label; requires human review before use as gold data
661e224e6151ca41,TikTok,privacy_policy,Contractual Necessity,"If you have the legal capacity to enter into an enforceable contract, we use Information You Provide, Automatically Collected Information, and Information From Other Sources where it is necessary to perform the contract you enter into (our Terms) when you register for, access, or use the Platform. This means we use your information to:","If you have the legal capacity to enter into an enforceable contract, we use Information You Provide, Automatically Collected Information, and Information From Other Sources where it is necessary to perform the contract you enter into (our Terms) when you register for, access, or use the Platform. This means we use your information to:",https://tiktok.com,Low,20,,,,default_low_unverified,0.25,True,,,,0.04,train,AI-assisted weak label; requires human review before use as gold data
bf3a72d871543779,TikTok,terms_of_service,4.6 Your content,You are free to remove your content from the Platform at any time.,You are free to remove your content from the Platform at any time.,https://tiktok.com,Medium,60,account_content_termination,remove your content from the Platform at any time,R010,explainable_rules,0.65,False,,,,0.0606,train,AI-assisted weak label; requires human review before use as gold data
6df3b20719d78e9c,Instagram,privacy_policy,Providing and improving Meta Products,"Connect your Meta Products account, including your public profile information, to an integrated partner to sign in or share your information","Connect your Meta Products account, including your public profile information, to an integrated partner to sign in or share your information",https://instagram.com,Medium,60,tracking_profiling,profile,R003,explainable_rules,0.65,False,,,,0.0733,train,AI-assisted weak label; requires human review before use as gold data
3170db6f6e299557,Pinterest,privacy_policy,"To deliver ads, off Pinterest, that are relevant, interesting and personal to you about Pinterest, we:","Advertise Pinterest products and services to you on other sites. To do this, we disclose information such as cookie IDs, your IP address, and a hashed version of your email address to services we use to market Pinterest to you on sites and apps other than Pinterest, such as Facebook Ads, Google Marketing Platform, and others.","Advertise Pinterest products and services to you on other sites. To do this, we disclose information such as cookie IDs, your IP address, and a hashed version of your email address to services we use to market Pinterest to you on sites and apps other than Pinterest, such as Facebook Ads, Google Marketing Platform, and others.",https://pinterest.com,Low,20,,,,default_low_unverified,0.25,True,,,,0.1108,train,AI-assisted weak label; requires human review before use as gold data
d70ebdab6cd51732,Amazon,terms_of_service,DISPUTES,"Delegation and Severability. You and we each agree that the arbitrator shall have exclusive authority to resolve all disputes relating in any way to the interpretation, applicability, enforceability, or formation of this arbitration agreement, including disputes about whether a particular claim or demand for relief is subject to arbitration and whether this arbitration agreement is unconscionable, illusory, or otherwise unenforceable. If the arbitrator determines that you and we are precluded from arbitrating any claim or demand for relief, then that claim or demand for relief (and only that claim or demand for relief) must be severed from the arbitration. You and we agree that any severed claim or demand for relief, any request for public injunctive relief, and any dispute about whether you or we complied with the pre-arbitration dispute resolution procedure may be brought only in state or federal court in King County, Washington, where you and we consent to personal jurisdiction and venue and waive any right to a jury trial.","Delegation and Severability. You and we each agree that the arbitrator shall have exclusive authority to resolve all disputes relating in any way to the interpretation, applicability, enforceability, or formation of this arbitration agreement, including disputes about whether a particular claim or demand for relief is subject to arbitration and whether this arbitration agreement is unconscionable, illusory, or otherwise unenforceable. If the arbitrator determines that you and we are precluded from arbitrating any claim or demand for relief, then that claim or demand for relief (and only that claim or demand for relief) must be severed from the arbitration. You and we agree that any severed claim or demand for relief, any request for public injunctive relief, and any dispute about whether you or we complied with the pre-arbitration dispute resolution procedure may be brought only in state or federal court in King County, Washington, where you and we consent to personal jurisdiction and venue and waive any right to a jury trial.",https://amazon.com,High,90,liability_dispute,waive any right to a jury trial,R011,explainable_rules,0.75,True,,,,0.0205,train,AI-assisted weak label; requires human review before use as gold data
aa9ea4591bfa6998,TikTok,terms_of_service,5. What we promise to you,"Nothing in these Terms affects any rights you are given by law and that you cannot contractually agree to alter or give up, or are legally always entitled to. For example, because you are a consumer.","Nothing in these Terms affects any rights you are given by law and that you cannot contractually agree to alter or give up, or are legally always entitled to. For example, because you are a consumer.",https://tiktok.com,Low,20,,,,default_low_unverified,0.25,True,,,,0.038,train,AI-assisted weak label; requires human review before use as gold data
cb2470f461079ba7,Instagram,terms_of_service,4. Your Commitments,4.2 How You Can't Use Instagram. Providing a safe and open Service for a broad community requires that we all do our part.,4.2 How You Can't Use Instagram. Providing a safe and open Service for a broad community requires that we all do our part.,https://instagram.com,Low,20,,,,default_low_unverified,0.25,True,,,,0.1228,train,AI-assisted weak label; requires human review before use as gold data
3ac903d07957d117,Netflix,privacy_policy,Where We Collect Personal Information From,"Advertising Companies: We may collect advertising information about you from other sources to support advertisements, including the following (collectively referred to as “Advertising Companies”):","Advertising Companies: We may collect advertising information about you from other sources to support advertisements, including the following (collectively referred to as “Advertising Companies”):",https://netflix.com,Low,20,,,,default_low_unverified,0.25,True,,,,0.0789,train,AI-assisted weak label; requires human review before use as gold data
9ac82289e5d40acb,Discord,terms_of_service,Services “AS IS”,"We work hard to offer great services, but we can’t guarantee any minimum levels of quality of services (which may also depend on factors beyond our control, such as the quality of your internet access and equipment). TO THE FULLEST EXTENT PERMITTED BY LAW, DISCORD, ITS AFFILIATES, AND THEIR RESPECTIVE SUPPLIERS MAKE NO WARRANTIES, EITHER EXPRESS OR IMPLIED, ABOUT THE SERVICES. THE SERVICES ARE PROVIDED “AS IS.” WE ALSO DISCLAIM ANY IMPLIED WARRANTIES OF MERCHANTABILITY, FITNESS FOR A PARTICULAR PURPOSE, QUIET ENJOYMENT, AND NON-INFRINGEMENT, AND ANY WARRANTIES ARISING OUT OF COURSE OF DEALING OR USAGE OF TRADE. THE LAWS OF CERTAIN JURISDICTIONS OR STATES DO NOT ALLOW LIMITATIONS ON IMPLIED WARRANTIES. TO THE EXTENT SUCH WARRANTIES CANNOT BE DISCLAIMED UNDER THE LAWS OF YOUR JURISDICTION, WE LIMIT THE DURATION AND REMEDIES OF SUCH WARRANTIES TO THE FULL EXTENT PERMISSIBLE UNDER THOSE LAWS.","We work hard to offer great services, but we can’t guarantee any minimum levels of quality of services (which may also depend on factors beyond our control, such as the quality of your internet access and equipment). TO THE FULLEST EXTENT PERMITTED BY LAW, DISCORD, ITS AFFILIATES, AND THEIR RESPECTIVE SUPPLIERS MAKE NO WARRANTIES, EITHER EXPRESS OR IMPLIED, ABOUT THE SERVICES. THE SERVICES ARE PROVIDED “AS IS.” WE ALSO DISCLAIM ANY IMPLIED WARRANTIES OF MERCHANTABILITY, FITNESS FOR A PARTICULAR PURPOSE, QUIET ENJOYMENT, AND NON-INFRINGEMENT, AND ANY WARRANTIES ARISING OUT OF COURSE OF DEALING OR USAGE OF TRADE. THE LAWS OF CERTAIN JURISDICTIONS OR STATES DO NOT ALLOW LIMITATIONS ON IMPLIED WARRANTIES. TO THE EXTENT SUCH WARRANTIES CANNOT BE DISCLAIMED UNDER THE LAWS OF YOUR JURISDICTION, WE LIMIT THE DURATION AND REMEDIES OF SUCH WARRANTIES TO THE FULL EXTENT PERMISSIBLE UNDER THOSE LAWS.",https://discord.com,Medium,60,liability_dispute,DISCLAIM,R012,explainable_rules,0.65,False,,,,0.0801,train,AI-assisted weak label; requires human review before use as gold data
ce070283b6a10734,X (Twitter),privacy_policy,1. Information We Collect,"Your interactions with other users’ content, such as reposts, likes, bookmarks, shares, downloads, replies, if other users mention or tag you in content or if you mention or tag them, and broadcasts you’ve participated in (including your viewing history, listening, commenting, speaking, and reacting).","Your interactions with other users’ content, such as reposts, likes, bookmarks, shares, downloads, replies, if other users mention or tag you in content or if you mention or tag them, and broadcasts you’ve participated in (including your viewing history, listening, commenting, speaking, and reacting).",https://twitter.com,Low,20,,,,default_low_unverified,0.25,True,,,,0.0391,train,AI-assisted weak label; requires human review before use as gold data
d170d71a7d116644,PayPal,terms_of_service,Closing Your PayPal Account,"This user agreement terminates immediately, except that this user agreement survives termination to the extent and for so long as we require to deal with the closure of your account and to comply with applicable laws and regulations.","This user agreement terminates immediately, except that this user agreement survives termination to the extent and for so long as we require to deal with the closure of your account and to comply with applicable laws and regulations.",https://paypal.com,Low,20,,,,default_low_unverified,0.25,True,,,,0.0305,train,AI-assisted weak label; requires human review before use as gold data
5bc688d17a23075e,PayPal,privacy_policy,How We Use Personal Information,"AI and Automated Decision Making. We may use Personal Information to train our artificial intelligence (AI) models that power our Services and help us deliver more secure, efficient, and personalized services. PayPal also uses Automated Decision Making to provide our products and Services, conduct risk analysis, fraud prevention and risk management to protect our customers and business, including to prevent fraud against our Partners and Merchants and strategic ventures. Please see AI and Automated Decision Making to learn more.","AI and Automated Decision Making. We may use Personal Information to train our artificial intelligence (AI) models that power our Services and help us deliver more secure, efficient, and personalized services. PayPal also uses Automated Decision Making to provide our products and Services, conduct risk analysis, fraud prevention and risk management to protect our customers and business, including to prevent fraud against our Partners and Merchants and strategic ventures. Please see AI and Automated Decision Making to learn more.",https://paypal.com,High,85,ai_training_human_review,Personal Information to train our artificial intelligence,R009,explainable_rules,0.75,True,,,,0.2292,train,AI-assisted weak label; requires human review before use as gold data
0af9c1d2e757208e,X (Twitter),privacy_policy,1. Information We Collect,"Cookies and similar technologies. Like many websites, we use cookies and similar technologies to collect additional website usage data and to operate our services. Cookies are not required for many parts of our products and services such as searching and looking at public proﬁles. You can learn more about how we use cookies and similar technologies here.","Cookies and similar technologies. Like many websites, we use cookies and similar technologies to collect additional website usage data and to operate our services. Cookies are not required for many parts of our products and services such as searching and looking at public profiles. You can learn more about how we use cookies and similar technologies here.",https://twitter.com,Medium,60,tracking_profiling,profiles,R003,explainable_rules,0.65,False,,,,0.1188,train,AI-assisted weak label; requires human review before use as gold data
91b5d498e805cc14,YouTube,privacy_policy,Your location information,"Information about things near your device, such as Wi-Fi access points, cell towers, and Bluetooth-enabled devices","Information about things near your device, such as Wi-Fi access points, cell towers, and Bluetooth-enabled devices",https://youtube.com,Low,20,,,,default_low_unverified,0.25,True,,,,0.0271,train,AI-assisted weak label; requires human review before use as gold data
6f2638feef18f644,Amazon,privacy_policy,Information You Give Us When You Use Amazon Services,provide information in Your Account (and you might have more than one if you have used more than one email address or mobile number when shopping with us) or Your Profile;,provide information in Your Account (and you might have more than one if you have used more than one email address or mobile number when shopping with us) or Your Profile;,https://amazon.com,High,90,tracking_profiling,address or mobile number when shopping with us) or Your Profile || Profile,R019|R003,explainable_rules,0.75,True,,,,0.0669,train,AI-assisted weak label; requires human review before use as gold data
865c6b6d4a197d0b,Pinterest,privacy_policy,1. When you give it to us or give us permission to obtain it,"Account Information: When you join our Services, we collect information like your name, email address, birthday, gender, country of residence, your interests, and preferred language. If you have a business account, depending on where you live, you may also have the option to add race and ethnicity information to your profile.","Account Information: When you join our Services, we collect information like your name, email address, birthday, gender, country of residence, your interests, and preferred language. If you have a business account, depending on where you live, you may also have the option to add race and ethnicity information to your profile.",https://pinterest.com,High,90,tracking_profiling,add race and ethnicity information to your profile || profile,R019|R003,explainable_rules,0.75,True,,,,0.0587,train,AI-assisted weak label; requires human review before use as gold data
76024ca67cb3d0c0,PayPal,privacy_policy,How We Use Personal Information,"Provide our Services. We may use Personal Information to help you send, receive or request money, initiate a payment, add monetary value to an account, pay a bill, administer your purchases, display shipping options and associated costs when you check out, show you your profile, account and payment information, send and receive transactions and prove that they have been executed, to assess your creditworthiness in connection with our Services, confirm your identity (also through the use of electronic signature) and your contact information, to authenticate your access to your account or profile and to confirm your account or profile and financial information are accurate and up to date.","Provide our Services. We may use Personal Information to help you send, receive or request money, initiate a payment, add monetary value to an account, pay a bill, administer your purchases, display shipping options and associated costs when you check out, show you your profile, account and payment information, send and receive transactions and prove that they have been executed, to assess your creditworthiness in connection with our Services, confirm your identity (also through the use of electronic signature) and your contact information, to authenticate your access to your account or profile and to confirm your account or profile and financial information are accurate and up to date.",https://paypal.com,Medium,60,tracking_profiling,profile,R003,explainable_rules,0.65,False,,,,0.0314,train,AI-assisted weak label; requires human review before use as gold data
400ecc4991dda08d,Amazon,terms_of_service,NOTICE AND PROCEDURE FOR MAKING CLAIMS OF INTELLECTUAL PROPERTY INFRINGEMENT,A description of where the material that you claim is infringing is located on the site;,A description of where the material that you claim is infringing is located on the site;,https://amazon.com,Low,20,,,,default_low_unverified,0.25,True,,,,0.0,train,AI-assisted weak label; requires human review before use as gold data
2af199eb53a8693d,Amazon,privacy_policy,Information You Can Access,"Your Profile (including your product Reviews, Recommendations, Reminders and personal profile);","Your Profile (including your product Reviews, Recommendations, Reminders and personal profile);",https://amazon.com,Medium,60,tracking_profiling,Profile,R003,explainable_rules,0.65,False,,,,0.0688,train,AI-assisted weak label; requires human review before use as gold data
fb2508c58eb6ec6e,Netflix,privacy_policy,How We Use Your Personal Information,We use your personal information to present you with advertisements. Some of our advertisements may be Behavioral Advertisements. Please see the section “Advertising Choices” below to learn about your choices.,We use your personal information to present you with advertisements. Some of our advertisements may be Behavioral Advertisements. Please see the section “Advertising Choices” below to learn about your choices.,https://netflix.com,Medium,60,tracking_profiling,Behavioral Advertisements,R003,explainable_rules,0.65,False,,,,0.1069,train,AI-assisted weak label; requires human review before use as gold data
e5636af6a29c2c55,Netflix,terms_of_service,1.8. Usage Rights and Restrictions,"(ix) engage in any of the foregoing in connection with the use, creation, development, modification, prompting, fine-tuning, training, testing, benchmarking or validation of any machine learning tool, model, system, algorithm, product or other technology.","(ix) engage in any of the foregoing in connection with the use, creation, development, modification, prompting, fine-tuning, training, testing, benchmarking or validation of any machine learning tool, model, system, algorithm, product or other technology.",https://netflix.com,High,85,ai_training_human_review,"prompting, fine-tuning, training, testing, benchmarking or validation of any machine learning",R009,explainable_rules,0.75,True,,,,0.0081,train,AI-assisted weak label; requires human review before use as gold data
c9cf499c022e041f,Instagram,terms_of_service,2. How Our Service Is Funded,We show you relevant and useful ads without telling advertisers who you are. We don’t sell your personal data. We allow advertisers to tell us things like their business goal and the kind of audience they want to see their ads. We then show their ad to people who might be interested.,We show you relevant and useful ads without telling advertisers who you are. We don’t sell your personal data. We allow advertisers to tell us things like their business goal and the kind of audience they want to see their ads. We then show their ad to people who might be interested.,https://instagram.com,High,90,third_party_sharing,sell your personal data,R002,explainable_rules,0.75,True,,,,0.1955,train,AI-assisted weak label; requires human review before use as gold data
043cab68461536d7,PayPal,terms_of_service,Withdrawing money,"If you have a business account, this transactions exchange rate will not apply. Instead, you will pay a currency conversion fee applied on an external base exchange rate as described on the Fees Page (see also the ""How We Convert Currency"" section).","If you have a business account, this transactions exchange rate will not apply. Instead, you will pay a currency conversion fee applied on an external base exchange rate as described on the Fees Page (see also the ""How We Convert Currency"" section).",https://paypal.com,Low,20,,,,default_low_unverified,0.25,True,,,,0.0526,train,AI-assisted weak label; requires human review before use as gold data
32b8321fa9271f55,YouTube,terms_of_service,Effect of Account Suspension or Termination,"If your Google account is terminated or your access to the Service is restricted, you may continue using certain aspects of the Service (such as viewing only) without an account, and this Agreement will continue to apply to such use. If you believe the termination or suspension has been made in error, you can appeal using this form.","If your Google account is terminated or your access to the Service is restricted, you may continue using certain aspects of the Service (such as viewing only) without an account, and this Agreement will continue to apply to such use. If you believe the termination or suspension has been made in error, you can appeal using this form.",https://youtube.com,Low,20,,,,default_low_unverified,0.25,True,,,,0.0536,train,AI-assisted weak label; requires human review before use as gold data
bdc2d30099ecd87f,Amazon,terms_of_service,YOUR ACCOUNT,"You must be at least 21 years of age to purchase alcohol, or use any site functionality related to alcohol. Amazon reserves the right to refuse service, terminate accounts, terminate your rights to use Amazon Services, remove or edit content, or cancel orders in its sole discretion.","You must be at least 21 years of age to purchase alcohol, or use any site functionality related to alcohol. Amazon reserves the right to refuse service, terminate accounts, terminate your rights to use Amazon Services, remove or edit content, or cancel orders in its sole discretion.",https://amazon.com,Medium,60,account_content_termination,"terminate your rights to use Amazon Services, remove or edit content, or cancel orders in its sole discretion",R010,explainable_rules,0.65,False,,,,0.0328,train,AI-assisted weak label; requires human review before use as gold data
4ca9bcbce4b6b63f,Google,privacy_policy,Communicate with you,"We use information that we collect, such as your email address, to interact with you directly. For example, we may send you a notification if we detect suspicious activity, such as an attempt to sign in to your Google Account from an unusual location. Or we may let you know about upcoming changes or improvements to our services. And if you contact Google, we’ll keep a record of your request in order to help solve any issues you might be facing.","We use information that we collect, such as your email address, to interact with you directly. For example, we may send you a notification if we detect suspicious activity, such as an attempt to sign in to your Google Account from an unusual location. Or we may let you know about upcoming changes or improvements to our services. And if you contact Google, we’ll keep a record of your request in order to help solve any issues you might be facing.",https://google.com,Low,20,,,,default_low_unverified,0.25,True,,,,0.0606,train,AI-assisted weak label; requires human review before use as gold data
f7c39fd52943ceaa,Google,privacy_policy,Legal bases of processing,"For example, using contact info (like names and email addresses) of people that you interact with in Google products to make it easier to find who you’re looking for when you want to share and communicate with these people in other Google services like Gmail, Photos and Assistant.<br> With your consent, such as when you choose to share your location with Google Location Sharing. | | To maintain and improve Google services, products and features<br><br>To maintain the service so that it works as intended, such as debugging the service, tracking issues or troubleshooting issues.<br><br>Examples of processing activities:<br><br> We continuously monitor our systems to look for problems.","For example, using contact info (like names and email addresses) of people that you interact with in Google products to make it easier to find who you’re looking for when you want to share and communicate with these people in other Google services like Gmail, Photos and Assistant.<br> With your consent, such as when you choose to share your location with Google Location Sharing. | | To maintain and improve Google services, products and features<br><br>To maintain the service so that it works as intended, such as debugging the service, tracking issues or troubleshooting issues.<br><br>Examples of processing activities:<br><br> We continuously monitor our systems to look for problems.",https://google.com,Medium,60,tracking_profiling,tracking,R003,explainable_rules,0.65,False,,,,0.1327,train,AI-assisted weak label; requires human review before use as gold data
39e7196e3435fc82,PayPal,terms_of_service,Fees,We may make a charge for any additional services we provide outside this user agreement. We will tell you of those charges when you ask for the service.,We may make a charge for any additional services we provide outside this user agreement. We will tell you of those charges when you ask for the service.,https://paypal.com,Low,20,,,,default_low_unverified,0.25,True,,,,0.0403,train,AI-assisted weak label; requires human review before use as gold data
830ccd445d62453b,X (Twitter),privacy_policy,4. How Long We Keep Information,"We keep your profile information, such as your display name, user name, password and email address for the duration of your account. We cannot provide you with our products and services without retaining this information.","We keep your profile information, such as your display name, user name, password and email address for the duration of your account. We cannot provide you with our products and services without retaining this information.",https://twitter.com,Medium,60,tracking_profiling,profile,R003,explainable_rules,0.65,False,,,,0.0981,train,AI-assisted weak label; requires human review before use as gold data
90d48bbdb2348e29,Pinterest,terms_of_service,b. Assignment,"In case of such an assignment by us, you are entitled to terminate the agreement with immediate effect by deactivating your account. We will provide you with reasonable notice of any such assignment.","In case of such an assignment by us, you are entitled to terminate the agreement with immediate effect by deactivating your account. We will provide you with reasonable notice of any such assignment.",https://pinterest.com,Low,20,,,,default_low_unverified,0.25,True,,,,0.0478,train,AI-assisted weak label; requires human review before use as gold data
9c363dcb4a874aed,Google,privacy_policy,Specific Google services,Family Link privacy guide for children and teens,Family Link privacy guide for children and teens,https://google.com,Low,20,,,,default_low_unverified,0.25,True,,,,0.0369,train,AI-assisted weak label; requires human review before use as gold data
9a7b652c4d32ff74,Pinterest,terms_of_service,9. Disclaimers,"Pinterest takes no responsibility and assumes no liability for any User Content that you or any other person or third party posts or sends using the Service. You understand and agree that you may be exposed to User Content that's inaccurate, objectionable, inappropriate for children, or otherwise unsuited to your purpose.","Pinterest takes no responsibility and assumes no liability for any User Content that you or any other person or third party posts or sends using the Service. You understand and agree that you may be exposed to User Content that's inaccurate, objectionable, inappropriate for children, or otherwise unsuited to your purpose.",https://pinterest.com,Medium,60,liability_dispute,no liability,R012,explainable_rules,0.65,False,,,,0.168,train,AI-assisted weak label; requires human review before use as gold data
2128f54572993a51,PayPal,terms_of_service,Withdrawing money,Fees apply to withdrawals. We will also disclose to you the fees in advance each time you initiate such a withdrawal.,Fees apply to withdrawals. We will also disclose to you the fees in advance each time you initiate such a withdrawal.,https://paypal.com,Low,20,,,,default_low_unverified,0.25,True,,,,0.0627,train,AI-assisted weak label; requires human review before use as gold data
3ee2f7be8373f298,PayPal,privacy_policy,“Sale” and “Sharing” of Personal Information,"PayPal does not “sell” Personal Information or “share” Personal Information for cross-context behavioral or targeted advertising that is subject to non-exempt practices under comprehensive privacy laws in the United States, including for children under the age of 16, and has not done so in the prior 12 months. Some Personal Information collected, processed, or disclosed by a financial institution are subject to federal laws, such as the Gramm-Leach-Bliley Act. Please see Notice for Consumers of Financial Products and Services below for more information about your rights under United States federal law.","PayPal does not “sell” Personal Information or “share” Personal Information for cross-context behavioral or targeted advertising that is subject to non-exempt practices under comprehensive privacy laws in the United States, including for children under the age of 16, and has not done so in the prior 12 months. Some Personal Information collected, processed, or disclosed by a financial institution are subject to federal laws, such as the Gramm-Leach-Bliley Act. Please see Notice for Consumers of Financial Products and Services below for more information about your rights under United States federal law.",https://paypal.com,High,70,personal_data_collection|third_party_sharing|tracking_profiling,"collected, processed, or disclosed by a financial || sell” Personal Information or “share” Personal Information || targeted advertising",R013|R002|R003,explainable_rules,0.75,True,,,,0.1116,train,AI-assisted weak label; requires human review before use as gold data
e3ccff35cf1e1e37,Netflix,privacy_policy,How We Use Your Personal Information,"For safety, security, and fraud prevention including to secure our systems, protect our business, and to investigate, prevent, and detect prohibited or illegal activities and other security/technical issues. We use the following categories of personal information for this purpose: personal details, payment details, Netflix account/profile information, usage information, advertising information, device and network information, and communications.","For safety, security, and fraud prevention including to secure our systems, protect our business, and to investigate, prevent, and detect prohibited or illegal activities and other security/technical issues. We use the following categories of personal information for this purpose: personal details, payment details, Netflix account/profile information, usage information, advertising information, device and network information, and communications.",https://netflix.com,Medium,60,tracking_profiling,profile,R003,explainable_rules,0.65,False,,,,0.0908,train,AI-assisted weak label; requires human review before use as gold data
caeded31ceb10676,PayPal,privacy_policy,Our Contact Information,Visit your Fastlane profile management portal.,Visit your Fastlane profile management portal.,https://paypal.com,Medium,60,tracking_profiling,profile,R003,explainable_rules,0.65,False,,,,0.0575,train,AI-assisted weak label; requires human review before use as gold data
99c8201f84b7c2a9,PayPal,privacy_policy,Choose how we communicate with you,"You won’t be able to opt-out of messages that are considered necessary for the Services, such as digital receipts and emails that alert you to changes in your account(s) or Fastlane profile's status. You may be able to decide how we send those messages, such as by email, phone, text message, or a notification on your mobile device.","You won’t be able to opt-out of messages that are considered necessary for the Services, such as digital receipts and emails that alert you to changes in your account(s) or Fastlane profile's status. You may be able to decide how we send those messages, such as by email, phone, text message, or a notification on your mobile device.",https://paypal.com,Medium,60,tracking_profiling,profile,R003,explainable_rules,0.65,False,,,,0.0415,train,AI-assisted weak label; requires human review before use as gold data
69d9068f4c43f761,Google,privacy_policy,Other useful resources,Privacy & Terms provides more context regarding this Privacy Policy and our Terms of Service,Privacy & Terms provides more context regarding this Privacy Policy and our Terms of Service,https://google.com,Low,20,,,,default_low_unverified,0.25,True,,,,0.1714,train,AI-assisted weak label; requires human review before use as gold data
5598035e1373d244,Discord,terms_of_service,Settling disputes between you and Discord,"‍IF YOU’RE A U.S. OR CANADIAN RESIDENT YOU ALSO AGREE TO THE FOLLOWING “AGREEMENT TO ARBITRATE” WHICH CONTAINS MANDATORY ARBITRATION PROVISIONS. PLEASE READ THIS SECTION CAREFULLY – IT MAY SIGNIFICANTLY AFFECT YOUR LEGAL RIGHTS, INCLUDING YOUR RIGHT TO FILE A LAWSUIT IN COURT:","‍IF YOU’RE A U.S. OR CANADIAN RESIDENT YOU ALSO AGREE TO THE FOLLOWING “AGREEMENT TO ARBITRATE” WHICH CONTAINS MANDATORY ARBITRATION PROVISIONS. PLEASE READ THIS SECTION CAREFULLY – IT MAY SIGNIFICANTLY AFFECT YOUR LEGAL RIGHTS, INCLUDING YOUR RIGHT TO FILE A LAWSUIT IN COURT:",https://discord.com,High,90,liability_dispute,MANDATORY ARBITRATION,R011,explainable_rules,0.75,True,,,,0.027,train,AI-assisted weak label; requires human review before use as gold data
6315eb1c0e23186d,Netflix,terms_of_service,2.3. Updating your Payment Methods,"2.3. Updating your Payment Methods. You can update your Payment Methods through the ""Account"" page. We may also update your Payment Methods using information provided by the payment service providers. Following any update, you authorize us to continue to charge the applicable Payment Method(s).","2.3. Updating your Payment Methods. You can update your Payment Methods through the ""Account"" page. We may also update your Payment Methods using information provided by the payment service providers. Following any update, you authorize us to continue to charge the applicable Payment Method(s).",https://netflix.com,Low,20,,,,default_low_unverified,0.25,True,,,,0.104,train,AI-assisted weak label; requires human review before use as gold data
b07d21d6595b0051,Discord,terms_of_service,Settling disputes between you and Discord,"Time for Initiating a Claim. No action, regardless of form, arising out of or relating to a Dispute may be brought by either Party more than one (1) year after the cause of action has accrued.","Time for Initiating a Claim. No action, regardless of form, arising out of or relating to a Dispute may be brought by either Party more than one (1) year after the cause of action has accrued.",https://discord.com,Low,20,,,,default_low_unverified,0.25,True,,,,0.0905,train,AI-assisted weak label; requires human review before use as gold data
22e6124d0c58b8b1,Netflix,privacy_policy,Who We Disclose Personal Information To,"Promotional collaborations: We may collaborate with third parties for Offers. To fulfill these types of Offers, we and the third parties may use your personal information for the following purposes: to enable Partner integrations and promotions; and to send marketing and informational messages.","Promotional collaborations: We may collaborate with third parties for Offers. To fulfill these types of Offers, we and the third parties may use your personal information for the following purposes: to enable Partner integrations and promotions; and to send marketing and informational messages.",https://netflix.com,Medium,60,third_party_sharing,third parties may use your personal information,R001,explainable_rules,0.65,False,,,,0.1463,train,AI-assisted weak label; requires human review before use as gold data
c0b5b24dc305f431,PayPal,privacy_policy,Your rights,"If you reside in the United States, Call or contact us and request that we provide you with the data we’ve disclosed. For other countries, you may also submit a request through the Help Center.","If you reside in the United States, Call or contact us and request that we provide you with the data we’ve disclosed. For other countries, you may also submit a request through the Help Center.",https://paypal.com,Low,20,,,,default_low_unverified,0.25,True,,,,0.0589,train,AI-assisted weak label; requires human review before use as gold data
d2b270b205149c53,Discord,privacy_policy,A little bit about Discord,"We don’t make money from selling your personal information to third parties. Our business is funded through subscriptions, paid products, and sponsored content (like Quests and other sponsored formats).","We don’t make money from selling your personal information to third parties. Our business is funded through subscriptions, paid products, and sponsored content (like Quests and other sponsored formats).",https://discord.com,High,90,third_party_sharing,selling your personal information || selling your personal information to third parties,R002|R001,explainable_rules,0.75,True,,,,0.0626,train,AI-assisted weak label; requires human review before use as gold data
af9d7dedb227050c,PayPal,privacy_policy,ARCO Rights,"If you want to exercise any of your rights relating to your Personal Information in your Fastlane profile, contact us at the number provided in the Our Contact Information section or submit your request from your Fastlane profile management portal. In the event that you need to modify your personal data—such as your email address or phone number—you may do so by exercising your ARCO rights (Access, Rectification, Cancellation, and Opposition). However, due to operational or technical constraints inherent to certain services, it may be necessary to create a new account or user profile in order to implement such changes. In such cases, you will be duly informed, and any newly created account will remain subject to this privacy statement.","If you want to exercise any of your rights relating to your Personal Information in your Fastlane profile, contact us at the number provided in the Our Contact Information section or submit your request from your Fastlane profile management portal. In the event that you need to modify your personal data—such as your email address or phone number—you may do so by exercising your ARCO rights (Access, Rectification, Cancellation, and Opposition). However, due to operational or technical constraints inherent to certain services, it may be necessary to create a new account or user profile in order to implement such changes. In such cases, you will be duly informed, and any newly created account will remain subject to this privacy statement.",https://paypal.com,Medium,60,tracking_profiling,profile,R003,explainable_rules,0.65,False,,,,0.0801,train,AI-assisted weak label; requires human review before use as gold data
ae72ce17c0375d08,Instagram,privacy_policy,Providing and improving Meta Products,Create and maintain your account and profile,Create and maintain your account and profile,https://instagram.com,Medium,60,tracking_profiling,profile,R003,explainable_rules,0.65,False,,,,0.175,train,AI-assisted weak label; requires human review before use as gold data
41483282fb06948d,Google,terms_of_service,What’s not covered,"publicly available, factual information that you provide, such as corrections to the address of a local business. That information doesn’t require a licence because it’s considered common knowledge that everyone’s free to use.","publicly available, factual information that you provide, such as corrections to the address of a local business. That information doesn’t require a licence because it’s considered common knowledge that everyone’s free to use.",https://google.com,Low,20,,,,default_low_unverified,0.25,True,,,,0.0314,train,AI-assisted weak label; requires human review before use as gold data
faad2bedb255c37c,Google,terms_of_service,Follow these terms and service-specific additional terms,The permission that we give you to access and use our services continues as long as you comply with:,The permission that we give you to access and use our services continues as long as you comply with:,https://google.com,Low,20,,,,default_low_unverified,0.25,True,,,,0.0738,train,AI-assisted weak label; requires human review before use as gold data
7865f845aad631a7,X (Twitter),terms_of_service,Summary of our Terms,"Your use of the Services is at your own risk: We provide the Services on an “AS IS” and “AS AVAILABLE” basis, and we disclaim all warranties, responsibility, and liability to you or others to the extent permitted by law. You may be exposed to offensive or harmful Content posted by other users. The Services may change from time to time, and we may limit or terminate availability of the Services or particular features to you or other users at any time.","Your use of the Services is at your own risk: We provide the Services on an “AS IS” and “AS AVAILABLE” basis, and we disclaim all warranties, responsibility, and liability to you or others to the extent permitted by law. You may be exposed to offensive or harmful Content posted by other users. The Services may change from time to time, and we may limit or terminate availability of the Services or particular features to you or other users at any time.",https://twitter.com,Medium,60,liability_dispute,disclaim,R012,explainable_rules,0.65,False,,,,0.0528,train,AI-assisted weak label; requires human review before use as gold data
e9171262b7151f70,PayPal,privacy_policy,Do Not Track,"Some web browsers have an optional setting called “Do Not Track” (“DNT”) that lets you opt-out of being tracked by advertisers and some third parties. Because many of our services won’t function without tracking data, we do not respond to DNT settings.","Some web browsers have an optional setting called “Do Not Track” (“DNT”) that lets you opt-out of being tracked by advertisers and some third parties. Because many of our services won’t function without tracking data, we do not respond to DNT settings.",https://paypal.com,Low,25,tracking_profiling,Track || opt-out of being tracked,R003|R015,explainable_rules,0.65,False,,,,0.191,train,AI-assisted weak label; requires human review before use as gold data
399fd3b189fcc9b1,TikTok,privacy_policy,Others,"comply with applicable law, legal process or government requests, as consistent with internationally recognised standards,","comply with applicable law, legal process or government requests, as consistent with internationally recognised standards,",https://tiktok.com,Low,20,,,,default_low_unverified,0.25,True,,,,0.0,train,AI-assisted weak label; requires human review before use as gold data
a135833d1546a4aa,Google,terms_of_service,Don't abuse our services,providing services that encourage others to violate these terms,providing services that encourage others to violate these terms,https://google.com,Low,20,,,,default_low_unverified,0.25,True,,,,0.0918,train,AI-assisted weak label; requires human review before use as gold data
75ea51461b4e2af6,YouTube,terms_of_service,Limitation of Liability,"ERRORS, MISTAKES, OR INACCURACIES ON THE SERVICE; PERSONAL INJURY OR PROPERTY DAMAGE RESULTING FROM YOUR USE OF THE SERVICE; ANY UNAUTHORIZED ACCESS TO OR USE OF THE SERVICE; ANY INTERRUPTION OR CESSATION OF THE SERVICE; ANY VIRUSES OR MALICIOUS CODE TRANSMITTED TO OR THROUGH THE SERVICE BY ANY THIRD PARTY; ANY CONTENT WHETHER SUBMITTED BY A USER OR YOUTUBE, INCLUDING YOUR USE OF CONTENT; AND/OR THE REMOVAL OR UNAVAILABILITY OF ANY CONTENT.","ERRORS, MISTAKES, OR INACCURACIES ON THE SERVICE; PERSONAL INJURY OR PROPERTY DAMAGE RESULTING FROM YOUR USE OF THE SERVICE; ANY UNAUTHORIZED ACCESS TO OR USE OF THE SERVICE; ANY INTERRUPTION OR CESSATION OF THE SERVICE; ANY VIRUSES OR MALICIOUS CODE TRANSMITTED TO OR THROUGH THE SERVICE BY ANY THIRD PARTY; ANY CONTENT WHETHER SUBMITTED BY A USER OR YOUTUBE, INCLUDING YOUR USE OF CONTENT; AND/OR THE REMOVAL OR UNAVAILABILITY OF ANY CONTENT.",https://youtube.com,Low,20,,,,default_low_unverified,0.25,True,,,,0.1042,train,AI-assisted weak label; requires human review before use as gold data
b8f535fb5094c93e,YouTube,privacy_policy,Other useful resources,"Google’s safety center helps you learn more about our built-in security, privacy controls, and tools to help set digital ground rules for your family online","Google’s safety center helps you learn more about our built-in security, privacy controls, and tools to help set digital ground rules for your family online",https://youtube.com,Low,20,,,,default_low_unverified,0.25,True,,,,0.0575,train,AI-assisted weak label; requires human review before use as gold data
c1807c5495157254,Amazon,terms_of_service,"SITE POLICIES, MODIFICATION, AND SEVERABILITY","Please review our other policies, such as our pricing policy, posted on this site. These policies also govern your use of Amazon Services. We reserve the right to make changes to our site, policies, Service Terms, and these Conditions of Use at any time. By using Amazon Services after such changes, you agree to be bound by them. If any of these conditions shall be deemed invalid, void, or for any reason unenforceable, that condition shall be deemed severable and shall not affect the validity and enforceability of any remaining condition.","Please review our other policies, such as our pricing policy, posted on this site. These policies also govern your use of Amazon Services. We reserve the right to make changes to our site, policies, Service Terms, and these Conditions of Use at any time. By using Amazon Services after such changes, you agree to be bound by them. If any of these conditions shall be deemed invalid, void, or for any reason unenforceable, that condition shall be deemed severable and shall not affect the validity and enforceability of any remaining condition.",https://amazon.com,Medium,60,policy_terms_change,"changes to our site, policies, Service Terms, and these Conditions of Use at any time",R005,explainable_rules,0.65,False,,,,0.0424,train,AI-assisted weak label; requires human review before use as gold data
0f8c23b42b89fb83,Amazon,privacy_policy,What Information Can I Access in My Account?,"You can access your information, including your name, address, payment options, profile information, Prime membership, household settings, and purchase history in the ""Your Account"" section of the website.","You can access your information, including your name, address, payment options, profile information, Prime membership, household settings, and purchase history in the ""Your Account"" section of the website.",https://amazon.com,High,90,tracking_profiling,"address, payment options, profile || profile",R019|R003,explainable_rules,0.75,True,,,,0.0273,train,AI-assisted weak label; requires human review before use as gold data
4d99f350d2026499,Pinterest,privacy_policy,How we use the info we collect,Respond to your questions or comments.,Respond to your questions or comments.,https://pinterest.com,Low,20,,,,default_low_unverified,0.25,True,,,,0.0,train,AI-assisted weak label; requires human review before use as gold data
2d0dbf3b39aae525,Google,terms_of_service,Effects of withdrawal,"If you withdraw from this contract, we shall reimburse to you all payments received from you, including the costs of delivery (with the exception of the supplementary costs resulting from your choice of a type of delivery other than the least expensive type of standard delivery offered by us), without undue delay and in any event not later than 14 days from the day on which we are informed about your decision to withdraw from this contract. We will carry out such reimbursement using the same means of payment as you used for the initial transaction, unless you have expressly agreed otherwise; in any event, you will not incur any fees as a result of such reimbursement.","If you withdraw from this contract, we shall reimburse to you all payments received from you, including the costs of delivery (with the exception of the supplementary costs resulting from your choice of a type of delivery other than the least expensive type of standard delivery offered by us), without undue delay and in any event not later than 14 days from the day on which we are informed about your decision to withdraw from this contract. We will carry out such reimbursement using the same means of payment as you used for the initial transaction, unless you have expressly agreed otherwise; in any event, you will not incur any fees as a result of such reimbursement.",https://google.com,Low,20,,,,default_low_unverified,0.25,True,,,,0.0324,train,AI-assisted weak label; requires human review before use as gold data
d1b9a3f9292dfc24,Google,privacy_policy,"Exporting, removing & deleting your information",You can export a copy of content in your Google Account if you want to back it up or use it with a service outside of Google.,You can export a copy of content in your Google Account if you want to back it up or use it with a service outside of Google.,https://google.com,Low,20,,,,default_low_unverified,0.25,True,,,,0.1154,train,AI-assisted weak label; requires human review before use as gold data
1556fc5b66cf0b58,X (Twitter),privacy_policy,3. Sharing Information,"We may share, sell, or transfer information about you in connection with a merger, acquisition, reorganization, sale of assets, or bankruptcy. This Privacy Policy will apply to your personal information that is shared with (before and after the close of any transaction) or transferred to the new entity.","We may share, sell, or transfer information about you in connection with a merger, acquisition, reorganization, sale of assets, or bankruptcy. This Privacy Policy will apply to your personal information that is shared with (before and after the close of any transaction) or transferred to the new entity.",https://twitter.com,Low,20,,,,default_low_unverified,0.25,True,,,,0.128,train,AI-assisted weak label; requires human review before use as gold data
35709d9f8e13f35e,Netflix,privacy_policy,Your Privacy Rights,"For information about deletion, removal, and retention of personal information, please see: help.netflix.com/node/100625.","For information about deletion, removal, and retention of personal information, please see: help.netflix.com/node/100625.",https://netflix.com,Low,20,,,,default_low_unverified,0.25,True,,,,0.1032,train,AI-assisted weak label; requires human review before use as gold data
cef3971ec2d71b09,Google,privacy_policy,We build security into our services to protect your information,"We work hard to protect you and Google from unauthorised access, alteration, disclosure or destruction of information we hold, including:","We work hard to protect you and Google from unauthorised access, alteration, disclosure or destruction of information we hold, including:",https://google.com,Low,20,,,,default_low_unverified,0.25,True,,,,0.0236,train,AI-assisted weak label; requires human review before use as gold data
5a6bda7b16dc4898,Instagram,privacy_policy,Anonymizing your information,"In some cases, we anonymize information we have associated with you, such as your activity on and off our Products, and use the resulting information, for example, to provide and improve our Meta Products, including ads.","In some cases, we anonymize information we have associated with you, such as your activity on and off our Products, and use the resulting information, for example, to provide and improve our Meta Products, including ads.",https://instagram.com,Low,20,,,,default_low_unverified,0.25,True,,,,0.0506,train,AI-assisted weak label; requires human review before use as gold data
39d7adfcebb5cae8,YouTube,privacy_policy,Other useful resources,Google’s Teen Privacy Guide provides answers to some of the top questions we get asked about privacy,Google’s Teen Privacy Guide provides answers to some of the top questions we get asked about privacy,https://youtube.com,Low,20,,,,default_low_unverified,0.25,True,,,,0.0552,train,AI-assisted weak label; requires human review before use as gold data
7e2cc0fe96170106,Amazon,terms_of_service,"REVIEWS, COMMENTS, COMMUNICATIONS, AND OTHER CONTENT","If you do post content or submit material, and unless we indicate otherwise, you grant Amazon a nonexclusive, royalty-free, perpetual, irrevocable, and fully sublicensable right to use, reproduce, modify, adapt, publish, perform, translate, create derivative works from, distribute, and display such content throughout the world in any media. You grant Amazon and sublicensees the right to use the name that you submit in connection with such content, if they choose. You represent and warrant that you own or otherwise control all of the rights to the content that you post; that the content is accurate; that use of the content you supply does not violate this policy and will not cause injury to any person or entity; and that you will indemnify Amazon for all claims resulting from content you supply. Amazon has the right but not the obligation to monitor and edit or remove any activity or content. Amazon takes no responsibility and assumes no liability for any content posted by you or any third party.","If you do post content or submit material, and unless we indicate otherwise, you grant Amazon a nonexclusive, royalty-free, perpetual, irrevocable, and fully sublicensable right to use, reproduce, modify, adapt, publish, perform, translate, create derivative works from, distribute, and display such content throughout the world in any media. You grant Amazon and sublicensees the right to use the name that you submit in connection with such content, if they choose. You represent and warrant that you own or otherwise control all of the rights to the content that you post; that the content is accurate; that use of the content you supply does not violate this policy and will not cause injury to any person or entity; and that you will indemnify Amazon for all claims resulting from content you supply. Amazon has the right but not the obligation to monitor and edit or remove any activity or content. Amazon takes no responsibility and assumes no liability for any content posted by you or any third party.",https://amazon.com,High,95,content_licence_reuse|liability_dispute,"perpetual, irrevocable, and fully sublicensable right || no liability",R008|R012,explainable_rules,0.75,True,,,,0.1027,train,AI-assisted weak label; requires human review before use as gold data
88dbaffc2a6f8fec,Pinterest,terms_of_service,9. Disclaimers,"Pinterest specifically disclaims any and all warranties and conditions of merchantability, fitness for a particular purpose, and non-infringement, and any warranties arising out of course of dealing or usage of trade.","Pinterest specifically disclaims any and all warranties and conditions of merchantability, fitness for a particular purpose, and non-infringement, and any warranties arising out of course of dealing or usage of trade.",https://pinterest.com,Medium,60,liability_dispute,disclaims,R012,explainable_rules,0.65,False,,,,0.0494,train,AI-assisted weak label; requires human review before use as gold data
b72f7bf254f961fe,Instagram,privacy_policy,Communicating with you,"We use information you’ve given us (like contact information on your profile) to send you a communication, like an e-mail or in-product notice, for example:","We use information you’ve given us (like contact information on your profile) to send you a communication, like an e-mail or in-product notice, for example:",https://instagram.com,Medium,60,tracking_profiling,profile,R003,explainable_rules,0.65,False,,,,0.0657,train,AI-assisted weak label; requires human review before use as gold data
7cf759789c7f83e5,X (Twitter),terms_of_service,Ending These Terms,"We may suspend or terminate your account or cease providing you with all or part of the Services at any time if we reasonably believe: (i) you have violated these Terms or our Rules and Policies, (ii) you create risk or possible legal exposure for us; (iii) your account should be removed due to unlawful conduct; (iv) your account should be removed due to prolonged inactivity; or (v) our provision of the Services to you is no longer commercially viable. We will make reasonable efforts to notify you by the email address associated with your account or the next time you attempt to access your account, depending on the circumstances. To the extent permitted by law, we may also terminate your account or cease providing you with all or part of the Services for any other reason or no reason at our convenience.","We may suspend or terminate your account or cease providing you with all or part of the Services at any time if we reasonably believe: (i) you have violated these Terms or our Rules and Policies, (ii) you create risk or possible legal exposure for us; (iii) your account should be removed due to unlawful conduct; (iv) your account should be removed due to prolonged inactivity; or (v) our provision of the Services to you is no longer commercially viable. We will make reasonable efforts to notify you by the email address associated with your account or the next time you attempt to access your account, depending on the circumstances. To the extent permitted by law, we may also terminate your account or cease providing you with all or part of the Services for any other reason or no reason at our convenience.",https://twitter.com,Medium,60,account_content_termination,suspend or terminate your account or cease providing you with all or part of the Services at any time,R010,explainable_rules,0.65,False,,,,0.0847,train,AI-assisted weak label; requires human review before use as gold data
b7b24a329a91bd80,TikTok,privacy_policy,Data Security and Retention,"We retain information for as long as necessary to provide the Platform and for the other purposes set out in this Privacy Policy. We also retain information when necessary to comply with contractual and legal obligations, when we have a legitimate business interest to do so (such as improving and developing the Platform, and enhancing its safety, security and stability), and for the exercise or defence of legal claims.","We retain information for as long as necessary to provide the Platform and for the other purposes set out in this Privacy Policy. We also retain information when necessary to comply with contractual and legal obligations, when we have a legitimate business interest to do so (such as improving and developing the Platform, and enhancing its safety, security and stability), and for the exercise or defence of legal claims.",https://tiktok.com,Medium,60,retention_deletion,retain information for as long as necessary,R004,explainable_rules,0.65,False,,,,0.0402,train,AI-assisted weak label; requires human review before use as gold data
89773b2911699d04,Pinterest,privacy_policy,"Additional rights in the EEA, Switzerland, and the UK","Right to object or restrict processing: You can object to direct marketing from us or where we rely on legitimate interests to process your information, such as where features supported by generative artificial intelligence are based on legitimate interests. You can object through this form.","Right to object or restrict processing: You can object to direct marketing from us or where we rely on legitimate interests to process your information, such as where features supported by generative artificial intelligence are based on legitimate interests. You can object through this form.",https://pinterest.com,Low,20,,,,default_low_unverified,0.25,True,,,,0.0466,train,AI-assisted weak label; requires human review before use as gold data
1327e889543b705b,Google,privacy_policy,Legal bases of processing,We ask for your consent to process your data for specific purposes and you have the right to withdraw your consent at any time.,We ask for your consent to process your data for specific purposes and you have the right to withdraw your consent at any time.,https://google.com,Low,20,,,,default_low_unverified,0.25,True,,,,0.1275,train,AI-assisted weak label; requires human review before use as gold data
51e257d39064f4c5,PayPal,privacy_policy,When and How We Share Personal Information With Others,We may also disclose Personal Information with the following categories of third parties:,We may also disclose Personal Information with the following categories of third parties:,https://paypal.com,Medium,60,third_party_sharing,disclose Personal Information with the following categories of third parties,R001,explainable_rules,0.65,False,,,,0.0969,train,AI-assisted weak label; requires human review before use as gold data
0b9f495cf66893a3,Netflix,privacy_policy,Where We Collect Personal Information From,"Directly from you: When you register with the Netflix service, update your Netflix account or profile, purchase products or services from us, correspond with us, or respond to our surveys, you may provide (and we will collect) the following categories of personal information: personal details, payment details, purchase information, Netflix account/profile information, and communications.","Directly from you: When you register with the Netflix service, update your Netflix account or profile, purchase products or services from us, correspond with us, or respond to our surveys, you may provide (and we will collect) the following categories of personal information: personal details, payment details, purchase information, Netflix account/profile information, and communications.",https://netflix.com,Medium,60,tracking_profiling,profile,R003,explainable_rules,0.65,False,,,,0.0985,train,AI-assisted weak label; requires human review before use as gold data
e37d7eb7db1463d7,Instagram,terms_of_service,1. The Instagram Service,"We develop and use tools and offer resources to our community members that help to make their experiences positive and inclusive, including when we think they might need help. We also have teams and systems that work to combat abuse and violations of our Terms and policies, as well as harmful and deceptive behavior. We use all the information we have-including your information-to try to keep our platform secure. We also may share information about misuse or harmful content with other Meta Companies or law enforcement. Learn more in the Privacy Policy.","We develop and use tools and offer resources to our community members that help to make their experiences positive and inclusive, including when we think they might need help. We also have teams and systems that work to combat abuse and violations of our Terms and policies, as well as harmful and deceptive behavior. We use all the information we have-including your information-to try to keep our platform secure. We also may share information about misuse or harmful content with other Meta Companies or law enforcement. Learn more in the Privacy Policy.",https://instagram.com,Low,20,,,,default_low_unverified,0.25,True,,,,0.0408,train,AI-assisted weak label; requires human review before use as gold data
b0bc67e45952fc80,Discord,terms_of_service,What you can expect from us,"We’re actively developing new features and products to improve Discord. As part of these efforts, we may add or remove features, start offering new services, or stop offering some services entirely (or just in some places or for some users) if they no longer make sense from a business perspective or create risk for Discord, our users, or other third parties. While we try to avoid disruptions, we cannot guarantee that there will not be an outage or change to the services, and your content may not be retrievable due to such outages or changes. We are not liable for any such outages or service changes.","We’re actively developing new features and products to improve Discord. As part of these efforts, we may add or remove features, start offering new services, or stop offering some services entirely (or just in some places or for some users) if they no longer make sense from a business perspective or create risk for Discord, our users, or other third parties. While we try to avoid disruptions, we cannot guarantee that there will not be an outage or change to the services, and your content may not be retrievable due to such outages or changes. We are not liable for any such outages or service changes.",https://discord.com,Medium,60,liability_dispute,not liable,R012,explainable_rules,0.65,False,,,,0.0504,train,AI-assisted weak label; requires human review before use as gold data
06e7f26f1d780591,YouTube,terms_of_service,Limitation of Liability,"YOUTUBE AND ITS AFFILIATES’ TOTAL LIABILITY FOR ANY CLAIMS ARISING FROM OR RELATING TO THE SERVICE IS LIMITED TO THE GREATER OF: (A) THE AMOUNT OF REVENUE THAT YOUTUBE HAS PAID TO YOU FROM YOUR USE OF THE SERVICE IN THE 12 MONTHS BEFORE THE DATE OF YOUR NOTICE, IN WRITING TO YOUTUBE, OF THE CLAIM AND (B) USD $500.","YOUTUBE AND ITS AFFILIATES’ TOTAL LIABILITY FOR ANY CLAIMS ARISING FROM OR RELATING TO THE SERVICE IS LIMITED TO THE GREATER OF: (A) THE AMOUNT OF REVENUE THAT YOUTUBE HAS PAID TO YOU FROM YOUR USE OF THE SERVICE IN THE 12 MONTHS BEFORE THE DATE OF YOUR NOTICE, IN WRITING TO YOUTUBE, OF THE CLAIM AND (B) USD $500.",https://youtube.com,Low,20,,,,default_low_unverified,0.25,True,,,,0.1629,train,AI-assisted weak label; requires human review before use as gold data
be7652acc8431e6a,YouTube,privacy_policy,deliver our services,"When you purchase services or physical goods from us, you may provide us information like your shipping address or delivery instructions. We use this information for things like processing, fulfilling, and delivering your order, and to provide support in connection with the product or service you purchase.","When you purchase services or physical goods from us, you may provide us information like your shipping address or delivery instructions. We use this information for things like processing, fulfilling, and delivering your order, and to provide support in connection with the product or service you purchase.",https://youtube.com,Low,20,,,,default_low_unverified,0.25,True,,,,0.0433,train,AI-assisted weak label; requires human review before use as gold data
23b579ffae499385,Netflix,terms_of_service,3.2. Cancellation or Changing Beneficiary of the Extra Member Account,"3.2. Cancellation or Changing Beneficiary of the Extra Member Account. An Extra Member may cancel their account at any time; cancellation by the Extra Member will result in the Extra Member’s immediate loss of access to the Netflix service. The Account Owner may also, in their sole discretion and at any time, remove the Extra Member feature from their subscription or change its beneficiary. If the Account Owner removes the Extra Member feature from their subscription, the Extra Member will retain access to the Netflix service until the end of the Account Owner’s billing period. If the Account Owner changes the beneficiary of the Extra Member account, the previous beneficiary’s access to the Netflix service will end immediately. An Extra Member who wishes to continue using the service, can upgrade their Extra Member account to a subscription via the “Account” page.","3.2. Cancellation or Changing Beneficiary of the Extra Member Account. An Extra Member may cancel their account at any time; cancellation by the Extra Member will result in the Extra Member’s immediate loss of access to the Netflix service. The Account Owner may also, in their sole discretion and at any time, remove the Extra Member feature from their subscription or change its beneficiary. If the Account Owner removes the Extra Member feature from their subscription, the Extra Member will retain access to the Netflix service until the end of the Account Owner’s billing period. If the Account Owner changes the beneficiary of the Extra Member account, the previous beneficiary’s access to the Netflix service will end immediately. An Extra Member who wishes to continue using the service, can upgrade their Extra Member account to a subscription via the “Account” page.",https://netflix.com,Medium,60,policy_terms_change,"sole discretion and at any time, remove the Extra Member feature from their subscription or change",R005,explainable_rules,0.65,False,,,,0.084,train,AI-assisted weak label; requires human review before use as gold data
fda24f2679cdd508,Netflix,privacy_policy,The Categories of Personal Information We Collect,"Netflix account/profile information: We collect information that may be associated with your Netflix account/profile, such as your game handle, friend or team list selections and the names of those teams, when you use features such as local multiplayer (for example, when players connect to a “Netflix Game on TV” such as by scanning a QR code on the TV) and online multiplayer (interacting with other online players in the game).","Netflix account/profile information: We collect information that may be associated with your Netflix account/profile, such as your game handle, friend or team list selections and the names of those teams, when you use features such as local multiplayer (for example, when players connect to a “Netflix Game on TV” such as by scanning a QR code on the TV) and online multiplayer (interacting with other online players in the game).",https://netflix.com,Medium,60,tracking_profiling,profile,R003,explainable_rules,0.65,False,,,,0.058,train,AI-assisted weak label; requires human review before use as gold data
d8ec02ad63eb06c1,Amazon,terms_of_service,DISPUTES,"Arbitration Process and Procedure. If you and we do not reach a resolution within 60 days from receiving a notice of dispute or after completing a timely requested settlement conference, whichever is later, then you or we may initiate binding arbitration. Arbitration shall: (i) be administered by JAMS pursuant to the JAMS Streamlined Arbitration Rules & Procedures; (ii) be conducted by a single arbitrator; and (iii) take place virtually, in the county where you reside, or in any other location mutually agreed upon. To the extent this arbitration agreement conflicts with the JAMS Policy on Consumer Arbitrations Pursuant to Pre-Dispute Clauses Minimum Standards for Procedural Fairness (the “Minimum Standards”), then the Minimum Standards shall take precedence. The arbitrator shall issue a written award that states the disposition of each claim and provides a concise statement of the essential findings and conclusions on which it is based. You and we agree that any awards issued in other arbitrations will have no precedential or preclusive effect in any arbitration between us unless you and we were parties to the prior award.","Arbitration Process and Procedure. If you and we do not reach a resolution within 60 days from receiving a notice of dispute or after completing a timely requested settlement conference, whichever is later, then you or we may initiate binding arbitration. Arbitration shall: (i) be administered by JAMS pursuant to the JAMS Streamlined Arbitration Rules & Procedures; (ii) be conducted by a single arbitrator; and (iii) take place virtually, in the county where you reside, or in any other location mutually agreed upon. To the extent this arbitration agreement conflicts with the JAMS Policy on Consumer Arbitrations Pursuant to Pre-Dispute Clauses Minimum Standards for Procedural Fairness (the “Minimum Standards”), then the Minimum Standards shall take precedence. The arbitrator shall issue a written award that states the disposition of each claim and provides a concise statement of the essential findings and conclusions on which it is based. You and we agree that any awards issued in other arbitrations will have no precedential or preclusive effect in any arbitration between us unless you and we were parties to the prior award.",https://amazon.com,High,90,liability_dispute,binding arbitration,R011,explainable_rules,0.75,True,,,,0.0275,train,AI-assisted weak label; requires human review before use as gold data
2d16ae584e171950,Instagram,terms_of_service,4. Your Commitments,"You give us permission to show your username, profile picture, and information about your actions (such as likes) or relationships (such as follows) next to or in connection with accounts, ads, offers, and other sponsored content that you follow or engage with that are displayed on Meta Products, without any compensation to you. For example, we may show that you liked a sponsored post created by a brand that has paid us to display its ads on Instagram. As with actions on other content and follows of other accounts, actions on sponsored content and follows of sponsored accounts can be seen only by people who have permission to see that content or follow. We will also respect your ad settings. You can learn more here about your ad settings.","You give us permission to show your username, profile picture, and information about your actions (such as likes) or relationships (such as follows) next to or in connection with accounts, ads, offers, and other sponsored content that you follow or engage with that are displayed on Meta Products, without any compensation to you. For example, we may show that you liked a sponsored post created by a brand that has paid us to display its ads on Instagram. As with actions on other content and follows of other accounts, actions on sponsored content and follows of sponsored accounts can be seen only by people who have permission to see that content or follow. We will also respect your ad settings. You can learn more here about your ad settings.",https://instagram.com,Medium,60,tracking_profiling,profile,R003,explainable_rules,0.65,False,,,,0.0335,train,AI-assisted weak label; requires human review before use as gold data
a87f4220ea54efa2,X (Twitter),terms_of_service,6. General,"If you are a federal, state, or local government entity in the United States using the Services in your official capacity and legally unable to accept the controlling law, jurisdiction or venue clauses above, then those clauses do not apply to you. For such U.S. federal government entities, these Terms and any action related thereto will be governed by the laws of the United States of America (without reference to conflict of laws) and, in the absence of federal law and to the extent permitted under federal law, the laws of the State of Texas (excluding choice of law).","If you are a federal, state, or local government entity in the United States using the Services in your official capacity and legally unable to accept the controlling law, jurisdiction or venue clauses above, then those clauses do not apply to you. For such U.S. federal government entities, these Terms and any action related thereto will be governed by the laws of the United States of America (without reference to conflict of laws) and, in the absence of federal law and to the extent permitted under federal law, the laws of the State of Texas (excluding choice of law).",https://twitter.com,Low,20,,,,default_low_unverified,0.25,True,,,,0.0705,train,AI-assisted weak label; requires human review before use as gold data
19f2c0efa398664a,YouTube,privacy_policy,We want you to understand the types of information we collect as you use our services,"Google also collects and uses data that is not associated with your account. For example, when you’re not signed in to a Google Account, we store the information we collect with unique identifiers tied to the browser, application, or device you’re using. This allows us to do things like maintain your preferences across browsing sessions, such as your preferred language or whether to show you more relevant search results or ads based on your activity.","Google also collects and uses data that is not associated with your account. For example, when you’re not signed in to a Google Account, we store the information we collect with unique identifiers tied to the browser, application, or device you’re using. This allows us to do things like maintain your preferences across browsing sessions, such as your preferred language or whether to show you more relevant search results or ads based on your activity.",https://youtube.com,Low,20,,,,default_low_unverified,0.25,True,,,,0.0593,train,AI-assisted weak label; requires human review before use as gold data
2a2c41e4f448de90,PayPal,privacy_policy,Categories of Personal Information We Collect,"Personal identifiers: Such as name, business name, address, phone number, email, IP address, device information, information collected from cookies or other tracking technologies, government-issued identification, signature, and other information necessary to establish an account or profile.","Personal identifiers: Such as name, business name, address, phone number, email, IP address, device information, information collected from cookies or other tracking technologies, government-issued identification, signature, and other information necessary to establish an account or profile.",https://paypal.com,Medium,60,tracking_profiling,tracking,R003,explainable_rules,0.65,False,,,,0.1387,train,AI-assisted weak label; requires human review before use as gold data
887e31eb5e140d93,Pinterest,privacy_policy,"Additional information if you live in the EEA, Switzerland, and the UK","To handle and resolve requests and complaints: We retain correspondence relating to data subject requests under GDPR for two years, in case those requests are not resolved and this correspondence is required in order to handle any resulting complaints. In such cases, the correspondence is then retained while those complaints are being resolved. When a user submits a complaint to Pinterest, Pinterest retains limited personal data of the complainant which includes their name, username, and user id associated with their email, plus the content of support tickets for two years.","To handle and resolve requests and complaints: We retain correspondence relating to data subject requests under GDPR for two years, in case those requests are not resolved and this correspondence is required in order to handle any resulting complaints. In such cases, the correspondence is then retained while those complaints are being resolved. When a user submits a complaint to Pinterest, Pinterest retains limited personal data of the complainant which includes their name, username, and user id associated with their email, plus the content of support tickets for two years.",https://pinterest.com,Low,20,,,,default_low_unverified,0.25,True,,,,0.0836,train,AI-assisted weak label; requires human review before use as gold data
5d3ee9ad006f3037,X (Twitter),privacy_policy,8. Changes To This Privacy Policy,"If we do revise this Privacy Policy and make changes that are determined by us to be material, we will provide you notice and an opportunity to review the revised Privacy Policy before you continue to use X.","If we do revise this Privacy Policy and make changes that are determined by us to be material, we will provide you notice and an opportunity to review the revised Privacy Policy before you continue to use X.",https://twitter.com,Low,20,,,,default_low_unverified,0.25,True,,,,0.1209,train,AI-assisted weak label; requires human review before use as gold data
9f5af33873128f16,Netflix,privacy_policy,The Categories of Personal Information We Collect,"cookie data, resettable device identifiers, advertising identifiers and other unique identifiers (described below in the section “Cookies and other Technologies”).","cookie data, resettable device identifiers, advertising identifiers and other unique identifiers (described below in the section “Cookies and other Technologies”).",https://netflix.com,Medium,60,tracking_profiling,advertising identifiers,R003,explainable_rules,0.65,False,,,,0.0453,train,AI-assisted weak label; requires human review before use as gold data
2eca295763a01935,TikTok,privacy_policy,Contractual Necessity,"Personalise features and content. We also personalise certain features and content such as providing your “For You” feed, which shows you videos that we think you would be interested in (see here for more information) and by suggesting accounts to you.","Personalise features and content. We also personalise certain features and content such as providing your “For You” feed, which shows you videos that we think you would be interested in (see here for more information) and by suggesting accounts to you.",https://tiktok.com,Low,20,,,,default_low_unverified,0.25,True,,,,0.0212,train,AI-assisted weak label; requires human review before use as gold data
eaeaa5fee03abd6a,PayPal,privacy_policy,Our Contact Information,"| | | | --- | --- | | Country or Region | Data Protection Officer (""DPO""), and Contact Information | | Albania | PayPal (Europe) S.a.r.l. et Cie, S.C.A. <br>22-24 Boulevard Royal L-2449 <br>Luxembourg <br>Contact Online for Privacy queries | | Argentina | PayPal Pte. Ltd. <br>5 Temasek Boulevard 09-01 <br>Suntec Tower 5 <br>Singapore 038985 <br>Contact Online for Privacy queries | | Australia | PayPal Australia Pty Ltd <br>ABN 93 111 195 389, AFSL 304962 <br>GPO Box 351 <br>Sydney NSW 2001 <br>Contact Online for Privacy queries | | Brazil | PayPal do Brasil Instituição de Pagamento Ltda. <br>Attention: Legal Department Avenida Paulista, 1048 <br>13th Floor, CEP 01310-100 <br>Sio Paulo, SP – Brazil <br>Contact Online for Privacy queries | | Brunei | PayPal Pte.","| | | | --- | --- | | Country or Region | Data Protection Officer (""DPO""), and Contact Information | | Albania | PayPal (Europe) S.a.r.l. et Cie, S.C.A. <br>22-24 Boulevard Royal L-2449 <br>Luxembourg <br>Contact Online for Privacy queries | | Argentina | PayPal Pte. Ltd. <br>5 Temasek Boulevard 09-01 <br>Suntec Tower 5 <br>Singapore 038985 <br>Contact Online for Privacy queries | | Australia | PayPal Australia Pty Ltd <br>ABN 93 111 195 389, AFSL 304962 <br>GPO Box 351 <br>Sydney NSW 2001 <br>Contact Online for Privacy queries | | Brazil | PayPal do Brasil Instituição de Pagamento Ltda. <br>Attention: Legal Department Avenida Paulista, 1048 <br>13th Floor, CEP 01310-100 <br>Sio Paulo, SP – Brazil <br>Contact Online for Privacy queries | | Brunei | PayPal Pte.",https://paypal.com,Low,20,,,,default_low_unverified,0.25,True,,,,0.0192,train,AI-assisted weak label; requires human review before use as gold data
70ac78fbee245a33,Amazon,privacy_policy,Information You Give Us When You Use Amazon Services,"complete a questionnaire, a support ticket, or a contest entry form;","complete a questionnaire, a support ticket, or a contest entry form;",https://amazon.com,Low,20,,,,default_low_unverified,0.25,True,,,,0.0,train,AI-assisted weak label; requires human review before use as gold data
7e6cdf126f0e044f,Discord,privacy_policy,Welcome!,"We don’t sell your personal information. Our business is funded through subscriptions, paid products, and sponsored content, not based on selling your personal information to third parties.","We don’t sell your personal information. Our business is funded through subscriptions, paid products, and sponsored content, not based on selling your personal information to third parties.",https://discord.com,High,90,third_party_sharing,sell your personal information || selling your personal information to third parties,R002|R001,explainable_rules,0.75,True,,,,0.1139,train,AI-assisted weak label; requires human review before use as gold data
c0f28aec510cdd75,Discord,terms_of_service,More important stuff,"Any dispute resolution provisions, including the arbitration agreement, such as those under the “Settling disputes between you and Discord” section.","Any dispute resolution provisions, including the arbitration agreement, such as those under the “Settling disputes between you and Discord” section.",https://discord.com,Low,20,,,,default_low_unverified,0.25,True,,,,0.0668,train,AI-assisted weak label; requires human review before use as gold data
7b5e0dccd9f874af,PayPal,terms_of_service,Currency conversion choices,"Where a currency conversion is offered at the point of sale by the merchant, not by PayPal, and you choose to authorize the payment transaction on the basis of the merchant's exchange rate and charges, PayPal has no liability to you for that currency conversion.","Where a currency conversion is offered at the point of sale by the merchant, not by PayPal, and you choose to authorize the payment transaction on the basis of the merchant's exchange rate and charges, PayPal has no liability to you for that currency conversion.",https://paypal.com,Medium,60,liability_dispute,no liability,R012,explainable_rules,0.65,False,,,,0.0423,train,AI-assisted weak label; requires human review before use as gold data
1ac82d730685de89,Pinterest,terms_of_service,Thank you for using Pinterest!,"You may not use the Service to do or share anything that is contrary to these Terms. For clarity, these Terms include, and incorporate by reference, the following policies:","You may not use the Service to do or share anything that is contrary to these Terms. For clarity, these Terms include, and incorporate by reference, the following policies:",https://pinterest.com,Low,20,,,,default_low_unverified,0.25,True,,,,0.0993,train,AI-assisted weak label; requires human review before use as gold data
74c6fca5b8148c3b,X (Twitter),terms_of_service,6. General,"For the avoidance of doubt, the choice of law and forum selection provisions of this paragraph shall apply regardless of whether a dispute or any claims contained therein are based in contract, tort, statute, common law, or otherwise, and the choice of law and forum selection provisions of this paragraph shall apply to pending and future disputes and shall apply to your dispute regardless of when the conduct relating to the dispute arose or occurred. The choice of law and forum selection provisions of this paragraph shall also extend to disputes involving our U.S. corporate affiliates, who are intended third-party beneficiaries of this paragraph. Without prejudice to the foregoing, you agree that, in its sole discretion, X may bring any claim, cause of action, or dispute we have against you in any competent court in the country in which you reside that has jurisdiction and venue over the claim.","For the avoidance of doubt, the choice of law and forum selection provisions of this paragraph shall apply regardless of whether a dispute or any claims contained therein are based in contract, tort, statute, common law, or otherwise, and the choice of law and forum selection provisions of this paragraph shall apply to pending and future disputes and shall apply to your dispute regardless of when the conduct relating to the dispute arose or occurred. The choice of law and forum selection provisions of this paragraph shall also extend to disputes involving our U.S. corporate affiliates, who are intended third-party beneficiaries of this paragraph. Without prejudice to the foregoing, you agree that, in its sole discretion, X may bring any claim, cause of action, or dispute we have against you in any competent court in the country in which you reside that has jurisdiction and venue over the claim.",https://twitter.com,Low,20,,,,default_low_unverified,0.25,True,,,,0.047,train,AI-assisted weak label; requires human review before use as gold data
7ec4f545f480fa0d,Pinterest,terms_of_service,More simply put,"We are building the best Service we can, but it won't always be perfect. We're not liable for various losses or damages.","We are building the best Service we can, but it won't always be perfect. We're not liable for various losses or damages.",https://pinterest.com,Medium,60,liability_dispute,not liable,R012,explainable_rules,0.65,False,,,,0.0795,train,AI-assisted weak label; requires human review before use as gold data
1d59f3719e3287c0,Pinterest,terms_of_service,Thank you for using Pinterest!,"These Terms of Service (""Terms"") govern your access to and use of any website, app, service, technology, API, widget, platform, channel or any other products or features owned, operated, branded or offered by Pinterest (“Pinterest” or the “Service”), except where we expressly state that separate terms (and not these) apply. For the purposes of these Terms, “we” or “us” refers to the party with whom you are entering into this agreement, per Section 13(e) (Parties). Please read these Terms carefully, and contact us if you have any questions.","These Terms of Service (""Terms"") govern your access to and use of any website, app, service, technology, API, widget, platform, channel or any other products or features owned, operated, branded or offered by Pinterest (“Pinterest” or the “Service”), except where we expressly state that separate terms (and not these) apply. For the purposes of these Terms, “we” or “us” refers to the party with whom you are entering into this agreement, per Section 13(e) (Parties). Please read these Terms carefully, and contact us if you have any questions.",https://pinterest.com,Low,20,,,,default_low_unverified,0.25,True,,,,0.0521,train,AI-assisted weak label; requires human review before use as gold data
2b9197d4be6314ca,X (Twitter),privacy_policy,6. Your Rights And Ours,"We also use data centers and cloud providers, and engage our affiliates and third-party partners and service providers located in many parts of the world to help us provide our services. Before we move data between countries we look at the risks that may be presented to the data and rely on standard contractual clauses (SCCs), where applicable, to ensure your data rights are protected. To request a copy of the SCCs, please contact us here. If data will be shared with a third party, we require them to maintain the same protections over your data that we provide directly.","We also use data centers and cloud providers, and engage our affiliates and third-party partners and service providers located in many parts of the world to help us provide our services. Before we move data between countries we look at the risks that may be presented to the data and rely on standard contractual clauses (SCCs), where applicable, to ensure your data rights are protected. To request a copy of the SCCs, please contact us here. If data will be shared with a third party, we require them to maintain the same protections over your data that we provide directly.",https://twitter.com,Low,20,,,,default_low_unverified,0.25,True,,,,0.058,train,AI-assisted weak label; requires human review before use as gold data
6074db6a603ccc0e,PayPal,privacy_policy,Our Contact Information,To talk about your Fastlane profile:,To talk about your Fastlane profile:,https://paypal.com,Medium,60,tracking_profiling,profile,R003,explainable_rules,0.65,False,,,,0.079,train,AI-assisted weak label; requires human review before use as gold data
67e08d7b703a2fe3,PayPal,terms_of_service,Managing Your Money in Multiple Currencies,"When you open your account, it is configured for use with the opening currency of your account.","When you open your account, it is configured for use with the opening currency of your account.",https://paypal.com,Low,20,,,,default_low_unverified,0.25,True,,,,0.0639,train,AI-assisted weak label; requires human review before use as gold data
5fdd54d38773672a,X (Twitter),privacy_policy,1. Information We Collect,"When you sign into X on a browser or device, we will associate that browser or device with your account. Subject to your settings, we may also associate your account with browsers or devices other than those you use to sign into X (or associate your signed-out device or browser with other browsers or devices or X-generated identiﬁers).","When you sign into X on a browser or device, we will associate that browser or device with your account. Subject to your settings, we may also associate your account with browsers or devices other than those you use to sign into X (or associate your signed-out device or browser with other browsers or devices or X-generated identifiers).",https://twitter.com,Low,20,,,,default_low_unverified,0.25,True,,,,0.0549,train,AI-assisted weak label; requires human review before use as gold data
38159d6bf627e1af,PayPal,privacy_policy,Notice for Users in the UK,"We and other organisations, including parties that accept PayPal, may also share, access and use (including from other countries) necessary information (including, without limitation the information recorded by fraud prevention agencies) to help us and them assess and to manage risk (including, without limitation, to prevent fraud, money laundering and terrorist financing). Please contact us if you want to receive further details of the relevant fraud prevention agencies.","We and other organisations, including parties that accept PayPal, may also share, access and use (including from other countries) necessary information (including, without limitation the information recorded by fraud prevention agencies) to help us and them assess and to manage risk (including, without limitation, to prevent fraud, money laundering and terrorist financing). Please contact us if you want to receive further details of the relevant fraud prevention agencies.",https://paypal.com,Low,20,,,,default_low_unverified,0.25,True,,,,0.0342,train,AI-assisted weak label; requires human review before use as gold data
f19cfa9c4314cc3f,Pinterest,privacy_policy,How and when we share information,"With other services, at your direction. For example, when you decide to link your Pinterest account to third party services, or when you publish your content on Pinterest to such services, you direct disclosure of certain information to those services. Creators may direct us to share information with advertisers or other partners for paid engagements.","With other services, at your direction. For example, when you decide to link your Pinterest account to third party services, or when you publish your content on Pinterest to such services, you direct disclosure of certain information to those services. Creators may direct us to share information with advertisers or other partners for paid engagements.",https://pinterest.com,Low,20,,,,default_low_unverified,0.25,True,,,,0.0488,train,AI-assisted weak label; requires human review before use as gold data
228eaa368ab7afbc,Netflix,privacy_policy,Where We Collect Personal Information From,"Automatically when you use our service: We automatically collect the following categories of personal information in connection with your use of the Netflix service: Netflix account/profile information, purchase information, usage information, advertising information, device and network information, and communications.","Automatically when you use our service: We automatically collect the following categories of personal information in connection with your use of the Netflix service: Netflix account/profile information, purchase information, usage information, advertising information, device and network information, and communications.",https://netflix.com,Medium,60,tracking_profiling,profile,R003,explainable_rules,0.65,False,,,,0.0881,train,AI-assisted weak label; requires human review before use as gold data
52d105ca0a5bb5f7,Discord,terms_of_service,More important stuff,"You have certain rights that, by law, can’t be limited by these terms, and we in no way intend to restrict those rights in these terms. The term “including” as used in these terms means “including without limitation.”","You have certain rights that, by law, can’t be limited by these terms, and we in no way intend to restrict those rights in these terms. The term “including” as used in these terms means “including without limitation.”",https://discord.com,Low,20,,,,default_low_unverified,0.25,True,,,,0.054,train,AI-assisted weak label; requires human review before use as gold data
43b3609fad8c39e2,Netflix,privacy_policy,The Categories of Personal Information We Collect,"Netflix account/profile information: We collect information that is associated with your Netflix account and/or Netflix profiles on your account (such as profile name and icon, Netflix game handle, ratings and feedback you provide for Netflix content), “My List” (watch list of titles), “continue watching” information, account/profile settings, and choices in connection with your use of the Netflix service.","Netflix account/profile information: We collect information that is associated with your Netflix account and/or Netflix profiles on your account (such as profile name and icon, Netflix game handle, ratings and feedback you provide for Netflix content), “My List” (watch list of titles), “continue watching” information, account/profile settings, and choices in connection with your use of the Netflix service.",https://netflix.com,Medium,60,tracking_profiling,profile,R003,explainable_rules,0.65,False,,,,0.0713,train,AI-assisted weak label; requires human review before use as gold data
11c1c3191039a0f1,Pinterest,privacy_policy,"Additional rights in the EEA, Switzerland, and the UK","You have choices regarding your information on Pinterest. If you have a Pinterest account, many of these controls are built directly into Pinterest or your settings. For example, you can: Edit information in your profile, Link or unlink your Pinterest account from other services (like Facebook or Google), Edit secret board settings, and Close your account at any time. We also support settings such as tracking settings on iOS and Android devices.","You have choices regarding your information on Pinterest. If you have a Pinterest account, many of these controls are built directly into Pinterest or your settings. For example, you can: Edit information in your profile, Link or unlink your Pinterest account from other services (like Facebook or Google), Edit secret board settings, and Close your account at any time. We also support settings such as tracking settings on iOS and Android devices.",https://pinterest.com,Medium,60,tracking_profiling,profile,R003,explainable_rules,0.65,False,,,,0.0969,train,AI-assisted weak label; requires human review before use as gold data
c3e7ad1c2345e899,TikTok,privacy_policy,To protect someone's vital interests,"We may use your information where it is necessary to protect your or someone else's life, physical integrity, or safety. This could include scanning Messages and associated metadata where permitted by law. Click here to learn more. This could also include providing law enforcement agencies or emergency services with information in urgent situations to protect health or life. We generally provide Information You Provide and Automatically Collected Information, although it depends on the specific situation.","We may use your information where it is necessary to protect your or someone else's life, physical integrity, or safety. This could include scanning Messages and associated metadata where permitted by law. Click here to learn more. This could also include providing law enforcement agencies or emergency services with information in urgent situations to protect health or life. We generally provide Information You Provide and Automatically Collected Information, although it depends on the specific situation.",https://tiktok.com,Medium,60,personal_data_collection,health or life. We generally provide Information You Provide and Automatically Collected,R013,explainable_rules,0.65,False,,,,0.0369,train,AI-assisted weak label; requires human review before use as gold data
2ed0924070505461,PayPal,privacy_policy,How Long We Store Your Personal Information,The criteria used to determine our retention period is as follows:,The criteria used to determine our retention period is as follows:,https://paypal.com,Low,20,,,,default_low_unverified,0.25,True,,,,0.0695,train,AI-assisted weak label; requires human review before use as gold data
f896edd0eeb6202a,TikTok,privacy_policy,Partners,"Advertisers. We provide advertisers with reports about the performance of their ads and other content on the Platform in order to help them measure their effectiveness and understand their audience. These reports contain aggregate information of certain Information You Provide, Automatically Collected Information, and Information From Other Sources. We don’t share information with advertisers that can be used to contact you (such as your name or email address) unless you give us your permission.","Advertisers. We provide advertisers with reports about the performance of their ads and other content on the Platform in order to help them measure their effectiveness and understand their audience. These reports contain aggregate information of certain Information You Provide, Automatically Collected Information, and Information From Other Sources. We don’t share information with advertisers that can be used to contact you (such as your name or email address) unless you give us your permission.",https://tiktok.com,High,90,tracking_profiling,advertisers that can be used to contact you (such as your name,R019,explainable_rules,0.75,True,,,,0.0636,train,AI-assisted weak label; requires human review before use as gold data
acaf9c55929d68e5,Pinterest,terms_of_service,11. Arbitration,"Arbitration: If we haven’t been able to resolve the dispute through the mandatory processes above, you and we each agree to resolve any claim, dispute, or controversy arising out of or relating to these Terms or the Service through binding arbitration or, for qualifying claims, in small claims court. The arbitrator will have authority to issue any remedies authorized by law.","Arbitration: If we haven’t been able to resolve the dispute through the mandatory processes above, you and we each agree to resolve any claim, dispute, or controversy arising out of or relating to these Terms or the Service through binding arbitration or, for qualifying claims, in small claims court. The arbitrator will have authority to issue any remedies authorized by law.",https://pinterest.com,High,90,liability_dispute,binding arbitration,R011,explainable_rules,0.75,True,,,,0.1248,train,AI-assisted weak label; requires human review before use as gold data
401d13aadab15745,Netflix,privacy_policy,How We Use Your Personal Information,"To enable Partner integrations and promotions so that our Partners can promote the Netflix service and make it available to you through Partner devices and integrations, based on the specific relationship you have with the Partner. We use the following categories of personal information for this purpose: personal details, payment details, Netflix account/profile information, usage information, device and network information, and communications.","To enable Partner integrations and promotions so that our Partners can promote the Netflix service and make it available to you through Partner devices and integrations, based on the specific relationship you have with the Partner. We use the following categories of personal information for this purpose: personal details, payment details, Netflix account/profile information, usage information, device and network information, and communications.",https://netflix.com,Medium,60,tracking_profiling,profile,R003,explainable_rules,0.65,False,,,,0.0772,train,AI-assisted weak label; requires human review before use as gold data
7fe8a81f37b45509,Netflix,terms_of_service,2.6. Cancellation,"2.6. Cancellation. You can cancel your Netflix subscription at any time. To cancel, go to the ""Account"" page and follow the cancellation instructions. The cancellation will take effect at the end of the billing period. To the extent permitted by the applicable law, payments are non-refundable and we do not provide refunds or credits for any partial subscription periods or unused Netflix content. You can see when your subscription will end on the “Account” page. If you signed up for Netflix using your account with a third party as a Payment Method and wish to cancel your Netflix subscription, you may need to do so through such third party, for example by visiting your account with the applicable third party and turning off auto-renew, or unsubscribing from the Netflix service through that third party.","2.6. Cancellation. You can cancel your Netflix subscription at any time. To cancel, go to the ""Account"" page and follow the cancellation instructions. The cancellation will take effect at the end of the billing period. To the extent permitted by the applicable law, payments are non-refundable and we do not provide refunds or credits for any partial subscription periods or unused Netflix content. You can see when your subscription will end on the “Account” page. If you signed up for Netflix using your account with a third party as a Payment Method and wish to cancel your Netflix subscription, you may need to do so through such third party, for example by visiting your account with the applicable third party and turning off auto-renew, or unsubscribing from the Netflix service through that third party.",https://netflix.com,Medium,65,auto_renewal_trial|cancellation_refund_fee,auto-renew || non-refundable,R006|R007,explainable_rules,0.65,False,,,,0.0404,train,AI-assisted weak label; requires human review before use as gold data
26e236335bef755c,TikTok,privacy_policy,Our Global Operations and Data Transfers,These entities commit to processing information in compliance with applicable privacy laws and to implementing appropriate security measures to protect your information.,These entities commit to processing information in compliance with applicable privacy laws and to implementing appropriate security measures to protect your information.,https://tiktok.com,Low,20,,,,default_low_unverified,0.25,True,,,,0.0219,train,AI-assisted weak label; requires human review before use as gold data
7add7e90d41f6caf,X (Twitter),privacy_policy,6. Your Rights And Ours,"Under certain circumstances, participants may be liable for the transfer of personal data from the EU, Switzerland and the UK to third parties outside the EU, Switzerland and the UK. Learn more about the EU-US DPF, the Swiss-US DPF and the UK Extension to the EU-US DPF here.","Under certain circumstances, participants may be liable for the transfer of personal data from the EU, Switzerland and the UK to third parties outside the EU, Switzerland and the UK. Learn more about the EU-US DPF, the Swiss-US DPF and the UK Extension to the EU-US DPF here.",https://twitter.com,Medium,60,third_party_sharing,"transfer of personal data from the EU, Switzerland and the UK to third parties",R001,explainable_rules,0.65,False,,,,0.0825,train,AI-assisted weak label; requires human review before use as gold data
0d74f97a90d094dc,Instagram,terms_of_service,4. Your Commitments,"You don't have to disclose your identity on Instagram, but you must provide us with accurate and up to date information (including registration information), which may include providing personal data. Also, you may not impersonate someone or something you aren't, and you can't create an account for someone else unless you have their express permission.","You don't have to disclose your identity on Instagram, but you must provide us with accurate and up to date information (including registration information), which may include providing personal data. Also, you may not impersonate someone or something you aren't, and you can't create an account for someone else unless you have their express permission.",https://instagram.com,Low,20,,,,default_low_unverified,0.25,True,,,,0.0957,train,AI-assisted weak label; requires human review before use as gold data
5c904d8e747b526c,Discord,privacy_policy,International data transfers,"Discord and its U.S. entities/subsidiaries (Backgammon Merger Sub II, LLC, Brazos Games, LLC, Discord International, Inc, Flames Sub LLC, and Sentropy Technologies Inc.) also comply with the EU-U.S. and Swiss-U.S. Data Privacy Frameworks, as well as the UK Extension to the EU-U.S. Data Privacy Framework. If you have questions or complaints regarding our compliance with the Data Privacy Framework principles, please reach out to us at privacy@discord.com. If we do not resolve your complaint, you may submit your complaint in accordance with the section titled “Settling Disputes Between You and Discord” in our Terms of Service. Under certain conditions specified by the Data Privacy Framework principles, you may also be able to invoke binding arbitration to resolve your complaint. We are subject to the investigatory and enforcement powers of the U.S. Federal Trade Commission. In certain circumstances, we may be liable for the transfer of personal data from the EU, Switzerland, or the UK to a third party outside those countries.","Discord and its U.S. entities/subsidiaries (Backgammon Merger Sub II, LLC, Brazos Games, LLC, Discord International, Inc, Flames Sub LLC, and Sentropy Technologies Inc.) also comply with the EU-U.S. and Swiss-U.S. Data Privacy Frameworks, as well as the UK Extension to the EU-U.S. Data Privacy Framework. If you have questions or complaints regarding our compliance with the Data Privacy Framework principles, please reach out to us at privacy@discord.com. If we do not resolve your complaint, you may submit your complaint in accordance with the section titled “Settling Disputes Between You and Discord” in our Terms of Service. Under certain conditions specified by the Data Privacy Framework principles, you may also be able to invoke binding arbitration to resolve your complaint. We are subject to the investigatory and enforcement powers of the U.S. Federal Trade Commission. In certain circumstances, we may be liable for the transfer of personal data from the EU, Switzerland, or the UK to a third party outside those countries.",https://discord.com,High,95,liability_dispute|third_party_sharing,"binding arbitration || transfer of personal data from the EU, Switzerland, or the UK to a third party",R011|R001,explainable_rules,0.75,True,,,,0.062,train,AI-assisted weak label; requires human review before use as gold data
24faac23892c5577,Pinterest,terms_of_service,9. Disclaimers,"We do not warrant that Pinterest or any portion of the Service, or any materials or content offered through Pinterest, are accurate, complete, or current, or will be uninterrupted, secure, or free of errors, viruses, or other harmful components.","We do not warrant that Pinterest or any portion of the Service, or any materials or content offered through Pinterest, are accurate, complete, or current, or will be uninterrupted, secure, or free of errors, viruses, or other harmful components.",https://pinterest.com,Low,20,,,,default_low_unverified,0.25,True,,,,0.1095,train,AI-assisted weak label; requires human review before use as gold data
6975e218b1f3c538,Pinterest,terms_of_service,7. Termination,You may also terminate or delete your account at any time. You can learn how to delete your account in our Help Center.,You may also terminate or delete your account at any time. You can learn how to delete your account in our Help Center.,https://pinterest.com,Medium,60,account_content_termination,terminate or delete your account at any time,R010,explainable_rules,0.65,False,,,,0.0672,train,AI-assisted weak label; requires human review before use as gold data
d3fa933919bc54fb,Discord,privacy_policy,Manage your content and servers,You can edit or delete a channel from a Discord server if you have the permissions needed to do so.,You can edit or delete a channel from a Discord server if you have the permissions needed to do so.,https://discord.com,Low,20,,,,default_low_unverified,0.25,True,,,,0.095,train,AI-assisted weak label; requires human review before use as gold data
fbe8efc150df8f36,TikTok,terms_of_service,4.7 Posting Branded Content,"In short: Where you post about a brand, product or service in return for any payment or other incentive, you should follow our Branded Content Policy and include any necessary disclosures, so your relationship is clear.","In short: Where you post about a brand, product or service in return for any payment or other incentive, you should follow our Branded Content Policy and include any necessary disclosures, so your relationship is clear.",https://tiktok.com,Low,20,,,,default_low_unverified,0.25,True,,,,0.0671,train,AI-assisted weak label; requires human review before use as gold data
d194eb1ffcc13a61,YouTube,terms_of_service,Removing Your Content,You may remove your Content from the Service at any time. You also have the option to make a copy of your Content before removing it. You must remove your Content if you no longer have the rights required by these terms.,You may remove your Content from the Service at any time. You also have the option to make a copy of your Content before removing it. You must remove your Content if you no longer have the rights required by these terms.,https://youtube.com,Medium,60,account_content_termination,remove your Content from the Service at any time,R010,explainable_rules,0.65,False,,,,0.1537,train,AI-assisted weak label; requires human review before use as gold data
d2e55f5fe800cbe0,Amazon,privacy_policy,How Secure Is Information About Me?,Be sure to sign off when finished using a shared computer. Read more information on Signing Out of Your Amazon Account.,Be sure to sign off when finished using a shared computer. Read more information on Signing Out of Your Amazon Account.,https://amazon.com,Low,20,,,,default_low_unverified,0.25,True,,,,0.0282,train,AI-assisted weak label; requires human review before use as gold data
e7acea481339fe4c,TikTok,terms_of_service,4.6 Your content,"Content you create, post or share via one TikTok service may be automatically shared across the Platform.","Content you create, post or share via one TikTok service may be automatically shared across the Platform.",https://tiktok.com,Low,20,,,,default_low_unverified,0.25,True,,,,0.1074,train,AI-assisted weak label; requires human review before use as gold data
83652adfa3a46178,Discord,terms_of_service,Software in Discord’s services,"License to our software. Some of our services allow you to download client software. So long as you comply with these terms, we grant you a worldwide, non-exclusive, personal, non-transferable, non-sublicensable, and non-assignable license to download, install, and run that software, solely to access our services.","License to our software. Some of our services allow you to download client software. So long as you comply with these terms, we grant you a worldwide, non-exclusive, personal, non-transferable, non-sublicensable, and non-assignable license to download, install, and run that software, solely to access our services.",https://discord.com,Low,20,,,,default_low_unverified,0.25,True,,,,0.1694,train,AI-assisted weak label; requires human review before use as gold data
55d741d0c413ea48,YouTube,privacy_policy,Retaining your information,"Other data is deleted or anonymized automatically after a set period of time, such as advertising data in server logs.","Other data is deleted or anonymized automatically after a set period of time, such as advertising data in server logs.",https://youtube.com,Low,20,,,,default_low_unverified,0.25,True,,,,0.0735,train,AI-assisted weak label; requires human review before use as gold data
d7ea71a3bde789ea,Amazon,privacy_policy,"Conditions of Use, Notices, and Revisions","If you choose to use Amazon Services, your use and any dispute over privacy is subject to this Notice and our Conditions of Use, including limitations on damages, resolution of disputes, and application of the law of the state of Washington. If you have any concern about privacy at Amazon, please contact us with a thorough description, and we will try to resolve it. Our business changes constantly, and our Privacy Notice will change also. You should check our websites frequently to see recent changes. Unless stated otherwise, our current Privacy Notice applies to all information that we have about you and your account. We stand behind the promises we make, however, and will never materially change our policies and practices to make them less protective of customer information collected in the past without the consent of affected customers.","If you choose to use Amazon Services, your use and any dispute over privacy is subject to this Notice and our Conditions of Use, including limitations on damages, resolution of disputes, and application of the law of the state of Washington. If you have any concern about privacy at Amazon, please contact us with a thorough description, and we will try to resolve it. Our business changes constantly, and our Privacy Notice will change also. You should check our websites frequently to see recent changes. Unless stated otherwise, our current Privacy Notice applies to all information that we have about you and your account. We stand behind the promises we make, however, and will never materially change our policies and practices to make them less protective of customer information collected in the past without the consent of affected customers.",https://amazon.com,Low,20,,,,default_low_unverified,0.25,True,,,,0.0396,train,AI-assisted weak label; requires human review before use as gold data
7b610d43fc63b298,TikTok,privacy_policy,Legitimate Interests,"Legitimate Interest relied upon: To provide users with tools to inspire creativity, collaboration, and enjoyment, and to create opportunities for users to reach new audiences.","Legitimate Interest relied upon: To provide users with tools to inspire creativity, collaboration, and enjoyment, and to create opportunities for users to reach new audiences.",https://tiktok.com,Low,20,,,,default_low_unverified,0.25,True,,,,0.0231,train,AI-assisted weak label; requires human review before use as gold data
514f40973b771147,PayPal,privacy_policy,Banking Regulations Notice for Users in the EEA,"In general, the Luxembourg laws to which PayPal's handling of user Personal Information is subject (data protection and bank secrecy) require a higher degree of transparency than most other EU laws. This is why, unlike the vast majority of providers of internet-based services or financial services in the EU, PayPal has listed in this Privacy Statement the third party service providers and business partners to whom we may disclose your Personal Information, together with the purpose of disclosure and type of information disclosed. You can review those third parties. By accepting this Privacy Statement and maintaining an account with PayPal, you expressly agree to the transfer of your Personal Information to those third parties for the purposes listed.","In general, the Luxembourg laws to which PayPal's handling of user Personal Information is subject (data protection and bank secrecy) require a higher degree of transparency than most other EU laws. This is why, unlike the vast majority of providers of internet-based services or financial services in the EU, PayPal has listed in this Privacy Statement the third party service providers and business partners to whom we may disclose your Personal Information, together with the purpose of disclosure and type of information disclosed. You can review those third parties. By accepting this Privacy Statement and maintaining an account with PayPal, you expressly agree to the transfer of your Personal Information to those third parties for the purposes listed.",https://paypal.com,Medium,60,third_party_sharing,third party service providers and business partners to whom we may disclose your Personal Information,R001,explainable_rules,0.65,False,,,,0.0544,train,AI-assisted weak label; requires human review before use as gold data
afbc258b9d7afa7e,PayPal,privacy_policy,International Transfers of Personal Information,"We operate in many countries, and we (or our service providers) may transfer your Personal Information and process it outside the country where you live. For example, we use third-party service providers to process and store your Personal Information in the United States and other countries. These countries do not always afford a level of privacy protection that is equivalent to the protection offered to Personal Information in your country. We have taken and will continue to take specific steps, in accordance with the applicable data protection and privacy laws, to protect your Personal Information (e.g., intra-company agreements, model contractual clauses, and/or derogations). By using our Sites and Services, where permitted under applicable privacy laws, you agree to your Personal Information being transferred to other countries, including countries that have different data protection rules than your country.","We operate in many countries, and we (or our service providers) may transfer your Personal Information and process it outside the country where you live. For example, we use third-party service providers to process and store your Personal Information in the United States and other countries. These countries do not always afford a level of privacy protection that is equivalent to the protection offered to Personal Information in your country. We have taken and will continue to take specific steps, in accordance with the applicable data protection and privacy laws, to protect your Personal Information (e.g., intra-company agreements, model contractual clauses, and/or derogations). By using our Sites and Services, where permitted under applicable privacy laws, you agree to your Personal Information being transferred to other countries, including countries that have different data protection rules than your country.",https://paypal.com,Medium,60,third_party_sharing,"providers) may transfer your Personal Information and process it outside the country where you live. For example, we use third-party",R001,explainable_rules,0.65,False,,,,0.0658,train,AI-assisted weak label; requires human review before use as gold data
b15b088f817e4ea6,PayPal,privacy_policy,Banking Regulations Notice for Users in the EEA,"We also set out in the list of third parties, under each "" Category"", non-exclusive examples of the actual third parties (which may include their assigns and successors) to whom we currently disclose your Account Information or to whom we may consider disclosing your Account Information, together with the purpose of doing so, and the actual information we disclose (except as explicitly stated, these third parties are limited by law or by contract from using the information for secondary purposes beyond the purposes for which the information was shared). Disclose necessary information to your agent or legal representative (such as the holder of a power of attorney that you grant, or a guardian appointed for you). Disclose aggregated statistical data with our business partners or for public relations. For example, we may disclose that a specific percentage of our users live in Manchester. However, this aggregated information is not tied to Personal Information. Share necessary Account Information with unaffiliated third parties for their use for the following purposes:","We also set out in the list of third parties, under each "" Category"", non-exclusive examples of the actual third parties (which may include their assigns and successors) to whom we currently disclose your Account Information or to whom we may consider disclosing your Account Information, together with the purpose of doing so, and the actual information we disclose (except as explicitly stated, these third parties are limited by law or by contract from using the information for secondary purposes beyond the purposes for which the information was shared). Disclose necessary information to your agent or legal representative (such as the holder of a power of attorney that you grant, or a guardian appointed for you). Disclose aggregated statistical data with our business partners or for public relations. For example, we may disclose that a specific percentage of our users live in Manchester. However, this aggregated information is not tied to Personal Information. Share necessary Account Information with unaffiliated third parties for their use for the following purposes:",https://paypal.com,Medium,60,third_party_sharing,Share necessary Account Information with unaffiliated third parties,R001,explainable_rules,0.65,False,,,,0.0974,train,AI-assisted weak label; requires human review before use as gold data
7f9361d54a4d1e72,X (Twitter),privacy_policy,3. Sharing Information,3.1 When you post and share.,3.1 When you post and share.,https://twitter.com,Low,20,,,,default_low_unverified,0.25,True,,,,0.1342,train,AI-assisted weak label; requires human review before use as gold data
7272ab2418e91b45,PayPal,privacy_policy,How We Use Personal Information,"If you are using Fastlane, we may recognize you as a Fastlane user when you shop on participating Partner and Merchant sites, and we may prompt you to engage in participating Partner or Merchant interactions, such as registering for a store or loyalty account using your Fastlane profile. We will also use your Personal Information and payment method details to determine whether the payment you are making with a participating Partner or Merchant is authorized by you and likely to be successfully authorized by the payment method you choose to use when you make a purchase using details from your Fastlane profile.","If you are using Fastlane, we may recognize you as a Fastlane user when you shop on participating Partner and Merchant sites, and we may prompt you to engage in participating Partner or Merchant interactions, such as registering for a store or loyalty account using your Fastlane profile. We will also use your Personal Information and payment method details to determine whether the payment you are making with a participating Partner or Merchant is authorized by you and likely to be successfully authorized by the payment method you choose to use when you make a purchase using details from your Fastlane profile.",https://paypal.com,Medium,60,tracking_profiling,profile,R003,explainable_rules,0.65,False,,,,0.0272,train,AI-assisted weak label; requires human review before use as gold data
1a8ac871ce74c301,TikTok,privacy_policy,Your Consent,"With your consent, we store your payment card information to facilitate future transactions through our Platform.","With your consent, we store your payment card information to facilitate future transactions through our Platform.",https://tiktok.com,Low,20,,,,default_low_unverified,0.25,True,,,,0.0166,train,AI-assisted weak label; requires human review before use as gold data
7403163d2485bfc0,PayPal,terms_of_service,Your continuous permission for us to charge your funding sources,You can access the mandate and the mandate reference number (MRN) in your PayPal account profile at any time and cancel or change the mandate for future transactions.,You can access the mandate and the mandate reference number (MRN) in your PayPal account profile at any time and cancel or change the mandate for future transactions.,https://paypal.com,Medium,60,tracking_profiling,profile,R003,explainable_rules,0.65,False,,,,0.0335,train,AI-assisted weak label; requires human review before use as gold data
12b598be52abbd11,Amazon,terms_of_service,"REVIEWS, COMMENTS, COMMUNICATIONS, AND OTHER CONTENT","You may post reviews, comments, photos, videos, and other content; send e-cards and other communications; and submit suggestions, ideas, comments, questions, or other information, so long as the content is not illegal, obscene, threatening, defamatory, invasive of privacy, infringing of intellectual property rights (including publicity rights), or otherwise injurious to third parties or objectionable, and does not consist of or contain software viruses, political campaigning, commercial solicitation, chain letters, mass mailings, or any form of ""spam"" or unsolicited commercial electronic messages. You may not use a false e-mail address, impersonate any person or entity, or otherwise mislead as to the origin of a card or other content. Amazon reserves the right (but not the obligation) to remove or edit such content, but does not regularly review posted content.","You may post reviews, comments, photos, videos, and other content; send e-cards and other communications; and submit suggestions, ideas, comments, questions, or other information, so long as the content is not illegal, obscene, threatening, defamatory, invasive of privacy, infringing of intellectual property rights (including publicity rights), or otherwise injurious to third parties or objectionable, and does not consist of or contain software viruses, political campaigning, commercial solicitation, chain letters, mass mailings, or any form of ""spam"" or unsolicited commercial electronic messages. You may not use a false e-mail address, impersonate any person or entity, or otherwise mislead as to the origin of a card or other content. Amazon reserves the right (but not the obligation) to remove or edit such content, but does not regularly review posted content.",https://amazon.com,Low,20,,,,default_low_unverified,0.25,True,,,,0.0584,train,AI-assisted weak label; requires human review before use as gold data
845ff0db27ae327e,Google,privacy_policy,We build security into our services to protect your information,"We review our information collection, storage and processing practices, including physical security measures, to prevent unauthorised access to our systems","We review our information collection, storage and processing practices, including physical security measures, to prevent unauthorised access to our systems",https://google.com,Low,20,,,,default_low_unverified,0.25,True,,,,0.1108,train,AI-assisted weak label; requires human review before use as gold data
0f33244fa12b9ef3,Amazon,privacy_policy,Information You Give Us When You Use Amazon Services,personal description and photograph in Your Profile;,personal description and photograph in Your Profile;,https://amazon.com,Medium,60,tracking_profiling,Profile,R003,explainable_rules,0.65,False,,,,0.0555,train,AI-assisted weak label; requires human review before use as gold data
3983efcde28bf2c3,PayPal,privacy_policy,Your rights,"If you close your PayPal account(s) or profile, delete, or request that we delete Personal Information, we still need to keep some Personal Information as explained in How Long Do We Store Your Personal Information so we can, where permitted by applicable law:","If you close your PayPal account(s) or profile, delete, or request that we delete Personal Information, we still need to keep some Personal Information as explained in How Long Do We Store Your Personal Information so we can, where permitted by applicable law:",https://paypal.com,Medium,60,tracking_profiling,profile,R003,explainable_rules,0.65,False,,,,0.0709,train,AI-assisted weak label; requires human review before use as gold data
b6efdc7bfa2f8334,Amazon,privacy_policy,Automatic Information,"the full Uniform Resource Locator (URL) clickstream to, through, and from our websites, including date and time; products and content you viewed or searched for; page response times, download errors, length of visits to certain pages, and page interaction information (such as scrolling, clicks, and mouse-overs);","the full Uniform Resource Locator (URL) clickstream to, through, and from our websites, including date and time; products and content you viewed or searched for; page response times, download errors, length of visits to certain pages, and page interaction information (such as scrolling, clicks, and mouse-overs);",https://amazon.com,Low,20,,,,default_low_unverified,0.25,True,,,,0.0414,train,AI-assisted weak label; requires human review before use as gold data
9fb74d2799ec855e,Discord,privacy_policy,Be aware of the Discord spaces you choose to participate in,"You can choose what spaces to participate in and what information you add to our services. You can choose what messages to send or post, who to engage with (e.g., one or more particular users or a potentially unlimited group of users), what information to include in your profile, whether to connect any third party services to your Discord account, and more. For example, if you share content in certain spaces, such as servers listed in Server Discovery or with public invite links, your content may be accessed by anyone.","You can choose what spaces to participate in and what information you add to our services. You can choose what messages to send or post, who to engage with (e.g., one or more particular users or a potentially unlimited group of users), what information to include in your profile, whether to connect any third party services to your Discord account, and more. For example, if you share content in certain spaces, such as servers listed in Server Discovery or with public invite links, your content may be accessed by anyone.",https://discord.com,Medium,60,tracking_profiling,profile,R003,explainable_rules,0.65,False,,,,0.0393,train,AI-assisted weak label; requires human review before use as gold data
1f9801a9ab59502a,TikTok,privacy_policy,Partners,"Measurement and Data Partners. We share Information You Provide, Technical Information and Usage Information with third party measurement providers who create aggregate reports that help us measure advertising served on the Platform and help our advertisers understand their effectiveness and their audience.","Measurement and Data Partners. We share Information You Provide, Technical Information and Usage Information with third party measurement providers who create aggregate reports that help us measure advertising served on the Platform and help our advertisers understand their effectiveness and their audience.",https://tiktok.com,Medium,60,third_party_sharing,"share Information You Provide, Technical Information and Usage Information with third party",R001,explainable_rules,0.65,False,,,,0.0681,train,AI-assisted weak label; requires human review before use as gold data
1c02025e743ed59a,Netflix,privacy_policy,Advertising Choices,"If your Behavioral Advertisements setting is off, you will still see advertisements, but they will be non-behavioral advertisements.","If your Behavioral Advertisements setting is off, you will still see advertisements, but they will be non-behavioral advertisements.",https://netflix.com,Medium,60,tracking_profiling,Behavioral Advertisements,R003,explainable_rules,0.65,False,,,,0.0659,train,AI-assisted weak label; requires human review before use as gold data
af0c9027f838465e,PayPal,privacy_policy,When and How We Share Personal Information With Others,"Credit reporting and debt collection agencies. We may disclose Personal Information with such agencies to collect unpaid overdue debts through a third party such as a debt collection agency. Please be aware that these parties' privacy notices apply to the processing of Personal Information that you share directly with them, and they may report your unpaid debts to CRAs which may affect your creditworthiness or ability to secure future credit.","Credit reporting and debt collection agencies. We may disclose Personal Information with such agencies to collect unpaid overdue debts through a third party such as a debt collection agency. Please be aware that these parties' privacy notices apply to the processing of Personal Information that you share directly with them, and they may report your unpaid debts to CRAs which may affect your creditworthiness or ability to secure future credit.",https://paypal.com,Medium,60,third_party_sharing,disclose Personal Information with such agencies to collect unpaid overdue debts through a third party,R001,explainable_rules,0.65,False,,,,0.039,train,AI-assisted weak label; requires human review before use as gold data
2251966d9e088a93,Instagram,terms_of_service,1. The Instagram Service,"We use data from Instagram and other Meta Company Products, as well as from third-party partners, to show you ads, offers, and other sponsored content that we believe will be meaningful to you. And we try to make that content as relevant as all your other experiences on Instagram.","We use data from Instagram and other Meta Company Products, as well as from third-party partners, to show you ads, offers, and other sponsored content that we believe will be meaningful to you. And we try to make that content as relevant as all your other experiences on Instagram.",https://instagram.com,Low,20,,,,default_low_unverified,0.25,True,,,,0.0507,train,AI-assisted weak label; requires human review before use as gold data
f7d71239ad6c28ae,Google,privacy_policy,When you share your information,"When you’re signed in and interact with some Google services, like leaving comments on a YouTube video or reviewing an app in Play, your name and photo appear next to your activity. We may also display this information in ads, depending on your Shared Endorsements setting.","When you’re signed in and interact with some Google services, like leaving comments on a YouTube video or reviewing an app in Play, your name and photo appear next to your activity. We may also display this information in ads, depending on your Shared Endorsements setting.",https://google.com,Low,20,,,,default_low_unverified,0.25,True,,,,0.0473,train,AI-assisted weak label; requires human review before use as gold data
16781321a2e3b512,Google,privacy_policy,Data controller,"Google Ireland Limited for users of Google services based in the European Economic Area or Switzerland, located at Gordon House, Barrow Street, Dublin 4, Ireland.","Google Ireland Limited for users of Google services based in the European Economic Area or Switzerland, located at Gordon House, Barrow Street, Dublin 4, Ireland.",https://google.com,Low,20,,,,default_low_unverified,0.25,True,,,,0.0632,train,AI-assisted weak label; requires human review before use as gold data
b61280525b2c31c4,PayPal,privacy_policy,How We Use Personal Information,"Send you locally relevant options and for security. If you agree to let us track your precise geolocation, we can customize our Services by personalizing language and content such as providing location-based options, functionality or offers, ads and search results. Even if you don't allow us to track your precise location, we may still use your address to send you location-based options recommended by businesses that are near your address. In addition, we will use precise geolocation to enhance the security of the Sites and Services. We collect precise geolocation data from Users while they are logged into their financial account.","Send you locally relevant options and for security. If you agree to let us track your precise geolocation, we can customize our Services by personalizing language and content such as providing location-based options, functionality or offers, ads and search results. Even if you don't allow us to track your precise location, we may still use your address to send you location-based options recommended by businesses that are near your address. In addition, we will use precise geolocation to enhance the security of the Sites and Services. We collect precise geolocation data from Users while they are logged into their financial account.",https://paypal.com,Medium,65,tracking_profiling|personal_data_collection,track || collect precise geolocation data from Users while they are logged into their financial,R003|R013,explainable_rules,0.65,False,,,,0.1172,train,AI-assisted weak label; requires human review before use as gold data
