service_id,service_name,service_rating,reviewed,point_title,point_description,topic_id,classification,weight,status
190,Amazon,D,True,This service can share your personal information to third parties ,Generated through the annotate view,48,neutral,50,approved
190,Amazon,D,True,The service can delete your account without prior notice and without a reason,Generated through the annotate view,47,bad,50,approved
190,Amazon,D,True,Invalidity of any portion of the Terms of Service does not entail invalidity of its remainder,Generated through the annotate view,31,neutral,50,approved
190,Amazon,D,True,Third parties are involved in operating the service,Created by Docbot version v3,48,neutral,50,approved
190,Amazon,D,True,They may stop providing the service at any time,Amazon can cancel your account and remove content at any time.,47,neutral,50,approved
190,Amazon,D,True," Terms may be changed any time at their discretion, without notice to the user ",Generated through the annotate view,46,bad,50,approved
190,Amazon,D,True,Prohibits political discussions or campaigning,"Full Quote: ""You may post reviews, comments, photos, videos, and other content. send e-cards and other communications. and submit suggestions, ideas, comments, questions, or other information, so long as the content is not illegal, obscene, threatening, defamatory, invasive of privacy, infringing of intellectual property rights (including publicity rights), or otherwise injurious to third parties or objectionable, and does not consist of or contain software viruses, political campaigning, commercial solicitation, chain letters, mass mailings, or any form of ""spam"" or unsolicited commercial electronic messages.""",52,neutral,50,approved
190,Amazon,D,True,The service assumes no liability for any damages the user incurs,Created by Docbot version v3,31,neutral,50,approved
190,Amazon,D,True,Information is gathered about you through third parties,Created by Docbot version v3,48,bad,50,approved
190,Amazon,D,True,Content you post may be edited by the service for any reason,Created by Docbot version v3,47,blocker,50,approved
190,Amazon,D,True,Your personal data is not sold,Generated through the annotate view,41,good,50,approved
190,Amazon,D,True,A free help desk is provided,Generated through the annotate view,36,good,50,approved
190,Amazon,D,True,You can opt out of promotional communications,Generated through the annotate view,34,good,50,approved
190,Amazon,D,True,Blocking first party cookies may limit your ability to use the service,Generated through the annotate view,25,neutral,50,approved
190,Amazon,D,True,Information is provided about security practices,Created by Docbot version v3,50,good,50,approved
190,Amazon,D,True,A complaint mechanism is provided for the handling of personal data,Created by Docbot version v3,41,good,50,approved
190,Amazon,D,True,Your personal data may be disclosed to comply with government requests without notice to you,Created by Docbot version v3,28,bad,50,approved
190,Amazon,D,True,First-party cookies are used,Generated through the annotate view,25,neutral,50,approved
190,Amazon,D,True,Information is provided about how your personal data is used,Generated through the annotate view,36,good,50,approved
190,Amazon,D,True,Your biometric data is collected,Generated through the annotate view,56,bad,50,approved
190,Amazon,D,True,Your personal data is aggregated into statistics,Generated through the annotate view,41,neutral,50,approved
190,Amazon,D,True,Your personal information is used for many different purposes,Generated through the annotate view,41,bad,50,approved
190,Amazon,D,True,Your provided identifiable information is actively checked by the service,Generated through the annotate view,26,bad,50,approved
190,Amazon,D,True,This service gives your personal data to third parties involved in its operation,Generated through the annotate view,48,neutral,50,approved
190,Amazon,D,True,Your personal data may be sold or otherwise transferred as part of a bankruptcy proceeding or other type of financial transaction,Generated through the annotate view,39,bad,50,approved
190,Amazon,D,True,Your personal data may be disclosed to comply with government requests without notice to you,Generated through the annotate view,28,bad,50,approved
190,Amazon,D,True,Information is provided about security practices,Generated through the annotate view,50,good,50,approved
190,Amazon,D,True,Your personal data may be used for marketing purposes,Generated through the annotate view,57,bad,50,approved
190,Amazon,D,True,Your personal data is used to employ targeted third-party advertising,Generated through the annotate view,57,bad,50,approved
190,Amazon,D,True,Third-party cookies are used for advertising,Generated through the annotate view,25,bad,50,approved
190,Amazon,D,True,You can opt out of targeted advertising,Generated through the annotate view,57,good,50,approved
190,Amazon,D,True,"Your IP address is collected, which can be used to view your approximate location",Generated through the annotate view,56,neutral,50,approved
190,Amazon,D,True,"You can request access, correction and/or deletion of your data",Generated through the annotate view,34,good,50,approved
190,Amazon,D,True,The service reviews its privacy policy on a regular basis,Generated through the annotate view,46,good,50,approved
190,Amazon,D,True,App required for this service requires broad device permissions,Generated through the annotate view,41,bad,50,approved
190,Amazon,D,True,Information is provided about what kind of information they collect,Generated through the annotate view,36,good,50,approved
190,Amazon,D,True,This service tracks you on other websites,Generated through the annotate view,25,bad,50,approved
190,Amazon,D,True,Your personal data is used to employ targeted third-party advertising,Generated through the annotate view,57,bad,50,approved
505,Canva,D,True,This service is only available to users over a certain age,Generated through the annotate view,31,neutral,50,approved
505,Canva,D,True,You are responsible for maintaining the security of your account and for the activities on your account,Generated through the annotate view,50,neutral,50,approved
505,Canva,D,True,You can opt out of promotional communications,Generated through the annotate view,34,good,50,approved
505,Canva,D,True,Minors must have the authorization of their legal guardians to use the service,Generated through the annotate view,31,neutral,50,approved
505,Canva,D,True,The posting of pornographic content is prohibited,Generated through the annotate view,52,neutral,50,approved
505,Canva,D,True,The service does not guarantee accuracy or reliability of the information provided,Generated through the annotate view,32,neutral,50,approved
505,Canva,D,True,Your account can be deleted without prior notice and without a reason,Generated through the annotate view,47,bad,50,approved
505,Canva,D,True,"Defend, indemnify, hold harmless; survives termination",Generated through the annotate view,31,neutral,50,approved
505,Canva,D,True,"You are prohibited from sending chain letters, junk mail, spam or any unsolicited messages",Generated through the annotate view,52,neutral,50,approved
505,Canva,D,True,This service informs you that its Terms of Service does not apply to third party websites,Generated through the annotate view,36,neutral,50,approved
505,Canva,D,True,They may stop providing the service at any time,Generated through the annotate view,47,neutral,50,approved
505,Canva,D,True,You are responsible for maintaining the security of your account and for the activities on your account,Generated through the annotate view,50,neutral,50,approved
505,Canva,D,True,You must report to the service any unauthorized use of your account or any breach of security,Generated through the annotate view,50,neutral,50,approved
505,Canva,D,True,Your content can be distributed through any media known now or in the future,Generated through the annotate view,30,neutral,50,approved
505,Canva,D,True,You must provide your identifiable information,Generated through the annotate view,26,bad,50,approved
505,Canva,D,True,"Conditions may change, but your continued acceptance is not inferred from an earlier acceptance",Generated through the annotate view,46,neutral,50,approved
505,Canva,D,True,"Prices and fees may be changed at any time, without notice to you",Generated through the annotate view,54,bad,50,approved
505,Canva,D,True,"Spidering, crawling, or accessing the site through any automated means is not allowed",Generated through the annotate view,52,neutral,50,approved
505,Canva,D,True,The service has a no refund policy,Generated through the annotate view,54,neutral,50,approved
505,Canva,D,True,Blocking first party cookies may limit your ability to use the service,Generated through the annotate view,25,neutral,50,approved
505,Canva,D,True,"You are tracked via web beacons, tracking pixels, browser fingerprinting, and/or device fingerprinting",Generated through the annotate view,25,bad,50,approved
505,Canva,D,True,"This service may collect, use, and share location data",Generated through the annotate view,41,bad,50,approved
505,Canva,D,True,Third-party web beacons are used for advertising,Generated through the annotate view,25,bad,50,approved
505,Canva,D,True,Tracking pixels are used in service-to-user communication,Generated through the annotate view,25,bad,50,approved
505,Canva,D,True,Third-party cookies are used for statistics,Generated through the annotate view,25,bad,50,approved
505,Canva,D,True,Your personal data is not sold,Generated through the annotate view,41,good,50,approved
505,Canva,D,True, You are being tracked via social media cookies/pixels,Generated through the annotate view,25,bad,50,approved
505,Canva,D,True,Your content can be deleted if you violate the terms,Created by Docbot version v3,47,neutral,50,approved
536,Discord,E,True,"Instead of asking directly, this Service will assume your consent merely from your usage.",Generated through the annotate view,46,bad,50,approved
536,Discord,E,True,Your account can be suspended for several reasons,Generated through the annotate view,47,neutral,50,approved
536,Discord,E,True,You can delete your content from this service,Generated through the annotate view,45,good,50,approved
536,Discord,E,True,Your account can be deleted without prior notice and without a reason,Generated through the annotate view,47,bad,50,approved
536,Discord,E,True,Information is gathered about you through third parties,Generated through the annotate view,48,bad,50,approved
536,Discord,E,True,Extra data may be collected about you through promotions,Generated through the annotate view,57,bad,50,approved
536,Discord,E,True,This service is only available to users over 13 years old,Generated through the annotate view,31,neutral,50,approved
536,Discord,E,True,You authorise the service to charge a credit card supplied on re-occurring basis,Generated through the annotate view,54,neutral,50,approved
536,Discord,E,True,Some personal data may be kept for business interests or legal obligations,Generated through the annotate view,45,bad,50,approved
536,Discord,E,True,Your personal data may be sold or otherwise transferred as part of a bankruptcy proceeding or other type of financial transaction,Generated through the annotate view,39,bad,50,approved
536,Discord,E,True, A list of all cookies set by the website is provided,Generated through the annotate view,36,good,50,approved
536,Discord,E,True,Changes in policies are applied retroactively.,Generated through the annotate view,38,blocker,50,approved
536,Discord,E,True,You agree not to use the service for illegal purposes,Generated through the annotate view,52,neutral,50,approved
536,Discord,E,True,First-party cookies are used,Generated through the annotate view,25,neutral,50,approved
536,Discord,E,True,Two factor authentication is provided for your account,Generated through the annotate view,50,good,50,approved
536,Discord,E,True,"Your IP address is collected, which can be used to view your approximate location",Generated through the annotate view,56,neutral,50,approved
536,Discord,E,True, You are being tracked via social media cookies/pixels,Generated through the annotate view,25,bad,50,approved
536,Discord,E,True,Third parties are involved in operating the service,Generated through the annotate view,48,neutral,50,approved
536,Discord,E,True,App required for this service requires broad device permissions,Generated through the annotate view,41,bad,50,approved
536,Discord,E,True,This service tracks which web page referred you to it,Generated through the annotate view,25,bad,50,approved
536,Discord,E,True,Minors must have the authorization of their legal guardians to use the service,Created by Docbot version v3,31,neutral,50,approved
536,Discord,E,True,Your provided identifiable information is actively checked by the service,Generated through the annotate view,26,bad,50,approved
536,Discord,E,True,Harming minors in any ways is prohibited,Generated through the annotate view,31,neutral,50,approved
536,Discord,E,True,"You are prohibited from sending chain letters, junk mail, spam or any unsolicited messages",Generated through the annotate view,52,neutral,50,approved
536,Discord,E,True,Users who have been permanently banned from this service are not allowed to re-register under a new account,Generated through the annotate view,47,neutral,50,approved
536,Discord,E,True,Your personal data is not sold,Generated through the annotate view,41,good,50,approved
536,Discord,E,True,Information is provided about what kind of information they collect,Generated through the annotate view,36,good,50,approved
536,Discord,E,True,You can limit how your information is used by third-parties and the service,Generated through the annotate view,34,good,50,approved
536,Discord,E,True,Many different types of personal data are collected,Generated through the annotate view,41,bad,50,approved
536,Discord,E,True,This service shares your personal data with third parties that are not essential to its operation,Generated through the annotate view,48,bad,50,approved
536,Discord,E,True,They store data on you even if you did not interact with the service,Generated through the annotate view,41,blocker,50,approved
536,Discord,E,True,First-party cookies are used,Generated through the annotate view,25,neutral,50,approved
536,Discord,E,True,Your profile is combined across various products,Generated through the annotate view,26,bad,50,approved
536,Discord,E,True,Information is provided about how your personal data is used,Generated through the annotate view,36,good,50,approved
536,Discord,E,True,The service claims to be GDPR compliant for European users,Generated through the annotate view,44,good,50,approved
536,Discord,E,True,"Your personal data is used for automated decision-making, profiling or AI training",Generated through the annotate view,41,blocker,50,approved
536,Discord,E,True,Your personal data may be used for marketing purposes,Generated through the annotate view,57,bad,50,approved
536,Discord,E,True,You can opt out of promotional communications,Generated through the annotate view,34,good,50,approved
536,Discord,E,True,The service may inform and/or notify you regarding government inquiries that may involve your personal data,Generated through the annotate view,28,good,50,approved
536,Discord,E,True,Your personal data is aggregated into statistics,Generated through the annotate view,41,neutral,50,approved
536,Discord,E,True,Information is provided about security practices,Generated through the annotate view,50,good,50,approved
536,Discord,E,True,"You can request access, correction and/or deletion of your data",Generated through the annotate view,34,good,50,approved
536,Discord,E,True,"This service claims certain user-generated content like voice and video calls is encrypted, and they can not decrypt it",Generated through the annotate view,52,good,50,approved
536,Discord,E,True,Minors must have the authorization of their legal guardians to use the service,Generated through the annotate view,31,neutral,50,approved
536,Discord,E,True,They may stop providing the service at any time,Generated through the annotate view,47,neutral,50,approved
536,Discord,E,True,"The service provider makes no warranty regarding uninterrupted, timely, secure or error-free service",Generated through the annotate view,32,neutral,50,approved
536,Discord,E,True,You must create an account to use this service,Generated through the annotate view,36,neutral,50,approved
536,Discord,E,True,You must provide your identifiable information,Generated through the annotate view,26,bad,50,approved
536,Discord,E,True,You are responsible for maintaining the security of your account and for the activities on your account,Generated through the annotate view,50,neutral,50,approved
536,Discord,E,True,You must report to the service any unauthorized use of your account or any breach of security,Generated through the annotate view,50,neutral,50,approved
536,Discord,E,True,You cannot distribute or disclose your account to third parties,Generated through the annotate view,36,neutral,50,approved
536,Discord,E,True,Usernames can be rejected or changed for any reason,Generated through the annotate view,47,bad,50,approved
536,Discord,E,True,You maintain ownership of your content,Generated through the annotate view,27,good,50,approved
536,Discord,E,True,The service has non-exclusive use of your content,Generated through the annotate view,30,good,50,approved
536,Discord,E,True,User accounts can be terminated after having been in breach of the terms of service repeatedly,Generated through the annotate view,47,good,50,approved
536,Discord,E,True,Your account can be suspended for several reasons,Generated through the annotate view,47,neutral,50,approved
536,Discord,E,True,Your content can be licensed to third parties,Generated through the annotate view,30,bad,50,approved
536,Discord,E,True,"If you offer suggestions to the service, they become the owner of the ideas that you give them",Generated through the annotate view,27,bad,50,approved
536,Discord,E,True,This service does not condone any ideas contained in its user-generated contents,Generated through the annotate view,52,neutral,50,approved
536,Discord,E,True,The service is not responsible for linked or (clearly) quoted content from third-party content providers,Generated through the annotate view,55,neutral,50,approved
536,Discord,E,True,This service informs you that its Terms of Service does not apply to third party websites,Generated through the annotate view,36,neutral,50,approved
536,Discord,E,True,"You agree to defend, indemnify, and hold the service harmless in case of a claim related to your use of the service",Generated through the annotate view,31,neutral,50,approved
536,Discord,E,True,The service is provided 'as is' and to be used at your sole risk,Generated through the annotate view,32,neutral,50,approved
536,Discord,E,True,The service does not guarantee accuracy or reliability of the information provided,Generated through the annotate view,32,neutral,50,approved
536,Discord,E,True,You are forced into binding arbitration in case of disputes if living in Canada or the U.S.,Generated through the annotate view,42,bad,50,approved
536,Discord,E,True,"Spidering, crawling, or accessing the site through any automated means is not allowed",Generated through the annotate view,52,neutral,50,approved
536,Discord,E,True,You have the right to leave this service at any time,Generated through the annotate view,45,good,50,approved
536,Discord,E,True,No guarantee is given regarding quality,Generated through the annotate view,32,neutral,50,approved
536,Discord,E,True,The service assumes no liability for any damages the user incurs,Generated through the annotate view,31,neutral,50,approved
536,Discord,E,True,This service assumes no liability for unauthorized access to your personal information,Generated through the annotate view,41,bad,50,approved
536,Discord,E,True,You aren’t forced into binding arbitration in case of disputes,Generated through the annotate view,42,good,50,approved
536,Discord,E,True,You waive your right to a class action.,Generated through the annotate view,42,bad,50,approved
536,Discord,E,True,"Other applicable rules, terms, conditions or guidelines",Generated through the annotate view,31,neutral,50,approved
536,Discord,E,True,"The court of law governing the terms is in a jurisdiction that is friendlier to user privacy protection (California, U.S.A.)",Generated through the annotate view,44,good,50,approved
536,Discord,E,True,Any liability on behalf of the service is only limited to the fees you paid as a user,Generated through the annotate view,31,bad,50,approved
536,Discord,E,True,You have a reduced time period to take legal action against the service,Generated through the annotate view,31,bad,50,approved
536,Discord,E,True,Third-party cookies are used for statistics,Generated through the annotate view,25,bad,50,approved
536,Discord,E,True,"Third party cookies are employed, but with opt out instructions",Generated through the annotate view,25,bad,50,approved
536,Discord,E,True,"Defend, indemnify, hold harmless; survives termination",Generated through the annotate view,31,neutral,50,approved
536,Discord,E,True,Your provided identifiable information is actively checked by the service,Generated through the annotate view,26,bad,50,approved
536,Discord,E,True,"You agree not to submit libelous, harassing or threatening content",Generated through the annotate view,52,neutral,50,approved
536,Discord,E,True,You are prohibited from posting content which promotes violence or politically or religiously extremist values.,Generated through the annotate view,52,neutral,50,approved
536,Discord,E,True,You can retrieve an archive of your data,Generated through the annotate view,34,good,50,approved
536,Discord,E,True,Blocking first party cookies may limit your ability to use the service,Generated through the annotate view,25,neutral,50,approved
536,Discord,E,True,The service claims to be LGPD compliant for Brazilian users,Generated through the annotate view,44,good,50,approved
536,Discord,E,True,The service claims to be CCPA compliant for California users,Generated through the annotate view,44,good,50,approved
536,Discord,E,True,You are prohibited from attempting to gain unauthorized access to other computer systems,Generated through the annotate view,31,neutral,50,approved
270,Dropbox,D,True,Many third parties are involved in operating the service,Generated through the annotate view,48,bad,50,approved
270,Dropbox,D,True,This service receives your percise location through GPS coordinates,Generated through the annotate view,56,bad,50,approved
270,Dropbox,D,True,Do Not Track (DNT) headers are ignored and you are tracked anyway even if you set this header.,Generated through the annotate view,25,neutral,50,approved
270,Dropbox,D,True,Blocking first party cookies may limit your ability to use the service,Generated through the annotate view,25,neutral,50,approved
270,Dropbox,D,True,You are entitled to a refund if certain thresholds or standards are not met by the service,Generated through the annotate view,54,good,50,approved
270,Dropbox,D,True,You maintain ownership of your data,"""These Terms don't give us any rights to Your Stuff except for the limited rights that enable us to offer the Services.""",27,good,50,approved
270,Dropbox,D,True,You can delete your content from this service,Created by Docbot version v3,45,good,50,approved
270,Dropbox,D,True,First-party cookies are used,Created by Docbot version v3,25,neutral,50,approved
270,Dropbox,D,True,You cannot distribute or disclose your account to third parties,Created by Docbot version v3,36,neutral,50,approved
270,Dropbox,D,True,The service claims to be CCPA compliant for California users,Created by Docbot version v3,44,good,50,approved
270,Dropbox,D,True,Tracking via third-party cookies for other purposes without your consent.,Generated through the annotate view,25,bad,50,approved
270,Dropbox,D,True,"You are prohibited from sending chain letters, junk mail, spam or any unsolicited messages",Created by Docbot version v3,52,neutral,50,approved
270,Dropbox,D,True,The service is provided 'as is' and to be used at your sole risk,Created by Docbot version v3,32,neutral,50,approved
270,Dropbox,D,True,The service does not guarantee accuracy or reliability of the information provided,Created by Docbot version v3,32,neutral,50,approved
270,Dropbox,D,True,You can retrieve an archive of your data,Created by Docbot version v3,34,good,50,approved
270,Dropbox,D,True,"You can request access, correction and/or deletion of your data",Created by Docbot version v3,34,good,50,approved
270,Dropbox,D,True,Your Personal data may be sold unless you opt out,Created by Docbot version v3,41,bad,50,approved
270,Dropbox,D,True,You can opt out of promotional communications,Created by Docbot version v3,34,good,50,approved
270,Dropbox,D,True,Information is provided about security practices,Created by Docbot version v3,50,good,50,approved
270,Dropbox,D,True,Information is provided about how your personal data is used,Created by Docbot version v3,36,good,50,approved
270,Dropbox,D,True,Third parties are involved in operating the service,Created by Docbot version v3,48,neutral,50,approved
270,Dropbox,D,True,Blocking first party cookies may limit your ability to use the service,Created by Docbot version v3,25,neutral,50,approved
270,Dropbox,D,True,Tracking pixels are used in service-to-user communication,Created by Docbot version v3,25,bad,50,approved
270,Dropbox,D,True,"Your IP address is collected, which can be used to view your approximate location",Created by Docbot version v3,56,neutral,50,approved
270,Dropbox,D,True,Many different types of personal data are collected,Created by Docbot version v3,41,bad,50,approved
270,Dropbox,D,True,Archives of their agreements are provided so that changes can be viewed over time,Generated through the annotate view,36,good,50,approved
270,Dropbox,D,True,This service does not condone any ideas contained in its user-generated contents,Generated through the annotate view,52,neutral,50,approved
270,Dropbox,D,True,You agree not to use the service for illegal purposes,Generated through the annotate view,52,neutral,50,approved
270,Dropbox,D,True,Information is provided about what kind of information they collect,Created by Docbot version v3,36,good,50,approved
270,Dropbox,D,True,The data retention period is kept to the minimum necessary for fulfilling its purposes,Created by Docbot version v3,45,good,50,approved
270,Dropbox,D,True, A list of all cookies set by the website is provided,Created by Docbot version v3,36,good,50,approved
270,Dropbox,D,True,Third-party cookies are used for advertising,Created by Docbot version v3,25,bad,50,approved
270,Dropbox,D,True,"Third party cookies are employed, but with opt out instructions",Created by Docbot version v3,25,bad,50,approved
270,Dropbox,D,True,Your personal data may be disclosed to comply with government requests without notice to you,Created by Docbot version v3,28,bad,50,approved
270,Dropbox,D,True,"You are tracked via web beacons, tracking pixels, browser fingerprinting, and/or device fingerprinting",Created by Docbot version v3,25,bad,50,approved
270,Dropbox,D,True,Third-party cookies are used for statistics,Created by Docbot version v3,25,bad,50,approved
270,Dropbox,D,True, You are being tracked via social media cookies/pixels,Created by Docbot version v3,25,bad,50,approved
270,Dropbox,D,True,Your personal data is used to employ targeted third-party advertising,Created by Docbot version v3,57,bad,50,approved
270,Dropbox,D,True,Your private content may be accessed by people working for the service,Generated through the annotate view,41,neutral,50,approved
270,Dropbox,D,True,This service is only available to users over a certain age,Generated through the annotate view,31,neutral,50,approved
270,Dropbox,D,True,The service is not responsible for linked or (clearly) quoted content from third-party content providers,Generated through the annotate view,55,neutral,50,approved
270,Dropbox,D,True,This service assumes no responsibility and liability for the contents of links to other websites,Generated through the annotate view,31,neutral,50,approved
270,Dropbox,D,True,"If you offer suggestions to the service, they become the owner of the ideas that you give them",Generated through the annotate view,27,bad,50,approved
270,Dropbox,D,True,"If you are the target of a copyright claim, your content may be removed",Generated through the annotate view,47,neutral,50,approved
270,Dropbox,D,True,Instructions are provided on how to submit a copyright claim,Generated through the annotate view,30,neutral,50,approved
270,Dropbox,D,True,You authorise the service to charge a credit card supplied on re-occurring basis,Generated through the annotate view,54,neutral,50,approved
270,Dropbox,D,True,User accounts can be terminated after having been in breach of the terms of service repeatedly,Generated through the annotate view,47,good,50,approved
270,Dropbox,D,True,Your account can be suspended for several reasons,Generated through the annotate view,47,neutral,50,approved
270,Dropbox,D,True,"When the service wants to make a material change to its terms, you are notified at least 30 days in advance",Generated through the annotate view,46,good,50,approved
270,Dropbox,D,True,They may stop providing the service at any time,Generated through the annotate view,47,neutral,50,approved
270,Dropbox,D,True,This service does not guarantee that it or the products obtained through it meet your expectations or requirements,Generated through the annotate view,32,neutral,50,approved
270,Dropbox,D,True,The service assumes no liability for any damages the user incurs,Generated through the annotate view,31,neutral,50,approved
270,Dropbox,D,True,Any liability on behalf of the service is only limited to the fees you paid as a user,Generated through the annotate view,31,bad,50,approved
270,Dropbox,D,True,You are forced into binding arbitration in case of disputes if living in the U.S.,Generated through the annotate view,42,bad,50,approved
270,Dropbox,D,True,You waive your right to a class action.,Generated through the annotate view,42,bad,50,approved
270,Dropbox,D,True,Invalidity of any portion of the Terms of Service does not entail invalidity of its remainder,Generated through the annotate view,31,neutral,50,approved
270,Dropbox,D,True,"Instead of asking directly, this Service will assume your consent to changes of terms merely from your usage.",Generated through the annotate view,46,bad,50,approved
270,Dropbox,D,True,There is a date of the last update of the agreements,Generated through the annotate view,38,neutral,50,approved
270,Dropbox,D,True,You must create an account to use this service,Generated through the annotate view,36,neutral,50,approved
270,Dropbox,D,True,This service gives your personal data to third parties involved in its operation,Generated through the annotate view,48,neutral,50,approved
270,Dropbox,D,True,Minors must have the authorization of their legal guardians to use the service,Generated through the annotate view,31,neutral,50,approved
270,Dropbox,D,True,The court of law governing the terms is in location X,Generated through the annotate view,44,neutral,50,approved
182,Facebook,E,True,This service claims that your personal data is not being sold,Generated through the annotate view,41,good,50,approved
182,Facebook,E,True,Spidering or crawling is not allowed,Generated through the annotate view,52,neutral,50,approved
182,Facebook,E,True,This service provides an onion site accessible over Tor,Facebook is also reachable at https://www.facebookwkhpilnemxj7asaniu7vnjjbiltxjqhye3mhbshg7kx5tfyd.onion/,26,good,50,approved
182,Facebook,E,True,Information is provided about how your personal data is used,Generated through the annotate view,36,good,50,approved
182,Facebook,E,True,Your content can be deleted if you violate the terms,Created by Docbot version v3,47,neutral,50,approved
182,Facebook,E,True,You cannot distribute or disclose your account to third parties,Generated through the annotate view,36,neutral,50,approved
182,Facebook,E,True,Your account can be suspended for several reasons,Created by Docbot version v3,47,neutral,50,approved
182,Facebook,E,True,The service is provided 'as is' and to be used at your sole risk,Created by Docbot version v3,32,neutral,50,approved
182,Facebook,E,True,Information is provided about what kind of personal information is collected,Created by Docbot version v3,36,good,50,approved
182,Facebook,E,True,You agree not to use the service for illegal purposes,Created by Docbot version v3,52,neutral,50,approved
182,Facebook,E,True,The service assumes no liability for any damages the user incurs,Created by Docbot version v3,31,neutral,50,approved
182,Facebook,E,True,Invalidity of any portion of the Terms of Service does not entail invalidity of its remainder,Created by Docbot version v3,31,neutral,50,approved
182,Facebook,E,True,Failure to enforce any provision of the Terms of Service does not constitute a waiver of such provision,Created by Docbot version v3,31,neutral,50,approved
182,Facebook,E,True,The posting of pornographic content is prohibited,Created by Docbot version v3,52,neutral,50,approved
182,Facebook,E,True,No guarantee is made reguarding the accuracy and/or reliability of the information provided,Created by Docbot version v3,32,neutral,50,approved
182,Facebook,E,True,"When the service wants to make a material change to its terms, you are notified at least 30 days in advance",Generated through the annotate view,46,good,50,approved
182,Facebook,E,True,"The service provider makes no warranty regarding uninterrupted, timely, secure or error-free service",Generated through the annotate view,32,neutral,50,approved
182,Facebook,E,True,This service does not guarantee that it or the products obtained through it meet your expectations or requirements,Generated through the annotate view,32,neutral,50,approved
182,Facebook,E,True,"If you offer suggestions to the service, they may use that without your approval or compensation, but they do not become the owner",Generated through the annotate view,27,good,50,approved
182,Facebook,E,True,"You are prohibited from sending chain letters, junk mail, spam or any unsolicited messages",Generated through the annotate view,52,neutral,50,approved
182,Facebook,E,True,You maintain ownership of your content,Generated through the annotate view,27,good,50,approved
182,Facebook,E,True,Copyright license limited for the purposes of that same service but transferable and sublicenseable,Generated through the annotate view,30,good,50,approved
182,Facebook,E,True,You can delete your content from this service,Generated through the annotate view,45,good,50,approved
182,Facebook,E,True,Your identity is used in ads that are shown to other users,Generated through the annotate view,57,blocker,50,approved
182,Facebook,E,True,You aren’t forced into binding arbitration in case of disputes,Generated through the annotate view,42,good,50,approved
182,Facebook,E,True,Information is provided about what kind of information they collect,Generated through the annotate view,36,good,50,approved
182,Facebook,E,True,"Other applicable rules, terms, conditions or guidelines",Generated through the annotate view,31,neutral,50,approved
182,Facebook,E,True,Private messages that are not end-to-end encrypted can be read,Does not apply to Facebook Messenger or other end-to-end encrypted conversations.,41,blocker,50,approved
182,Facebook,E,True,"You are tracked via web beacons, tracking pixels, browser fingerprinting, and/or device fingerprinting",Generated through the annotate view,25,bad,50,approved
182,Facebook,E,True,This service gives your personal data to third parties involved in its operation,Generated through the annotate view,48,neutral,50,approved
182,Facebook,E,True,This service shares your personal data with third parties that are not essential to its operation,Purpose included: marketing,48,bad,50,approved
182,Facebook,E,True,Your personal data may be sold or otherwise transferred as part of a bankruptcy proceeding or other type of financial transaction,Generated through the annotate view,39,bad,50,approved
182,Facebook,E,True,You can opt out of targeted advertising,Generated through the annotate view,57,good,50,approved
182,Facebook,E,True,Your personal information is used for many different purposes,Generated through the annotate view,41,bad,50,approved
182,Facebook,E,True,Your data may be processed and stored anywhere in the world,Generated through the annotate view,41,bad,50,approved
182,Facebook,E,True,Your personal data may be disclosed to comply with government requests without notice to you,Generated through the annotate view,28,bad,50,approved
182,Facebook,E,True,Users who have been permanently banned from this service are not allowed to re-register under a new account,Generated through the annotate view,47,neutral,50,approved
182,Facebook,E,True,Many different types of personal data are collected,"""email address, phone number or age""
""what you click on or like, your posts and photos, your chats with AI at Meta, and messages you send""
""Who your friends or followers are, and what they do on our Products""
""Information from the phone, computer, or tablet you use our Products on""
""Content you provide through our camera feature or your camera roll settings, or through our voice-enabled features""
""Interactions with AI at Meta and related metadata.""
""Types of content, including ads, you view or interact with, and how you interact with it. Apps and features you use, and what actions you take in them.""
""Purchases or other transactions you make, such as through Meta checkout experiences, including credit card information""
""The time, frequency and duration of your activities on our Products""
""What you’re doing on your device, like whether our app is in the foreground or if your mouse is moving""
""Information you’ve shared with us through device settings, like GPS location, camera access, photos and related metadata""",41,bad,50,approved
182,Facebook,E,True,Your profile is combined across various products,Generated through the annotate view,26,bad,50,approved
182,Facebook,E,True, A list of all cookies set by the website is provided,Generated through the annotate view,36,good,50,approved
182,Facebook,E,True,Third-party cookies are used for advertising,Generated through the annotate view,25,bad,50,approved
182,Facebook,E,True,Your personal data is used to employ targeted third-party advertising,Generated through the annotate view,57,bad,50,approved
182,Facebook,E,True,This Service provides a list of Third Parties involved in its operation.,Generated through the annotate view,36,good,50,approved
182,Facebook,E,True,Information is provided about how your personal data is collected,Generated through the annotate view,36,good,50,approved
182,Facebook,E,True,Your data is collected even if you did not interact with the service directly,Generated through the annotate view,41,blocker,50,approved
182,Facebook,E,True,"Third party cookies are employed, but with opt out instructions",Generated through the annotate view,25,bad,50,approved
182,Facebook,E,True,Blocking first party cookies may limit your ability to use the service,Generated through the annotate view,25,neutral,50,approved
182,Facebook,E,True,This service tracks you on other websites,Generated through the annotate view,25,bad,50,approved
182,Facebook,E,True,You can opt out of targeted advertising,Generated through the annotate view,57,good,50,approved
182,Facebook,E,True,Your biometric data is collected,Generated through the annotate view,56,bad,50,approved
182,Facebook,E,True,"Your IP address is collected, which can be used to view your approximate location",Generated through the annotate view,56,neutral,50,approved
182,Facebook,E,True,Information is gathered about you through third parties,Generated through the annotate view,48,bad,50,approved
182,Facebook,E,True,You can choose with whom you share content,Generated through the annotate view,34,good,50,approved
182,Facebook,E,True,App required for this service requires broad device permissions,Generated through the annotate view,41,bad,50,approved
182,Facebook,E,True,This service receives your precise location through GPS coordinates,Generated through the annotate view,56,bad,50,approved
182,Facebook,E,True, You are being tracked via social media cookies/pixels,Generated through the annotate view,25,bad,50,approved
182,Facebook,E,True,Third parties are not allowed to access your personal information without a legal basis,Generated through the annotate view,28,good,50,approved
182,Facebook,E,True,Many third parties are involved in operating the service,Generated through the annotate view,48,bad,50,approved
182,Facebook,E,True,"This service may collect, use, and share location data, even if you turn off location sharing",Generated through the annotate view,41,bad,50,approved
182,Facebook,E,True,Your personal data is aggregated into statistics,Generated through the annotate view,41,neutral,50,approved
182,Facebook,E,True,First-party cookies are used,Generated through the annotate view,25,neutral,50,approved
182,Facebook,E,True,"Your personal data is used for automated decision-making, profiling or AI training",Generated through the annotate view,41,blocker,50,approved
182,Facebook,E,True,Your personal data may be used for marketing purposes,Generated through the annotate view,57,bad,50,approved
182,Facebook,E,True,Tracking pixels are used in service-to-user communication,Generated through the annotate view,25,bad,50,approved
182,Facebook,E,True,This service informs you that its Privacy Policy does not apply to third-party services,Generated through the annotate view,36,neutral,50,approved
297,GitHub,D,True,The service provides two factor authentification for your account,Generated through the annotate view,50,good,50,approved
297,GitHub,D,True,The service is provided 'as is' and to be used at the users' sole risk,Generated through the annotate view,32,neutral,50,approved
297,GitHub,D,True,Service does not allow alternative accounts,Generated through the annotate view,26,neutral,50,approved
297,GitHub,D,True,This service is only available to users of a certain age,Generated through the annotate view,31,neutral,50,approved
297,GitHub,D,True,You have the right to leave this service at any time,Generated through the annotate view,45,good,50,approved
297,GitHub,D,True,You maintain ownership of your data,Generated through the annotate view,27,good,50,approved
297,GitHub,D,True,This service does not guarantee that it or the products obtained through it meet the users' expectations or requirements,Generated through the annotate view,32,neutral,50,approved
297,GitHub,D,True,You shall defend and indemnify GitHub,,31,neutral,50,approved
297,GitHub,D,True,Failure to enforce any provision of the Terms of Service does not constitute a waiver of such provision,Generated through the annotate view,31,neutral,50,approved
297,GitHub,D,True,The terms for this service are easy to read,Generated through the annotate view,36,good,50,approved
297,GitHub,D,True,This service assumes no liability for unauthorized access to your personal information,Generated through the annotate view,41,bad,50,approved
297,GitHub,D,True,You are responsible for maintaining the security of your account and for the activities on your account,Generated through the annotate view,50,neutral,50,approved
297,GitHub,D,True,The service does not guarantee accuracy or reliability of the information provided,"""GitHub does not warrant that the Service will meet your requirements.[...] that the information provided through the Service is accurate, reliable or correct.""",32,neutral,50,approved
297,GitHub,D,True,The service does not guarantee that software errors will be corrected,"""GitHub does not warrant that the Service will meet your requirements.[...] that any defects or errors will be corrected. that the Service will be available at any particular time or location. or that the Service is free of viruses or other harmful components.""",32,bad,50,approved
297,GitHub,D,True,Provides instructions on how to submit a copyright claim,Generated through the annotate view,30,neutral,50,approved
297,GitHub,D,True,The service has a no refund policy,Generated through the annotate view,54,neutral,50,approved
297,GitHub,D,True,You authorise the service to charge a credit card supplied on re-occurring basis,Generated through the annotate view,54,neutral,50,approved
297,GitHub,D,True,"defend, indemnify, hold harmless; survives termination",Generated through the annotate view,31,neutral,50,approved
297,GitHub,D,True,"The service provider makes no warranty regarding uninterrupted, timely, secure or error-free service","""GitHub does not warrant that the Service will meet your requirements. that the Service will be uninterrupted, timely, secure, or error-free.""",32,neutral,50,approved
297,GitHub,D,True,They may stop providing the service at any time,Generated through the annotate view,47,neutral,50,approved
297,GitHub,D,True,"Users are responsible for any risks, damages, or losses they may incur by downloading materials",Generated through the annotate view,32,neutral,50,approved
297,GitHub,D,True,"The court of law governing the terms is in California, USA.",Generated through the annotate view,44,neutral,50,approved
297,GitHub,D,True,Users agree to comply with the law of the service's country,Generated through the annotate view,28,neutral,50,approved
297,GitHub,D,True,You cannot distribute or disclose your account to third parties,Generated through the annotate view,36,neutral,50,approved
297,GitHub,D,True,Invalidity of any portion of the Terms of Service does not entail invalidity of its remainder,Generated through the annotate view,31,neutral,50,approved
297,GitHub,D,True,Copyright license limited for the purposes of that same service but transferable and sublicenseable,Generated through the annotate view,30,good,50,approved
297,GitHub,D,True,This service cannot be held responsible for disputes that you may have with other users,Generated through the annotate view,31,neutral,50,approved
297,GitHub,D,True,This service assumes no liability for any losses or damages resulting from any matter relating to the service,Generated through the annotate view,31,neutral,50,approved
297,GitHub,D,True,This service is a subsidiary of Microsoft,,36,neutral,50,approved
297,GitHub,D,True,Your account can be suspended and your data deleted any time for any reason,"“GitHub, in its sole discretion, has the right to suspend or terminate your account and refuse any and all current or future use of the Service, or any other GitHub service, for any reason at any time. Such termination of the Service will result in the deactivation or deletion of your Account or your access to your Account, and the forfeiture and relinquishment of all Content in your Account. GitHub reserves the right to refuse service to anyone for any reason at any time. ” However, most of your data at GitHub can be exported with 'git clone' (for the wiki) and with the API (for the issues).",47,bad,50,approved
297,GitHub,D,True,The copyright license that users grant this service is limited to the parties that make up the service's broader platform.,Generated through the annotate view,30,neutral,50,approved
297,GitHub,D,True,"When the service wants to make a material change to its terms, users are notified at least 30 days in advance",Generated through the annotate view,46,good,50,approved
297,GitHub,D,True,"The terms may be changed at any time, but you will receive notification of the changes",Created by Docbot version v3,46,neutral,50,approved
297,GitHub,D,True,The court of law governing the terms is in a jurisdiction that is friendlier to user privacy protection.,Created by Docbot version v3,44,good,50,approved
297,GitHub,D,True,You agree not to use the service for illegal purposes,Created by Docbot version v3,52,neutral,50,approved
297,GitHub,D,True,Third-party cookies are used for advertising,Generated through the annotate view,25,bad,50,approved
297,GitHub,D,True, You are being tracked via social media cookies/pixels,Generated through the annotate view,25,bad,50,approved
297,GitHub,D,True,You must report to the service any unauthorized use of your account or any breach of security,Created by Docbot version v3,50,neutral,50,approved
297,GitHub,D,True,The service informs you that its privacy policy does not apply to third party websites,Generated through the annotate view,36,neutral,50,approved
297,GitHub,D,True,Information is provided about what kind of information they collect,Generated through the annotate view,36,good,50,approved
297,GitHub,D,True,Information is gathered about you through third parties,Generated through the annotate view,48,bad,50,approved
297,GitHub,D,True,First-party cookies are used,Generated through the annotate view,25,neutral,50,approved
297,GitHub,D,True,"Your IP address is collected, which can be used to view your approximate location",Generated through the annotate view,56,neutral,50,approved
297,GitHub,D,True,This service tracks which web page referred you to it,Generated through the annotate view,25,bad,50,approved
297,GitHub,D,True,Third parties used by the service are bound by confidentiality obligations,Generated through the annotate view,48,good,50,approved
297,GitHub,D,True,Tracking pixels are used in service-to-user communication,Generated through the annotate view,25,bad,50,approved
297,GitHub,D,True,You can retrieve an archive of your data,Generated through the annotate view,34,good,50,approved
297,GitHub,D,True,Your personal data is aggregated into statistics,Generated through the annotate view,41,neutral,50,approved
297,GitHub,D,True,Extra data may be collected about you through promotions,Generated through the annotate view,57,bad,50,approved
297,GitHub,D,True,Your personal data may be sold or otherwise transferred as part of a bankruptcy proceeding or other type of financial transaction,Generated through the annotate view,39,bad,50,approved
297,GitHub,D,True,This Service provides a list of Third Parties involved in its operation.,Generated through the annotate view,36,good,50,approved
297,GitHub,D,True,"When the service wants to make a material change to its Privacy Policy, you are notified at least 30 days in advance",Generated through the annotate view,46,good,50,approved
297,GitHub,D,True,Third parties are involved in operating the service,Generated through the annotate view,48,neutral,50,approved
297,GitHub,D,True,Information is provided about how your personal data is used,Generated through the annotate view,36,good,50,approved
297,GitHub,D,True,Your personal data is used to employ targeted third-party advertising,Generated through the annotate view,57,bad,50,approved
297,GitHub,D,True,You are warned of the potential consequences related to third-party access,Generated through the annotate view,48,good,50,approved
297,GitHub,D,True,The service claims to be GDPR compliant for European users,Generated through the annotate view,44,good,50,approved
297,GitHub,D,True,A complaint mechanism is provided for the handling of personal data,Generated through the annotate view,41,good,50,approved
297,GitHub,D,True,Some personal data may be kept for business interests or legal obligations,Generated through the annotate view,45,bad,50,approved
297,GitHub,D,True,The service promises to inform and/or notify you regarding government inquiries that may involve your personal data,Generated through the annotate view,28,good,50,approved
297,GitHub,D,True,The data retention period is kept to the minimum necessary for fulfilling its purposes,Generated through the annotate view,45,good,50,approved
297,GitHub,D,True,The terms for this service are translated into different languages,Generated through the annotate view,36,neutral,50,approved
297,GitHub,D,True,"Third party cookies are employed, but with opt out instructions",Generated through the annotate view,25,bad,50,approved
297,GitHub,D,True,App required for this service requires broad device permissions,Generated through the annotate view,41,bad,50,approved
297,GitHub,D,True,Your profile is combined across various products,Generated through the annotate view,26,bad,50,approved
297,GitHub,D,True,Third-party cookies are used for statistics,Generated through the annotate view,25,bad,50,approved
297,GitHub,D,True,Your browser's Do Not Track (DNT) headers are respected,Generated through the annotate view,25,good,50,approved
297,GitHub,D,True,Specific content can be deleted without reason and may be removed without prior notice,Created by Docbot version v3,47,blocker,50,approved
297,GitHub,D,True,You agree to indemnify and hold the service harmless in case of a claim related to your use of the service,Created by Docbot version v3,31,neutral,50,approved
297,GitHub,D,True," Terms may be changed any time at their discretion, without notice to you ",Created by Docbot version v3,46,bad,50,approved
297,GitHub,D,True,"Third party cookies are employed, but with opt out instructions",Created by Docbot version v3,25,bad,50,approved
297,GitHub,D,True,Your private content may be accessed by people working for the service,Generated through the annotate view,41,neutral,50,approved
297,GitHub,D,True,Many different types of personal data are collected,Generated through the annotate view,41,bad,50,approved
297,GitHub,D,True,Your data may be processed and stored anywhere in the world,Generated through the annotate view,41,bad,50,approved
297,GitHub,D,True,This service gives your personal data to third parties involved in its operation,Generated through the annotate view,48,neutral,50,approved
297,GitHub,D,True,"You can request access, correction and/or deletion of your data",Generated through the annotate view,34,good,50,approved
297,GitHub,D,True,There is a date of the last update of the agreements,Created by Docbot version v3,38,neutral,50,approved
297,GitHub,D,True,Your content can be deleted if you violate the terms,Created by Docbot version v3,47,neutral,50,approved
297,GitHub,D,True,"Instead of asking directly, this Service will assume your consent to changes of terms merely from your usage.",Generated through the annotate view,46,bad,50,approved
217,Google,E,True,The service reviews its privacy policy on a regular basis,Generated through the annotate view,46,good,50,approved
217,Google,E,True,This service allows you to retrieve an archive of your data,Generated through the annotate view,34,good,50,approved
217,Google,E,True,You can choose with whom you share content,Generated through the annotate view,34,good,50,approved
217,Google,E,True,Your identity is used in ads that are shown to other users,Generated through the annotate view,57,blocker,50,approved
217,Google,E,True,Some personal data may be kept for business interests or legal obligations,Generated through the annotate view,45,bad,50,approved
217,Google,E,True,"You agree not to submit libelous, harassing or threatening content","""Google reserves the right to suspend or terminate your access to the services or delete your Google Account if any of these things happen:[...] — for example, by hacking, phishing, harassing,""",52,neutral,50,approved
217,Google,E,True,"If you offer suggestions to the service, they may use that without your approval or compensation, but they do not become the owner",Generated through the annotate view,27,good,50,approved
217,Google,E,True,They may stop providing the service at any time,Generated through the annotate view,47,neutral,50,approved
217,Google,E,True,This service does not guarantee that it or the products obtained through it meet the users' expectations or requirements,Generated through the annotate view,32,neutral,50,approved
217,Google,E,True,There is a date of the last update of the agreements,Generated through the annotate view,38,neutral,50,approved
217,Google,E,True,"You are prohibited from sending chain letters, junk mail, spam or any unsolicited messages","""Google reserves the right to suspend or terminate your access to the services or delete your Google Account if any of these things happen:[...] — for example, by hacking, phishing, harassing, spamming,""",52,neutral,50,approved
217,Google,E,True,The service can delete your account without prior notice and without a reason,"""Google reserves the right to suspend or terminate your access to the services or delete your Google Account if any of these things happen: [...] we reasonably believe that your conduct causes harm or liability to a user, third party, or Google""
Google may terminate users causing harm to Google.",47,bad,50,approved
217,Google,E,True,The service claims that third parties it shares your personal information with are bound by confidentiality obligations,"""For external processing We provide personal information to our affiliates and other trusted businesses or persons to process it for us, based on our instructions and in compliance with our Privacy Policy and any other appropriate confidentiality and security measures.""",48,good,50,approved
217,Google,E,True,You can limit how your information is used by third-parties and the service,Generated through the annotate view,34,good,50,approved
217,Google,E,True,Information is provided about what kind of personal information is collected,Generated through the annotate view,36,good,50,approved
217,Google,E,True,This service receives your precise location through GPS coordinates,Generated through the annotate view,56,bad,50,approved
217,Google,E,True,Information is gathered about you through third parties,Generated through the annotate view,48,bad,50,approved
217,Google,E,True,"You are tracked via web beacons, tracking pixels, browser fingerprinting, and/or device fingerprinting",Generated through the annotate view,25,bad,50,approved
217,Google,E,True,Your profile is combined across various products,Generated through the annotate view,26,bad,50,approved
217,Google,E,True,You can opt out of targeted advertising,Generated through the annotate view,57,good,50,approved
217,Google,E,True,Your personal data may be aggregated into statistics,Generated through the annotate view,41,neutral,50,approved
217,Google,E,True,You may be tracked on other websites,Generated through the annotate view,25,bad,50,approved
217,Google,E,True,The service claims to be GDPR compliant for European users,Generated through the annotate view,44,good,50,approved
217,Google,E,True,Many different types of personal data are collected,Generated through the annotate view,41,bad,50,approved
217,Google,E,True,Voice data may be collected and shared with third parties,Generated through the annotate view,56,bad,50,approved
217,Google,E,True,Your information is only shared with third parties when given specific consent,Generated through the annotate view,48,good,50,approved
217,Google,E,True,Promises will be kept after a merger or acquisition,Generated through the annotate view,39,good,50,approved
217,Google,E,True,Information is provided about security practices,Generated through the annotate view,50,good,50,approved
217,Google,E,True,Your data may be processed and stored anywhere in the world,Generated through the annotate view,41,bad,50,approved
217,Google,E,True,A complaint mechanism is provided for the handling of personal data,Generated through the annotate view,41,good,50,approved
217,Google,E,True,Third parties are involved in operating the service,Generated through the annotate view,48,neutral,50,approved
217,Google,E,True,Your personal data may be used for marketing purposes,Generated through the annotate view,57,bad,50,approved
217,Google,E,True,"A secure, anonymized record of your data may be kept for analytical purposes after the data retention period ends",Generated through the annotate view,41,bad,50,approved
217,Google,E,True,"Location data may be collected, used and/or shared",Generated through the annotate view,41,bad,50,approved
217,Google,E,True,Information is provided about how your personal data is collected,Generated through the annotate view,36,good,50,approved
217,Google,E,True,Archives of their agreements are provided so that changes can be viewed over time,Generated through the annotate view,36,good,50,approved
217,Google,E,True,The service informs you that its privacy policy does not apply to third party websites,Generated through the annotate view,36,neutral,50,approved
217,Google,E,True,Referring and/or exit pages are tracked,Generated through the annotate view,25,bad,50,approved
217,Google,E,True,The service will only respond to government requests that are reasonable,Generated through the annotate view,28,good,50,approved
217,Google,E,True,Third-party cookies are used for statistics,Generated through the annotate view,25,bad,50,approved
217,Google,E,True,Your biometric data is collected,Generated through the annotate view,56,bad,50,approved
217,Google,E,True,This service is only available to users over a certain age,Generated through the annotate view,31,neutral,50,approved
217,Google,E,True,You are prohibited from attempting to gain unauthorized access to other computer systems,Generated through the annotate view,31,neutral,50,approved
217,Google,E,True,"Spidering, crawling, or accessing the site through any automated means is only allowed if you respect machine-readable instructions set by this service like robots.txt",Generated through the annotate view,52,neutral,50,approved
217,Google,E,True,The service has non-exclusive use of your content,Generated through the annotate view,30,good,50,approved
217,Google,E,True,Your personal data may be disclosed to comply with government requests without notice to you,Generated through the annotate view,28,bad,50,approved
217,Google,E,True,Certain features may be throttled,Generated through the annotate view,32,bad,50,approved
217,Google,E,True,You may still be tracked even after opting out from tracking,Generated through the annotate view,25,blocker,50,approved
217,Google,E,True,Instructions are provided on how to submit a copyright claim,Generated through the annotate view,30,neutral,50,approved
217,Google,E,True,You have the right to leave this service at any time,Generated through the annotate view,45,good,50,approved
217,Google,E,True,You can delete your content from this service,Generated through the annotate view,45,good,50,approved
217,Google,E,True,Blocking first party cookies may limit your ability to use the service,Generated through the annotate view,25,neutral,50,approved
217,Google,E,True,You maintain ownership of your content,Generated through the annotate view,27,good,50,approved
217,Google,E,True,Your data may be collected even if you did not interact with the service directly,Generated through the annotate view,41,blocker,50,approved
217,Google,E,True,This service gives your personal data to third parties involved in its operation,Generated through the annotate view,48,neutral,50,approved
217,Google,E,True,Your browsing history can be viewed by the service,Generated through the annotate view,56,blocker,50,approved
217,Google,E,True,"Your personal data is used for automated decision-making, profiling or AI training",Generated through the annotate view,41,blocker,50,approved
217,Google,E,True,Your personal data is used to employ targeted third-party advertising,Generated through the annotate view,57,bad,50,approved
217,Google,E,True,Your private content may be accessed by people working for the service,Generated through the annotate view,41,neutral,50,approved
217,Google,E,True,"Your IP address is collected, which can be used to view your approximate location",Generated through the annotate view,56,neutral,50,approved
217,Google,E,True,You can opt out of providing personal information to third parties,Generated through the annotate view,34,good,50,approved
217,Google,E,True,No need to register,Generated through the annotate view,45,good,50,approved
219,Instagram,E,True,The service will not allow third parties to access your personal information without a legal basis,Generated through the annotate view,28,good,50,approved
219,Instagram,E,True,Usernames can be rejected for any reason,Generated through the annotate view,47,bad,50,approved
219,Instagram,E,True,This service uses third-party cookies for statistics,Generated through the annotate view,25,bad,50,approved
219,Instagram,E,True,The service informs users that its privacy policy does not apply to third party websites,Generated through the annotate view,36,neutral,50,approved
219,Instagram,E,True,"You agree to defend, indemnify, and hold the service harmless in case of a claim related to your use of the service",Generated through the annotate view,31,neutral,50,approved
219,Instagram,E,True,"The service provider makes no warranty regarding uninterrupted, timely, secure or error-free service",Generated through the annotate view,32,neutral,50,approved
219,Instagram,E,True,This service does not sell your personal data,Generated through the annotate view,41,good,50,approved
219,Instagram,E,True,This service requires first-party cookies,Generated through the annotate view,25,neutral,50,approved
219,Instagram,E,True,The service collects many different types of personal data,"Full quote: ""What kinds of information do we collect? To provide the Facebook Products, we must process information about you. The types of information we collect depend on how you use our Products. You can learn how to access and delete information we collect by visiting the Facebook Settings and Instagram Settings.

Things you and others do and provide

Information and content you provide.We collect the content, communications and other information you provide when you use our Products, including when you sign up for an account, create or share content, and message or communicate with others. This can include information in or about the content you provide (like metadata), such as the location of a photo or the date a file was created. It can also include what you see through features we provide, such as our camera, so we can do things like suggest masks and filters that you might like, or give you tips on using camera formats.

Our systems automatically process content and communications you and others provide to analyze context and what's in them for the purposes described below.

Learn more about how you can control who can see the things you share.

Data with special protections: You can choose to provide information in your Facebook profile fields or Life Events about your religious views, political views, who you are ""interested in,"" or your health. This and other information (such as racial or ethnic origin, philosophical beliefs or trade union membership) could be subject to special protections under the laws of your country.

Networks and connections. We collect information about the people, Pages, accounts, hashtags and groups you are connected to and how you interact with them across our Products, such as people you communicate with the most or groups you are part of.

We also collect contact information if you choose to upload, sync or import it from a device (such as an address book or call log or SMS log history), which we use for things like helping you and others find people you may know and for the other purposes listed below.

Your usage. We collect information about how you use our Products, such as the types of content you view or engage with. the features you use. the actions you take. the people or accounts you interact with. and the time, frequency and duration of your activities. For example, we log when you're using and have last used our Products, and what posts, videos and other content you view on our Products. We also collect information about how you use features like our camera.

Information about transactions made on our Products. If you use our Products for purchases or other financial transactions (such as when you make a purchase in a game or make a donation), we collect information about the purchase or transaction. This includes payment information, such as your credit or debit card number and other card information. other account and authentication information. and billing, shipping and contact details.

Things others do and information they provide about you. We also receive and analyze content, communications and information that other people provide when they use our Products. This can include information about you, such as when others share or comment on a photo of you, send a message to you, or upload, sync or import your contact information.""",41,bad,50,approved
219,Instagram,E,True,The service uses social media cookies/pixels,Generated through the annotate view,25,bad,50,approved
219,Instagram,E,True,This service tracks you on other websites,Generated through the annotate view,25,bad,50,approved
219,Instagram,E,True,The service can read your private messages,Generated through the annotate view,41,blocker,50,approved
219,Instagram,E,True,The service provides information about how they intend to use your personal data,Generated through the annotate view,36,good,50,approved
219,Instagram,E,True,This service is only available to users over a certain age,Generated through the annotate view,31,neutral,50,approved
219,Instagram,E,True,"The service may use tracking pixels, web beacons, browser fingerprinting, and/or device fingerprinting on users.",Generated through the annotate view,25,bad,50,approved
219,Instagram,E,True,You can request access and deletion of personal data,Generated through the annotate view,34,good,50,approved
219,Instagram,E,True,This service gathers information about you through third parties,Generated through the annotate view,48,bad,50,approved
219,Instagram,E,True,Your identity is used in ads that are shown to other users,Generated through the annotate view,57,blocker,50,approved
219,Instagram,E,True,The service can sell or otherwise transfer your personal data as part of a bankruptcy proceeding or other type of financial transaction.,Generated through the annotate view,39,bad,50,approved
219,Instagram,E,True,Instagram Court of law is California,,44,neutral,50,approved
219,Instagram,E,True,You waive your right to a class action,"By agreeing to Instagram's terms, you agree that you can only bring any claim against them on your own behalf. You waive your right to being part of a class action, or participating in claims brought in any representative capacity.",42,bad,50,approved
219,Instagram,E,True,Tracking via third-party cookies for other purposes without your consent.,Generated through the annotate view,25,bad,50,approved
219,Instagram,E,True,This service can delete your content if you violate the terms,Generated through the annotate view,47,neutral,50,approved
219,Instagram,E,True,The service provides a free help desk,Generated through the annotate view,36,good,50,approved
219,Instagram,E,True,The service refers users to external documents for more information,Generated through the annotate view,36,neutral,50,approved
219,Instagram,E,True,This service may use your personal information for marketing purposes,Generated through the annotate view,57,bad,50,approved
219,Instagram,E,True,Your biometric data is collected,Generated through the annotate view,56,bad,50,approved
219,Instagram,E,True,You cannot distribute or disclose your account to third parties,Generated through the annotate view,36,neutral,50,approved
219,Instagram,E,True,You can limit how your information is used by third-parties and the service,Generated through the annotate view,34,good,50,approved
219,Instagram,E,True,You can choose with whom you share content,Generated through the annotate view,34,good,50,approved
219,Instagram,E,True,This service keeps user logs for an undefined period of time,Generated through the annotate view,40,bad,50,approved
219,Instagram,E,True,This service can share your personal information to third parties ,Generated through the annotate view,48,bad,50,approved
219,Instagram,E,True,You have the right to leave this service at any time,Generated through the annotate view,45,good,50,approved
219,Instagram,E,True,This service uses your personal information for many different purposes,"Full quote: ""Here's how: Provide, personalize and improve our Products. We use the information we have to deliver our Products, including to personalize features and content (including your News Feed, Instagram Feed, Instagram Stories and ads) and make suggestions for you (such as groups or events you may be interested in or topics you may want to follow) on and off our Products. To create personalized Products that are unique and relevant to you, we use your connections, preferences, interests and activities based on the data we collect and learn from you and others (including any data with special protections you choose to provide). how you use and interact with our Products. and the people, places, or things you're connected to and interested in on and off our Products. Learn more about how we use information about you to personalize your Facebook and Instagram experience, including features, content and recommendations in Facebook Products. you can also learn more about how we choose the ads that you see.

Information across Facebook Products and devices:
We connect information about your activities on different Facebook Products and devices to provide a more tailored and consistent experience on all Facebook Products you use, wherever you use them.
For example, we can suggest that you join a group on Facebook that includes people you follow on Instagram or communicate with using Messenger. We can also make your experience more seamless, for example, by automatically filling in your registration information (such as your phone number) from one Facebook Product when you sign up for an account on a different Product
Location-related information: We use location-related information-such as your current location, where you live, the places you like to go, and the businesses and people you're near-to provide, personalize and improve our Products, including ads, for you and others. Location-related information can be based on things like precise device location (if you've allowed us to collect it), IP addresses, and information from your and others' use of Facebook Products (such as check-ins or events you attend).
Product research and development: We use the information we have to develop, test and improve our Products, including by conducting surveys and research, and testing and troubleshooting new products and features.[...]""",41,bad,50,approved
219,Instagram,E,True,They may stop providing the service at any time,Generated through the annotate view,47,neutral,50,approved
219,Instagram,E,True,This service holds onto content that you've deleted,Generated through the annotate view,45,blocker,50,approved
219,Instagram,E,True,They store data on you even if you did not interact with the service,Generated through the annotate view,41,blocker,50,approved
219,Instagram,E,True,Your data may be processed and stored anywhere in the world,Generated through the annotate view,41,bad,50,approved
219,Instagram,E,True,Users agree not to use the service for illegal purposes,Generated through the annotate view,52,neutral,50,approved
219,Instagram,E,True,"If you offer suggestions to the service, they may use that without your approval or compensation, but they do not become the owner",,27,good,50,approved
219,Instagram,E,True,Any liability on behalf of the service is only limited to the fees you paid as a user,Generated through the annotate view,31,bad,50,approved
219,Instagram,E,True,The service uses your personal data to employ targeted third-party advertising,Generated through the annotate view,57,bad,50,approved
219,Instagram,E,True,Failure to enforce any provision of the Terms of Service does not constitute a waiver of such provision,Generated through the annotate view,31,neutral,50,approved
219,Instagram,E,True,This service does not condone any ideas contained in its user-generated contents,Generated through the annotate view,52,neutral,50,approved
219,Instagram,E,True,Prohibits the posting of pornographic content,Generated through the annotate view,52,neutral,50,approved
219,Instagram,E,True,The service provides details about what kinds of personal information they collect,Generated through the annotate view,36,good,50,approved
219,Instagram,E,True,"Users agree not to submit libelous, harassing or threatening content",Generated through the annotate view,52,neutral,50,approved
219,Instagram,E,True,Prohibits the posting of content which promotes or glorifies violence or politically or religiously extremist values.,Generated through the annotate view,52,neutral,50,approved
219,Instagram,E,True,"This service prohibits users sending chain letters, junk mail, spam or any unsolicited messages",Generated through the annotate view,52,neutral,50,approved
219,Instagram,E,True,Invalidity of any portion of the Terms of Service does not entail invalidity of its remainder,Generated through the annotate view,31,neutral,50,approved
219,Instagram,E,True,This service allows you to retrieve an archive of your data,Generated through the annotate view,34,good,50,approved
219,Instagram,E,True,This service forces users into binding arbitration in the case of disputes,Generated through the annotate view,42,bad,50,approved
219,Instagram,E,True,The service is provided 'as is' and to be used at the users' sole risk,Generated through the annotate view,32,neutral,50,approved
219,Instagram,E,True,Provides instructions on how to submit a copyright claim,Generated through the annotate view,30,neutral,50,approved
219,Instagram,E,True,You maintain ownership of your content,Generated through the annotate view,27,good,50,approved
219,Instagram,E,True,There is a date of the last update of the agreements,Generated through the annotate view,38,neutral,50,approved
219,Instagram,E,True,This service is a subsidiary of Facebook,Generated through the annotate view,36,neutral,50,approved
219,Instagram,E,True,Your profile is combined across various products,Generated through the annotate view,26,bad,50,approved
219,Instagram,E,True,Users who have been permanently banned from this service are not allowed to re-register under a new account,"Full quote: ''So, we need you to commit to a few restrictions in order to be part of the Instagram community. You must be at least 13 years old. You must not be prohibited from receiving any aspect of our Service under applicable laws or engaging in payments related Services if you are on an applicable denied party listing. We must not have previously disabled your account for violation of law or any of our policies.'",47,neutral,50,approved
219,Instagram,E,True,Your personal data is aggregated into statistics,Generated through the annotate view,41,neutral,50,approved
219,Instagram,E,True,Blocking first party cookies may limit your ability to use the service,Generated through the annotate view,25,neutral,50,approved
219,Instagram,E,True,"Terms may be changed at their discretion, but they will notify you before.","They can change the terms at their discretion, but they will notify the user in reasonable advance by email or by posting them online. However, your use of the service constitutes acceptance of the changes in the terms without explicit consent.",46,good,50,approved
219,Instagram,E,True,This service collects your IP address for location use,"Full quote: ""Data from device settings: information you allow us to receive through device settings you turn on, such as access to your GPS location, camera or photos.

Network and connections: information such as the name of your mobile operator or ISP, language, time zone, mobile phone number, IP address,[...]""",56,neutral,50,approved
219,Instagram,E,True,The service informs users about the risk of publishing personal info online,Generated through the annotate view,36,good,50,approved
219,Instagram,E,True,"This service may collect, use, and share location data",Generated through the annotate view,41,bad,50,approved
219,Instagram,E,True,"Users are not allowed to use pseudonyms, as trust and transparency between users regarding their identities is relevant to the service.","While pseudonyms are allowed, impersonation and/or 'innacurate' information may result in a Guidelines breach.
Still, it's up for debate.",26,neutral,50,approved
219,Instagram,E,True,"defend, indemnify, hold harmless; survives termination",Generated through the annotate view,31,neutral,50,approved
219,Instagram,E,True,This service does not guarantee that it or the products obtained through it meet the users' expectations or requirements,Generated through the annotate view,32,neutral,50,approved
219,Instagram,E,True,This service assumes no liability for any losses or damages resulting from any matter relating to the service,Generated through the annotate view,31,neutral,50,approved
219,Instagram,E,True,This service may keep personal data after a request for erasure for business interests or legal obligations,"Full quote: ""We store data until it is no longer necessary to provide our services and Facebook Products, or until your account is deleted - whichever comes first. This is a case-by-case determination that depends on things like the nature of the data, why it is collected and processed, and relevant legal or operational retention needs.""",45,bad,50,approved
219,Instagram,E,True,The service will only respond to government requests that are reasonable,Generated through the annotate view,28,good,50,approved
219,Instagram,E,True,Facebook collects a lot of device information through the Instagram App.,"Following the excerpt: ""[...]IP address, connection speed and, in some cases, information about other devices that are nearby or on your network, so we can do things like help you stream a video from your phone to your TV.
Cookie data: data from cookies stored on your device, including cookie IDs and settings.[...]""",41,bad,50,approved
219,Instagram,E,True," Terms may be changed any time at their discretion, without notice to you ",Created by Docbot version v3,46,bad,50,approved
219,Instagram,E,True,The service can suspend your account for several reasons,Instagram - suspension and censorship,47,neutral,50,approved
219,Instagram,E,True,You have the right to leave this service at any time,Created by Docbot version v3,45,good,50,approved
219,Instagram,E,True,Archives of their agreements are provided so that changes can be viewed over time,Created by Docbot version v3,36,good,50,approved
219,Instagram,E,True,Your content can be deleted if you violate the terms,Created by Docbot version v3,47,neutral,50,approved
219,Instagram,E,True,This service receives your precise location through GPS coordinates,Created by Docbot version v3,56,bad,50,approved
219,Instagram,E,True,This service gives your personal data to third parties involved in its operation,Created by Docbot version v3,48,neutral,50,approved
185,Netflix,D,True,Blocking first party cookies may limit your ability to use the service,Generated through the annotate view,25,neutral,50,approved
185,Netflix,D,True,"This service may collect, use, and share location data",Generated through the annotate view,41,bad,50,approved
185,Netflix,D,True,This service tracks which web page referred you to it,"""We collect information about you and your use of our service, [...]This information includes: [...] referring source (for example, referral URLs),""",25,bad,50,approved
185,Netflix,D,True,Tracking via third-party cookies for other purposes without your consent.,Generated through the annotate view,25,bad,50,approved
185,Netflix,D,True,"This service collects your IP address, which can be used to view your approximate location","""We collect information about you and your use of our service,[...] This information includes: [...] IP address (which may tell us your general location),""",56,neutral,50,approved
185,Netflix,D,True,This service gathers information about you through third parties,Generated through the annotate view,48,bad,50,approved
185,Netflix,D,True,This service may use your personal information for marketing purposes,Generated through the annotate view,57,bad,50,approved
185,Netflix,D,True,This service requires first-party cookies,Generated through the annotate view,25,neutral,50,approved
185,Netflix,D,True,Invalidity of any portion of the Terms of Service does not entail invalidity of its remainder,Generated through the annotate view,31,neutral,50,approved
185,Netflix,D,True,Terms and privacy policy pages are organized and formatted well.,"Index at the top with links to #anchors down the page. The pages are long, but the index helps alleviate that a lot.",36,good,50,approved
185,Netflix,D,True,Users can request access and deletion of personal info.,"With respect to your personal information, you can request access and that we correct or delete this personal information by emailing your request to pri...@netflix.com.",34,good,50,approved
185,Netflix,D,True,The service has a no refund policy,Generated through the annotate view,54,neutral,50,approved
185,Netflix,D,True,Your biometric data is collected,Generated through the annotate view,56,bad,50,approved
185,Netflix,D,True,You have the right to leave this service at any time,You may cancel your Netflix membership at any time. WE DO NOT PROVIDE REFUNDS OR CREDITS FOR ANY PARTIAL-MONTH MEMBERSHIP PERIODS OR UNWATCHED MOVIES OR TV SHOWS.,45,good,50,approved
185,Netflix,D,True,Many third parties are involved in operating the service,Generated through the annotate view,48,bad,50,approved
185,Netflix,D,True,"The service may use tracking pixels, web beacons, browser fingerprinting, and/or device fingerprinting on users.",Generated through the annotate view,25,bad,50,approved
185,Netflix,D,True,Spidering or crawling is not allowed,Generated through the annotate view,52,neutral,50,approved
185,Netflix,D,True,The service uses your personal data to employ targeted third-party advertising,Generated through the annotate view,57,bad,50,approved
185,Netflix,D,True,The service provides information about how they intend to use your personal data,Generated through the annotate view,36,good,50,approved
185,Netflix,D,True,The service will only respond to government requests that are reasonable,Generated through the annotate view,28,good,50,approved
185,Netflix,D,True,The court of law governing the terms is in location Netherlands,Generated through the annotate view,44,neutral,50,approved
185,Netflix,D,True,The service provides information about how they collect personal data,Generated through the annotate view,36,good,50,approved
185,Netflix,D,True,This service allows you to retrieve an archive of your data,Generated through the annotate view,34,good,50,approved
185,Netflix,D,True,This service can share your personal information to third parties ,Generated through the annotate view,48,bad,50,approved
185,Netflix,D,True,This service ignores the Do Not Track (DNT) header and tracks users anyway even if they set this header.,Generated through the annotate view,25,neutral,50,approved
185,Netflix,D,True,App required for this service requires broad device permissions,Generated through the annotate view,41,bad,50,approved
185,Netflix,D,True,The service provides details about what kinds of personal information they collect,Generated through the annotate view,36,good,50,approved
185,Netflix,D,True,This service uses third-party cookies for statistics,Generated through the annotate view,25,bad,50,approved
185,Netflix,D,True,The service may collect extra data about you through promotions,"Full quote: ""Information you provide to us: We collect information you provide to us which includes: your name, email address, address or postal code, payment method(s), and telephone number. In certain countries, we collect a government identification number for purposes such as billing and tax compliance. We collect this information in a number of ways, including when you enter it while using our service, interact with our customer service, or participate in surveys or marketing promotions.""",57,bad,50,approved
185,Netflix,D,True,The service provides a complaint mechanism for the handling of personal data,Generated through the annotate view,41,good,50,approved
185,Netflix,D,True,The service provides a free help desk,Generated through the annotate view,36,good,50,approved
185,Netflix,D,True,The service uses social media cookies/pixels,Generated through the annotate view,25,bad,50,approved
185,Netflix,D,True,You can opt out of promotional communications,Generated through the annotate view,34,good,50,approved
185,Netflix,D,True,This service may keep personal data after a request for erasure for business interests or legal obligations,Generated through the annotate view,45,bad,50,approved
185,Netflix,D,True,There is a date of the last update of the agreements,Generated through the annotate view,38,neutral,50,approved
185,Netflix,D,True,The service informs users about the risk of publishing personal info online,Generated through the annotate view,36,good,50,approved
185,Netflix,D,True,You authorise the service to charge a credit card supplied on re-occurring basis,Generated through the annotate view,54,neutral,50,approved
185,Netflix,D,True,You can opt out of targeted advertising,Generated through the annotate view,57,good,50,approved
185,Netflix,D,True,This service tracks you on social media and public databases.,"""These sources vary over time, but could include: [...] publicly-available sources such as publicly available posts on social media platforms and information available through public databases associating IP addresses with internet service providers (ISPs).""",25,bad,50,approved
185,Netflix,D,True,This service is only available for use individually and non-commercially.,Generated through the annotate view,31,neutral,50,approved
185,Netflix,D,True,Your data may be processed and stored anywhere in the world,Generated through the annotate view,41,bad,50,approved
185,Netflix,D,True,"When the service wants to make a material change to its terms, users are notified at least 30 days in advance",Generated through the annotate view,46,good,50,approved
185,Netflix,D,True,Minors must have the authorization of their legal guardians to use the service,Generated through the annotate view,31,neutral,50,approved
185,Netflix,D,True,"Your IP address is collected, which can be used to view your approximate location",Generated through the annotate view,56,neutral,50,approved
185,Netflix,D,True,"You are tracked via web beacons, tracking pixels, browser fingerprinting, and/or device fingerprinting",Generated through the annotate view,25,bad,50,approved
185,Netflix,D,True,This service is only available to users over 18 years old,Generated through the annotate view,31,neutral,50,approved
185,Netflix,D,True,You are responsible for maintaining the security of your account and for the activities on your account,Generated through the annotate view,50,neutral,50,approved
185,Netflix,D,True,This service uses your personal information for many different purposes,Generated through the annotate view,41,bad,50,approved
185,Netflix,D,True,Promises will be kept after a merger or acquisition,"Your information can be transferred to a new company, but only if it complies with Netflix's Privacy Policy.",39,good,50,approved
185,Netflix,D,True,"Netflix reserve the right to disclose personal info, no notification.","Netflix also reserves the right to disclose personal information if we reasonably believe that access, use, preservation or disclosure of such information is reasonably necessary to (a) satisfy any applicable law, regulation, legal process, or enforceable governmental request, (b) enforce applicable terms of use, including investigation of potential violations thereof, (c) detect, prevent, or otherwise address illegal or suspected illegal activities, security or technical issues, or (d) protect against harm to the rights, property or safety of Netflix, its users or the public as required or permitted by law. In connection with any reorganization, restructuring, merger or sale, or other transferring of assets we reserve the right to transfer information, including personal information, provided that the receiving party agrees to respect your personal information in a manner that is consistent with our privacy policy.",28,bad,50,approved
185,Netflix,D,True,The service collects many different types of personal data,"""[...]Information you provide to us: We collect information you provide to us which includes: your name, email address, address or postal code, payment method(s), and telephone number.[...]
information when you choose to provide ratings, taste preferences, account settings (including preferences set in the ""Account"" section of our website), or otherwise provide information to us through our service or elsewhere.
Information we collect automatically[...]""",41,bad,50,approved
185,Netflix,D,True,Tracking pixels are used in service-to-user communication,"Full quote: ""Information you provide to us: We collect information you provide to us which includes: your name, email address, address or postal code, payment method(s), and telephone number. In certain countries, we collect a government identification number for purposes such as billing and tax compliance. We collect this information in a number of ways, including when you enter it while using our service, interact with our customer service, or participate in surveys or marketing promotions.""",25,bad,50,approved
185,Netflix,D,True,You can limit how your information is used by third-parties and the service,Generated through the annotate view,34,good,50,approved
1817,Notion,C,True,The service claims to be GDPR compliant for European users,Generated through the annotate view,44,good,50,approved
1817,Notion,C,True,Information is gathered about you through third parties,Generated through the annotate view,48,bad,50,approved
1817,Notion,C,True,Extra data may be collected about you through promotions,Generated through the annotate view,57,bad,50,approved
1817,Notion,C,True,Third-party cookies are used for statistics,Generated through the annotate view,25,bad,50,approved
1817,Notion,C,True,"You can request access, correction and/or deletion of your data",Generated through the annotate view,34,good,50,approved
1817,Notion,C,True,You will be notified if personal data has been affected by data breaches,"The security and privacy page states that: ""We'll notify you within 72 hours of learning about a data breach.""",50,good,50,approved
1817,Notion,C,True,"The terms may be changed at any time, but you will receive notification of the changes","We may revise this Privacy Policy from time to time in our sole discretion. If there are any material changes to this Privacy Policy, we will notify you as required by applicable law.",46,neutral,50,approved
1817,Notion,C,True,Information is provided about security practices,"The Security & privacy page states that: ""We use TLS everywhere, within the data center and out."" and ""Your data is encrypted at rest and in transit.""",50,good,50,approved
1817,Notion,C,True,There is a date of the last update of the agreements,The date of the last update is present at the end of every agreements.,38,neutral,50,approved
1817,Notion,C,True,"Instead of asking directly, this Service will assume your consent merely from your usage.",You understand and agree that you will be deemed to have accepted the updated Privacy Policy if you continue to use the Services after the new Privacy Policy takes effect.,46,bad,50,approved
1817,Notion,C,True,Your private content may be accessed by people working for the service,"Notion employees will only ever access your data for the purposes of troubleshooting problems or recovering content on your behalf, after hearing from you via email or in-app support chat with a request for help.
When chatting with Notion support via email or in-app chat, you may be asked for consent to access your account, in order to help with troubleshooting or recovery.",41,neutral,50,approved
1817,Notion,C,True,Information is provided about how your personal data is used,Generated through the annotate view,36,good,50,approved
1817,Notion,C,True,You must provide your identifiable information,Generated through the annotate view,26,bad,50,approved
1817,Notion,C,True,You agree not to use the service for illegal purposes,Generated through the annotate view,52,neutral,50,approved
1817,Notion,C,True,The publishing of personally identifiable information without the owner’s consent is not allowed,Generated through the annotate view,52,good,50,approved
1817,Notion,C,True,Your data may be processed and stored anywhere in the world,"All information processed by us may be transferred, processed, and stored anywhere in the world, including but not limited to, the United States or other countries, which may have data protection laws that are different from the laws where you live. We endeavor to safeguard your information consistent with the requirements of applicable laws.",41,bad,50,approved
1817,Notion,C,True,This service gives your personal data to third parties involved in its operation,Generated through the annotate view,48,neutral,50,approved
1817,Notion,C,True,This service holds onto content that you've deleted,Generated through the annotate view,45,blocker,50,approved
1817,Notion,C,True,Specific content can be deleted without reason and may be removed without prior notice,Generated through the annotate view,47,blocker,50,approved
1817,Notion,C,True,You can limit how your information is used by third-parties and the service,Generated through the annotate view,34,good,50,approved
7108,OpenAI,C,True,You are responsible for maintaining the security of your account and for the activities on your account,Generated through the annotate view,50,neutral,50,approved
7108,OpenAI,C,True,You cannot distribute or disclose your account to third parties,Generated through the annotate view,36,neutral,50,approved
7108,OpenAI,C,True,The service is provided 'as is' and to be used at your sole risk,Generated through the annotate view,32,neutral,50,approved
7108,OpenAI,C,True,This service informs you that its Terms of Service does not apply to third party websites,Generated through the annotate view,36,neutral,50,approved
7108,OpenAI,C,True,You authorise the service to charge a credit card supplied on re-occurring basis,Generated through the annotate view,54,neutral,50,approved
7108,OpenAI,C,True,This service has a no refund policy with some exceptions,Generated through the annotate view,54,neutral,50,approved
7108,OpenAI,C,True,"The service provider makes no warranty regarding uninterrupted, timely, secure or error-free service",Generated through the annotate view,32,neutral,50,approved
7108,OpenAI,C,True,This service assumes no liability for any losses or damages resulting from any matter relating to the service,Generated through the annotate view,31,neutral,50,approved
7108,OpenAI,C,True,Any liability on behalf of the service is only limited to the fees you paid as a user,Generated through the annotate view,31,bad,50,approved
7108,OpenAI,C,True,"The court of law governing the terms is in San Francisco, California, U.S.A.",Generated through the annotate view,44,neutral,50,approved
7108,OpenAI,C,True,Failure to enforce any provision of the Terms of Service does not constitute a waiver of such provision,Generated through the annotate view,31,neutral,50,approved
7108,OpenAI,C,True,You waive your right to a class action.,Generated through the annotate view,42,bad,50,approved
7108,OpenAI,C,True,"Instead of asking directly, this Service will assume your consent merely from your usage.",Generated through the annotate view,46,bad,50,approved
7108,OpenAI,C,True,Blocking first party cookies may limit your ability to use the service,Generated through the annotate view,25,neutral,50,approved
7108,OpenAI,C,True,Some personal data may be kept for business interests or legal obligations,Generated through the annotate view,45,bad,50,approved
7108,OpenAI,C,True,The service informs you that its privacy policy does not apply to third party websites,Generated through the annotate view,36,neutral,50,approved
7108,OpenAI,C,True,This service assumes no responsibility and liability for the contents of links to other websites,Generated through the annotate view,31,neutral,50,approved
7108,OpenAI,C,True,30 days of notice are given before closing your account,Generated through the annotate view,47,good,50,approved
7108,OpenAI,C,True,You have the right to leave this service at any time,Generated through the annotate view,45,good,50,approved
7108,OpenAI,C,True,Your account can be suspended for several reasons,Generated through the annotate view,47,neutral,50,approved
7108,OpenAI,C,True,"If you offer suggestions to the service, they may use that without your approval or compensation, but they do not become the owner",Generated through the annotate view,27,good,50,approved
7108,OpenAI,C,True,"You agree to defend, indemnify, and hold the service harmless in case of a claim related to your use of the service",Generated through the annotate view,31,neutral,50,approved
7108,OpenAI,C,True,Details are provided about what kind of information they collect,Generated through the annotate view,36,good,50,approved
7108,OpenAI,C,True,Your personal data is not sold,Generated through the annotate view,41,good,50,approved
7108,OpenAI,C,True,"This service may collect, use, and share location data",Generated through the annotate view,41,bad,50,approved
7108,OpenAI,C,True,"The service may keep a secure, anonymized record of your data for analytical purposes even after the data retention period",Generated through the annotate view,41,bad,50,approved
7108,OpenAI,C,True,Invalidity of any portion of the Terms of Service does not entail invalidity of its remainder,Generated through the annotate view,31,neutral,50,approved
7108,OpenAI,C,True,"Your personal data is used for automated decision-making, profiling or AI training",Generated through the annotate view,41,blocker,50,approved
7108,OpenAI,C,True,Your personal data may be disclosed to comply with government requests without notice to you,Created by Docbot version v3,28,bad,50,approved
7108,OpenAI,C,True,The service claims to be CCPA compliant for California users,Created by Docbot version v3,44,good,50,approved
7108,OpenAI,C,True,Minors must have the authorization of their legal guardians to use the service,Created by Docbot version v3,31,neutral,50,approved
7108,OpenAI,C,True,"The court of law governing the terms is in a jurisdiction that is friendlier to user privacy protection (California, U.S.A.)",Created by Docbot version v3,44,good,50,approved
7108,OpenAI,C,True,A free help desk is provided,Created by Docbot version v3,36,good,50,approved
7108,OpenAI,C,True,The data retention period is kept to the minimum necessary for fulfilling its purposes,Created by Docbot version v3,45,good,50,approved
7108,OpenAI,C,True,Your personal data is aggregated into statistics,Created by Docbot version v3,41,neutral,50,approved
7108,OpenAI,C,True,You agree not to use the service for illegal purposes,Created by Docbot version v3,52,neutral,50,approved
7108,OpenAI,C,True,First-party cookies are used,Created by Docbot version v3,25,neutral,50,approved
7108,OpenAI,C,True,Third parties are involved in operating the service,Created by Docbot version v3,48,neutral,50,approved
7108,OpenAI,C,True,Instructions are provided on how to submit a copyright claim,Created by Docbot version v3,30,neutral,50,approved
7108,OpenAI,C,True,This service does not guarantee that it or the products obtained through it meet your expectations or requirements,Created by Docbot version v3,32,neutral,50,approved
7108,OpenAI,C,True,"You should revisit the terms periodically, although in case of material changes, the service will notify",Created by Docbot version v3,46,neutral,50,approved
7108,OpenAI,C,True,Your personal data may be sold or otherwise transferred as part of a bankruptcy proceeding or other type of financial transaction,Created by Docbot version v3,39,bad,50,approved
7108,OpenAI,C,True,Many different types of personal data are collected,Created by Docbot version v3,41,bad,50,approved
230,PayPal,E,True,Users agree not to use the service for illegal purposes,Generated through the annotate view,52,neutral,50,approved
230,PayPal,E,True,This service does not force users into binding arbitration,Generated through the annotate view,42,good,50,approved
230,PayPal,E,True,You waive your moral rights,Generated through the annotate view,27,blocker,50,approved
230,PayPal,E,True,You must create an account to use this service,Generated through the annotate view,36,neutral,50,approved
230,PayPal,E,True,Your information is only shared with third parties when given specific consent,Generated through the annotate view,48,good,50,approved
230,PayPal,E,True,The service does not guarantee accuracy or reliability of the information provided,Created by Docbot version v3,32,neutral,50,approved
230,PayPal,E,True,Invalidity of any portion of the Terms of Service does not entail invalidity of its remainder,Created by Docbot version v3,31,neutral,50,approved
230,PayPal,E,True,The court of law governing the terms is in a jurisdiction that is less friendly to user privacy protection.,Created by Docbot version v3,44,bad,50,approved
230,PayPal,E,True,You can opt out of targeted advertising,Created by Docbot version v3,57,good,50,approved
230,PayPal,E,True,"You agree not to submit libelous, harassing or threatening content",Created by Docbot version v3,52,neutral,50,approved
230,PayPal,E,True,You are prohibited from attempting to gain unauthorized access to other computer systems,Created by Docbot version v3,31,neutral,50,approved
230,PayPal,E,True,"Your personal data is used for automated decision-making, profiling or AI training",Generated through the annotate view,41,blocker,50,approved
230,PayPal,E,True,Your personal information is used for many different purposes,Generated through the annotate view,41,bad,50,approved
230,PayPal,E,True,"Location data may be collected, used and/or shared",Generated through the annotate view,41,bad,50,approved
230,PayPal,E,True,Your transactions can be canceled if you violate the terms,Generated through the annotate view,47,neutral,50,approved
230,PayPal,E,True,Your personal data may be used for marketing purposes,Generated through the annotate view,57,bad,50,approved
230,PayPal,E,True,This service is only available to users over a certain age,Generated through the annotate view,31,neutral,50,approved
230,PayPal,E,True,Separate policies are employed for different parts of the service,Generated through the annotate view,36,neutral,50,approved
230,PayPal,E,True,"Instead of asking directly, this Service will assume your consent to changes of terms merely from your usage",Generated through the annotate view,46,bad,50,approved
230,PayPal,E,True,Third parties are involved in operating the service,Generated through the annotate view,48,neutral,50,approved
230,PayPal,E,True,You have the right to leave this service at any time,Generated through the annotate view,45,good,50,approved
230,PayPal,E,True,"When the service wants to make a material change to its terms, you are notified at least 14 days in advance",Generated through the annotate view,46,good,50,approved
230,PayPal,E,True,You can’t close your account if an investigation is ongoing,Generated through the annotate view,28,neutral,50,approved
230,PayPal,E,True,Your provided identifiable information is actively checked by the service,Generated through the annotate view,26,bad,50,approved
230,PayPal,E,True,Your use is throttled,Generated through the annotate view,32,bad,50,approved
230,PayPal,E,True,"You are tracked via web beacons, tracking pixels, browser fingerprinting, and/or device fingerprinting",Generated through the annotate view,25,bad,50,approved
230,PayPal,E,True,"Your IP address is collected, which can be used to view your approximate location",Generated through the annotate view,56,neutral,50,approved
230,PayPal,E,True,This service tracks which web page referred you to it,Generated through the annotate view,25,bad,50,approved
230,PayPal,E,True,"Location data may be collected, used and/or shared",Generated through the annotate view,41,bad,50,approved
230,PayPal,E,True,This service receives your precise location through GPS coordinates,Generated through the annotate view,56,bad,50,approved
230,PayPal,E,True,Tracking pixels are used in service-to-user communication,Generated through the annotate view,25,bad,50,approved
230,PayPal,E,True,Your personal data is aggregated into statistics,Generated through the annotate view,41,neutral,50,approved
230,PayPal,E,True,Your personal data is used to employ targeted third-party advertising,Generated through the annotate view,57,bad,50,approved
230,PayPal,E,True,Third-party cookies are used for advertising,Generated through the annotate view,25,bad,50,approved
230,PayPal,E,True,Sensitive data is collected and shared to target advertising,Generated through the annotate view,57,blocker,50,approved
230,PayPal,E,True,Your personal data is used to employ targeted third-party advertising,Generated through the annotate view,57,bad,50,approved
230,PayPal,E,True,Your data is collected even if you did not interact with the service directly,Generated through the annotate view,41,blocker,50,approved
230,PayPal,E,True,Information is provided about what kind of personal information is collected,Generated through the annotate view,36,good,50,approved
230,PayPal,E,True,Your biometric data is collected,Generated through the annotate view,56,bad,50,approved
230,PayPal,E,True,Extra data may be collected about you through promotions,Generated through the annotate view,57,bad,50,approved
230,PayPal,E,True,Do Not Track (DNT) headers are ignored and you are tracked anyway even if you set this header,Generated through the annotate view,25,neutral,50,approved
230,PayPal,E,True,This service informs you that its Privacy Policy does not apply to third-party services,Generated through the annotate view,36,neutral,50,approved
230,PayPal,E,True,The service reviews its Privacy Policy on a regular basis,Generated through the annotate view,46,good,50,approved
230,PayPal,E,True,Your profile is combined across various products,Generated through the annotate view,26,bad,50,approved
230,PayPal,E,True,You can choose with whom you share content,Generated through the annotate view,34,good,50,approved
230,PayPal,E,True,You may be tracked on other websites,Generated through the annotate view,25,bad,50,approved
230,PayPal,E,True,Information is gathered about you through third parties,Generated through the annotate view,48,bad,50,approved
230,PayPal,E,True,Information is provided about how your personal data is used,Generated through the annotate view,36,good,50,approved
230,PayPal,E,True,Your personal information is used for many different purposes,Generated through the annotate view,41,bad,50,approved
230,PayPal,E,True,You may still be tracked even after opting out from tracking,Generated through the annotate view,25,blocker,50,approved
230,PayPal,E,True,This service gives your personal data to third parties involved in its operation,Generated through the annotate view,48,neutral,50,approved
230,PayPal,E,True,This service shares your personal data with third parties that are not essential to its operation,Generated through the annotate view,48,bad,50,approved
230,PayPal,E,True,Your personal data may be disclosed to comply with government requests without notice to you,Generated through the annotate view,28,bad,50,approved
230,PayPal,E,True,Your personal data may be sold or otherwise transferred as part of a bankruptcy proceeding or other type of financial transaction,Generated through the annotate view,39,bad,50,approved
230,PayPal,E,True,There is a date of the last update of the agreements,Generated through the annotate view,38,neutral,50,approved
230,PayPal,E,True,Changes in policies are applied retroactively,Generated through the annotate view,38,blocker,50,approved
230,PayPal,E,True,You are responsible for maintaining the security of your account and for the activities on your account,Generated through the annotate view,50,neutral,50,approved
230,PayPal,E,True,"Per the service's terms, you may not express negative opinions about them",Generated through the annotate view,31,bad,50,approved
230,PayPal,E,True,"Third-party cookies are employed, but with opt out instructions",Generated through the annotate view,25,bad,50,approved
230,PayPal,E,True,Many different types of personal data are collected,Generated through the annotate view,41,bad,50,approved
230,PayPal,E,True,Many third parties are involved in operating the service,Generated through the annotate view,48,bad,50,approved
230,PayPal,E,True,First-party cookies are used,Generated through the annotate view,25,neutral,50,approved
175,Pinterest,E,True,There is a date of the last update of the agreements,Generated through the annotate view,38,neutral,50,approved
175,Pinterest,E,True,Invalidity of any portion of the Terms of Service does not entail invalidity of its remainder,Generated through the annotate view,31,neutral,50,approved
175,Pinterest,E,True,The service provides information about how they collect personal data,Generated through the annotate view,36,good,50,approved
175,Pinterest,E,True,Minors must have the authorization of their legal guardians to use the service,Generated through the annotate view,31,neutral,50,approved
175,Pinterest,E,True,Your content can be deleted if you violate the terms,Generated through the annotate view,47,neutral,50,approved
175,Pinterest,E,True,"Instead of asking directly, this Service will assume your consent to changes of terms merely from your usage",Generated through the annotate view,46,bad,50,approved
175,Pinterest,E,True,Banned users are prohibited from creating a new account,Generated through the annotate view,47,neutral,50,approved
175,Pinterest,E,True,"Spidering, crawling, or accessing the site through any automated means is not allowed",Generated through the annotate view,52,neutral,50,approved
175,Pinterest,E,True,You cannot distribute or disclose your account to third parties,Generated through the annotate view,36,neutral,50,approved
175,Pinterest,E,True,Your account can be suspended for several reasons,Generated through the annotate view,47,neutral,50,approved
175,Pinterest,E,True,User accounts can be terminated after having been in breach of the terms of service repeatedly,Generated through the annotate view,47,good,50,approved
175,Pinterest,E,True,The service has non-exclusive use of your content,Generated through the annotate view,30,good,50,approved
175,Pinterest,E,True,Your content can be licensed to third parties,Generated through the annotate view,30,bad,50,approved
175,Pinterest,E,True,"You should revisit the terms periodically, although in case of material changes, the service will notify",Generated through the annotate view,46,neutral,50,approved
175,Pinterest,E,True,This service is only available to users over 13 years old,Generated through the annotate view,31,neutral,50,approved
175,Pinterest,E,True,This service can use your content for all their existing and future services,Generated through the annotate view,27,neutral,50,approved
175,Pinterest,E,True,Content you post may be edited by the service for any reason,Generated through the annotate view,47,blocker,50,approved
175,Pinterest,E,True,Specific content can be deleted without reason and may be removed without prior notice,Generated through the annotate view,47,blocker,50,approved
175,Pinterest,E,True,This service holds onto content that you've deleted,Generated through the annotate view,45,blocker,50,approved
175,Pinterest,E,True,A license is kept on user-generated content even after you close your account,Generated through the annotate view,30,bad,50,approved
175,Pinterest,E,True,You must report to the service any unauthorized use of your account or any breach of security,Generated through the annotate view,50,neutral,50,approved
175,Pinterest,E,True,This service assumes no responsibility and liability for the contents of links to other websites,Generated through the annotate view,31,neutral,50,approved
175,Pinterest,E,True,You have the right to leave this service at any time,Generated through the annotate view,45,good,50,approved
175,Pinterest,E,True,"Defend, indemnify, hold harmless; survives termination",Generated through the annotate view,31,neutral,50,approved
175,Pinterest,E,True,You agree to indemnify and hold the service harmless in case of a claim related to your use of the service,Generated through the annotate view,31,neutral,50,approved
175,Pinterest,E,True,The service is provided 'as is' and to be used at your sole risk,Generated through the annotate view,32,neutral,50,approved
175,Pinterest,E,True,This service does not condone any ideas contained in its user-generated contents,Generated through the annotate view,52,neutral,50,approved
175,Pinterest,E,True,This service does not guarantee that it or the products obtained through it meet your expectations or requirements,Generated through the annotate view,32,neutral,50,approved
175,Pinterest,E,True,The service does not guarantee accuracy or reliability of the information provided,Generated through the annotate view,32,neutral,50,approved
175,Pinterest,E,True,"The service provider makes no warranty regarding uninterrupted, timely, secure or error-free service",Generated through the annotate view,32,neutral,50,approved
175,Pinterest,E,True,The service assumes no liability for any damages the user incurs,Generated through the annotate view,31,neutral,50,approved
175,Pinterest,E,True,There is a date of the last update of the agreements,Generated through the annotate view,38,neutral,50,approved
175,Pinterest,E,True,"The court of law governing the terms is in the State of California, U.S.A.",Generated through the annotate view,44,neutral,50,approved
175,Pinterest,E,True,First-party cookies are used,Generated through the annotate view,25,neutral,50,approved
175,Pinterest,E,True, A list of all cookies set by the website is provided,Generated through the annotate view,36,good,50,approved
175,Pinterest,E,True,Third-party cookies are used for statistics,Generated through the annotate view,25,bad,50,approved
175,Pinterest,E,True,This service tracks you on other websites,Generated through the annotate view,25,bad,50,approved
175,Pinterest,E,True,Tracking pixels are used in service-to-user communication,Generated through the annotate view,25,bad,50,approved
175,Pinterest,E,True,Third-party cookies are used for advertising,Generated through the annotate view,25,bad,50,approved
175,Pinterest,E,True,Your personal data is used to employ targeted third-party advertising,Generated through the annotate view,57,bad,50,approved
175,Pinterest,E,True,You can opt out of targeted advertising,Generated through the annotate view,57,good,50,approved
175,Pinterest,E,True,Your personal data may be used for marketing purposes,Generated through the annotate view,57,bad,50,approved
175,Pinterest,E,True,"Third party cookies are employed, but with opt out instructions",Generated through the annotate view,25,bad,50,approved
175,Pinterest,E,True,You can limit how your information is used by third-parties and the service,Generated through the annotate view,34,good,50,approved
175,Pinterest,E,True,The service claims to be GDPR compliant for European users,Generated through the annotate view,44,good,50,approved
175,Pinterest,E,True,Your browser's Do Not Track (DNT) headers are respected,Generated through the annotate view,25,good,50,approved
175,Pinterest,E,True,Your profile is combined across various products,Generated through the annotate view,26,bad,50,approved
175,Pinterest,E,True,This service still tracks you even if you opted out from tracking,Generated through the annotate view,25,blocker,50,approved
175,Pinterest,E,True,Information is provided about what kind of information they collect,Generated through the annotate view,36,good,50,approved
175,Pinterest,E,True,This service receives your precise location through GPS coordinates,Generated through the annotate view,56,bad,50,approved
175,Pinterest,E,True,"This service may collect, use, and share location data",Generated through the annotate view,41,bad,50,approved
175,Pinterest,E,True,"Your IP address is collected, which can be used to view your approximate location",Generated through the annotate view,56,neutral,50,approved
175,Pinterest,E,True,Information is gathered about you through third parties,Generated through the annotate view,48,bad,50,approved
175,Pinterest,E,True, You are being tracked via social media cookies/pixels,Generated through the annotate view,25,bad,50,approved
175,Pinterest,E,True,"You are tracked via web beacons, tracking pixels, browser fingerprinting, and/or device fingerprinting",Generated through the annotate view,25,bad,50,approved
175,Pinterest,E,True,Many different types of personal data are collected,Generated through the annotate view,41,bad,50,approved
175,Pinterest,E,True,This service tracks you on other websites,Generated through the annotate view,25,bad,50,approved
175,Pinterest,E,True,Your personal information is used for many different purposes,Generated through the annotate view,41,bad,50,approved
175,Pinterest,E,True,Your biometric data is collected,Generated through the annotate view,56,bad,50,approved
175,Pinterest,E,True,Your provided identifiable information is actively checked by the service,Generated through the annotate view,26,bad,50,approved
175,Pinterest,E,True,Sensitive data is collected and shared to target advertising,Generated through the annotate view,57,blocker,50,approved
175,Pinterest,E,True,Your Personal data may be sold unless you opt out,Generated through the annotate view,41,bad,50,approved
175,Pinterest,E,True,App required for this service requires broad device permissions,Generated through the annotate view,41,bad,50,approved
175,Pinterest,E,True,Your personal data is aggregated into statistics,Generated through the annotate view,41,neutral,50,approved
175,Pinterest,E,True,Your personal data may be disclosed to comply with government requests without notice to you,Generated through the annotate view,28,bad,50,approved
175,Pinterest,E,True,A complaint mechanism is provided for the handling of personal data,Generated through the annotate view,41,good,50,approved
175,Pinterest,E,True,You can retrieve an archive of your data,Generated through the annotate view,34,good,50,approved
175,Pinterest,E,True,"You can request access, correction and/or deletion of your data",Generated through the annotate view,34,good,50,approved
175,Pinterest,E,True,They store data on you even if you did not interact with the service,Generated through the annotate view,41,blocker,50,approved
175,Pinterest,E,True,"You agree not to submit libelous, harassing or threatening content",Generated through the annotate view,52,neutral,50,approved
175,Pinterest,E,True,Harming minors in any ways is prohibited,Generated through the annotate view,31,neutral,50,approved
175,Pinterest,E,True,The publishing of personally identifiable information without the owner’s consent is not allowed,Generated through the annotate view,52,good,50,approved
175,Pinterest,E,True,You are prohibited from posting content which promotes violence or politically or religiously extremist values,Generated through the annotate view,52,neutral,50,approved
175,Pinterest,E,True,Private messages can be read,Generated through the annotate view,41,blocker,50,approved
175,Pinterest,E,True,You are prohibited from attempting to gain unauthorized access to other computer systems,Generated through the annotate view,31,neutral,50,approved
175,Pinterest,E,True, The service is only available in some countries approved by its government,Generated through the annotate view,44,bad,50,approved
175,Pinterest,E,True,Separate policies are employed for different parts of the service,Generated through the annotate view,36,neutral,50,approved
175,Pinterest,E,True,You agree not to use the service for illegal purposes,Generated through the annotate view,52,neutral,50,approved
175,Pinterest,E,True,You must create an account to use this service,Generated through the annotate view,36,neutral,50,approved
175,Pinterest,E,True,You maintain ownership of your content,Generated through the annotate view,27,good,50,approved
175,Pinterest,E,True,"If you offer suggestions to the service, they may use that without your approval or compensation, but they do not become the owner",Generated through the annotate view,27,good,50,approved
175,Pinterest,E,True,Any liability on behalf of the service is only limited to the fees you paid as a user,Generated through the annotate view,31,bad,50,approved
175,Pinterest,E,True,You are forced into binding arbitration in case of disputes,Generated through the annotate view,42,bad,50,approved
175,Pinterest,E,True,Failure to enforce any provision of the Terms of Service does not constitute a waiver of such provision,Generated through the annotate view,31,neutral,50,approved
175,Pinterest,E,True,Information is provided about how they collect personal data,Generated through the annotate view,36,good,50,approved
175,Pinterest,E,True,Information is provided about how your personal data is used,Generated through the annotate view,36,good,50,approved
175,Pinterest,E,True,"Your personal data is used for automated decision-making, profiling or AI training",Generated through the annotate view,41,blocker,50,approved
175,Pinterest,E,True,The service claims to be CCPA compliant for California users,Generated through the annotate view,44,good,50,approved
175,Pinterest,E,True,The posting of pornographic content is prohibited,Generated through the annotate view,52,neutral,50,approved
175,Pinterest,E,True,"You are prohibited from sending chain letters, junk mail, spam or any unsolicited messages",Generated through the annotate view,52,neutral,50,approved
175,Pinterest,E,True,"The court of law governing the terms is in a jurisdiction that is friendlier to user privacy protection (California, U.S.A.)",Generated through the annotate view,44,good,50,approved
813,Quizlet,D,True,You have the right to leave this service at any time,Generated through the annotate view,45,good,50,approved
813,Quizlet,D,True,The service has a no refund policy,Generated through the annotate view,54,neutral,50,approved
813,Quizlet,D,True,Prohibits the posting of content which promotes or glorifies violence or politically or religiously extremist values.,Generated through the annotate view,52,neutral,50,approved
813,Quizlet,D,True,The court of law governing the terms is in location X,Generated through the annotate view,44,neutral,50,approved
813,Quizlet,D,True,"You agree to defend, indemnify, and hold the service harmless in case of a claim related to your use of the service",Generated through the annotate view,31,neutral,50,approved
813,Quizlet,D,True,This service ignores the Do Not Track (DNT) header and tracks users anyway even if they set this header.,Generated through the annotate view,25,neutral,50,approved
813,Quizlet,D,True,Invalidity of any portion of the Terms of Service does not entail invalidity of its remainder,Generated through the annotate view,31,neutral,50,approved
813,Quizlet,D,True,"This service prohibits users sending chain letters, junk mail, spam or any unsolicited messages",Generated through the annotate view,52,neutral,50,approved
813,Quizlet,D,True,You waive your right to a class action.,Generated through the annotate view,42,bad,50,approved
813,Quizlet,D,True,"Users are responsible for any risks, damages, or losses they may incur by downloading materials",Generated through the annotate view,32,neutral,50,approved
813,Quizlet,D,True," Terms may be changed any time at their discretion, without notice to the user ",Generated through the annotate view,46,bad,50,approved
813,Quizlet,D,True,The service is provided 'as is' and to be used at the users' sole risk,Generated through the annotate view,32,neutral,50,approved
813,Quizlet,D,True,This service tracks which web page referred you to it,Generated through the annotate view,25,bad,50,approved
813,Quizlet,D,True,Prohibits the posting of pornographic content,Generated through the annotate view,52,neutral,50,approved
813,Quizlet,D,True,You cannot distribute or disclose your account to third parties,Generated through the annotate view,36,neutral,50,approved
813,Quizlet,D,True,You are responsible for maintaining the security of your account and for the activities on your account,Generated through the annotate view,50,neutral,50,approved
813,Quizlet,D,True,"Users agree not to submit libelous, harassing or threatening content",Generated through the annotate view,52,neutral,50,approved
813,Quizlet,D,True,"The service may use tracking pixels, web beacons, browser fingerprinting, and/or device fingerprinting on users.",Generated through the annotate view,25,bad,50,approved
813,Quizlet,D,True,Failure to enforce any provision of the Terms of Service does not constitute a waiver of such provision,Generated through the annotate view,31,neutral,50,approved
813,Quizlet,D,True,This service forces users into binding arbitration in the case of disputes,Generated through the annotate view,42,bad,50,approved
813,Quizlet,D,True,Provides instructions on how to submit a copyright claim,Generated through the annotate view,30,neutral,50,approved
813,Quizlet,D,True,The service provides information about how they intend to use your personal data,"Quote: ""How we use your information We collect information about you when you use the Service for a variety of reasons in order to support Quizlet and to enable our team to continue to create engaging experiences for our users. 
Providing, Analyzing, Improving and Developing the Service 
We process the data we collect about you to operate, improve and develop the Quizlet Service, including providing, maintaining, securing and improving our services, developing new ones, and protecting Quizlet and our users. We are able to deliver our services, personalize content, and make suggestions for you by using this information to understand how you use and interact with our services. We conduct surveys and research, test features in development, and analyze the information we have to evaluate and improve products and services, develop new products or features, and conduct audits and troubleshooting activities. Here are some examples of how we use this information:
Providing, maintaining and improving the Quizlet Service. The information we collect from you allows us to help you log in, host your content, and use the various study tools we have. It also allows us learn about how you and others use Quizlet to help create new activities and services, like Quizlet Live. Improving, personalizing and facilitating your use of the Service. When you sign up and use a Quizlet account, we may associate certain information with your new account, such as information about other Quizlet accounts you had or currently have, and your prior usage of the Service. For example, we use information collected from cookies and other technologies, like pixel tags, to save your language preferences, so we will be able to have our services appear in the language you prefer. We do this in order to ensure that content from the Service is presented in the most effective manner for you. Measuring, tracking and analyzing trends and usage in connection with your use or the performance of the Service.""",36,good,50,approved
813,Quizlet,D,True,The service does not guarantee accuracy or reliability of the information provided,Created by Docbot version v3,32,neutral,50,approved
194,Reddit,D,True,This service requires first-party cookies,Generated through the annotate view,25,neutral,50,approved
194,Reddit,D,True,You are responsible for maintaining the security of your account and for the activities on your account,Generated through the annotate view,50,neutral,50,approved
194,Reddit,D,True,This service can license user content to third parties,Generated through the annotate view,30,bad,50,approved
194,Reddit,D,True,Users agree not to use the service for illegal purposes,Generated through the annotate view,52,neutral,50,approved
194,Reddit,D,True,The service's data retention period is kept to the minimum necessary for fulfilling its purposes,Generated through the annotate view,45,good,50,approved
194,Reddit,D,True,Third parties used by the service are bound by confidentiality obligations,Generated through the annotate view,48,good,50,approved
194,Reddit,D,True,"If you are the target of a copyright claim, your content may be removed",Generated through the annotate view,47,neutral,50,approved
194,Reddit,D,True,The service does not guarantee accuracy or reliability of the information provided,Generated through the annotate view,32,neutral,50,approved
194,Reddit,D,True,Information is provided about what kind of information they collect,Generated through the annotate view,36,good,50,approved
194,Reddit,D,True,No need to register,Generated through the annotate view,45,good,50,approved
194,Reddit,D,True,The service can distribute your content through any media known now or in the future ,Generated through the annotate view,30,neutral,50,approved
194,Reddit,D,True,They may stop providing the service at any time,Generated through the annotate view,47,neutral,50,approved
194,Reddit,D,True,Failure to enforce any provision of the Terms of Service does not constitute a waiver of such provision,Generated through the annotate view,31,neutral,50,approved
194,Reddit,D,True,You sign away moral rights,Generated through the annotate view,27,blocker,50,approved
194,Reddit,D,True,This service keeps a license on user-generated content even after users close their accounts.,Generated through the annotate view,30,bad,50,approved
194,Reddit,D,True,Users agree to comply with the law of the service's country,Generated through the annotate view,28,neutral,50,approved
194,Reddit,D,True,You cannot distribute or disclose your account to third parties,Generated through the annotate view,36,neutral,50,approved
194,Reddit,D,True,You maintain ownership of your data,Generated through the annotate view,27,good,50,approved
194,Reddit,D,True,This service employs a broad copyright license over user content including the right to distribute through any media,Generated through the annotate view,30,neutral,50,approved
194,Reddit,D,True,"If you offer suggestions to the service, they may use that without your approval or compensation, but they do not become the owner",Generated through the annotate view,27,good,50,approved
194,Reddit,D,True,Tracking via third-party cookies for other purposes without your consent.,Generated through the annotate view,25,bad,50,approved
194,Reddit,D,True,The service promises to inform and/or notify users regarding government inquiries that may involve users' personal data,Generated through the annotate view,28,good,50,approved
194,Reddit,D,True,An onion site accessible over Tor is provided,"Reddit provides an onion domain at https://www.reddittorjg6rue252oqsxryoxengawnmo46qy4kyii5wtqnwfj4ooad.onion/
",26,good,50,approved
194,Reddit,D,True,There is a date of the last update of the agreements,Generated through the annotate view,38,neutral,50,approved
194,Reddit,D,True,Some personal data may be kept for business interests or legal obligations,Generated through the annotate view,45,bad,50,approved
194,Reddit,D,True,Private messages can be read,Generated through the annotate view,41,blocker,50,approved
194,Reddit,D,True,This service informs you that its Terms of Service does not apply to third party websites,Generated through the annotate view,36,neutral,50,approved
194,Reddit,D,True,"Your IP address is collected, which can be used to view your approximate location",Generated through the annotate view,56,neutral,50,approved
194,Reddit,D,True,This service tracks which web page referred you to it,Generated through the annotate view,25,bad,50,approved
194,Reddit,D,True,"This service may collect, use, and share location data",Generated through the annotate view,41,bad,50,approved
194,Reddit,D,True,Third parties are involved in operating the service,Generated through the annotate view,48,neutral,50,approved
194,Reddit,D,True,Information is gathered about you through third parties,Generated through the annotate view,48,bad,50,approved
194,Reddit,D,True,This service tracks you on other websites,Generated through the annotate view,25,bad,50,approved
194,Reddit,D,True,The service is not responsible for linked or (clearly) quoted content from third-party content providers,Generated through the annotate view,55,neutral,50,approved
194,Reddit,D,True,Third-party cookies are used for statistics,Generated through the annotate view,25,bad,50,approved
194,Reddit,D,True,Information is provided about how your personal data is used,Generated through the annotate view,36,good,50,approved
194,Reddit,D,True,Your personal data may be used for marketing purposes,Generated through the annotate view,57,bad,50,approved
194,Reddit,D,True,This service shares your personal data with third parties that are not essential to its operation,Generated through the annotate view,48,bad,50,approved
194,Reddit,D,True,This service gives your personal data to third parties involved in its operation,Generated through the annotate view,48,neutral,50,approved
194,Reddit,D,True,Your personal data is used to employ targeted third-party advertising,Generated through the annotate view,57,bad,50,approved
194,Reddit,D,True,Your profile is combined across various products,Generated through the annotate view,26,bad,50,approved
194,Reddit,D,True,Your personal data is aggregated into statistics,Generated through the annotate view,41,neutral,50,approved
194,Reddit,D,True,You have the right to leave this service at any time,Generated through the annotate view,45,good,50,approved
194,Reddit,D,True,Information is provided about security practices,Generated through the annotate view,50,good,50,approved
194,Reddit,D,True,Two factor authentication is provided for your account,Generated through the annotate view,50,good,50,approved
194,Reddit,D,True,You can limit how your information is used by third-parties and the service,Generated through the annotate view,34,good,50,approved
194,Reddit,D,True,"You can request access, correction and/or deletion of your data",Generated through the annotate view,34,good,50,approved
194,Reddit,D,True,You can retrieve an archive of your data,Generated through the annotate view,34,good,50,approved
194,Reddit,D,True,You can opt out of targeted advertising,Generated through the annotate view,57,good,50,approved
194,Reddit,D,True,Blocking first party cookies may limit your ability to use the service,Generated through the annotate view,25,neutral,50,approved
194,Reddit,D,True,Do Not Track (DNT) headers are ignored and you are tracked anyway even if you set this header.,Generated through the annotate view,25,neutral,50,approved
194,Reddit,D,True,Your data may be processed and stored anywhere in the world,Generated through the annotate view,41,bad,50,approved
194,Reddit,D,True,The service claims to be CCPA compliant for California users,Generated through the annotate view,44,good,50,approved
194,Reddit,D,True,The service claims to be GDPR compliant for European users,Generated through the annotate view,44,good,50,approved
194,Reddit,D,True,Your personal data is not sold,Generated through the annotate view,41,good,50,approved
194,Reddit,D,True,A complaint mechanism is provided for the handling of personal data,Generated through the annotate view,41,good,50,approved
194,Reddit,D,True,The service reviews its privacy policy on a regular basis,Generated through the annotate view,46,good,50,approved
194,Reddit,D,True,This service is only available to users over a certain age,Generated through the annotate view,31,neutral,50,approved
194,Reddit,D,True,Minors must have the authorization of their legal guardians to use the service,Generated through the annotate view,31,neutral,50,approved
194,Reddit,D,True,Users who have been permanently banned from this service are not allowed to re-register under a new account,Generated through the annotate view,47,neutral,50,approved
194,Reddit,D,True,You maintain ownership of your content,Generated through the annotate view,27,good,50,approved
194,Reddit,D,True,The service has non-exclusive use of your content,Generated through the annotate view,30,good,50,approved
194,Reddit,D,True,Your content can be licensed to third parties,Generated through the annotate view,30,bad,50,approved
194,Reddit,D,True,"Your personal data is used for automated decision-making, profiling or AI training",Generated through the annotate view,41,blocker,50,approved
194,Reddit,D,True,Specific content can be deleted without reason and may be removed without prior notice,Generated through the annotate view,47,blocker,50,approved
194,Reddit,D,True,The service is not responsible for linked or (clearly) quoted content from third-party content providers,Generated through the annotate view,55,neutral,50,approved
194,Reddit,D,True,"If you are the target of a copyright claim, your content may be removed",Generated through the annotate view,47,neutral,50,approved
194,Reddit,D,True,"If you are the target of a copyright holder's take down notice, this service gives you the opportunity to defend yourself",Generated through the annotate view,30,good,50,approved
194,Reddit,D,True,You are prohibited from attempting to gain unauthorized access to other computer systems,Generated through the annotate view,31,neutral,50,approved
194,Reddit,D,True,"You can scrape the site, as long as it doesn't impact the server too much",Generated through the annotate view,31,good,50,approved
194,Reddit,D,True,Your use is throttled,Generated through the annotate view,32,bad,50,approved
194,Reddit,D,True,Instructions are provided on how to submit a copyright claim,Generated through the annotate view,30,neutral,50,approved
194,Reddit,D,True,"You agree to defend, indemnify, and hold the service harmless in case of a claim related to your use of the service",Generated through the annotate view,31,neutral,50,approved
194,Reddit,D,True,The service is provided 'as is' and to be used at your sole risk,Generated through the annotate view,32,neutral,50,approved
194,Reddit,D,True,This service does not guarantee that it or the products obtained through it meet your expectations or requirements,Generated through the annotate view,32,neutral,50,approved
194,Reddit,D,True,The service does not guarantee accuracy or reliability of the information provided,Generated through the annotate view,32,neutral,50,approved
194,Reddit,D,True,"The service provider makes no warranty regarding uninterrupted, timely, secure or error-free service",Generated through the annotate view,32,neutral,50,approved
194,Reddit,D,True,The service assumes no liability for any damages the user incurs,Generated through the annotate view,31,neutral,50,approved
194,Reddit,D,True,This service assumes no liability for unauthorized access to your personal information,Generated through the annotate view,41,bad,50,approved
194,Reddit,D,True,Any liability on behalf of the service is only limited to the fees you paid as a user,Generated through the annotate view,31,bad,50,approved
194,Reddit,D,True,"You should revisit the terms periodically, although in case of material changes, the service will notify",Generated through the annotate view,46,neutral,50,approved
194,Reddit,D,True,"Instead of asking directly, this Service will assume your consent to changes of terms merely from your usage",Generated through the annotate view,46,bad,50,approved
194,Reddit,D,True,"Other applicable rules, terms, conditions or guidelines",Generated through the annotate view,31,neutral,50,approved
194,Reddit,D,True,The court of law governing the terms is in a jurisdiction that is friendlier to user privacy protection,Generated through the annotate view,44,good,50,approved
194,Reddit,D,True,You have the right to leave this service at any time,Generated through the annotate view,45,good,50,approved
194,Reddit,D,True,The service suspends your account after inactivity for a certain or uncertain time,Generated through the annotate view,45,neutral,50,approved
194,Reddit,D,True,Your account can be deleted or permanently suspended without prior notice and without a reason,Generated through the annotate view,47,bad,50,approved
194,Reddit,D,True,"Defend, indemnify, hold harmless; survives termination",Generated through the annotate view,31,neutral,50,approved
194,Reddit,D,True,"The service may keep a secure, anonymized record of your data for analytical purposes even after the data retention period",Generated through the annotate view,41,bad,50,approved
194,Reddit,D,True,The terms for this service are translated into different languages,Generated through the annotate view,36,neutral,50,approved
194,Reddit,D,True,The terms for this service are easy to read,Generated through the annotate view,36,good,50,approved
194,Reddit,D,True,Extra data may be collected about you through promotions,Generated through the annotate view,57,bad,50,approved
194,Reddit,D,True,The service informs you that its privacy policy does not apply to third party websites,Generated through the annotate view,36,neutral,50,approved
194,Reddit,D,True,You can opt out of promotional communications,Generated through the annotate view,34,good,50,approved
194,Reddit,D,True,This service is only available to users over a certain age,Generated through the annotate view,31,neutral,50,approved
194,Reddit,D,True,You must report to the service any unauthorized use of your account or any breach of security,Generated through the annotate view,50,neutral,50,approved
194,Reddit,D,True,This service does not condone any ideas contained in its user-generated contents,Generated through the annotate view,52,neutral,50,approved
194,Reddit,D,True,The court of law governing the terms is in location X,Generated through the annotate view,44,neutral,50,approved
206,Slack,C,True,The service has a no refund policy,Generated through the annotate view,54,neutral,50,approved
206,Slack,C,True,There is a date of the last update of the terms,Generated through the annotate view,38,neutral,50,approved
206,Slack,C,True,This service is only available to users of a certain age,Generated through the annotate view,31,neutral,50,approved
206,Slack,C,True,You maintain ownership of your data,Generated through the annotate view,27,good,50,approved
206,Slack,C,True,"Users should revisit the terms periodically, although in case of material changes, the service will notify",Generated through the annotate view,46,neutral,50,approved
206,Slack,C,True,Your personal data is used for limited purposes,Generated through the annotate view,41,good,50,approved
206,Slack,C,True,The service is provided 'as is' and to be used at the users' sole risk,Generated through the annotate view,32,neutral,50,approved
206,Slack,C,True,Invalidity of any portion of the Terms of Service does not entail invalidity of its remainder,Generated through the annotate view,31,neutral,50,approved
206,Slack,C,True,Failure to enforce any provision of the Terms of Service does not constitute a waiver of such provision,Generated through the annotate view,31,neutral,50,approved
206,Slack,C,True,The court of law governing the terms is in location X,Generated through the annotate view,44,neutral,50,approved
206,Slack,C,True,You have the right to leave this service at any time,Generated through the annotate view,45,good,50,approved
206,Slack,C,True,Users agree not to use the service for illegal purposes,Generated through the annotate view,52,neutral,50,approved
206,Slack,C,True,"Users should revisit the terms periodically, although in case of material changes, the service will notify",Generated through the annotate view,46,neutral,50,approved
206,Slack,C,True,This service will warn users about website maintenance,Generated through the annotate view,32,good,50,approved
206,Slack,C,True,The service gives 30 days of notice before closing your account,Generated through the annotate view,47,good,50,approved
206,Slack,C,True,The service promises to inform and/or notify users regarding government inquiries that may involve users' personal data,Generated through the annotate view,28,good,50,approved
206,Slack,C,True,You are responsible for maintaining the security of your account and for the activities on your account,Generated through the annotate view,50,neutral,50,approved
206,Slack,C,True,"You agree to defend, indemnify, and hold the service harmless in case of a claim related to your use of the service",Generated through the annotate view,31,neutral,50,approved
206,Slack,C,True,The service provides two factor authentification for your account,Generated through the annotate view,50,good,50,approved
206,Slack,C,True,You are responsible for maintaining the security of your account and for the activities on your account,Generated through the annotate view,50,neutral,50,approved
206,Slack,C,True,This service allows you to retrieve an archive of your data,Generated through the annotate view,34,good,50,approved
206,Slack,C,True,Any liability on behalf of the service is only limited to the fees you paid as a user,Generated through the annotate view,31,bad,50,approved
206,Slack,C,True,"Your personal data is used for automated decision-making, profiling or AI training",Generated through the annotate view,41,blocker,50,approved
206,Slack,C,True,Extra data may be collected about you through promotions,Created by Docbot version v3,57,bad,50,approved
180,Steam,D,True,This service assumes no liability for unauthorized access to your personal information,Generated through the annotate view,41,bad,50,approved
180,Steam,D,True,The service has non-exclusive use of your content,Generated through the annotate view,30,good,50,approved
180,Steam,D,True,This service requires first-party cookies,Generated through the annotate view,25,neutral,50,approved
180,Steam,D,True,You must create an account to use this service,Generated through the annotate view,36,neutral,50,approved
180,Steam,D,True,The service is provided 'as is' and to be used at the users' sole risk,Generated through the annotate view,32,neutral,50,approved
180,Steam,D,True,"Defend, indemnify, hold harmless; survives termination",Created by Docbot version v3,31,neutral,50,approved
180,Steam,D,True,You can delete your content from this service,Generated through the annotate view,45,good,50,approved
180,Steam,D,True,This service is only available for use individually and non-commercially.,Generated through the annotate view,31,neutral,50,approved
180,Steam,D,True,"The service provider makes no warranty regarding uninterrupted, timely, secure or error-free service",Generated through the annotate view,32,neutral,50,approved
180,Steam,D,True,You cannot distribute or disclose your account to third parties,Generated through the annotate view,36,neutral,50,approved
180,Steam,D,True,You are responsible for maintaining the security of your account and for the activities on your account,Created by Docbot version v3,50,neutral,50,approved
180,Steam,D,True,Any liability on behalf of the service is only limited to the fees you paid as a user,Created by Docbot version v3,31,bad,50,approved
180,Steam,D,True,You have the right to leave this service at any time,Created by Docbot version v3,45,good,50,approved
180,Steam,D,True,This service is only available to users over 13 years old,Created by Docbot version v3,31,neutral,50,approved
180,Steam,D,True,"The court of law governing the terms is in Washington, U.S.A.",Created by Docbot version v3,44,neutral,50,approved
180,Steam,D,True,The service allows you to use pseudonyms,Generated through the annotate view,26,good,50,approved
180,Steam,D,True,Your personal data is given to third parties,Generated through the annotate view,48,neutral,50,approved
180,Steam,D,True,Your personal data is aggregated into statistics,Generated through the annotate view,41,neutral,50,approved
180,Steam,D,True,The service's data retention period is kept to the minimum necessary for fulfilling its purposes,Generated through the annotate view,45,good,50,approved
180,Steam,D,True,Tracking pixels are used in service-to-user communication,Generated through the annotate view,25,bad,50,approved
180,Steam,D,True,"Instead of asking directly, this Service will assume your consent to changes of terms merely from your usage after 30 days of any changes",Created by Docbot version v3,46,bad,50,approved
180,Steam,D,True,Third parties are involved in operating the service,Generated through the annotate view,48,neutral,50,approved
180,Steam,D,True,Your use is throttled,Generated through the annotate view,32,bad,50,approved
180,Steam,D,True,Your content can be licensed to third parties,Generated through the annotate view,30,bad,50,approved
180,Steam,D,True,You agree not to use the service for illegal purposes,Generated through the annotate view,52,neutral,50,approved
180,Steam,D,True,The service is not responsible for linked or (clearly) quoted content from third-party content providers,Generated through the annotate view,55,neutral,50,approved
180,Steam,D,True,This service shares your personal data with third parties that are not essential to its operation,Generated through the annotate view,48,bad,50,approved
180,Steam,D,True,"Other applicable rules, terms, conditions or guidelines",Generated through the annotate view,31,neutral,50,approved
180,Steam,D,True,You cannot distribute or disclose your account to third parties,Generated through the annotate view,36,neutral,50,approved
180,Steam,D,True,The service has a no refund policy,Generated through the annotate view,54,neutral,50,approved
180,Steam,D,True,You must report to the service any unauthorized use of your account or any breach of security,Generated through the annotate view,50,neutral,50,approved
180,Steam,D,True,"If you offer suggestions to the service, they become the owner of the ideas that you give them",Generated through the annotate view,27,bad,50,approved
180,Steam,D,True,Personal information that is shared outside its jurisdiction is processed according to the original jurisdiction’s data protection standards,Generated through the annotate view,44,good,50,approved
180,Steam,D,True,You are informed about the risk of publishing personal info online,Generated through the annotate view,36,good,50,approved
180,Steam,D,True,"Sometimes you cannot delete your contributions, but it makes sense for this service",Generated through the annotate view,45,neutral,50,approved
180,Steam,D,True,Information is provided about what kind of personal information is collected,Generated through the annotate view,36,good,50,approved
180,Steam,D,True,"You agree not to submit libelous, harassing or threatening content",Generated through the annotate view,52,neutral,50,approved
180,Steam,D,True,This service gives your personal data to third parties involved in its operation,Generated through the annotate view,48,neutral,50,approved
180,Steam,D,True,"You are prohibited from sending chain letters, junk mail, spam or any unsolicited messages",Generated through the annotate view,52,neutral,50,approved
180,Steam,D,True,Extra data may be collected about you through promotions,Generated through the annotate view,57,bad,50,approved
180,Steam,D,True,"You are tracked via web beacons, tracking pixels, browser fingerprinting, and/or device fingerprinting",Generated through the annotate view,25,bad,50,approved
180,Steam,D,True,A free help desk is provided,Generated through the annotate view,36,good,50,approved
180,Steam,D,True,The service claims to be GDPR compliant for European users,Generated through the annotate view,44,good,50,approved
180,Steam,D,True,You can opt out of promotional communications,Generated through the annotate view,34,good,50,approved
180,Steam,D,True,Your personal data may be used for marketing purposes,Generated through the annotate view,57,bad,50,approved
180,Steam,D,True, The service is only available in some countries approved by its government,Generated through the annotate view,44,bad,50,approved
180,Steam,D,True,Harming minors in any ways is prohibited,Generated through the annotate view,31,neutral,50,approved
180,Steam,D,True,Invalidity of any portion of the Terms of Service does not entail invalidity of its remainder,Generated through the annotate view,31,neutral,50,approved
180,Steam,D,True,The service assumes no liability for any damages the user incurs,Generated through the annotate view,31,neutral,50,approved
180,Steam,D,True,"Location data may be collected, used and/or shared",Generated through the annotate view,41,bad,50,approved
180,Steam,D,True,Information is gathered about you through third parties,Generated through the annotate view,48,bad,50,approved
180,Steam,D,True,Your personal data is not sold,Generated through the annotate view,41,good,50,approved
180,Steam,D,True,This service informs you that its Privacy Policy does not apply to third-party services,Generated through the annotate view,36,neutral,50,approved
180,Steam,D,True,Your personal data may be disclosed to comply with government requests without notice to you,Generated through the annotate view,28,bad,50,approved
180,Steam,D,True,The service claims to be CCPA compliant for California users,Generated through the annotate view,44,good,50,approved
180,Steam,D,True,Specific content can be deleted without reason and may be removed without prior notice,Generated through the annotate view,47,blocker,50,approved
180,Steam,D,True,User accounts can be terminated after having been in breach of the terms of service repeatedly,Generated through the annotate view,47,good,50,approved
180,Steam,D,True,Private messages can be read,Generated through the annotate view,41,blocker,50,approved
180,Steam,D,True,Some personal data may be kept for business interests or legal obligations,Generated through the annotate view,45,bad,50,approved
180,Steam,D,True,This service assumes no liability for unauthorized access to your personal information,Generated through the annotate view,41,bad,50,approved
1448,TikTok,E,True,You maintain ownership of your data,Generated through the annotate view,27,good,50,approved
1448,TikTok,E,True,"Users should revisit the terms periodically, although in case of material changes, the service will notify",Generated through the annotate view,46,neutral,50,approved
1448,TikTok,E,True,The service can suspend your account for several reasons,Generated through the annotate view,47,neutral,50,approved
1448,TikTok,E,True,This service forces users into binding arbitration in the case of disputes,Generated through the annotate view,42,bad,50,approved
1448,TikTok,E,True,There is a date of the last update of the terms,Generated through the annotate view,38,neutral,50,approved
1448,TikTok,E,True,Your personal data may be sold or otherwise transferred as part of a bankruptcy proceeding or other type of financial transaction,Generated through the annotate view,39,bad,50,approved
1448,TikTok,E,True,"Your IP address is collected, which can be used to view your approximate location",Generated through the annotate view,56,neutral,50,approved
1448,TikTok,E,True,Third-party cookies are used for statistics,Generated through the annotate view,25,bad,50,approved
1448,TikTok,E,True,Your data may be processed and stored anywhere in the world,Generated through the annotate view,41,bad,50,approved
1448,TikTok,E,True,Information is gathered about you through third parties,Generated through the annotate view,48,bad,50,approved
1448,TikTok,E,True,Your personal data is used to employ targeted third-party advertising,Generated through the annotate view,57,bad,50,approved
1448,TikTok,E,True,Your profile is combined across various products,Generated through the annotate view,26,bad,50,approved
1448,TikTok,E,True,Details are provided about what kind of information they collect,Generated through the annotate view,36,good,50,approved
1448,TikTok,E,True,Private messages can be read,Generated through the annotate view,41,blocker,50,approved
1448,TikTok,E,True,Third-party cookies are used for advertising,Generated through the annotate view,25,bad,50,approved
1448,TikTok,E,True,"This service may collect, use, and share location data",Generated through the annotate view,41,bad,50,approved
1448,TikTok,E,True,Information is provided about how your personal data is used,Generated through the annotate view,36,good,50,approved
1448,TikTok,E,True,This service shares your personal data with third parties that are not involved in its operation,Generated through the annotate view,48,bad,50,approved
1448,TikTok,E,True,This service gives your personal data to third parties involved in its operation,Generated through the annotate view,48,neutral,50,approved
1448,TikTok,E,True,Your personal data is not sold,Generated through the annotate view,41,good,50,approved
1448,TikTok,E,True,"You are tracked via web beacons, tracking pixels and device fingerprinting","Also ""device identifiers""",25,bad,50,approved
1448,TikTok,E,True,This service ignores the Do Not Track (DNT) header and tracks users anyway even if they set this header.,Generated through the annotate view,25,neutral,50,approved
1448,TikTok,E,True,"Your IP address is collected, which can be used to view your approximate location",Generated through the annotate view,56,neutral,50,approved
1448,TikTok,E,True,Your biometric data is collected,Generated through the annotate view,56,bad,50,approved
1448,TikTok,E,True,This service receives your precise location through GPS coordinates,Generated through the annotate view,56,bad,50,approved
1448,TikTok,E,True, You are being tracked via social media cookies/pixels,Generated through the annotate view,25,bad,50,approved
1448,TikTok,E,True,Many different types of personal data are collected,Generated through the annotate view,41,bad,50,approved
1448,TikTok,E,True,You waive your right to a class action.,Generated through the annotate view,42,bad,50,approved
1448,TikTok,E,True,Your personal information is used for many different purposes,Generated through the annotate view,41,bad,50,approved
1448,TikTok,E,True,The service can delete your account without prior notice and without a reason,Generated through the annotate view,47,bad,50,approved
1448,TikTok,E,True,This service does not guarantee that it or the products obtained through it meet the users' expectations or requirements,Generated through the annotate view,32,neutral,50,approved
1448,TikTok,E,True,"You agree to defend, indemnify, and hold the service harmless in case of a claim related to your use of the service",Generated through the annotate view,31,neutral,50,approved
1448,TikTok,E,True,You waive your right to a class action.,Generated through the annotate view,42,bad,50,approved
1448,TikTok,E,True,"The service may change its terms at any time, but the user will receive notification of the changes.",Generated through the annotate view,46,neutral,50,approved
1448,TikTok,E,True,"If you offer suggestions to the service, they may use that without your approval or compensation, but they do not become the owner",Generated through the annotate view,27,good,50,approved
1448,TikTok,E,True,"If you are the target of a copyright claim, your content may be removed",Generated through the annotate view,47,neutral,50,approved
1448,TikTok,E,True,You waive your moral rights,Generated through the annotate view,27,blocker,50,approved
1448,TikTok,E,True,Specific content can be deleted without reason and may be removed without prior notice,Generated through the annotate view,47,blocker,50,approved
1448,TikTok,E,True,Your account can be deleted without prior notice and without a reason,Generated through the annotate view,47,bad,50,approved
1448,TikTok,E,True,The service does not guarantee accuracy or reliability of the information provided,Generated through the annotate view,32,neutral,50,approved
1448,TikTok,E,True,Your account can be suspended for several reasons,Generated through the annotate view,47,neutral,50,approved
1448,TikTok,E,True,Blocking first party cookies may limit your ability to use the service,Generated through the annotate view,25,neutral,50,approved
1448,TikTok,E,True,Content you post may be edited by the service for any reason,Generated through the annotate view,47,blocker,50,approved
1448,TikTok,E,True,"The service provider makes no warranty regarding uninterrupted, timely, secure or error-free service",Generated through the annotate view,32,neutral,50,approved
252,Uber,E,True,The service can delete your account without prior notice and without a reason,"At any time, your account can be terminated without explanation and without warning by the service. ",47,bad,50,approved
252,Uber,E,True,"This service collects your IP address, which can be used to view your approximate location",Generated through the annotate view,56,neutral,50,approved
252,Uber,E,True,There is a date of the last update of the agreements,Generated through the annotate view,38,neutral,50,approved
252,Uber,E,True,Your biometric data is collected,Generated through the annotate view,56,bad,50,approved
252,Uber,E,True,The service can intervene in user disputes,Generated through the annotate view,31,neutral,50,approved
252,Uber,E,True,This service is only available to users over a certain age,Generated through the annotate view,31,neutral,50,approved
252,Uber,E,True,You must create an account to use this service,Generated through the annotate view,36,neutral,50,approved
252,Uber,E,True,"Users should revisit the terms periodically, although in case of material changes, the service will notify",Generated through the annotate view,46,neutral,50,approved
252,Uber,E,True,This service tracks you on other websites,Generated through the annotate view,25,bad,50,approved
252,Uber,E,True,Private messages can be read,Generated through the annotate view,41,blocker,50,approved
252,Uber,E,True,Your profile is combined across various products,Generated through the annotate view,26,bad,50,approved
252,Uber,E,True,Third-party cookies are used for statistics,Generated through the annotate view,25,bad,50,approved
252,Uber,E,True,"You are tracked via web beacons, tracking pixels, browser fingerprinting, and/or device fingerprinting",Generated through the annotate view,25,bad,50,approved
252,Uber,E,True,This service shares your personal data with third parties that are not involved in its operation,Generated through the annotate view,48,bad,50,approved
252,Uber,E,True,Information is provided about how your personal data is used,Generated through the annotate view,36,good,50,approved
252,Uber,E,True,Your data may be processed and stored anywhere in the world,Generated through the annotate view,41,bad,50,approved
252,Uber,E,True,Many different types of personal data are collected,Generated through the annotate view,41,bad,50,approved
252,Uber,E,True,This service gives your personal data to third parties involved in its operation,Generated through the annotate view,48,neutral,50,approved
252,Uber,E,True,Sensitive data is collected and shared to target advertising,Marketing communications based on political opinions.,57,blocker,50,approved
252,Uber,E,True,The service claims to be CCPA compliant for California users,Generated through the annotate view,44,good,50,approved
252,Uber,E,True,The service claims to be LGPD compliant for Brazilian users,Generated through the annotate view,44,good,50,approved
252,Uber,E,True,"The court of law governing the terms is in a jurisdiction that is friendlier to user privacy protection (California, USA)",Generated through the annotate view,44,good,50,approved
252,Uber,E,True,You are forced into binding arbitration in case of disputes,Generated through the annotate view,42,bad,50,approved
252,Uber,E,True,Uber can transfer the TOS to affiliates and successors without your consent,Uber can transfer the TOS to affiliates and successors without your consent.,39,bad,50,approved
252,Uber,E,True,Your personal data is aggregated into statistics,Generated through the annotate view,41,neutral,50,approved
252,Uber,E,True,"You can request access, correction and/or deletion of your data",Generated through the annotate view,34,good,50,approved
252,Uber,E,True,You waive your right to a class action.,Docbot,42,bad,50,approved
252,Uber,E,True,"The service provides information about its attitude towards ethical, social or political problems or controversies",Uber offers a wide variety of additional policies to show their position in certain social and political fields.,31,good,50,approved
252,Uber,E,True,"The service provider makes no warranty regarding uninterrupted, timely, secure or error-free service","[Neutral]  Uber does not guarantee that their Services will work with any particular hardware or devices, and states the disclaimer that their Services may be subject to malfunctions and delays inherent with the use of the Internet and electronic communications.",32,neutral,50,approved
252,Uber,E,True,"You must provide your legal name, pseudonyms are not allowed",Created by Docbot version v3,26,bad,50,approved
198,WhatsApp,E,True,The service provides information about how they intend to use your personal data,Generated through the annotate view,36,good,50,approved
198,WhatsApp,E,True,Any liability on behalf of the service is only limited to the fees you paid as a user,Generated through the annotate view,31,bad,50,approved
198,WhatsApp,E,True,The service does not guarantee accuracy or reliability of the information provided,Generated through the annotate view,32,neutral,50,approved
198,WhatsApp,E,True,You are responsible for maintaining the security of your account and for the activities on your account,Generated through the annotate view,50,neutral,50,approved
198,WhatsApp,E,True,Blocking first party cookies may limit your ability to use the service,Generated through the annotate view,25,neutral,50,approved
198,WhatsApp,E,True,The service can delete your account without prior notice and without a reason,Generated through the annotate view,47,bad,50,approved
198,WhatsApp,E,True,The service is provided 'as is' and to be used at the users' sole risk,Generated through the annotate view,32,neutral,50,approved
198,WhatsApp,E,True,You are prohibited from attempting to gain unauthorized access to other computer systems,Generated through the annotate view,31,neutral,50,approved
198,WhatsApp,E,True,The service has non-exclusive use of your content,Generated through the annotate view,30,good,50,approved
198,WhatsApp,E,True,Failure to enforce any provision of the Terms of Service does not constitute a waiver of such provision,Created by Docbot version v3,31,neutral,50,approved
198,WhatsApp,E,True,You agree not to use the service for illegal purposes,Generated through the annotate view,52,neutral,50,approved
198,WhatsApp,E,True,You cannot distribute or disclose your account to third parties,Generated through the annotate view,36,neutral,50,approved
198,WhatsApp,E,True,The service suspends your account after inactivity for a certain or uncertain time,Generated through the annotate view,45,neutral,50,approved
198,WhatsApp,E,True, The service is only available in some countries approved by its government,Generated through the annotate view,44,bad,50,approved
198,WhatsApp,E,True,"If you offer suggestions to the service, they become the owner of the ideas that you give them",Generated through the annotate view,27,bad,50,approved
198,WhatsApp,E,True,This service is only available to users over 13 years old,Generated through the annotate view,31,neutral,50,approved
198,WhatsApp,E,True,User accounts can be terminated after having been in breach of the terms of service repeatedly,Generated through the annotate view,47,good,50,approved
198,WhatsApp,E,True,This service does not guarantee that it or the products obtained through it meet the users' expectations or requirements,Generated through the annotate view,32,neutral,50,approved
198,WhatsApp,E,True,Prohibits the posting of pornographic content,"Full quote: ""You will not use (or assist others in using) our Services in ways that: (a) violate, misappropriate, or infringe the rights of WhatsApp, our users, or others, including privacy, publicity, intellectual property, or other proprietary rights. (b) are illegal,obscene,""",52,neutral,50,approved
198,WhatsApp,E,True,"Users agree not to submit libelous, harassing or threatening content","Full quote: ""You will not use (or assist others in using) our Services in ways that: (a) violate, misappropriate, or infringe the rights of WhatsApp, our users, or others, including privacy, publicity, intellectual property, or other proprietary rights. (b) are illegal,obscene,defamatory,threatening, intimidating, harassing,""",52,neutral,50,approved
198,WhatsApp,E,True,You cannot distribute or disclose your account to third parties,Created by Docbot version v3,36,neutral,50,approved
198,WhatsApp,E,True,You are prohibited from posting content which promotes violence or politically or religiously extremist values.,Generated through the annotate view,52,neutral,50,approved
198,WhatsApp,E,True,You are forced into binding arbitration in case of disputes,Generated through the annotate view,42,bad,50,approved
198,WhatsApp,E,True,There is a date of the last update of the agreements,Generated through the annotate view,38,neutral,50,approved
198,WhatsApp,E,True,Archives of their agreements are provided so that changes can be viewed over time,Generated through the annotate view,36,good,50,approved
198,WhatsApp,E,True,Third parties are involved in operating the service,Generated through the annotate view,48,neutral,50,approved
198,WhatsApp,E,True,You waive your right to a class action.,Generated through the annotate view,42,bad,50,approved
198,WhatsApp,E,True,Minors must have the authorization of their legal guardians to use the service,Generated through the annotate view,31,neutral,50,approved
198,WhatsApp,E,True,Information is provided about what kind of information they collect,Generated through the annotate view,36,good,50,approved
198,WhatsApp,E,True,Information is provided about how your personal data is used,Generated through the annotate view,36,good,50,approved
198,WhatsApp,E,True,This service informs you that its Terms of Service does not apply to third party websites,Generated through the annotate view,36,neutral,50,approved
198,WhatsApp,E,True,The service informs you that its privacy policy does not apply to third party websites,Generated through the annotate view,36,neutral,50,approved
198,WhatsApp,E,True,Instructions are provided on how to submit a copyright claim,Generated through the annotate view,30,neutral,50,approved
198,WhatsApp,E,True,"If you are the target of a copyright claim, your content may be removed",Generated through the annotate view,47,neutral,50,approved
198,WhatsApp,E,True,"The service provider makes no warranty regarding uninterrupted, timely, secure or error-free service",Generated through the annotate view,32,neutral,50,approved
198,WhatsApp,E,True,This service cannot be held responsible for disputes that you may have with other users,Generated through the annotate view,31,neutral,50,approved
198,WhatsApp,E,True,The service assumes no liability for any damages the user incurs,Generated through the annotate view,31,neutral,50,approved
198,WhatsApp,E,True,You have a reduced time period to take legal action against the service,Generated through the annotate view,31,bad,50,approved
198,WhatsApp,E,True,You agree to comply with the law of the service's country,Generated through the annotate view,28,neutral,50,approved
198,WhatsApp,E,True,The terms for this service are translated into different languages,Generated through the annotate view,36,neutral,50,approved
198,WhatsApp,E,True,"Instead of asking directly, this Service will assume your consent to changes of terms merely from your usage.",Generated through the annotate view,46,bad,50,approved
198,WhatsApp,E,True,Failure to enforce any provision of the Terms of Service does not constitute a waiver of such provision,Generated through the annotate view,31,neutral,50,approved
198,WhatsApp,E,True,Invalidity of any portion of the Terms of Service does not entail invalidity of its remainder,Generated through the annotate view,31,neutral,50,approved
198,WhatsApp,E,True,The terms for this service are translated into different languages,Generated through the annotate view,36,neutral,50,approved
198,WhatsApp,E,True,They store data on you even if you did not interact with the service,"Users can add contact information, allowing WhatsApp to store information about users that didn't interact with the service.",41,blocker,50,approved
198,WhatsApp,E,True,Your personal data is aggregated into statistics,Generated through the annotate view,41,neutral,50,approved
198,WhatsApp,E,True,This service receives your precise location through GPS coordinates,Generated through the annotate view,56,bad,50,approved
198,WhatsApp,E,True,"This service may collect, use, and share location data",Generated through the annotate view,41,bad,50,approved
198,WhatsApp,E,True,First-party cookies are used,Generated through the annotate view,25,neutral,50,approved
198,WhatsApp,E,True,Many different types of personal data are collected,Generated through the annotate view,41,bad,50,approved
198,WhatsApp,E,True,This service shares your personal data with third parties that are not essential to its operation,Generated through the annotate view,48,bad,50,approved
198,WhatsApp,E,True,Private messages can be read by third parties,Generated through the annotate view,41,blocker,50,approved
198,WhatsApp,E,True,Information is gathered about you through third parties,Generated through the annotate view,48,bad,50,approved
198,WhatsApp,E,True,"Your IP address is collected, which can be used to view your approximate location",Generated through the annotate view,56,neutral,50,approved
198,WhatsApp,E,True,Your personal data may be used for marketing purposes,Generated through the annotate view,57,bad,50,approved
198,WhatsApp,E,True, You are being tracked via social media cookies/pixels,Generated through the annotate view,25,bad,50,approved
198,WhatsApp,E,True,Your personal data may be sold or otherwise transferred as part of a bankruptcy proceeding or other type of financial transaction,Generated through the annotate view,39,bad,50,approved
198,WhatsApp,E,True,You can retrieve an archive of your data,Generated through the annotate view,34,good,50,approved
198,WhatsApp,E,True,You can limit how your information is used by third-parties and the service,Generated through the annotate view,34,good,50,approved
198,WhatsApp,E,True,You can opt out of targeted advertising,Generated through the annotate view,57,good,50,approved
198,WhatsApp,E,True,"You cannot delete your contributions, but it makes sense for this service",Generated through the annotate view,45,neutral,50,approved
198,WhatsApp,E,True,Your data may be processed and stored anywhere in the world,Generated through the annotate view,41,bad,50,approved
198,WhatsApp,E,True, A list of all cookies set by the website is provided,Generated through the annotate view,36,good,50,approved
198,WhatsApp,E,True,The service will only respond to government requests that are reasonable,Generated through the annotate view,28,good,50,approved
198,WhatsApp,E,True,"You are tracked via web beacons, tracking pixels, browser fingerprinting, and/or device fingerprinting",Generated through the annotate view,25,bad,50,approved
198,WhatsApp,E,True,Users who have been permanently banned from this service are not allowed to re-register under a new account,Generated through the annotate view,47,neutral,50,approved
198,WhatsApp,E,True,Your data may be processed and stored anywhere in the world,Generated through the annotate view,41,bad,50,approved
198,WhatsApp,E,True,This service gives your personal data to third parties involved in its operation,Generated through the annotate view,48,neutral,50,approved
198,WhatsApp,E,True,Your content can be licensed to third parties,Generated through the annotate view,30,bad,50,approved
198,WhatsApp,E,True,"Defend, indemnify, hold harmless; survives termination",Generated through the annotate view,31,neutral,50,approved
198,WhatsApp,E,True,This service is a subsidiary of Meta,Generated through the annotate view,36,neutral,50,approved
198,WhatsApp,E,True,"You agree to defend, indemnify, and hold the service harmless in case of a claim related to your use of the service",Generated through the annotate view,31,neutral,50,approved
198,WhatsApp,E,True,"You can request access, correction and/or deletion of your data",Generated through the annotate view,34,good,50,approved
198,WhatsApp,E,True,Some personal data may be kept for business interests or legal obligations,Generated through the annotate view,45,bad,50,approved
195,X (Twitter),E,True,An onion site accessible over Tor is provided,Onion Domain https://twitter3e4tixl4xyajtrzo62zg5vztmjuricljdp2c5kshju4avyoid.onion/,26,good,50,approved
195,X (Twitter),E,True,The terms for this service are easy to read,Generated through the annotate view,36,good,50,approved
195,X (Twitter),E,True,There is a date of the last update of the agreements,Generated through the annotate view,38,neutral,50,approved
195,X (Twitter),E,True, The service is only available in some countries approved by its government,Generated through the annotate view,44,bad,50,approved
195,X (Twitter),E,True,You maintain ownership of your content,Generated through the annotate view,27,good,50,approved
195,X (Twitter),E,True,The service has non-exclusive use of your content,Generated through the annotate view,30,good,50,approved
195,X (Twitter),E,True,Your content can be licensed to third parties,Generated through the annotate view,30,bad,50,approved
195,X (Twitter),E,True,Your content can be distributed through any media known now or in the future,Generated through the annotate view,30,neutral,50,approved
195,X (Twitter),E,True,Your personal data may be disclosed to comply with government requests without notice to you,Generated through the annotate view,28,bad,50,approved
195,X (Twitter),E,True,This service informs you that its Terms of Service does not apply to third party websites,Generated through the annotate view,36,neutral,50,approved
195,X (Twitter),E,True,"Other applicable rules, terms, conditions or guidelines",Generated through the annotate view,31,neutral,50,approved
195,X (Twitter),E,True,You must create an account to use this service,Generated through the annotate view,36,neutral,50,approved
195,X (Twitter),E,True,You are responsible for maintaining the security of your account and for the activities on your account,Generated through the annotate view,50,neutral,50,approved
195,X (Twitter),E,True,"If you offer suggestions to the service, they become the owner of the ideas that you give them",Generated through the annotate view,27,bad,50,approved
195,X (Twitter),E,True,"You are prohibited from sending chain letters, junk mail, spam or any unsolicited messages",Generated through the annotate view,52,neutral,50,approved
195,X (Twitter),E,True,This service does not guarantee that it or the products obtained through it meet your expectations or requirements,Generated through the annotate view,32,neutral,50,approved
195,X (Twitter),E,True,"The service provider makes no warranty regarding uninterrupted, timely, secure or error-free service",Generated through the annotate view,32,neutral,50,approved
195,X (Twitter),E,True,Minors must have the authorization of their legal guardians to use the service,Generated through the annotate view,31,neutral,50,approved
195,X (Twitter),E,True,You agree not to use the service for illegal purposes,Generated through the annotate view,52,neutral,50,approved
195,X (Twitter),E,True,You are informed about the risk of publishing personal info online,Generated through the annotate view,36,good,50,approved
195,X (Twitter),E,True,Your content can be deleted if you violate the terms,Generated through the annotate view,47,neutral,50,approved
195,X (Twitter),E,True,"If you are the target of a copyright claim, your content may be removed",Generated through the annotate view,47,neutral,50,approved
195,X (Twitter),E,True,A free help desk is provided,Generated through the annotate view,36,good,50,approved
195,X (Twitter),E,True,Content you post may be edited by the service for any reason,Generated through the annotate view,47,blocker,50,approved
195,X (Twitter),E,True," Terms may be changed any time at their discretion, without notice to you ",Generated through the annotate view,46,bad,50,approved
195,X (Twitter),E,True,They may stop providing the service at any time,Generated through the annotate view,47,neutral,50,approved
195,X (Twitter),E,True,Specific content can be deleted without reason and may be removed without prior notice,Generated through the annotate view,47,blocker,50,approved
195,X (Twitter),E,True,Two factor authentication is provided for your account,Generated through the annotate view,50,good,50,approved
195,X (Twitter),E,True,This service assumes no liability for unauthorized access to your personal information,Generated through the annotate view,41,bad,50,approved
195,X (Twitter),E,True,You cannot distribute or disclose your account to third parties,Generated through the annotate view,36,neutral,50,approved
195,X (Twitter),E,True,"Spidering, crawling, or accessing the site through any automated means is not allowed",Generated through the annotate view,52,neutral,50,approved
195,X (Twitter),E,True,You have the right to leave this service at any time,Generated through the annotate view,45,good,50,approved
195,X (Twitter),E,True,User accounts can be terminated after having been in breach of the terms of service repeatedly,Generated through the annotate view,47,good,50,approved
195,X (Twitter),E,True,The service suspends your account after inactivity for a certain or uncertain time,Generated through the annotate view,45,neutral,50,approved
195,X (Twitter),E,True,Your account can be suspended for several reasons,Generated through the annotate view,47,neutral,50,approved
195,X (Twitter),E,True,Your account can be deleted or permanently suspended without prior notice and without a reason,Generated through the annotate view,47,bad,50,approved
195,X (Twitter),E,True,"Defend, indemnify, hold harmless; survives termination",Generated through the annotate view,31,neutral,50,approved
195,X (Twitter),E,True,The service is provided 'as is' and to be used at your sole risk,Generated through the annotate view,32,neutral,50,approved
195,X (Twitter),E,True,The service does not guarantee accuracy or reliability of the information provided,Generated through the annotate view,32,neutral,50,approved
195,X (Twitter),E,True,"You are responsible for any risks, damages, or losses that may incur by downloading materials",Generated through the annotate view,32,neutral,50,approved
195,X (Twitter),E,True,The service assumes no liability for any damages the user incurs,Generated through the annotate view,31,neutral,50,approved
195,X (Twitter),E,True,You aren’t forced into binding arbitration in case of disputes,Generated through the annotate view,42,good,50,approved
195,X (Twitter),E,True,This service assumes no liability for unauthorized access to your personal information,Generated through the annotate view,41,bad,50,approved
195,X (Twitter),E,True,Any liability on behalf of the service is only limited to the fees you paid as a user,Generated through the annotate view,31,bad,50,approved
195,X (Twitter),E,True,Your use is throttled,Generated through the annotate view,32,bad,50,approved
195,X (Twitter),E,True,"The terms may be changed at any time, but you will receive notification of the changes",Generated through the annotate view,46,neutral,50,approved
195,X (Twitter),E,True,"Instead of asking directly, this Service will assume your consent to changes of terms merely from your usage",Generated through the annotate view,46,bad,50,approved
195,X (Twitter),E,True,"The court of law governing the terms is in Texas, U.S.A.",Generated through the annotate view,44,neutral,50,approved
195,X (Twitter),E,True,"The court of law governing the terms is in a jurisdiction that is less friendly to user privacy protection (Texas, U.S.A.)",Generated through the annotate view,44,bad,50,approved
195,X (Twitter),E,True,Information is provided about what kind of information they collect,Generated through the annotate view,36,good,50,approved
195,X (Twitter),E,True,Pseudonyms are allowed,Generated through the annotate view,26,good,50,approved
195,X (Twitter),E,True,Your biometric data is collected,Generated through the annotate view,56,bad,50,approved
195,X (Twitter),E,True,Many different types of personal data are collected,Generated through the annotate view,41,bad,50,approved
195,X (Twitter),E,True,You waive your right to a class action,Generated through the annotate view,42,bad,50,approved
195,X (Twitter),E,True,Invalidity of any portion of the Terms of Service does not entail invalidity of its remainder,Generated through the annotate view,31,neutral,50,approved
195,X (Twitter),E,True,Failure to enforce any provision of the Terms of Service does not constitute a waiver of such provision,Generated through the annotate view,31,neutral,50,approved
195,X (Twitter),E,True,The terms for this service are translated into different languages,Generated through the annotate view,36,neutral,50,approved
195,X (Twitter),E,True,Archives of their agreements are provided so that changes can be viewed over time,Generated through the annotate view,36,good,50,approved
195,X (Twitter),E,True, You are being tracked via social media cookies/pixels,Generated through the annotate view,25,bad,50,approved
195,X (Twitter),E,True,"This service may collect, use, and share location data",Generated through the annotate view,41,bad,50,approved
195,X (Twitter),E,True,Private messages can be read,Generated through the annotate view,41,blocker,50,approved
195,X (Twitter),E,True,Tracking pixels are used in service-to-user communication,Generated through the annotate view,25,bad,50,approved
195,X (Twitter),E,True,Third parties are involved in operating the service,Generated through the annotate view,48,neutral,50,approved
195,X (Twitter),E,True,"Your IP address is collected, which can be used to view your approximate location",Generated through the annotate view,56,neutral,50,approved
195,X (Twitter),E,True,App required for this service requires broad device permissions,Generated through the annotate view,41,bad,50,approved
195,X (Twitter),E,True,This service receives your precise location through GPS coordinates,Generated through the annotate view,56,bad,50,approved
195,X (Twitter),E,True,They store data on you even if you did not interact with the service,Generated through the annotate view,41,blocker,50,approved
195,X (Twitter),E,True,First-party cookies are used,Generated through the annotate view,25,neutral,50,approved
195,X (Twitter),E,True,Your personal data is used to employ targeted third-party advertising,Generated through the annotate view,57,bad,50,approved
195,X (Twitter),E,True,Your profile is combined across various products,Generated through the annotate view,26,bad,50,approved
195,X (Twitter),E,True,Information is provided about how your personal data is used,Generated through the annotate view,36,good,50,approved
195,X (Twitter),E,True,Your personal information is used for many different purposes,Generated through the annotate view,41,bad,50,approved
195,X (Twitter),E,True,Your personal data is aggregated into statistics,Generated through the annotate view,41,neutral,50,approved
195,X (Twitter),E,True,This service tracks you on other websites,Generated through the annotate view,25,bad,50,approved
195,X (Twitter),E,True,Information is gathered about you through third parties,Generated through the annotate view,48,bad,50,approved
195,X (Twitter),E,True,Third-party cookies are used for advertising,Generated through the annotate view,25,bad,50,approved
195,X (Twitter),E,True,"Your personal data is used for automated decision-making, profiling or AI training",Generated through the annotate view,41,blocker,50,approved
195,X (Twitter),E,True,Your provided identifiable information is actively checked by the service,Generated through the annotate view,26,bad,50,approved
195,X (Twitter),E,True,Your personal data may be used for marketing purposes,Generated through the annotate view,57,bad,50,approved
195,X (Twitter),E,True,This service shares your personal data with third parties that are not essential to its operation,Generated through the annotate view,48,bad,50,approved
195,X (Twitter),E,True,Your personal data may be disclosed to comply with government requests without notice to you,Generated through the annotate view,28,bad,50,approved
195,X (Twitter),E,True,Your provided identifiable information is actively checked by the service,Generated through the annotate view,26,bad,50,approved
195,X (Twitter),E,True,Your personal data may be sold or otherwise transferred as part of a bankruptcy proceeding or other type of financial transaction,Generated through the annotate view,39,bad,50,approved
195,X (Twitter),E,True,Banned users are prohibited from creating a new account,Generated through the annotate view,47,neutral,50,approved
195,X (Twitter),E,True,"You can request access, correction and/or deletion of your data",Generated through the annotate view,34,good,50,approved
195,X (Twitter),E,True,Some personal data may be kept for business interests or legal obligations,Generated through the annotate view,45,bad,50,approved
195,X (Twitter),E,True,You can retrieve an archive of your data,Generated through the annotate view,34,good,50,approved
195,X (Twitter),E,True,You can limit how your information is used by third-parties and the service,Generated through the annotate view,34,good,50,approved
195,X (Twitter),E,True,Your personal data is not sold,Generated through the annotate view,41,good,50,approved
195,X (Twitter),E,True,Your data may be processed and stored anywhere in the world,Generated through the annotate view,41,bad,50,approved
195,X (Twitter),E,True,A complaint mechanism is provided for the handling of personal data,Generated through the annotate view,41,good,50,approved
195,X (Twitter),E,True,The service claims to be CCPA compliant for California users,Generated through the annotate view,44,good,50,approved
195,X (Twitter),E,True,This service is only available to users over 13 years old,Generated through the annotate view,31,neutral,50,approved
195,X (Twitter),E,True,The service reviews its privacy policy on a regular basis,Generated through the annotate view,46,good,50,approved
195,X (Twitter),E,True,This service does not condone any ideas contained in its user-generated contents,Generated through the annotate view,52,neutral,50,approved
195,X (Twitter),E,True,Instructions are provided on how to submit a copyright claim,Generated through the annotate view,30,neutral,50,approved
195,X (Twitter),E,True,Separate policies are employed for different parts of the service,Generated through the annotate view,36,neutral,50,approved
195,X (Twitter),E,True,You are prohibited from attempting to gain unauthorized access to other computer systems,Generated through the annotate view,31,neutral,50,approved
195,X (Twitter),E,True,Service fines users for Terms of Service violations,Generated through the annotate view,31,bad,50,approved
195,X (Twitter),E,True,You have a reduced time period to take legal action against the service,Generated through the annotate view,31,bad,50,approved
195,X (Twitter),E,True,This service tracks which web page referred you to it,Generated through the annotate view,25,bad,50,approved
195,X (Twitter),E,True,This Service provides a list of Third Parties involved in its operation,Generated through the annotate view,36,good,50,approved
274,YouTube,E,True,Only aggregate data is given to advertisers,Generated through the annotate view,41,neutral,50,approved
274,YouTube,E,True,There is a date of the last update of the agreements,Generated through the annotate view,38,neutral,50,approved
274,YouTube,E,True,This service is only available to users over 16 years old,Generated through the annotate view,31,neutral,50,approved
274,YouTube,E,True,You are informed about the risk of publishing personal info online,Generated through the annotate view,36,good,50,approved
274,YouTube,E,True,"You can request access, correction and/or deletion of your data",Created by Docbot version v3,34,good,50,approved
274,YouTube,E,True,This service collects your IP address for location use,Generated through the annotate view,56,neutral,50,approved
274,YouTube,E,True,You have the right to leave this service at any time,Created by Docbot version v3,45,good,50,approved
274,YouTube,E,True,Minors must have the authorization of their legal guardians to use the service,Generated through the annotate view,31,neutral,50,approved
274,YouTube,E,True,Some personal data may be kept for business interests or legal obligations,Created by Docbot version v3,45,bad,50,approved
274,YouTube,E,True,The terms for this service are translated into different languages,Generated through the annotate view,36,neutral,50,approved
274,YouTube,E,True,You can choose with whom you share content,Generated through the annotate view,34,good,50,approved
274,YouTube,E,True,The service has non-exclusive use of your content,Generated through the annotate view,30,good,50,approved
274,YouTube,E,True,Instructions are provided on how to submit a copyright claim,Generated through the annotate view,30,neutral,50,approved
274,YouTube,E,True,Your account can be suspended for several reasons,Generated through the annotate view,47,neutral,50,approved
274,YouTube,E,True,"Per the service's terms, you may not express negative opinions about them",Generated through the annotate view,31,bad,50,approved
274,YouTube,E,True,Your content can be deleted if you violate the terms,Generated through the annotate view,47,neutral,50,approved
274,YouTube,E,True,A free help desk is provided,Generated through the annotate view,36,good,50,approved
274,YouTube,E,True,The service does not guarantee accuracy or reliability of the information provided,Generated through the annotate view,32,neutral,50,approved
274,YouTube,E,True,"The service provider makes no warranty regarding uninterrupted, timely, secure or error-free service",Generated through the annotate view,32,neutral,50,approved
274,YouTube,E,True,Third parties are involved in operating the service,Generated through the annotate view,48,neutral,50,approved
274,YouTube,E,True,This service informs you that its Privacy Policy does not apply to third-party services,Generated through the annotate view,36,neutral,50,approved
274,YouTube,E,True,"The terms may be changed at any time, but you will receive notification of the changes",Generated through the annotate view,46,neutral,50,approved
274,YouTube,E,True,Invalidity of any portion of the Terms of Service does not entail invalidity of its remainder,Generated through the annotate view,31,neutral,50,approved
274,YouTube,E,True,Failure to enforce any provision of the Terms of Service does not constitute a waiver of such provision,Generated through the annotate view,31,neutral,50,approved
274,YouTube,E,True,Archives of their agreements are provided so that changes can be viewed over time,Generated through the annotate view,36,good,50,approved
274,YouTube,E,True,You are prohibited from posting content which promotes violence or politically or religiously extremist values,Generated through the annotate view,52,neutral,50,approved
274,YouTube,E,True,Information is provided about what kind of personal information is collected,Generated through the annotate view,36,good,50,approved
274,YouTube,E,True,Your personal data may be sold or otherwise transferred as part of a bankruptcy proceeding or other type of financial transaction,Generated through the annotate view,39,bad,50,approved
274,YouTube,E,True,You can retrieve an archive of your data,Generated through the annotate view,34,good,50,approved
274,YouTube,E,True,The service is not responsible for linked or (clearly) quoted content from third-party content providers,Generated through the annotate view,55,neutral,50,approved
274,YouTube,E,True,This service informs you that its Terms of Service does not apply to third-party services,Generated through the annotate view,36,neutral,50,approved
274,YouTube,E,True,"Instead of asking directly, this Service will assume your consent to changes of terms merely from your usage",Generated through the annotate view,46,bad,50,approved
274,YouTube,E,True,They store data on you even if you did not interact with the service,Generated through the annotate view,41,blocker,50,approved
274,YouTube,E,True,Any liability on behalf of the service is only limited to the fees you paid as a user,Generated through the annotate view,31,bad,50,approved
274,YouTube,E,True,A license is kept on user-generated content even after you close your account,Generated through the annotate view,30,bad,50,approved
274,YouTube,E,True,This service tracks which web page referred you to it,Generated through the annotate view,25,bad,50,approved
274,YouTube,E,True,App required for this service requires broad device permissions,Generated through the annotate view,41,bad,50,approved
274,YouTube,E,True,First-party cookies are used,Generated through the annotate view,25,neutral,50,approved
274,YouTube,E,True,Your personal data is aggregated into statistics,Generated through the annotate view,41,neutral,50,approved
274,YouTube,E,True,This service still tracks you even if you opted out from tracking,Generated through the annotate view,25,blocker,50,approved
274,YouTube,E,True,This service receives your precise location through GPS coordinates,Generated through the annotate view,56,bad,50,approved
274,YouTube,E,True,"You are tracked via web beacons, tracking pixels, browser fingerprinting, and/or device fingerprinting",Generated through the annotate view,25,bad,50,approved
274,YouTube,E,True,This service shares your personal data with third parties that are not essential to its operation,Generated through the annotate view,48,bad,50,approved
274,YouTube,E,True,Third-party cookies are used for statistics,Generated through the annotate view,25,bad,50,approved
274,YouTube,E,True,Your profile is combined across various products,Generated through the annotate view,26,bad,50,approved
274,YouTube,E,True,Blocking first party cookies may limit your ability to use the service,Generated through the annotate view,25,neutral,50,approved
274,YouTube,E,True,Promises will be kept after a merger or acquisition,Generated through the annotate view,39,good,50,approved
274,YouTube,E,True,You will be notified if personal data has been affected by data breaches,Generated through the annotate view,50,good,50,approved
274,YouTube,E,True,Two factor authentication is provided for your account,Generated through the annotate view,50,good,50,approved
274,YouTube,E,True,"Your personal data is used for automated decision-making, profiling or AI training",Generated through the annotate view,41,blocker,50,approved
274,YouTube,E,True,Sensitive data is collected and shared to target advertising,Generated through the annotate view,57,blocker,50,approved
274,YouTube,E,True,The service will only respond to government requests that are reasonable,Generated through the annotate view,28,good,50,approved
274,YouTube,E,True,Your personal data may be used for marketing purposes,Generated through the annotate view,57,bad,50,approved
274,YouTube,E,True,Third parties used by the service are bound by confidentiality obligations,Generated through the annotate view,48,good,50,approved
274,YouTube,E,True,A complaint mechanism is provided for the handling of personal data,Generated through the annotate view,41,good,50,approved
274,YouTube,E,True,Your personal data may be disclosed to comply with government requests without notice to you,Generated through the annotate view,28,bad,50,approved
274,YouTube,E,True,This service is a subsidiary of Google,Generated through the annotate view,36,neutral,50,approved
274,YouTube,E,True,Many different types of personal data are collected,Generated through the annotate view,41,bad,50,approved
274,YouTube,E,True,Your personal data is used to employ targeted third-party advertising,Generated through the annotate view,57,bad,50,approved
274,YouTube,E,True,Information is provided about security practices,Generated through the annotate view,50,good,50,approved
274,YouTube,E,True,The service reviews its privacy policy on a regular basis,Generated through the annotate view,46,good,50,approved
274,YouTube,E,True,Your data may be processed and stored anywhere in the world,Generated through the annotate view,41,bad,50,approved
274,YouTube,E,True,You agree not to use the service for illegal purposes,Generated through the annotate view,52,neutral,50,approved
274,YouTube,E,True,Third-party cookies are used for advertising,Generated through the annotate view,25,bad,50,approved
274,YouTube,E,True,Your biometric data is collected,Generated through the annotate view,56,bad,50,approved
274,YouTube,E,True,"You are prohibited from sending chain letters, junk mail, spam or any unsolicited messages",Generated through the annotate view,52,neutral,50,approved
274,YouTube,E,True,Harming minors in any ways is prohibited,Generated through the annotate view,31,neutral,50,approved
274,YouTube,E,True,"Other applicable rules, terms, conditions or guidelines",Generated through the annotate view,31,neutral,50,approved
274,YouTube,E,True,"Spidering, crawling, or accessing the site through any automated means is not allowed",Generated through the annotate view,52,neutral,50,approved
274,YouTube,E,True,You maintain ownership of your content,Generated through the annotate view,27,good,50,approved
274,YouTube,E,True,You can delete your content from this service,Generated through the annotate view,45,good,50,approved
274,YouTube,E,True,No need to register,Generated through the annotate view,45,good,50,approved
274,YouTube,E,True,"You agree not to submit libelous, harassing or threatening content",Generated through the annotate view,52,neutral,50,approved
274,YouTube,E,True,You can limit how your information is used by third-parties and the service,Generated through the annotate view,34,good,50,approved
274,YouTube,E,True,You can opt out of targeted advertising,Generated through the annotate view,57,good,50,approved
274,YouTube,E,True,Information is gathered about you through third parties,Generated through the annotate view,48,bad,50,approved
274,YouTube,E,True,"Location data may be collected, used and/or shared",Generated through the annotate view,41,bad,50,approved
