threshold,precision,recall,f1,f05,tp,fp,fn,eligible_recall_070
0.9530419111251831,1.0,0.1111111111111111,0.2,0.38461538461538464,1,0,8,False
0.9441368579864502,1.0,0.2222222222222222,0.36363636363636365,0.5882352941176471,2,0,7,False
0.939087986946106,1.0,0.3333333333333333,0.5,0.7142857142857143,3,0,6,False
0.9246463179588318,0.75,0.3333333333333333,0.46153846153846156,0.6,3,1,6,False
0.9136437177658081,0.8,0.4444444444444444,0.5714285714285714,0.6896551724137931,4,1,5,False
0.9095567464828491,0.8333333333333334,0.5555555555555556,0.6666666666666666,0.7575757575757576,5,1,4,False
0.8983343243598938,0.7142857142857143,0.5555555555555556,0.625,0.6756756756756757,5,2,4,False
0.898015022277832,0.75,0.6666666666666666,0.7058823529411765,0.7317073170731707,6,2,3,False
0.8774644732475281,0.6666666666666666,0.6666666666666666,0.6666666666666666,0.6666666666666666,6,3,3,False
0.8697564601898193,0.6,0.6666666666666666,0.631578947368421,0.6122448979591837,6,4,3,False
0.8318430185317993,0.5454545454545454,0.6666666666666666,0.6,0.5660377358490566,6,5,3,False
0.8143839240074158,0.5,0.6666666666666666,0.5714285714285714,0.5263157894736842,6,6,3,False
0.791977047920227,0.46153846153846156,0.6666666666666666,0.5454545454545454,0.4918032786885246,6,7,3,False
0.7120152711868286,0.42857142857142855,0.6666666666666666,0.5217391304347826,0.46153846153846156,6,8,3,False
0.7010114192962646,0.4,0.6666666666666666,0.5,0.43478260869565216,6,9,3,False
0.6966460943222046,0.375,0.6666666666666666,0.48,0.410958904109589,6,10,3,False
0.6822270750999451,0.35294117647058826,0.6666666666666666,0.46153846153846156,0.38961038961038963,6,11,3,False
0.6409934163093567,0.3333333333333333,0.6666666666666666,0.4444444444444444,0.37037037037037035,6,12,3,False
0.6085606813430786,0.3157894736842105,0.6666666666666666,0.42857142857142855,0.35294117647058826,6,13,3,False
0.6012619137763977,0.3,0.6666666666666666,0.41379310344827586,0.33707865168539325,6,14,3,False
0.5923681855201721,0.2857142857142857,0.6666666666666666,0.4,0.3225806451612903,6,15,3,False
0.57906174659729,0.2727272727272727,0.6666666666666666,0.3870967741935484,0.30927835051546393,6,16,3,False
0.5769498348236084,0.30434782608695654,0.7777777777777778,0.4375,0.3465346534653465,7,16,2,True
0.5708532929420471,0.2916666666666667,0.7777777777777778,0.42424242424242425,0.3333333333333333,7,17,2,True
0.5564736723899841,0.28,0.7777777777777778,0.4117647058823529,0.3211009174311927,7,18,2,True
0.5469175577163696,0.2692307692307692,0.7777777777777778,0.4,0.30973451327433627,7,19,2,True
0.5425936579704285,0.25925925925925924,0.7777777777777778,0.3888888888888889,0.29914529914529914,7,20,2,True
0.5303071141242981,0.25,0.7777777777777778,0.3783783783783784,0.2892561983471074,7,21,2,True
0.5099422931671143,0.2413793103448276,0.7777777777777778,0.3684210526315789,0.28,7,22,2,True
0.5038602948188782,0.23333333333333334,0.7777777777777778,0.358974358974359,0.2713178294573643,7,23,2,True
0.5018410682678223,0.22580645161290322,0.7777777777777778,0.35,0.2631578947368421,7,24,2,True
0.48705020546913147,0.21875,0.7777777777777778,0.34146341463414637,0.25547445255474455,7,25,2,True
0.4668969213962555,0.21212121212121213,0.7777777777777778,0.3333333333333333,0.24822695035460993,7,26,2,True
0.4375968873500824,0.20588235294117646,0.7777777777777778,0.32558139534883723,0.2413793103448276,7,27,2,True
0.4366677701473236,0.2,0.7777777777777778,0.3181818181818182,0.2348993288590604,7,28,2,True
0.41583073139190674,0.19444444444444445,0.7777777777777778,0.3111111111111111,0.22875816993464052,7,29,2,True
0.38133537769317627,0.1891891891891892,0.7777777777777778,0.30434782608695654,0.2229299363057325,7,30,2,True
0.3455694317817688,0.18421052631578946,0.7777777777777778,0.2978723404255319,0.21739130434782608,7,31,2,True
0.3323775827884674,0.1794871794871795,0.7777777777777778,0.2916666666666667,0.21212121212121213,7,32,2,True
0.33023104071617126,0.175,0.7777777777777778,0.2857142857142857,0.20710059171597633,7,33,2,True
0.32877591252326965,0.17073170731707318,0.7777777777777778,0.28,0.2023121387283237,7,34,2,True
0.3126201033592224,0.16666666666666666,0.7777777777777778,0.27450980392156865,0.1977401129943503,7,35,2,True
0.30664941668510437,0.16279069767441862,0.7777777777777778,0.2692307692307692,0.19337016574585636,7,36,2,True
0.2929679751396179,0.1590909090909091,0.7777777777777778,0.2641509433962264,0.1891891891891892,7,37,2,True
0.2926466464996338,0.15555555555555556,0.7777777777777778,0.25925925925925924,0.18518518518518517,7,38,2,True
0.2806851267814636,0.15217391304347827,0.7777777777777778,0.2545454545454545,0.18134715025906736,7,39,2,True
0.26276877522468567,0.14893617021276595,0.7777777777777778,0.25,0.17766497461928935,7,40,2,True
0.26104268431663513,0.14583333333333334,0.7777777777777778,0.24561403508771928,0.17412935323383086,7,41,2,True
0.2507649064064026,0.14285714285714285,0.7777777777777778,0.2413793103448276,0.17073170731707318,7,42,2,True
0.23914533853530884,0.14,0.7777777777777778,0.23728813559322035,0.1674641148325359,7,43,2,True
0.22794605791568756,0.13725490196078433,0.7777777777777778,0.23333333333333334,0.1643192488262911,7,44,2,True
0.21721871197223663,0.1346153846153846,0.7777777777777778,0.22950819672131148,0.16129032258064516,7,45,2,True
0.20309947431087494,0.1320754716981132,0.7777777777777778,0.22580645161290322,0.1583710407239819,7,46,2,True
0.20115485787391663,0.12962962962962962,0.7777777777777778,0.2222222222222222,0.15555555555555556,7,47,2,True
0.19737888872623444,0.12727272727272726,0.7777777777777778,0.21875,0.15283842794759825,7,48,2,True
0.1896829903125763,0.14285714285714285,0.8888888888888888,0.24615384615384617,0.17167381974248927,8,48,1,True
0.1830204278230667,0.14035087719298245,0.8888888888888888,0.24242424242424243,0.16877637130801687,8,49,1,True
0.17938777804374695,0.13793103448275862,0.8888888888888888,0.23880597014925373,0.16597510373443983,8,50,1,True
0.1697121560573578,0.13559322033898305,0.8888888888888888,0.23529411764705882,0.16326530612244897,8,51,1,True
0.16734954714775085,0.13333333333333333,0.8888888888888888,0.2318840579710145,0.1606425702811245,8,52,1,True
0.1575636863708496,0.13114754098360656,0.8888888888888888,0.22857142857142856,0.15810276679841898,8,53,1,True
0.1516004055738449,0.12903225806451613,0.8888888888888888,0.22535211267605634,0.1556420233463035,8,54,1,True
0.15119335055351257,0.12698412698412698,0.8888888888888888,0.2222222222222222,0.1532567049808429,8,55,1,True
0.1463499814271927,0.125,0.8888888888888888,0.2191780821917808,0.1509433962264151,8,56,1,True
0.145437553524971,0.12307692307692308,0.8888888888888888,0.21621621621621623,0.14869888475836432,8,57,1,True
0.14204451441764832,0.12121212121212122,0.8888888888888888,0.21333333333333335,0.14652014652014653,8,58,1,True
0.13695380091667175,0.11940298507462686,0.8888888888888888,0.21052631578947367,0.1444043321299639,8,59,1,True
0.13660454750061035,0.11764705882352941,0.8888888888888888,0.2077922077922078,0.1423487544483986,8,60,1,True
0.1266166716814041,0.11594202898550725,0.8888888888888888,0.20512820512820512,0.14035087719298245,8,61,1,True
0.12088645249605179,0.11428571428571428,0.8888888888888888,0.20253164556962025,0.1384083044982699,8,62,1,True
0.11932186782360077,0.11267605633802817,0.8888888888888888,0.2,0.13651877133105803,8,63,1,True
0.11697739362716675,0.1111111111111111,0.8888888888888888,0.19753086419753085,0.13468013468013468,8,64,1,True
0.11671788990497589,0.1095890410958904,0.8888888888888888,0.1951219512195122,0.132890365448505,8,65,1,True
0.11303313821554184,0.10810810810810811,0.8888888888888888,0.1927710843373494,0.13114754098360656,8,66,1,True
0.11297671496868134,0.10666666666666667,0.8888888888888888,0.19047619047619047,0.12944983818770225,8,67,1,True
0.1086927279829979,0.10526315789473684,0.8888888888888888,0.18823529411764706,0.12779552715654952,8,68,1,True
0.10511606931686401,0.1038961038961039,0.8888888888888888,0.18604651162790697,0.12618296529968454,8,69,1,True
0.10075994580984116,0.10256410256410256,0.8888888888888888,0.1839080459770115,0.12461059190031153,8,70,1,True
0.09850355237722397,0.10126582278481013,0.8888888888888888,0.18181818181818182,0.12307692307692308,8,71,1,True
0.09796679764986038,0.1,0.8888888888888888,0.1797752808988764,0.12158054711246201,8,72,1,True
0.09678912907838821,0.09876543209876543,0.8888888888888888,0.17777777777777778,0.12012012012012012,8,73,1,True
0.09541025757789612,0.0975609756097561,0.8888888888888888,0.17582417582417584,0.11869436201780416,8,74,1,True
0.09094442427158356,0.0963855421686747,0.8888888888888888,0.17391304347826086,0.11730205278592376,8,75,1,True
0.09062639623880386,0.09523809523809523,0.8888888888888888,0.17204301075268819,0.11594202898550725,8,76,1,True
0.08978830277919769,0.09411764705882353,0.8888888888888888,0.1702127659574468,0.11461318051575932,8,77,1,True
0.0885123535990715,0.09302325581395349,0.8888888888888888,0.16842105263157894,0.11331444759206799,8,78,1,True
0.08518605679273605,0.09195402298850575,0.8888888888888888,0.16666666666666666,0.11204481792717087,8,79,1,True
0.08470527082681656,0.09090909090909091,0.8888888888888888,0.16494845360824742,0.11080332409972299,8,80,1,True
0.08341020345687866,0.0898876404494382,0.8888888888888888,0.16326530612244897,0.1095890410958904,8,81,1,True
0.08315208554267883,0.08888888888888889,0.8888888888888888,0.16161616161616163,0.10840108401084012,8,82,1,True
0.08308130502700806,0.08791208791208792,0.8888888888888888,0.16,0.10723860589812333,8,83,1,True
0.08210247755050659,0.08695652173913043,0.8888888888888888,0.15841584158415842,0.10610079575596817,8,84,1,True
0.0813521072268486,0.08602150537634409,0.8888888888888888,0.1568627450980392,0.10498687664041995,8,85,1,True
0.08127930015325546,0.0851063829787234,0.8888888888888888,0.1553398058252427,0.1038961038961039,8,86,1,True
0.08083227276802063,0.08421052631578947,0.8888888888888888,0.15384615384615385,0.10282776349614396,8,87,1,True
0.08056650310754776,0.08333333333333333,0.8888888888888888,0.1523809523809524,0.10178117048346055,8,88,1,True
0.08025509864091873,0.08247422680412371,0.8888888888888888,0.1509433962264151,0.10075566750629723,8,89,1,True
0.0793314054608345,0.08163265306122448,0.8888888888888888,0.14953271028037382,0.09975062344139651,8,90,1,True
0.0791584849357605,0.08080808080808081,0.8888888888888888,0.14814814814814814,0.09876543209876543,8,91,1,True
0.07761386781930923,0.08,0.8888888888888888,0.14678899082568808,0.097799511002445,8,92,1,True
0.07738374918699265,0.07920792079207921,0.8888888888888888,0.14545454545454545,0.09685230024213075,8,93,1,True
0.07564378529787064,0.0784313725490196,0.8888888888888888,0.14414414414414414,0.09592326139088729,8,94,1,True
0.0744636282324791,0.07766990291262135,0.8888888888888888,0.14285714285714285,0.09501187648456057,8,95,1,True
0.07354316115379333,0.07692307692307693,0.8888888888888888,0.1415929203539823,0.09411764705882353,8,96,1,True
0.0733257606625557,0.0761904761904762,0.8888888888888888,0.14035087719298245,0.09324009324009325,8,97,1,True
0.07039862871170044,0.07547169811320754,0.8888888888888888,0.1391304347826087,0.09237875288683603,8,98,1,True
0.06902557611465454,0.07476635514018691,0.8888888888888888,0.13793103448275862,0.09153318077803203,8,99,1,True
0.0687999352812767,0.07407407407407407,0.8888888888888888,0.13675213675213677,0.09070294784580499,8,100,1,True
0.0684414654970169,0.07339449541284404,0.8888888888888888,0.13559322033898305,0.0898876404494382,8,101,1,True
0.06812991201877594,0.07272727272727272,0.8888888888888888,0.13445378151260504,0.08908685968819599,8,102,1,True
0.06809628754854202,0.07207207207207207,0.8888888888888888,0.13333333333333333,0.08830022075055188,8,103,1,True
0.06768468767404556,0.07142857142857142,0.8888888888888888,0.1322314049586777,0.087527352297593,8,104,1,True
0.06761088222265244,0.07079646017699115,0.8888888888888888,0.13114754098360656,0.08676789587852494,8,105,1,True
0.06578707695007324,0.07017543859649122,0.8888888888888888,0.13008130081300814,0.08602150537634409,8,106,1,True
0.06448527425527573,0.06956521739130435,0.8888888888888888,0.12903225806451613,0.08528784648187633,8,107,1,True
0.06441706418991089,0.06896551724137931,0.8888888888888888,0.128,0.08456659619450317,8,108,1,True
0.06334271281957626,0.06837606837606838,0.8888888888888888,0.12698412698412698,0.08385744234800839,8,109,1,True
0.06333749741315842,0.06779661016949153,0.8888888888888888,0.12598425196850394,0.08316008316008316,8,110,1,True
0.06329229474067688,0.06722689075630252,0.8888888888888888,0.125,0.08247422680412371,8,111,1,True
0.06327633559703827,0.06666666666666667,0.8888888888888888,0.12403100775193798,0.081799591002045,8,112,1,True
0.06310421973466873,0.06611570247933884,0.8888888888888888,0.12307692307692308,0.08113590263691683,8,113,1,True
0.06284119933843613,0.06557377049180328,0.8888888888888888,0.12213740458015267,0.08048289738430583,8,114,1,True
0.06281173229217529,0.06504065040650407,0.8888888888888888,0.12121212121212122,0.07984031936127745,8,115,1,True
0.062129855155944824,0.06451612903225806,0.8888888888888888,0.12030075187969924,0.07920792079207921,8,116,1,True
0.06176600977778435,0.064,0.8888888888888888,0.11940298507462686,0.07858546168958742,8,117,1,True
0.06138792634010315,0.06349206349206349,0.8888888888888888,0.11851851851851852,0.07797270955165692,8,118,1,True
0.060547128319740295,0.06299212598425197,0.8888888888888888,0.11764705882352941,0.07736943907156674,8,119,1,True
0.06054224073886871,0.0625,0.8888888888888888,0.11678832116788321,0.07677543186180422,8,120,1,True
0.060392074286937714,0.06201550387596899,0.8888888888888888,0.11594202898550725,0.0761904761904762,8,121,1,True
0.06005844473838806,0.06153846153846154,0.8888888888888888,0.11510791366906475,0.07561436672967864,8,122,1,True
0.059657078236341476,0.061068702290076333,0.8888888888888888,0.11428571428571428,0.075046904315197,8,123,1,True
0.05960185453295708,0.06060606060606061,0.8888888888888888,0.11347517730496454,0.074487895716946,8,124,1,True
0.059578899294137955,0.06015037593984962,0.8888888888888888,0.11267605633802817,0.07393715341959335,8,125,1,True
0.05946313589811325,0.05970149253731343,0.8888888888888888,0.11188811188811189,0.07339449541284404,8,126,1,True
0.05927058681845665,0.05925925925925926,0.8888888888888888,0.1111111111111111,0.07285974499089254,8,127,1,True
0.059214334934949875,0.058823529411764705,0.8888888888888888,0.1103448275862069,0.07233273056057866,8,128,1,True
0.056385353207588196,0.058394160583941604,0.8888888888888888,0.1095890410958904,0.0718132854578097,8,129,1,True
0.055827125906944275,0.057971014492753624,0.8888888888888888,0.10884353741496598,0.07130124777183601,8,130,1,True
0.05580366775393486,0.05755395683453238,0.8888888888888888,0.10810810810810811,0.07079646017699115,8,131,1,True
0.055248383432626724,0.05714285714285714,0.8888888888888888,0.10738255033557047,0.070298769771529,8,132,1,True
0.05514150857925415,0.05673758865248227,0.8888888888888888,0.10666666666666667,0.06980802792321117,8,133,1,True
0.05511343106627464,0.056338028169014086,0.8888888888888888,0.10596026490066225,0.06932409012131716,8,134,1,True
0.054578788578510284,0.055944055944055944,0.8888888888888888,0.10526315789473684,0.06884681583476764,8,135,1,True
0.05338233709335327,0.05555555555555555,0.8888888888888888,0.10457516339869281,0.06837606837606838,8,136,1,True
0.05302570387721062,0.05517241379310345,0.8888888888888888,0.1038961038961039,0.06791171477079797,8,137,1,True
0.05288952961564064,0.0547945205479452,0.8888888888888888,0.1032258064516129,0.06745362563237774,8,138,1,True
0.052465252578258514,0.05442176870748299,0.8888888888888888,0.10256410256410256,0.06700167504187604,8,139,1,True
0.052246760576963425,0.05405405405405406,0.8888888888888888,0.10191082802547771,0.06655574043261231,8,140,1,True
0.05188705399632454,0.053691275167785234,0.8888888888888888,0.10126582278481013,0.06611570247933884,8,141,1,True
0.05157192051410675,0.05333333333333334,0.8888888888888888,0.10062893081761007,0.06568144499178982,8,142,1,True
0.050717245787382126,0.052980132450331126,0.8888888888888888,0.1,0.06525285481239804,8,143,1,True
0.050056010484695435,0.05263157894736842,0.8888888888888888,0.09937888198757763,0.06482982171799027,8,144,1,True
0.04908868297934532,0.05228758169934641,0.8888888888888888,0.09876543209876543,0.0644122383252818,8,145,1,True
0.04908182844519615,0.05194805194805195,0.8888888888888888,0.09815950920245399,0.064,8,146,1,True
0.048961885273456573,0.05161290322580645,0.8888888888888888,0.0975609756097561,0.06359300476947535,8,147,1,True
0.04872388765215874,0.057692307692307696,1.0,0.10909090909090909,0.07109004739336493,9,147,0,True
0.04841269180178642,0.05732484076433121,1.0,0.10843373493975904,0.0706436420722135,9,148,0,True
0.048398301005363464,0.056962025316455694,1.0,0.10778443113772455,0.07020280811232449,9,149,0,True
0.047860290855169296,0.05660377358490566,1.0,0.10714285714285714,0.06976744186046512,9,150,0,True
0.04767337441444397,0.05625,1.0,0.10650887573964497,0.06933744221879815,9,151,0,True
0.047134123742580414,0.055900621118012424,1.0,0.10588235294117647,0.06891271056661562,9,152,0,True
0.047046758234500885,0.05555555555555555,1.0,0.10526315789473684,0.0684931506849315,9,153,0,True
0.04544413462281227,0.05521472392638037,1.0,0.10465116279069768,0.0680786686838124,9,154,0,True
0.04529180750250816,0.054878048780487805,1.0,0.10404624277456648,0.06766917293233082,9,155,0,True
0.04453698918223381,0.05454545454545454,1.0,0.10344827586206896,0.06726457399103139,9,156,0,True
0.044524915516376495,0.05421686746987952,1.0,0.10285714285714286,0.06686478454680535,9,157,0,True
0.044299691915512085,0.05389221556886228,1.0,0.10227272727272728,0.06646971935007386,9,158,0,True
0.04308160021901131,0.05357142857142857,1.0,0.1016949152542373,0.06607929515418502,9,159,0,True
0.04274958744645119,0.05325443786982249,1.0,0.10112359550561797,0.06569343065693431,9,160,0,True
0.042631667107343674,0.052941176470588235,1.0,0.1005586592178771,0.06531204644412192,9,161,0,True
0.042180806398391724,0.05263157894736842,1.0,0.1,0.06493506493506493,9,162,0,True
0.04199470207095146,0.05232558139534884,1.0,0.09944751381215469,0.06456241032998565,9,163,0,True
0.04186660051345825,0.05202312138728324,1.0,0.0989010989010989,0.06419400855920114,9,164,0,True
0.04183603450655937,0.05172413793103448,1.0,0.09836065573770492,0.06382978723404255,9,165,0,True
0.04137534648180008,0.05142857142857143,1.0,0.09782608695652174,0.06346967559943582,9,166,0,True
0.04073518142104149,0.05113636363636364,1.0,0.0972972972972973,0.06311360448807854,9,167,0,True
0.04050898179411888,0.05084745762711865,1.0,0.0967741935483871,0.06276150627615062,9,168,0,True
0.040089789777994156,0.05056179775280899,1.0,0.0962566844919786,0.06241331484049931,9,169,0,True
0.0398905985057354,0.05027932960893855,1.0,0.09574468085106383,0.06206896551724138,9,170,0,True
0.03966641426086426,0.05,1.0,0.09523809523809523,0.06172839506172839,9,171,0,True
0.03936348482966423,0.049723756906077346,1.0,0.09473684210526316,0.061391541609822645,9,172,0,True
0.039104118943214417,0.04945054945054945,1.0,0.09424083769633508,0.06105834464043419,9,173,0,True
0.0384816974401474,0.04918032786885246,1.0,0.09375,0.06072874493927125,9,174,0,True
0.03846253082156181,0.04891304347826087,1.0,0.09326424870466321,0.06040268456375839,9,175,0,True
0.03834734857082367,0.04864864864864865,1.0,0.09278350515463918,0.06008010680907877,9,176,0,True
0.038034211844205856,0.04838709677419355,1.0,0.09230769230769231,0.05976095617529881,9,177,0,True
0.037913352251052856,0.0481283422459893,1.0,0.09183673469387756,0.059445178335535004,9,178,0,True
0.037298139184713364,0.047872340425531915,1.0,0.09137055837563451,0.05913272010512484,9,179,0,True
0.036725133657455444,0.047619047619047616,1.0,0.09090909090909091,0.058823529411764705,9,180,0,True
0.03661373630166054,0.04736842105263158,1.0,0.09045226130653267,0.05851755526657997,9,181,0,True
0.03639570623636246,0.04712041884816754,1.0,0.09,0.05821474773609314,9,182,0,True
0.03606961667537689,0.046875,1.0,0.08955223880597014,0.05791505791505792,9,183,0,True
0.035567332059144974,0.046632124352331605,1.0,0.0891089108910891,0.05761843790012804,9,184,0,True
0.03544657304883003,0.04639175257731959,1.0,0.08866995073891626,0.05732484076433121,9,185,0,True
0.03520110994577408,0.046153846153846156,1.0,0.08823529411764706,0.057034220532319393,9,186,0,True
0.035002607852220535,0.04591836734693878,1.0,0.08780487804878048,0.05674653215636822,9,187,0,True
0.03450495004653931,0.04568527918781726,1.0,0.08737864077669903,0.056461731493099125,9,188,0,True
0.03446968272328377,0.045454545454545456,1.0,0.08695652173913043,0.056179775280898875,9,189,0,True
0.03426991403102875,0.04522613065326633,1.0,0.08653846153846154,0.055900621118012424,9,190,0,True
0.03365851938724518,0.045,1.0,0.0861244019138756,0.05562422744128554,9,191,0,True
0.03303854539990425,0.04477611940298507,1.0,0.08571428571428572,0.055350553505535055,9,192,0,True
0.03295138478279114,0.04455445544554455,1.0,0.08530805687203792,0.05507955936352509,9,193,0,True
0.03217795491218567,0.04433497536945813,1.0,0.08490566037735849,0.05481120584652863,9,194,0,True
0.03216664120554924,0.04411764705882353,1.0,0.08450704225352113,0.05454545454545454,9,195,0,True
0.03082982823252678,0.04390243902439024,1.0,0.08411214953271028,0.054282267792521106,9,196,0,True
0.030772481113672256,0.043689320388349516,1.0,0.08372093023255814,0.05402160864345738,9,197,0,True
0.03067261539399624,0.043478260869565216,1.0,0.08333333333333333,0.053763440860215055,9,198,0,True
0.030296681448817253,0.04326923076923077,1.0,0.08294930875576037,0.0535077288941736,9,199,0,True
0.030172083526849747,0.0430622009569378,1.0,0.08256880733944955,0.05325443786982249,9,200,0,True
0.030171018093824387,0.04285714285714286,1.0,0.0821917808219178,0.053003533568904596,9,201,0,True
0.030156545341014862,0.04265402843601896,1.0,0.08181818181818182,0.05275498241500586,9,202,0,True
0.030132679268717766,0.04245283018867924,1.0,0.08144796380090498,0.052508751458576426,9,203,0,True
0.029661348089575768,0.04225352112676056,1.0,0.08108108108108109,0.05226480836236934,9,204,0,True
0.02953978255391121,0.04205607476635514,1.0,0.08071748878923767,0.05202312138728324,9,205,0,True
0.02926146425306797,0.04186046511627907,1.0,0.08035714285714286,0.05178365937859609,9,206,0,True
0.029258057475090027,0.041666666666666664,1.0,0.08,0.05154639175257732,9,207,0,True
0.029147375375032425,0.041474654377880185,1.0,0.07964601769911504,0.05131128848346636,9,208,0,True
0.029105979949235916,0.04128440366972477,1.0,0.07929515418502203,0.0510783200908059,9,209,0,True
0.02861049771308899,0.0410958904109589,1.0,0.07894736842105263,0.05084745762711865,9,210,0,True
0.02860950119793415,0.04090909090909091,1.0,0.07860262008733625,0.05061867266591676,9,211,0,True
0.02837623842060566,0.04072398190045249,1.0,0.0782608695652174,0.05039193729003359,9,212,0,True
0.027888929471373558,0.04054054054054054,1.0,0.07792207792207792,0.05016722408026756,9,213,0,True
0.027842093259096146,0.04035874439461883,1.0,0.07758620689655173,0.049944506104328525,9,214,0,True
0.027694346383213997,0.04017857142857143,1.0,0.07725321888412018,0.049723756906077346,9,215,0,True
0.02761179208755493,0.04,1.0,0.07692307692307693,0.04950495049504951,9,216,0,True
0.02730797789990902,0.03982300884955752,1.0,0.07659574468085106,0.04928806133625411,9,217,0,True
0.026626814156770706,0.039647577092511016,1.0,0.07627118644067797,0.04907306434023991,9,218,0,True
0.026539456099271774,0.039473684210526314,1.0,0.0759493670886076,0.048859934853420196,9,219,0,True
0.02639169991016388,0.039301310043668124,1.0,0.07563025210084033,0.04864864864864865,9,220,0,True
0.02631518244743347,0.0391304347826087,1.0,0.07531380753138076,0.04843918191603875,9,221,0,True
0.02621619589626789,0.03896103896103896,1.0,0.075,0.04823151125401929,9,222,0,True
0.026004713028669357,0.03879310344827586,1.0,0.07468879668049792,0.048025613660619,9,223,0,True
0.025984572246670723,0.03862660944206009,1.0,0.0743801652892562,0.04782146652497343,9,224,0,True
0.025861423462629318,0.038461538461538464,1.0,0.07407407407407407,0.047619047619047616,9,225,0,True
0.025809653103351593,0.03829787234042553,1.0,0.07377049180327869,0.04741833508956796,9,226,0,True
0.02572018839418888,0.038135593220338986,1.0,0.07346938775510205,0.0472193074501574,9,227,0,True
0.02566893957555294,0.0379746835443038,1.0,0.07317073170731707,0.047021943573667714,9,228,0,True
0.025472741574048996,0.037815126050420166,1.0,0.0728744939271255,0.046826222684703434,9,229,0,True
0.025018488988280296,0.03765690376569038,1.0,0.07258064516129033,0.046632124352331605,9,230,0,True
0.024377934634685516,0.0375,1.0,0.07228915662650602,0.04643962848297214,9,231,0,True
0.024359509348869324,0.03734439834024896,1.0,0.072,0.046248715313463515,9,232,0,True
0.024355502799153328,0.0371900826446281,1.0,0.07171314741035857,0.04605936540429888,9,233,0,True
0.024177206680178642,0.037037037037037035,1.0,0.07142857142857142,0.045871559633027525,9,234,0,True
0.02387845143675804,0.036885245901639344,1.0,0.07114624505928854,0.04568527918781726,9,235,0,True
0.023576190695166588,0.036734693877551024,1.0,0.07086614173228346,0.0455005055611729,9,236,0,True
0.0235145166516304,0.036585365853658534,1.0,0.07058823529411765,0.045317220543806644,9,237,0,True
0.02305215410888195,0.03643724696356275,1.0,0.0703125,0.04513540621865597,9,238,0,True
0.02283230982720852,0.036290322580645164,1.0,0.07003891050583658,0.04495504495504495,9,239,0,True
0.022810256108641624,0.03614457831325301,1.0,0.06976744186046512,0.04477611940298507,9,240,0,True
0.022722752764821053,0.036,1.0,0.0694980694980695,0.044598612487611496,9,241,0,True
0.02252671681344509,0.035856573705179286,1.0,0.06923076923076923,0.044422507403751234,9,242,0,True
0.02231554314494133,0.03571428571428571,1.0,0.06896551724137931,0.04424778761061947,9,243,0,True
0.021936476230621338,0.03557312252964427,1.0,0.06870229007633588,0.04407443682664055,9,244,0,True
0.02173321694135666,0.03543307086614173,1.0,0.06844106463878327,0.04390243902439024,9,245,0,True
0.02166098542511463,0.03529411764705882,1.0,0.06818181818181818,0.043731778425655975,9,246,0,True
0.021636463701725006,0.03515625,1.0,0.06792452830188679,0.04356243949661181,9,247,0,True
0.021561142057180405,0.03501945525291829,1.0,0.06766917293233082,0.04339440694310511,9,248,0,True
0.021413886919617653,0.03488372093023256,1.0,0.06741573033707865,0.043227665706051875,9,249,0,True
0.021009808406233788,0.03474903474903475,1.0,0.06716417910447761,0.0430622009569378,9,250,0,True
0.020974064245820045,0.03461538461538462,1.0,0.06691449814126393,0.042897998093422304,9,251,0,True
0.02075711451470852,0.034482758620689655,1.0,0.06666666666666667,0.042735042735042736,9,252,0,True
0.02065098285675049,0.03435114503816794,1.0,0.06642066420664207,0.04257332071901608,9,253,0,True
0.02063572406768799,0.034220532319391636,1.0,0.0661764705882353,0.04241281809613572,9,254,0,True
0.02049729786813259,0.03409090909090909,1.0,0.06593406593406594,0.04225352112676056,9,255,0,True
0.02046317234635353,0.033962264150943396,1.0,0.06569343065693431,0.042095416276894296,9,256,0,True
0.019988328218460083,0.03383458646616541,1.0,0.06545454545454546,0.04193849021435228,9,257,0,True
0.01987229846417904,0.033707865168539325,1.0,0.06521739130434782,0.04178272980501393,9,258,0,True
0.019737040624022484,0.033582089552238806,1.0,0.06498194945848375,0.041628122109158186,9,259,0,True
0.019638987258076668,0.03345724907063197,1.0,0.06474820143884892,0.041474654377880185,9,260,0,True
0.019517624750733376,0.03333333333333333,1.0,0.06451612903225806,0.04132231404958678,9,261,0,True
0.01945948600769043,0.033210332103321034,1.0,0.06428571428571428,0.04117108874656908,9,262,0,True
0.019316837191581726,0.03308823529411765,1.0,0.06405693950177936,0.04102096627164995,9,263,0,True
0.019291087985038757,0.03296703296703297,1.0,0.06382978723404255,0.04087193460490463,9,264,0,True
0.019202984869480133,0.032846715328467155,1.0,0.0636042402826855,0.04072398190045249,9,265,0,True
0.01914992555975914,0.03272727272727273,1.0,0.06338028169014084,0.0405770964833183,9,266,0,True
0.018975641578435898,0.03260869565217391,1.0,0.06315789473684211,0.04043126684636118,9,267,0,True
0.018866203725337982,0.032490974729241874,1.0,0.06293706293706294,0.04028648164726947,9,268,0,True
0.01877131313085556,0.03237410071942446,1.0,0.0627177700348432,0.04014272970561998,9,269,0,True
0.018764108419418335,0.03225806451612903,1.0,0.0625,0.04,9,270,0,True
0.018736625090241432,0.03214285714285714,1.0,0.06228373702422145,0.03985828166519043,9,271,0,True
0.0186004675924778,0.03202846975088968,1.0,0.06206896551724138,0.03971756398940865,9,272,0,True
0.01822078786790371,0.031914893617021274,1.0,0.061855670103092786,0.0395778364116095,9,273,0,True
0.018179628998041153,0.03180212014134275,1.0,0.06164383561643835,0.03943908851884312,9,274,0,True
0.018127771094441414,0.03169014084507042,1.0,0.06143344709897611,0.039301310043668124,9,275,0,True
0.018041230738162994,0.031578947368421054,1.0,0.061224489795918366,0.0391644908616188,9,276,0,True
0.017931362614035606,0.03146853146853147,1.0,0.061016949152542375,0.03902862098872507,9,277,0,True
0.017905794084072113,0.0313588850174216,1.0,0.060810810810810814,0.03889369057908384,9,278,0,True
0.017896296456456184,0.03125,1.0,0.06060606060606061,0.03875968992248062,9,279,0,True
0.017888519912958145,0.031141868512110725,1.0,0.06040268456375839,0.03862660944206009,9,280,0,True
0.017724838107824326,0.03103448275862069,1.0,0.06020066889632107,0.03849443969204448,9,281,0,True
0.017698606476187706,0.030927835051546393,1.0,0.06,0.03836317135549872,9,282,0,True
0.017582014203071594,0.030821917808219176,1.0,0.059800664451827246,0.038232795242141036,9,283,0,True
0.017548998817801476,0.030716723549488054,1.0,0.059602649006622516,0.03810330228619814,9,284,0,True
0.017523186281323433,0.030612244897959183,1.0,0.0594059405940594,0.0379746835443038,9,285,0,True
0.017049383372068405,0.030508474576271188,1.0,0.05921052631578947,0.03784693019343986,9,286,0,True
0.017046356573700905,0.030405405405405407,1.0,0.05901639344262295,0.037720033528918694,9,287,0,True
0.01700223609805107,0.030303030303030304,1.0,0.058823529411764705,0.03759398496240601,9,288,0,True
0.016918465495109558,0.030201342281879196,1.0,0.05863192182410423,0.03746877601998335,9,289,0,True
0.016608357429504395,0.030100334448160536,1.0,0.05844155844155844,0.03734439834024896,9,290,0,True
0.016543980687856674,0.03,1.0,0.05825242718446602,0.03722084367245657,9,291,0,True
0.01648319512605667,0.029900332225913623,1.0,0.05806451612903226,0.03709810387469085,9,292,0,True
0.016249539330601692,0.029801324503311258,1.0,0.05787781350482315,0.03697617091207888,9,293,0,True
0.01624905876815319,0.0297029702970297,1.0,0.057692307692307696,0.036855036855036855,9,294,0,True
0.016232330352067947,0.029605263157894735,1.0,0.05750798722044728,0.036734693877551024,9,295,0,True
0.01610459014773369,0.029508196721311476,1.0,0.05732484076433121,0.03661513425549227,9,296,0,True
0.01604837365448475,0.029411764705882353,1.0,0.05714285714285714,0.0364963503649635,9,297,0,True
0.015915926545858383,0.029315960912052116,1.0,0.056962025316455694,0.03637833468067906,9,298,0,True
0.01583215966820717,0.02922077922077922,1.0,0.056782334384858045,0.0362610797743755,9,299,0,True
0.015742139890789986,0.02912621359223301,1.0,0.05660377358490566,0.03614457831325301,9,300,0,True
0.015703022480010986,0.02903225806451613,1.0,0.05642633228840126,0.036028823058446756,9,301,0,True
0.01569395326077938,0.028938906752411574,1.0,0.05625,0.035913806863527534,9,302,0,True
0.01563718169927597,0.028846153846153848,1.0,0.056074766355140186,0.03579952267303103,9,303,0,True
0.01561775803565979,0.02875399361022364,1.0,0.055900621118012424,0.035685963521015066,9,304,0,True
0.015547925606369972,0.028662420382165606,1.0,0.05572755417956656,0.03557312252964427,9,305,0,True
0.015539358370006084,0.02857142857142857,1.0,0.05555555555555555,0.03546099290780142,9,306,0,True
0.01549103856086731,0.028481012658227847,1.0,0.055384615384615386,0.03534956794972506,9,307,0,True
0.015479191206395626,0.028391167192429023,1.0,0.05521472392638037,0.03523884103367267,9,308,0,True
0.015407716855406761,0.02830188679245283,1.0,0.05504587155963303,0.0351288056206089,9,309,0,True
0.015389933250844479,0.02821316614420063,1.0,0.054878048780487805,0.03501945525291829,9,310,0,True
0.01535403449088335,0.028125,1.0,0.0547112462006079,0.03491078355314197,9,311,0,True
0.015351871028542519,0.028037383177570093,1.0,0.05454545454545454,0.03480278422273782,9,312,0,True
0.015194783918559551,0.027950310559006212,1.0,0.054380664652567974,0.03469545104086353,9,313,0,True
0.015176628716289997,0.02786377708978328,1.0,0.05421686746987952,0.034588777863182166,9,314,0,True
0.015137999318540096,0.027777777777777776,1.0,0.05405405405405406,0.034482758620689655,9,315,0,True
0.01504562422633171,0.027692307692307693,1.0,0.05389221556886228,0.03437738731856379,9,316,0,True
0.015031802468001842,0.027607361963190184,1.0,0.05373134328358209,0.03427265803503427,9,317,0,True
0.014929578639566898,0.027522935779816515,1.0,0.05357142857142857,0.03416856492027335,9,318,0,True
0.014795496128499508,0.027439024390243903,1.0,0.05341246290801187,0.03406510219530658,9,319,0,True
0.014768330380320549,0.02735562310030395,1.0,0.05325443786982249,0.033962264150943396,9,320,0,True
0.014665267430245876,0.02727272727272727,1.0,0.05309734513274336,0.033860045146726865,9,321,0,True
0.01466013491153717,0.027190332326283987,1.0,0.052941176470588235,0.03375843960990248,9,322,0,True
0.014464584179222584,0.02710843373493976,1.0,0.05278592375366569,0.033657442034405384,9,323,0,True
0.014414132572710514,0.02702702702702703,1.0,0.05263157894736842,0.03355704697986577,9,324,0,True
0.014338224194943905,0.02694610778443114,1.0,0.052478134110787174,0.03345724907063197,9,325,0,True
0.014270251616835594,0.026865671641791045,1.0,0.05232558139534884,0.033358042994810974,9,326,0,True
0.014257820323109627,0.026785714285714284,1.0,0.05217391304347826,0.03325942350332594,9,327,0,True
0.014187483116984367,0.026706231454005934,1.0,0.05202312138728324,0.03316138540899042,9,328,0,True
0.014119709841907024,0.026627218934911243,1.0,0.05187319884726225,0.03306392358559882,9,329,0,True
0.014089945703744888,0.02654867256637168,1.0,0.05172413793103448,0.03296703296703297,9,330,0,True
0.014036322012543678,0.026470588235294117,1.0,0.05157593123209169,0.03287070854638422,9,331,0,True
0.01402357779443264,0.026392961876832845,1.0,0.05142857142857143,0.03277494537509104,9,332,0,True
0.014022152870893478,0.02631578947368421,1.0,0.05128205128205128,0.032679738562091505,9,333,0,True
0.013977676630020142,0.026239067055393587,1.0,0.05113636363636364,0.03258508327299059,9,334,0,True
0.013962817378342152,0.02616279069767442,1.0,0.05099150141643059,0.032490974729241874,9,335,0,True
0.013962654396891594,0.02608695652173913,1.0,0.05084745762711865,0.032397408207343416,9,336,0,True
0.013802794739603996,0.02601156069364162,1.0,0.05070422535211268,0.03230437903804738,9,337,0,True
0.01376111339777708,0.025936599423631124,1.0,0.05056179775280899,0.03221188260558339,9,338,0,True
0.013663580641150475,0.02586206896551724,1.0,0.05042016806722689,0.032119914346895075,9,339,0,True
0.01361619122326374,0.025787965616045846,1.0,0.05027932960893855,0.03202846975088968,9,340,0,True
0.013587580993771553,0.025714285714285714,1.0,0.05013927576601671,0.0319375443577005,9,341,0,True
0.013525625690817833,0.02564102564102564,1.0,0.05,0.03184713375796178,9,342,0,True
0.013469257391989231,0.02556818181818182,1.0,0.04986149584487535,0.03175723359209598,9,343,0,True
0.01338632870465517,0.025495750708215296,1.0,0.049723756906077346,0.03166783954961295,9,344,0,True
0.01336195319890976,0.025423728813559324,1.0,0.049586776859504134,0.031578947368421054,9,345,0,True
0.01334381103515625,0.02535211267605634,1.0,0.04945054945054945,0.031490552834149754,9,346,0,True
0.01329802256077528,0.025280898876404494,1.0,0.049315068493150684,0.0314026517794836,9,347,0,True
0.013292393647134304,0.025210084033613446,1.0,0.04918032786885246,0.031315240083507306,9,348,0,True
0.013230489566922188,0.025139664804469275,1.0,0.04904632152588556,0.031228313671061762,9,349,0,True
0.013120871037244797,0.025069637883008356,1.0,0.04891304347826087,0.031141868512110725,9,350,0,True
0.01305333897471428,0.025,1.0,0.04878048780487805,0.031055900621118012,9,351,0,True
0.013012667186558247,0.024930747922437674,1.0,0.04864864864864865,0.030970406056434963,9,352,0,True
0.012862269766628742,0.024861878453038673,1.0,0.04851752021563342,0.03088538091969801,9,353,0,True
0.012772216461598873,0.024793388429752067,1.0,0.04838709677419355,0.030800821355236138,9,354,0,True
0.012510530650615692,0.024725274725274724,1.0,0.04825737265415549,0.030716723549488054,9,355,0,True
0.012388970702886581,0.024657534246575342,1.0,0.0481283422459893,0.03063308373042886,9,356,0,True
0.012342614121735096,0.02459016393442623,1.0,0.048,0.03054989816700611,9,357,0,True
0.012218642048537731,0.02452316076294278,1.0,0.047872340425531915,0.03046716316858497,9,358,0,True
0.01218472234904766,0.024456521739130436,1.0,0.04774535809018567,0.03038487508440243,9,359,0,True
0.012143976986408234,0.024390243902439025,1.0,0.047619047619047616,0.030303030303030304,9,360,0,True
0.012109441682696342,0.024324324324324326,1.0,0.047493403693931395,0.03022162525184688,9,361,0,True
0.01206910889595747,0.02425876010781671,1.0,0.04736842105263158,0.03014065639651708,9,362,0,True
0.012026541866362095,0.024193548387096774,1.0,0.047244094488188976,0.03006012024048096,9,363,0,True
0.01197818573564291,0.024128686327077747,1.0,0.04712041884816754,0.029980013324450366,9,364,0,True
0.011963053606450558,0.02406417112299465,1.0,0.04699738903394256,0.029900332225913623,9,365,0,True
0.011825828813016415,0.024,1.0,0.046875,0.02982107355864811,9,366,0,True
0.011818232014775276,0.023936170212765957,1.0,0.046753246753246755,0.029742233972240583,9,367,0,True
0.01181170716881752,0.023872679045092837,1.0,0.046632124352331605,0.02966381015161503,9,368,0,True
0.01180662028491497,0.023809523809523808,1.0,0.046511627906976744,0.029585798816568046,9,369,0,True
0.011793948709964752,0.023746701846965697,1.0,0.04639175257731959,0.029508196721311476,9,370,0,True
0.011781656183302402,0.02368421052631579,1.0,0.04627249357326478,0.029431000654022238,9,371,0,True
0.01176490169018507,0.023622047244094488,1.0,0.046153846153846156,0.029354207436399216,9,372,0,True
0.011755923740565777,0.02356020942408377,1.0,0.04603580562659847,0.029277813923227064,9,373,0,True
0.011755109764635563,0.02349869451697128,1.0,0.04591836734693878,0.029201817001946788,9,374,0,True
0.011733475141227245,0.0234375,1.0,0.04580152671755725,0.02912621359223301,9,375,0,True
0.01173270121216774,0.023376623376623377,1.0,0.04568527918781726,0.029051000645577793,9,376,0,True
0.011716076172888279,0.023316062176165803,1.0,0.04556962025316456,0.028976175144880875,9,377,0,True
0.011713200248777866,0.023255813953488372,1.0,0.045454545454545456,0.028901734104046242,9,378,0,True
0.011685363948345184,0.023195876288659795,1.0,0.04534005037783375,0.028827674567584883,9,379,0,True
0.011622811667621136,0.02313624678663239,1.0,0.04522613065326633,0.02875399361022364,9,380,0,True
0.011567539535462856,0.023076923076923078,1.0,0.045112781954887216,0.028680688336520075,9,381,0,True
0.011524840258061886,0.023017902813299233,1.0,0.045,0.028607755880483154,9,382,0,True
0.011501175351440907,0.02295918367346939,1.0,0.04488778054862843,0.028535193405199746,9,383,0,True
0.011470753699541092,0.022900763358778626,1.0,0.04477611940298507,0.028462998102466792,9,384,0,True
0.011467942036688328,0.02284263959390863,1.0,0.04466501240694789,0.028391167192429023,9,385,0,True
0.01134865265339613,0.02278481012658228,1.0,0.04455445544554455,0.028319697923222153,9,386,0,True
0.011327026411890984,0.022727272727272728,1.0,0.044444444444444446,0.02824858757062147,9,387,0,True
0.011321094818413258,0.022670025188916875,1.0,0.04433497536945813,0.028177833437695678,9,388,0,True
0.011316736228764057,0.022613065326633167,1.0,0.044226044226044224,0.028107432854465958,9,389,0,True
0.011237803846597672,0.022556390977443608,1.0,0.04411764705882353,0.028037383177570093,9,390,0,True
0.011216338723897934,0.0225,1.0,0.044009779951100246,0.027967681789931635,9,391,0,True
0.011197126470506191,0.022443890274314215,1.0,0.04390243902439024,0.027898326100433975,9,392,0,True
0.011168078519403934,0.022388059701492536,1.0,0.043795620437956206,0.027829313543599257,9,393,0,True
0.011040574871003628,0.022332506203473945,1.0,0.043689320388349516,0.027760641579272053,9,394,0,True
0.011010173708200455,0.022277227722772276,1.0,0.043583535108958835,0.027692307692307693,9,395,0,True
0.011009380221366882,0.022222222222222223,1.0,0.043478260869565216,0.027624309392265192,9,396,0,True
0.011000147089362144,0.022167487684729065,1.0,0.043373493975903614,0.027556644213104716,9,397,0,True
0.010929562151432037,0.022113022113022112,1.0,0.04326923076923077,0.02748930971288943,9,398,0,True
0.010890733450651169,0.022058823529411766,1.0,0.04316546762589928,0.027422303473491772,9,399,0,True
0.010878597386181355,0.022004889975550123,1.0,0.0430622009569378,0.02735562310030395,9,400,0,True
0.010848965495824814,0.02195121951219512,1.0,0.04295942720763723,0.0272892662219527,9,401,0,True
0.010827213525772095,0.021897810218978103,1.0,0.04285714285714286,0.02722323049001815,9,402,0,True
0.01080023031681776,0.021844660194174758,1.0,0.04275534441805225,0.02715751357875679,9,403,0,True
0.01076678279787302,0.021791767554479417,1.0,0.04265402843601896,0.027092113184828417,9,404,0,True
0.01075570099055767,0.021739130434782608,1.0,0.0425531914893617,0.02702702702702703,9,405,0,True
0.010714126750826836,0.021686746987951807,1.0,0.04245283018867924,0.02696225284601558,9,406,0,True
0.01068322453647852,0.021634615384615384,1.0,0.042352941176470586,0.026897788404064555,9,407,0,True
0.010567612014710903,0.02158273381294964,1.0,0.04225352112676056,0.026833631484794274,9,408,0,True
0.010552043095231056,0.0215311004784689,1.0,0.04215456674473068,0.02676977989292088,9,409,0,True
0.010550370439887047,0.021479713603818614,1.0,0.04205607476635514,0.026706231454005934,9,410,0,True
0.0105438856408,0.02142857142857143,1.0,0.04195804195804196,0.02664298401420959,9,411,0,True
0.010541188530623913,0.021377672209026127,1.0,0.04186046511627907,0.026580035440047254,9,412,0,True
0.010473581962287426,0.02132701421800948,1.0,0.04176334106728538,0.026517383618149676,9,413,0,True
0.010453158058226109,0.02127659574468085,1.0,0.041666666666666664,0.026455026455026454,9,414,0,True
0.010394992306828499,0.02122641509433962,1.0,0.04157043879907621,0.026392961876832845,9,415,0,True
0.01036575436592102,0.021176470588235293,1.0,0.041474654377880185,0.02633118782913985,9,416,0,True
0.010333969257771969,0.02112676056338028,1.0,0.041379310344827586,0.02626970227670753,9,417,0,True
0.010317649692296982,0.02107728337236534,1.0,0.04128440366972477,0.026208503203261502,9,418,0,True
0.010303951799869537,0.02102803738317757,1.0,0.041189931350114416,0.026147588611272515,9,419,0,True
0.01030296552926302,0.02097902097902098,1.0,0.0410958904109589,0.02608695652173913,9,420,0,True
0.010299892164766788,0.020930232558139535,1.0,0.04100227790432802,0.026026604973973393,9,421,0,True
0.010237372480332851,0.02088167053364269,1.0,0.04090909090909091,0.025966532025389497,9,422,0,True
0.010202874429523945,0.020833333333333332,1.0,0.04081632653061224,0.025906735751295335,9,423,0,True
0.010145154781639576,0.020785219399538105,1.0,0.04072398190045249,0.025847214244686962,9,424,0,True
0.01005543489009142,0.020737327188940093,1.0,0.040632054176072234,0.025787965616045846,9,425,0,True
0.010036849416792393,0.020689655172413793,1.0,0.04054054054054054,0.025728987993138937,9,426,0,True
0.00995195284485817,0.020642201834862386,1.0,0.04044943820224719,0.02567027952082145,9,427,0,True
0.009949816390872002,0.020594965675057208,1.0,0.04035874439461883,0.025611838360842343,9,428,0,True
0.009906128980219364,0.02054794520547945,1.0,0.040268456375838924,0.02555366269165247,9,429,0,True
0.009898760356009007,0.02050113895216401,1.0,0.04017857142857143,0.025495750708215296,9,430,0,True
0.0097740413621068,0.020454545454545454,1.0,0.0400890868596882,0.025438100621820236,9,431,0,True
0.009645725600421429,0.02040816326530612,1.0,0.04,0.025380710659898477,9,432,0,True
0.00963587686419487,0.020361990950226245,1.0,0.03991130820399113,0.025323579065841307,9,433,0,True
0.009624212048947811,0.020316027088036117,1.0,0.03982300884955752,0.025266704098820886,9,434,0,True
0.009597193449735641,0.02027027027027027,1.0,0.039735099337748346,0.025210084033613446,9,435,0,True
0.009597107768058777,0.020224719101123594,1.0,0.039647577092511016,0.02515371716042482,9,436,0,True
0.009564611129462719,0.020179372197309416,1.0,0.03956043956043956,0.02509760178471835,9,437,0,True
0.009542262181639671,0.020134228187919462,1.0,0.039473684210526314,0.025041736227045076,9,438,0,True
0.009505972266197205,0.020089285714285716,1.0,0.03938730853391685,0.02498611882287618,9,439,0,True
0.009488795883953571,0.0200445434298441,1.0,0.039301310043668124,0.024930747922437674,9,440,0,True
0.009437582455575466,0.02,1.0,0.0392156862745098,0.024875621890547265,9,441,0,True
0.009394786320626736,0.019955654101995565,1.0,0.0391304347826087,0.024820739106453393,9,442,0,True
0.009351519867777824,0.01991150442477876,1.0,0.039045553145336226,0.02476609796367639,9,443,0,True
0.009342323057353497,0.019867549668874173,1.0,0.03896103896103896,0.02471169686985173,9,444,0,True
0.009292976930737495,0.019823788546255508,1.0,0.038876889848812095,0.024657534246575342,9,445,0,True
0.009291515685617924,0.01978021978021978,1.0,0.03879310344827586,0.024603608529250958,9,446,0,True
0.009285722859203815,0.019736842105263157,1.0,0.03870967741935484,0.024549918166939442,9,447,0,True
0.009276454336941242,0.019693654266958426,1.0,0.03862660944206009,0.024496461622210124,9,448,0,True
0.009181304834783077,0.019650655021834062,1.0,0.03854389721627409,0.024443237370994023,9,449,0,True
0.009179049171507359,0.0196078431372549,1.0,0.038461538461538464,0.024390243902439025,9,450,0,True
0.00917056668549776,0.01956521739130435,1.0,0.03837953091684435,0.024337479718766902,9,451,0,True
0.009150579571723938,0.019522776572668113,1.0,0.03829787234042553,0.024284943335132217,9,452,0,True
0.009147913195192814,0.01948051948051948,1.0,0.03821656050955414,0.024232633279483037,9,453,0,True
0.009144464507699013,0.019438444924406047,1.0,0.038135593220338986,0.02418054809242343,9,454,0,True
0.009144178591668606,0.01939655172413793,1.0,0.03805496828752643,0.024128686327077747,9,455,0,True
0.009132473729550838,0.01935483870967742,1.0,0.0379746835443038,0.024077046548956663,9,456,0,True
0.009132335893809795,0.019313304721030045,1.0,0.037894736842105266,0.02402562733582488,9,457,0,True
0.009113472886383533,0.019271948608137045,1.0,0.037815126050420166,0.02397442727757059,9,458,0,True
0.009106955491006374,0.019230769230769232,1.0,0.03773584905660377,0.023923444976076555,9,459,0,True
0.009103866294026375,0.019189765458422176,1.0,0.03765690376569038,0.023872679045092837,9,460,0,True
0.009073218330740929,0.019148936170212766,1.0,0.037578288100208766,0.02382212811011117,9,461,0,True
0.008933339267969131,0.01910828025477707,1.0,0.0375,0.02377179080824089,9,462,0,True
0.008930574171245098,0.019067796610169493,1.0,0.037422037422037424,0.023721665788086453,9,463,0,True
0.008891766890883446,0.019027484143763214,1.0,0.03734439834024896,0.02367175170962651,9,464,0,True
0.008826851844787598,0.0189873417721519,1.0,0.037267080745341616,0.023622047244094488,9,465,0,True
0.008822035044431686,0.018947368421052633,1.0,0.0371900826446281,0.02357255107386066,9,466,0,True
0.008742060512304306,0.018907563025210083,1.0,0.03711340206185567,0.023523261892315735,9,467,0,True
0.008732042275369167,0.018867924528301886,1.0,0.037037037037037035,0.023474178403755867,9,468,0,True
0.008664763532578945,0.01882845188284519,1.0,0.03696098562628337,0.02342529932326913,9,469,0,True
0.00864491704851389,0.018789144050104383,1.0,0.036885245901639344,0.023376623376623377,9,470,0,True
0.008583995513617992,0.01875,1.0,0.03680981595092025,0.02332814930015552,9,471,0,True
0.008570910431444645,0.018711018711018712,1.0,0.036734693877551024,0.023279875840662184,9,472,0,True
0.008454984053969383,0.01867219917012448,1.0,0.03665987780040733,0.023231801755291687,9,473,0,True
0.008450016379356384,0.018633540372670808,1.0,0.036585365853658534,0.023183925811437404,9,474,0,True
0.008408733643591404,0.01859504132231405,1.0,0.036511156186612576,0.02313624678663239,9,475,0,True
0.008404274471104145,0.018556701030927835,1.0,0.03643724696356275,0.023088763468445357,9,476,0,True
0.008312766440212727,0.018518518518518517,1.0,0.03636363636363636,0.02304147465437788,9,477,0,True
0.008291715756058693,0.018480492813141684,1.0,0.036290322580645164,0.022994379151762903,9,478,0,True
0.008266326040029526,0.018442622950819672,1.0,0.03621730382293763,0.022947475777664456,9,479,0,True
0.008259519934654236,0.018404907975460124,1.0,0.03614457831325301,0.022900763358778626,9,480,0,True
0.00821319967508316,0.018367346938775512,1.0,0.036072144288577156,0.0228542407313357,9,481,0,True
0.008207131177186966,0.018329938900203666,1.0,0.036,0.02280790674100355,9,482,0,True
0.008165252394974232,0.018292682926829267,1.0,0.03592814371257485,0.02276176024279211,9,483,0,True
0.008160918019711971,0.018255578093306288,1.0,0.035856573705179286,0.02271580010095911,9,484,0,True
0.008145034313201904,0.018218623481781375,1.0,0.03578528827037773,0.022670025188916875,9,485,0,True
0.008038360625505447,0.01818181818181818,1.0,0.03571428571428571,0.02262443438914027,9,486,0,True
0.008026331663131714,0.018145161290322582,1.0,0.03564356435643564,0.022579026593075764,9,487,0,True
0.008021841756999493,0.018108651911468814,1.0,0.03557312252964427,0.022533800701051578,9,488,0,True
0.007997419685125351,0.018072289156626505,1.0,0.03550295857988166,0.022488755622188907,9,489,0,True
0.007975256070494652,0.018036072144288578,1.0,0.03543307086614173,0.022443890274314215,9,490,0,True
0.007940772920846939,0.018,1.0,0.03536345776031434,0.022399203583872575,9,491,0,True
0.007905866019427776,0.017964071856287425,1.0,0.03529411764705882,0.022354694485842028,9,492,0,True
0.007855093106627464,0.017928286852589643,1.0,0.03522504892367906,0.022310361923648984,9,493,0,True
0.007849450223147869,0.017892644135188866,1.0,0.03515625,0.022266204849084613,9,494,0,True
0.0078120362013578415,0.017857142857142856,1.0,0.03508771929824561,0.022222222222222223,9,495,0,True
0.0078050061129033566,0.01782178217821782,1.0,0.03501945525291829,0.022178413011335635,9,496,0,True
0.007789460010826588,0.017786561264822136,1.0,0.03495145631067961,0.022134776192818496,9,497,0,True
0.007748520001769066,0.01775147928994083,1.0,0.03488372093023256,0.022091310751104567,9,498,0,True
0.007711645681411028,0.017716535433070866,1.0,0.03481624758220503,0.022048015678588925,9,499,0,True
0.007677036803215742,0.01768172888015717,1.0,0.03474903474903475,0.022004889975550123,9,500,0,True
0.007670409977436066,0.01764705882352941,1.0,0.03468208092485549,0.021961932650073207,9,501,0,True
0.007641208358108997,0.01761252446183953,1.0,0.03461538461538462,0.021919142717973697,9,502,0,True
0.007613196969032288,0.017578125,1.0,0.0345489443378119,0.021876519202722412,9,503,0,True
0.00761092733591795,0.017543859649122806,1.0,0.034482758620689655,0.021834061135371178,9,504,0,True
0.007582445163279772,0.017509727626459144,1.0,0.03441682600382409,0.021791767554479417,9,505,0,True
0.007569668348878622,0.017475728155339806,1.0,0.03435114503816794,0.021749637506041565,9,506,0,True
0.0075660692527890205,0.01744186046511628,1.0,0.03428571428571429,0.02170767004341534,9,507,0,True
0.007532651070505381,0.017408123791102514,1.0,0.034220532319391636,0.021665864227250843,9,508,0,True
0.007531299721449614,0.017374517374517374,1.0,0.03415559772296015,0.02162421912542047,9,509,0,True
0.00752847408875823,0.017341040462427744,1.0,0.03409090909090909,0.02158273381294964,9,510,0,True
0.007526404224336147,0.01730769230769231,1.0,0.034026465028355386,0.0215414073719483,9,511,0,True
0.007509234361350536,0.01727447216890595,1.0,0.033962264150943396,0.02150023889154324,9,512,0,True
0.00747440243139863,0.017241379310344827,1.0,0.03389830508474576,0.02145922746781116,9,513,0,True
0.0074292938224971294,0.017208413001912046,1.0,0.03383458646616541,0.021418372203712517,9,514,0,True
0.007407121825963259,0.01717557251908397,1.0,0.03377110694183865,0.021377672209026127,9,515,0,True
0.007405747659504414,0.017142857142857144,1.0,0.033707865168539325,0.021337126600284494,9,516,0,True
0.007405292242765427,0.017110266159695818,1.0,0.03364485981308411,0.02129673450070989,9,517,0,True
0.007391638122498989,0.017077798861480076,1.0,0.033582089552238806,0.021256495040151157,9,518,0,True
0.007382687646895647,0.017045454545454544,1.0,0.0335195530726257,0.021216407355021217,9,519,0,True
0.007324595004320145,0.017013232514177693,1.0,0.03345724907063197,0.021176470588235293,9,520,0,True
0.0073203593492507935,0.016981132075471698,1.0,0.03339517625231911,0.021136683889149837,9,521,0,True
0.007308795116841793,0.01694915254237288,1.0,0.03333333333333333,0.02109704641350211,9,522,0,True
0.007286155130714178,0.016917293233082706,1.0,0.033271719038817,0.02105755732335049,9,523,0,True
0.007285307161509991,0.016885553470919325,1.0,0.033210332103321034,0.021018215787015414,9,524,0,True
0.007271704729646444,0.016853932584269662,1.0,0.03314917127071823,0.02097902097902098,9,525,0,True
0.007212980184704065,0.016822429906542057,1.0,0.03308823529411765,0.020939972080037228,9,526,0,True
0.007176943589001894,0.016791044776119403,1.0,0.03302752293577982,0.02090106827682304,9,527,0,True
0.007174483500421047,0.01675977653631285,1.0,0.03296703296703297,0.02086230876216968,9,528,0,True
0.00717124342918396,0.016728624535315983,1.0,0.03290676416819013,0.020823692734844978,9,529,0,True
0.007171084173023701,0.016697588126159554,1.0,0.032846715328467155,0.020785219399538105,9,530,0,True
0.007166604977101088,0.016666666666666666,1.0,0.03278688524590164,0.02074688796680498,9,531,0,True
0.007165311835706234,0.0166358595194085,1.0,0.03272727272727273,0.020708697653014266,9,532,0,True
0.007148959673941135,0.016605166051660517,1.0,0.032667876588021776,0.02067064768029398,9,533,0,True
0.007120481692254543,0.016574585635359115,1.0,0.03260869565217391,0.02063273727647868,9,534,0,True
0.007115009240806103,0.016544117647058824,1.0,0.0325497287522604,0.020594965675057208,9,535,0,True
0.0071052731946110725,0.01651376146788991,1.0,0.032490974729241874,0.02055733211512106,9,536,0,True
0.007101018913090229,0.016483516483516484,1.0,0.032432432432432434,0.02051983584131327,9,537,0,True
0.007095300126820803,0.016453382084095063,1.0,0.03237410071942446,0.020482476103777878,9,538,0,True
0.007069489452987909,0.016423357664233577,1.0,0.03231597845601436,0.02044525215810995,9,539,0,True
0.007067367900162935,0.01639344262295082,1.0,0.03225806451612903,0.02040816326530612,9,540,0,True
0.007054593879729509,0.016363636363636365,1.0,0.03220035778175313,0.020371208691715707,9,541,0,True
0.007040522526949644,0.016333938294010888,1.0,0.03214285714285714,0.02033438770899232,9,542,0,True
0.007025423925369978,0.016304347826086956,1.0,0.03208556149732621,0.02029769959404601,9,543,0,True
0.007023677695542574,0.0162748643761302,1.0,0.03202846975088968,0.020261143628995948,9,544,0,True
0.007016700692474842,0.016245487364620937,1.0,0.03197158081705151,0.020224719101123594,9,545,0,True
0.007015541661530733,0.016216216216216217,1.0,0.031914893617021274,0.020188425302826378,9,546,0,True
0.0069735366851091385,0.01618705035971223,1.0,0.03185840707964602,0.020152261531571878,9,547,0,True
0.006970690563321114,0.01615798922800718,1.0,0.03180212014134275,0.02011622708985248,9,548,0,True
0.006952695082873106,0.016129032258064516,1.0,0.031746031746031744,0.020080321285140562,9,549,0,True
0.0069424244575202465,0.016100178890876567,1.0,0.03169014084507042,0.0200445434298441,9,550,0,True
0.006930684670805931,0.01607142857142857,1.0,0.03163444639718805,0.020008892841262782,9,551,0,True
0.006910520140081644,0.016042780748663103,1.0,0.031578947368421054,0.019973368841544607,9,552,0,True
0.006892137695103884,0.01601423487544484,1.0,0.03152364273204904,0.01993797075764289,9,553,0,True
0.006885704584419727,0.015985790408525755,1.0,0.03146853146853147,0.019902697921273773,9,554,0,True
0.006882164161652327,0.015957446808510637,1.0,0.031413612565445025,0.019867549668874173,9,555,0,True
0.006879681255668402,0.01592920353982301,1.0,0.0313588850174216,0.01983252534156016,9,556,0,True
0.006870529148727655,0.015901060070671377,1.0,0.03130434782608696,0.019797624285085788,9,557,0,True
0.006868801545351744,0.015873015873015872,1.0,0.03125,0.019762845849802372,9,558,0,True
0.006860768888145685,0.01584507042253521,1.0,0.03119584055459272,0.01972818939061815,9,559,0,True
0.0068531641736626625,0.015817223198594025,1.0,0.031141868512110725,0.019693654266958426,9,560,0,True
0.006842319387942553,0.015789473684210527,1.0,0.031088082901554404,0.019659239842726082,9,561,0,True
0.006824197247624397,0.01576182136602452,1.0,0.03103448275862069,0.01962494548626254,9,562,0,True
0.0068046594969928265,0.015734265734265736,1.0,0.03098106712564544,0.0195907705703091,9,563,0,True
0.00680276146158576,0.015706806282722512,1.0,0.030927835051546393,0.01955671447196871,9,564,0,True
0.006797917652875185,0.0156794425087108,1.0,0.030874785591766724,0.019522776572668113,9,565,0,True
0.006796929519623518,0.01565217391304348,1.0,0.030821917808219176,0.0194889562581204,9,566,0,True
0.006785537116229534,0.015625,1.0,0.03076923076923077,0.019455252918287938,9,567,0,True
0.006772913038730621,0.01559792027729636,1.0,0.030716723549488054,0.019421665947345707,9,568,0,True
0.0067651355639100075,0.015570934256055362,1.0,0.030664395229982964,0.01938819474364498,9,569,0,True
0.0067648980766534805,0.015544041450777202,1.0,0.030612244897959183,0.01935483870967742,9,570,0,True
0.006758601870387793,0.015517241379310345,1.0,0.030560271646859084,0.019321597252039503,9,571,0,True
0.006752142682671547,0.01549053356282272,1.0,0.030508474576271188,0.01928846978139734,9,572,0,True
0.006716394796967506,0.015463917525773196,1.0,0.030456852791878174,0.019255455712451863,9,573,0,True
0.006704297848045826,0.015437392795883362,1.0,0.030405405405405407,0.019222554463904314,9,574,0,True
0.006703939288854599,0.015410958904109588,1.0,0.03035413153456998,0.019189765458422176,9,575,0,True
0.006701574195176363,0.015384615384615385,1.0,0.030303030303030304,0.019157088122605363,9,576,0,True
0.006693218369036913,0.015358361774744027,1.0,0.030252100840336135,0.019124521886952826,9,577,0,True
0.006666057277470827,0.015332197614991482,1.0,0.030201342281879196,0.019092066185829443,9,578,0,True
0.006661032326519489,0.015306122448979591,1.0,0.03015075376884422,0.01905972045743329,9,579,0,True
0.006638228893280029,0.015280135823429542,1.0,0.030100334448160536,0.019027484143763214,9,580,0,True
0.006631946656852961,0.015254237288135594,1.0,0.03005008347245409,0.018995356690586745,9,581,0,True
0.0066103246062994,0.015228426395939087,1.0,0.03,0.018963337547408345,9,582,0,True
0.006599114742130041,0.015202702702702704,1.0,0.029950083194675542,0.018931426167437947,9,583,0,True
0.006597867701202631,0.01517706576728499,1.0,0.029900332225913623,0.01889962200755985,9,584,0,True
0.006588800810277462,0.015151515151515152,1.0,0.029850746268656716,0.018867924528301886,9,585,0,True
0.006559891160577536,0.015126050420168067,1.0,0.029801324503311258,0.018836333193804938,9,586,0,True
0.006545286159962416,0.015100671140939598,1.0,0.02975206611570248,0.01880484747179273,9,587,0,True
0.0065412879921495914,0.01507537688442211,1.0,0.0297029702970297,0.01877346683354193,9,588,0,True
0.006538840476423502,0.015050167224080268,1.0,0.029654036243822075,0.018742190753852563,9,589,0,True
0.006534814368933439,0.015025041736227046,1.0,0.029605263157894735,0.018711018711018712,9,590,0,True
0.006522595416754484,0.015,1.0,0.029556650246305417,0.0186799501867995,9,591,0,True
0.00650925375521183,0.014975041597337771,1.0,0.029508196721311476,0.018648984666390384,9,592,0,True
0.006500492803752422,0.014950166112956811,1.0,0.029459901800327332,0.018618121638394703,9,593,0,True
0.0064966753125190735,0.014925373134328358,1.0,0.029411764705882353,0.01858736059479554,9,594,0,True
0.00648613041266799,0.014900662251655629,1.0,0.02936378466557912,0.018556701030927835,9,595,0,True
0.006474838592112064,0.01487603305785124,1.0,0.029315960912052116,0.018526142445450804,9,596,0,True
0.0064716157503426075,0.01485148514851485,1.0,0.02926829268292683,0.018495684340320593,9,597,0,True
0.006470386404544115,0.014827018121911038,1.0,0.02922077922077922,0.018465326220763235,9,598,0,True
0.006453942507505417,0.014802631578947368,1.0,0.029173419773095625,0.01843506759524785,9,599,0,True
0.006452664732933044,0.014778325123152709,1.0,0.02912621359223301,0.018404907975460124,9,600,0,True
0.006447834428399801,0.014754098360655738,1.0,0.029079159935379646,0.01837484687627603,9,601,0,True
0.006429439876228571,0.014729950900163666,1.0,0.02903225806451613,0.018344883815735832,9,602,0,True
0.006421814206987619,0.014705882352941176,1.0,0.028985507246376812,0.018315018315018316,9,603,0,True
0.006412723567336798,0.01468189233278956,1.0,0.028938906752411574,0.01828524989841528,9,604,0,True
0.00641244649887085,0.014657980456026058,1.0,0.028892455858747994,0.018255578093306288,9,605,0,True
0.006408085115253925,0.014634146341463415,1.0,0.028846153846153848,0.018226002430133656,9,606,0,True
0.006400967016816139,0.01461038961038961,1.0,0.0288,0.01819652244237768,9,607,0,True
0.0063837068155407906,0.014586709886547812,1.0,0.02875399361022364,0.018167137666532097,9,608,0,True
0.006372426170855761,0.014563106796116505,1.0,0.028708133971291867,0.018137847642079808,9,609,0,True
0.0063702198676764965,0.014539579967689823,1.0,0.028662420382165606,0.018108651911468814,9,610,0,True
0.006358486600220203,0.014516129032258065,1.0,0.028616852146263912,0.01807955002008839,9,611,0,True
0.006356223952025175,0.014492753623188406,1.0,0.02857142857142857,0.018050541516245487,9,612,0,True
0.006352995987981558,0.014469453376205787,1.0,0.028526148969889066,0.01802162595114137,9,613,0,True
0.00635184021666646,0.014446227929373997,1.0,0.028481012658227847,0.01799280287884846,9,614,0,True
0.006343007553368807,0.014423076923076924,1.0,0.02843601895734597,0.017964071856287425,9,615,0,True
0.0063426257111132145,0.0144,1.0,0.028391167192429023,0.017935432443204464,9,616,0,True
0.0063401260413229465,0.01437699680511182,1.0,0.028346456692913385,0.017906884202148827,9,617,0,True
0.006336071994155645,0.014354066985645933,1.0,0.02830188679245283,0.017878426698450536,9,618,0,True
0.0063304901123046875,0.014331210191082803,1.0,0.0282574568288854,0.017850059500198336,9,619,0,True
0.006305389106273651,0.014308426073131956,1.0,0.02821316614420063,0.01782178217821782,9,620,0,True
0.006295469589531422,0.014285714285714285,1.0,0.028169014084507043,0.017793594306049824,9,621,0,True
0.006285901181399822,0.014263074484944533,1.0,0.028125,0.017765495459928938,9,622,0,True
0.006277489010244608,0.014240506329113924,1.0,0.028081123244929798,0.017737485218762318,9,623,0,True
0.0062765819020569324,0.014218009478672985,1.0,0.028037383177570093,0.01770956316410862,9,624,0,True
0.00626220041885972,0.014195583596214511,1.0,0.027993779160186624,0.01768172888015717,9,625,0,True
0.006254999898374081,0.014173228346456693,1.0,0.027950310559006212,0.017653981953707338,9,626,0,True
0.006253467407077551,0.014150943396226415,1.0,0.027906976744186046,0.01762632197414806,9,627,0,True
0.006243694107979536,0.0141287284144427,1.0,0.02786377708978328,0.01759874853343762,9,628,0,True
0.0062393550761044025,0.014106583072100314,1.0,0.027820710973724884,0.017571261226083563,9,629,0,True
0.006233415100723505,0.014084507042253521,1.0,0.027777777777777776,0.017543859649122806,9,630,0,True
0.006231527775526047,0.0140625,1.0,0.02773497688751926,0.017516543402101986,9,631,0,True
0.006230134051293135,0.014040561622464899,1.0,0.027692307692307693,0.01748931208705791,9,632,0,True
0.0062266988679766655,0.014018691588785047,1.0,0.027649769585253458,0.017462165308498253,9,633,0,True
0.006213281769305468,0.013996889580093312,1.0,0.027607361963190184,0.01743510267338241,9,634,0,True
0.0062088374979794025,0.013975155279503106,1.0,0.027565084226646247,0.017408123791102514,9,635,0,True
0.006190812680870295,0.013953488372093023,1.0,0.027522935779816515,0.01738122827346466,9,636,0,True
0.006181229837238789,0.01393188854489164,1.0,0.02748091603053435,0.017354415734670267,9,637,0,True
0.006172428373247385,0.013910355486862442,1.0,0.027439024390243903,0.01732768579129765,9,638,0,True
0.006160341668874025,0.013888888888888888,1.0,0.0273972602739726,0.01730103806228374,9,639,0,True
0.006160297431051731,0.01386748844375963,1.0,0.02735562310030395,0.01727447216890595,9,640,0,True
0.006159518379718065,0.013846153846153847,1.0,0.027314112291350532,0.017247987734764277,9,641,0,True
0.006135189905762672,0.013824884792626729,1.0,0.02727272727272727,0.01722158438576349,9,642,0,True
0.006124446634203196,0.013803680981595092,1.0,0.02723146747352496,0.01719526175009553,9,643,0,True
0.006123027298599482,0.013782542113323124,1.0,0.027190332326283987,0.01716901945822205,9,644,0,True
0.006112987641245127,0.013761467889908258,1.0,0.027149321266968326,0.017142857142857144,9,645,0,True
0.006112202070653439,0.013740458015267175,1.0,0.02710843373493976,0.017116774438950173,9,646,0,True
0.006112083792686462,0.013719512195121951,1.0,0.02706766917293233,0.017090770983668818,9,647,0,True
0.006107311230152845,0.0136986301369863,1.0,0.02702702702702703,0.017064846416382253,9,648,0,True
0.006102350074797869,0.013677811550151976,1.0,0.026986506746626688,0.01703900037864445,9,649,0,True
0.0060960822738707066,0.013657056145675266,1.0,0.02694610778443114,0.017013232514177693,9,650,0,True
0.006069879978895187,0.013636363636363636,1.0,0.026905829596412557,0.01698754246885617,9,651,0,True
0.006038328167051077,0.01361573373676248,1.0,0.026865671641791045,0.016961929890689786,9,652,0,True
0.006036007311195135,0.013595166163141994,1.0,0.026825633383010434,0.016936394429808054,9,653,0,True
0.006023881491273642,0.013574660633484163,1.0,0.026785714285714284,0.016910935738444193,9,654,0,True
0.006023815833032131,0.01355421686746988,1.0,0.02674591381872214,0.016885553470919325,9,655,0,True
0.006014147773385048,0.013533834586466165,1.0,0.026706231454005934,0.016860247283626825,9,656,0,True
0.006012292113155127,0.013513513513513514,1.0,0.02666666666666667,0.016835016835016835,9,657,0,True
0.0059942640364170074,0.013493253373313344,1.0,0.026627218934911243,0.016809861785580874,9,658,0,True
0.005993223749101162,0.01347305389221557,1.0,0.026587887740029542,0.01678478179783663,9,659,0,True
0.005989413242787123,0.013452914798206279,1.0,0.02654867256637168,0.01675977653631285,9,660,0,True
0.0059821163304150105,0.013432835820895522,1.0,0.026509572901325478,0.0167348456675344,9,661,0,True
0.005967870820313692,0.013412816691505217,1.0,0.026470588235294117,0.01670998886000743,9,662,0,True
0.005961405113339424,0.013392857142857142,1.0,0.02643171806167401,0.01668520578420467,9,663,0,True
0.005959768779575825,0.01337295690936107,1.0,0.026392961876832845,0.016660496112550906,9,664,0,True
0.0059493123553693295,0.013353115727002967,1.0,0.02635431918008785,0.0166358595194085,9,665,0,True
0.0059461090713739395,0.013333333333333334,1.0,0.02631578947368421,0.016611295681063124,9,666,0,True
0.0059298379346728325,0.013313609467455622,1.0,0.026277372262773723,0.016586804275709546,9,667,0,True
0.005929233971983194,0.013293943870014771,1.0,0.026239067055393587,0.016562384983437616,9,668,0,True
0.005927924066781998,0.01327433628318584,1.0,0.026200873362445413,0.016538037486218304,9,669,0,True
0.005926193669438362,0.013254786450662739,1.0,0.02616279069767442,0.01651376146788991,9,670,0,True
0.005924615077674389,0.013235294117647059,1.0,0.026124818577648767,0.016489556614144377,9,671,0,True
0.005924073047935963,0.013215859030837005,1.0,0.02608695652173913,0.01646542261251372,9,672,0,True
0.005920502357184887,0.013196480938416423,1.0,0.02604920405209841,0.016441359152356595,9,673,0,True
0.005903760436922312,0.013177159590043924,1.0,0.02601156069364162,0.016417365924844947,9,674,0,True
0.0059027778916060925,0.013157894736842105,1.0,0.025974025974025976,0.01639344262295082,9,675,0,True
0.005902769975364208,0.013138686131386862,1.0,0.025936599423631124,0.016369588941433248,9,676,0,True
0.005900999065488577,0.013119533527696793,1.0,0.025899280575539568,0.01634580457682528,9,677,0,True
0.0058658975176513195,0.013100436681222707,1.0,0.02586206896551724,0.01632208922742111,9,678,0,True
0.0058630951680243015,0.01308139534883721,1.0,0.02582496413199426,0.01629844259326331,9,679,0,True
0.005861591547727585,0.013062409288824383,1.0,0.025787965616045846,0.0162748643761302,9,680,0,True
0.005859977565705776,0.013043478260869565,1.0,0.02575107296137339,0.016251354279523293,9,681,0,True
0.005858252290636301,0.013024602026049204,1.0,0.025714285714285714,0.016227912008654886,9,682,0,True
0.0058544049970805645,0.01300578034682081,1.0,0.025677603423680456,0.01620453727043572,9,683,0,True
0.005849855486303568,0.012987012987012988,1.0,0.02564102564102564,0.016181229773462782,9,684,0,True
0.0058492147363722324,0.012968299711815562,1.0,0.025604551920341393,0.01615798922800718,9,685,0,True
0.005839180201292038,0.012949640287769784,1.0,0.02556818181818182,0.01613481534600215,9,686,0,True
0.005837193224579096,0.01293103448275862,1.0,0.02553191489361702,0.01611170784103115,9,687,0,True
0.005828894674777985,0.01291248206599713,1.0,0.025495750708215296,0.016088666428316054,9,688,0,True
0.005826319567859173,0.012893982808022923,1.0,0.02545968882602546,0.01606569082470546,9,689,0,True
0.0058217947371304035,0.012875536480686695,1.0,0.025423728813559324,0.016042780748663103,9,690,0,True
0.005817311815917492,0.012857142857142857,1.0,0.02538787023977433,0.016019935920256318,9,691,0,True
0.005814353469759226,0.012838801711840228,1.0,0.02535211267605634,0.015997156061144685,9,692,0,True
0.00580934714525938,0.01282051282051282,1.0,0.02531645569620253,0.01597444089456869,9,693,0,True
0.005809118505567312,0.012802275960170697,1.0,0.025280898876404494,0.015951790145338533,9,694,0,True
0.005808154586702585,0.01278409090909091,1.0,0.025245441795231416,0.01592920353982301,9,695,0,True
0.00580593291670084,0.01276595744680851,1.0,0.025210084033613446,0.015906680805938492,9,696,0,True
0.005805619060993195,0.012747875354107648,1.0,0.025174825174825177,0.015884221673138015,9,697,0,True
0.0058012972585856915,0.01272984441301273,1.0,0.025139664804469275,0.015861825872400422,9,698,0,True
0.005800625775009394,0.012711864406779662,1.0,0.02510460251046025,0.01583949313621964,9,699,0,True
0.005800436716526747,0.012693935119887164,1.0,0.025069637883008356,0.015817223198594025,9,700,0,True
0.005799488164484501,0.01267605633802817,1.0,0.025034770514603615,0.015795015795015795,9,701,0,True
0.0057948315516114235,0.012658227848101266,1.0,0.025,0.015772870662460567,9,702,0,True
0.005791741888970137,0.012640449438202247,1.0,0.024965325936199722,0.01575078753937697,9,703,0,True
0.005774154793471098,0.012622720897615708,1.0,0.024930747922437674,0.015728766165676335,9,704,0,True
0.005769571755081415,0.012605042016806723,1.0,0.024896265560165973,0.015706806282722512,9,705,0,True
0.005768966861069202,0.012587412587412588,1.0,0.024861878453038673,0.015684907633321716,9,706,0,True
0.005768636241555214,0.012569832402234637,1.0,0.02482758620689655,0.015663069961712496,9,707,0,True
0.005763772875070572,0.012552301255230125,1.0,0.024793388429752067,0.01564129301355579,9,708,0,True
0.005757117178291082,0.012534818941504178,1.0,0.024759284731774415,0.015619576535925026,9,709,0,True
0.005746022332459688,0.012517385257301807,1.0,0.024725274725274724,0.01559792027729636,9,710,0,True
0.0057417661882936954,0.0125,1.0,0.024691358024691357,0.01557632398753894,9,711,0,True
0.005741235334426165,0.012482662968099861,1.0,0.024657534246575342,0.015554787417905289,9,712,0,True
0.005740038119256496,0.012465373961218837,1.0,0.024623803009575923,0.015533310321021747,9,713,0,True
0.005736637394875288,0.012448132780082987,1.0,0.02459016393442623,0.015511892450879007,9,714,0,True
0.005734581500291824,0.012430939226519336,1.0,0.02455661664392906,0.01549053356282272,9,715,0,True
0.005728592164814472,0.012413793103448275,1.0,0.02452316076294278,0.015469233413544173,9,716,0,True
0.005727623123675585,0.012396694214876033,1.0,0.024489795918367346,0.015447991761071062,9,717,0,True
0.005711594130843878,0.012379642365887207,1.0,0.024456521739130436,0.015426808364758314,9,718,0,True
0.005703289061784744,0.012362637362637362,1.0,0.024423337856173677,0.015405682985279013,9,719,0,True
0.005699361674487591,0.012345679012345678,1.0,0.024390243902439025,0.015384615384615385,9,720,0,True
0.005697513464838266,0.012328767123287671,1.0,0.02435723951285521,0.015363605326049846,9,721,0,True
0.005693687126040459,0.012311901504787962,1.0,0.024324324324324326,0.015342652574156155,9,722,0,True
0.005689461249858141,0.012295081967213115,1.0,0.024291497975708502,0.015321756894790603,9,723,0,True
0.005689064506441355,0.01227830832196453,1.0,0.02425876010781671,0.015300918055083304,9,724,0,True
0.0056874570436775684,0.01226158038147139,1.0,0.024226110363391656,0.015280135823429542,9,725,0,True
0.005686009302735329,0.012244897959183673,1.0,0.024193548387096774,0.015259409969481181,9,726,0,True
0.005684672389179468,0.012228260869565218,1.0,0.024161073825503355,0.015238740264138165,9,727,0,True
0.0056832898408174515,0.012211668928086838,1.0,0.024128686327077747,0.015218126479540075,9,728,0,True
0.005682813003659248,0.012195121951219513,1.0,0.024096385542168676,0.015197568389057751,9,729,0,True
0.005671394523233175,0.012178619756427604,1.0,0.02406417112299465,0.01517706576728499,9,730,0,True
0.005671375896781683,0.012162162162162163,1.0,0.02403204272363151,0.015156618390030314,9,731,0,True
0.005664445459842682,0.012145748987854251,1.0,0.024,0.015136226034308779,9,732,0,True
0.00566115090623498,0.012129380053908356,1.0,0.023968042609853527,0.015115888478333893,9,733,0,True
0.00565678533166647,0.012113055181695828,1.0,0.023936170212765957,0.015095605501509561,9,734,0,True
0.005656742490828037,0.012096774193548387,1.0,0.02390438247011952,0.01507537688442211,9,735,0,True
0.00565524073317647,0.012080536912751677,1.0,0.023872679045092837,0.015055202408832385,9,736,0,True
0.005651410669088364,0.012064343163538873,1.0,0.02384105960264901,0.015035081857667892,9,737,0,True
0.005651367828249931,0.012048192771084338,1.0,0.023809523809523808,0.015015015015015015,9,738,0,True
0.0056493692100048065,0.012032085561497326,1.0,0.023778071334214,0.014995001666111295,9,739,0,True
0.005648091435432434,0.012016021361815754,1.0,0.023746701846965697,0.014975041597337771,9,740,0,True
0.005638327449560165,0.012,1.0,0.023715415019762844,0.014955134596211365,9,741,0,True
0.005637934431433678,0.011984021304926764,1.0,0.02368421052631579,0.014935280451377365,9,742,0,True
0.005636547226458788,0.011968085106382979,1.0,0.023653088042049936,0.014915478952601922,9,743,0,True
0.005631845444440842,0.01195219123505976,1.0,0.023622047244094488,0.014895729890764648,9,744,0,True
0.00563154648989439,0.011936339522546418,1.0,0.023591087811271297,0.01487603305785124,9,745,0,True
0.005629845894873142,0.011920529801324504,1.0,0.02356020942408377,0.014856388246946187,9,746,0,True
0.005627996288239956,0.011904761904761904,1.0,0.023529411764705882,0.01483679525222552,9,747,0,True
0.0056211212649941444,0.011889035667107,1.0,0.02349869451697128,0.014817253868949621,9,748,0,True
0.005614296533167362,0.011873350923482849,1.0,0.02346805736636245,0.0147977638934561,9,749,0,True
0.0056101055815815926,0.011857707509881422,1.0,0.0234375,0.014778325123152709,9,750,0,True
0.005605930928140879,0.011842105263157895,1.0,0.02340702210663199,0.014758937356510331,9,751,0,True
0.005595704074949026,0.011826544021024968,1.0,0.023376623376623377,0.01473960039305601,9,752,0,True
0.005592005793005228,0.011811023622047244,1.0,0.023346303501945526,0.014720314033366046,9,753,0,True
0.005591332912445068,0.011795543905635648,1.0,0.023316062176165803,0.01470107807905913,9,754,0,True
0.005590974818915129,0.011780104712041885,1.0,0.02328589909443726,0.01468189233278956,9,755,0,True
0.005588051397353411,0.011764705882352941,1.0,0.023255813953488372,0.01466275659824047,9,756,0,True
0.0055877044796943665,0.01174934725848564,1.0,0.023225806451612905,0.01464367068011715,9,757,0,True
0.005586737301200628,0.011734028683181226,1.0,0.023195876288659795,0.014624634384140396,9,758,0,True
0.0055856853723526,0.01171875,1.0,0.023166023166023165,0.014605647517039922,9,759,0,True
0.005584073252975941,0.011703511053315995,1.0,0.02313624678663239,0.014586709886547812,9,760,0,True
0.005584059748798609,0.011688311688311689,1.0,0.023106546854942234,0.014567821301392036,9,761,0,True
0.005578224081546068,0.011673151750972763,1.0,0.023076923076923078,0.014548981571290009,9,762,0,True
0.005564112216234207,0.011658031088082901,1.0,0.023047375160051217,0.014530190506942202,9,763,0,True
0.005560282617807388,0.01164294954721863,1.0,0.023017902813299233,0.014511447920025799,9,764,0,True
0.0055576227605342865,0.011627906976744186,1.0,0.022988505747126436,0.014492753623188406,9,765,0,True
0.005554050672799349,0.011612903225806452,1.0,0.02295918367346939,0.014474107430041815,9,766,0,True
0.005553273484110832,0.011597938144329897,1.0,0.022929936305732482,0.014455509155155798,9,767,0,True
0.005553199909627438,0.011583011583011582,1.0,0.022900763358778626,0.014436958614051972,9,768,0,True
0.005550293251872063,0.011568123393316195,1.0,0.022871664548919948,0.014418455623197693,9,769,0,True
0.005549601279199123,0.011553273427471117,1.0,0.02284263959390863,0.0144,9,770,0,True
0.00554948765784502,0.011538461538461539,1.0,0.022813688212927757,0.014381591562799617,9,771,0,True
0.005547393579035997,0.011523687580025609,1.0,0.02278481012658228,0.014363230130864985,9,772,0,True
0.005544919054955244,0.011508951406649617,1.0,0.022756005056890013,0.014344915524386357,9,773,0,True
0.005540043581277132,0.011494252873563218,1.0,0.022727272727272728,0.014326647564469915,9,774,0,True
0.005537057761102915,0.011479591836734694,1.0,0.02269861286254729,0.014308426073131956,9,775,0,True
0.005535689648240805,0.011464968152866241,1.0,0.022670025188916875,0.014290250873293109,9,776,0,True
0.005534369498491287,0.011450381679389313,1.0,0.022641509433962263,0.014272121788772598,9,777,0,True
0.005530224647372961,0.011435832274459974,1.0,0.022613065326633167,0.014254038644282548,9,778,0,True
0.005527395289391279,0.011421319796954314,1.0,0.02258469259723965,0.014236001265422335,9,779,0,True
0.005521953571587801,0.011406844106463879,1.0,0.022556390977443608,0.014218009478672985,9,780,0,True
0.00552000617608428,0.01139240506329114,1.0,0.02252816020025031,0.014200063111391607,9,781,0,True
0.005510447546839714,0.011378002528445006,1.0,0.0225,0.014182161991805862,9,782,0,True
0.005505711771547794,0.011363636363636364,1.0,0.02247191011235955,0.014164305949008499,9,783,0,True
0.005505307111889124,0.011349306431273645,1.0,0.022443890274314215,0.014146494812951903,9,784,0,True
0.005503555294126272,0.011335012594458438,1.0,0.0224159402241594,0.0141287284144427,9,785,0,True
0.005496992729604244,0.011320754716981131,1.0,0.022388059701492536,0.014111006585136407,9,786,0,True
0.005493998993188143,0.011306532663316583,1.0,0.02236024844720497,0.014093329157532102,9,787,0,True
0.005490870214998722,0.011292346298619825,1.0,0.022332506203473945,0.014075695964967157,9,788,0,True
0.0054899039678275585,0.011278195488721804,1.0,0.022304832713754646,0.014058106841611996,9,789,0,True
0.005488633643835783,0.011264080100125156,1.0,0.022277227722772276,0.014040561622464899,9,790,0,True
0.005485995672643185,0.01125,1.0,0.022249690976514216,0.014023060143346837,9,791,0,True
0.005484635476022959,0.011235955056179775,1.0,0.022222222222222223,0.014005602240896359,9,792,0,True
0.00548300938680768,0.011221945137157107,1.0,0.02219482120838471,0.013988187752564501,9,793,0,True
0.005480383988469839,0.0112079701120797,1.0,0.022167487684729065,0.013970816516609749,9,794,0,True
0.005477809347212315,0.011194029850746268,1.0,0.02214022140221402,0.013953488372093023,9,795,0,True
0.005477468948811293,0.011180124223602485,1.0,0.022113022113022112,0.013936203158872717,9,796,0,True
0.005471669137477875,0.011166253101736972,1.0,0.022085889570552148,0.013918960717599753,9,797,0,True
0.0054681566543877125,0.011152416356877323,1.0,0.022058823529411766,0.013901760889712697,9,798,0,True
0.0054677934385836124,0.011138613861386138,1.0,0.022031823745410038,0.01388460351743289,9,799,0,True
0.0054656523279845715,0.011124845488257108,1.0,0.022004889975550123,0.01386748844375963,9,800,0,True
0.0054584043100476265,0.011111111111111112,1.0,0.02197802197802198,0.013850415512465374,9,801,0,True
0.005455654114484787,0.011097410604192354,1.0,0.02195121951219512,0.013833384568090993,9,802,0,True
0.005455441307276487,0.011083743842364532,1.0,0.02192448233861145,0.01381639545594105,9,803,0,True
0.005453913006931543,0.01107011070110701,1.0,0.021897810218978103,0.013799448022079117,9,804,0,True
0.005453141871839762,0.011056511056511056,1.0,0.02187120291616039,0.013782542113323124,9,805,0,True
0.005452966317534447,0.011042944785276074,1.0,0.021844660194174758,0.013765677577240747,9,806,0,True
0.005451735574752092,0.011029411764705883,1.0,0.02181818181818182,0.013748854262144821,9,807,0,True
0.005450835917145014,0.011015911872705019,1.0,0.021791767554479417,0.0137320720170888,9,808,0,True
0.005449729505926371,0.011002444987775062,1.0,0.02176541717049577,0.013715330691862237,9,809,0,True
0.005449476186186075,0.01098901098901099,1.0,0.021739130434782608,0.0136986301369863,9,810,0,True
0.005445990711450577,0.01097560975609756,1.0,0.021712907117008445,0.013681970203709334,9,811,0,True
0.0054426006972789764,0.010962241169305725,1.0,0.021686746987951807,0.013665350744002429,9,812,0,True
0.005440729670226574,0.010948905109489052,1.0,0.021660649819494584,0.01364877161055505,9,813,0,True
0.005437820218503475,0.010935601458080195,1.0,0.021634615384615384,0.013632232656770675,9,814,0,True
0.005437508225440979,0.010922330097087379,1.0,0.021608643457382955,0.01361573373676248,9,815,0,True
0.005432968493551016,0.01090909090909091,1.0,0.02158273381294964,0.013599274705349048,9,816,0,True
0.005429813638329506,0.010895883777239709,1.0,0.02155688622754491,0.013582855418050106,9,817,0,True
0.005423798691481352,0.010882708585247884,1.0,0.0215311004784689,0.013566475731082304,9,818,0,True
0.005405684467405081,0.010869565217391304,1.0,0.021505376344086023,0.013550135501355014,9,819,0,True
0.005404415540397167,0.010856453558504222,1.0,0.021479713603818614,0.013533834586466165,9,820,0,True
0.0054008569568395615,0.010843373493975903,1.0,0.021454112038140644,0.013517572844698107,9,821,0,True
0.005398129113018513,0.010830324909747292,1.0,0.02142857142857143,0.013501350135013501,9,822,0,True
0.005395556800067425,0.010817307692307692,1.0,0.02140309155766944,0.013485166317051244,9,823,0,True
0.005386835429817438,0.010804321728691477,1.0,0.021377672209026127,0.01346902125112242,9,824,0,True
0.005385926458984613,0.01079136690647482,1.0,0.021352313167259787,0.013452914798206279,9,825,0,True
0.005380996037274599,0.010778443113772455,1.0,0.02132701421800948,0.013436846819946252,9,826,0,True
0.005378962494432926,0.01076555023923445,1.0,0.021301775147928994,0.013420817178645988,9,827,0,True
0.00537848798558116,0.010752688172043012,1.0,0.02127659574468085,0.013404825737265416,9,828,0,True
0.005377559456974268,0.010739856801909307,1.0,0.021251475796930343,0.01338887235941684,9,829,0,True
0.005374933127313852,0.010727056019070322,1.0,0.02122641509433962,0.01337295690936107,9,830,0,True
0.005370298400521278,0.010714285714285714,1.0,0.02120141342756184,0.013357079252003561,9,831,0,True
0.005368444602936506,0.01070154577883472,1.0,0.021176470588235293,0.013341239252890602,9,832,0,True
0.0053672222420573235,0.010688836104513063,1.0,0.021151586368977675,0.013325436778205508,9,833,0,True
0.00536417867988348,0.010676156583629894,1.0,0.02112676056338028,0.013309671694764862,9,834,0,True
0.005359463859349489,0.01066350710900474,1.0,0.021101992966002344,0.013293943870014771,9,835,0,True
0.005358861293643713,0.010650887573964497,1.0,0.02107728337236534,0.013278253172027146,9,836,0,True
0.005352455656975508,0.010638297872340425,1.0,0.021052631578947368,0.013262599469496022,9,837,0,True
0.005347606725990772,0.010625737898465172,1.0,0.02102803738317757,0.013246982631733883,9,838,0,True
0.005346391350030899,0.01061320754716981,1.0,0.021003500583430573,0.01323140252866804,9,839,0,True
0.005344232078641653,0.01060070671378092,1.0,0.02097902097902098,0.013215859030837005,9,840,0,True
0.005343468859791756,0.010588235294117647,1.0,0.020954598370197905,0.013200352009386917,9,841,0,True
0.005340202711522579,0.010575793184488837,1.0,0.020930232558139535,0.013184881336067975,9,842,0,True
0.005338250659406185,0.01056338028169014,1.0,0.020905923344947737,0.013169446883230905,9,843,0,True
0.005338090937584639,0.010550996483001172,1.0,0.02088167053364269,0.013154048523823443,9,844,0,True
0.005323207005858421,0.01053864168618267,1.0,0.02085747392815759,0.013138686131386862,9,845,0,True
0.005320400465279818,0.010526315789473684,1.0,0.020833333333333332,0.013123359580052493,9,846,0,True
0.005319125484675169,0.010514018691588784,1.0,0.020809248554913295,0.013108068744538305,9,847,0,True
0.005316381808370352,0.010501750291715286,1.0,0.020785219399538105,0.013092813500145475,9,848,0,True
0.005309801548719406,0.01048951048951049,1.0,0.020761245674740483,0.013077593722755012,9,849,0,True
0.005309187341481447,0.010477299185098952,1.0,0.020737327188940093,0.013062409288824383,9,850,0,True
0.005306974519044161,0.010465116279069767,1.0,0.020713463751438434,0.01304726007538417,9,851,0,True
0.005306060891598463,0.010452961672473868,1.0,0.020689655172413793,0.013032145960034752,9,852,0,True
0.005303740501403809,0.010440835266821345,1.0,0.02066590126291619,0.013017066820943014,9,853,0,True
0.0053005944937467575,0.010428736964078795,1.0,0.020642201834862386,0.013002022536839063,9,854,0,True
0.005297048483043909,0.010416666666666666,1.0,0.020618556701030927,0.012987012987012988,9,855,0,True
0.005295267794281244,0.010404624277456647,1.0,0.020594965675057208,0.012972038051311616,9,856,0,True
0.005294132046401501,0.010392609699769052,1.0,0.02057142857142857,0.01295709761013533,9,857,0,True
0.005290818400681019,0.010380622837370242,1.0,0.02054794520547945,0.012942191544434857,9,858,0,True
0.00528966449201107,0.010368663594470046,1.0,0.020524515393386546,0.01292731973570813,9,859,0,True
0.005289476364850998,0.010356731875719217,1.0,0.02050113895216401,0.01291248206599713,9,860,0,True
0.005286689382046461,0.010344827586206896,1.0,0.020477815699658702,0.012897678417884782,9,861,0,True
0.005282192956656218,0.010332950631458095,1.0,0.020454545454545454,0.012882908674491841,9,862,0,True
0.00527699152007699,0.010321100917431193,1.0,0.02043132803632236,0.012868172719473835,9,863,0,True
0.005275937728583813,0.010309278350515464,1.0,0.02040816326530612,0.012853470437017995,9,864,0,True
0.005274606868624687,0.010297482837528604,1.0,0.020385050962627407,0.012838801711840228,9,865,0,True
0.005273476243019104,0.010285714285714285,1.0,0.020361990950226245,0.012824166429182103,9,866,0,True
0.0052734664641320705,0.010273972602739725,1.0,0.020338983050847456,0.012809564474807857,9,867,0,True
0.0052734133787453175,0.010262257696693273,1.0,0.020316027088036117,0.01279499573500142,9,868,0,True
0.005270100198686123,0.010250569476082005,1.0,0.020293122886133032,0.012780460096563476,9,869,0,True
0.005269140470772982,0.010238907849829351,1.0,0.02027027027027027,0.01276595744680851,9,870,0,True
0.005267683882266283,0.010227272727272727,1.0,0.020247469066366704,0.012751487673561915,9,871,0,True
0.005263864528387785,0.01021566401816118,1.0,0.020224719101123594,0.01273705066515709,9,872,0,True
0.005263051018118858,0.01020408163265306,1.0,0.020202020202020204,0.01272264631043257,9,873,0,True
0.0052613141015172005,0.010192525481313703,1.0,0.020179372197309416,0.012708274498729173,9,874,0,True
0.005255452357232571,0.010180995475113122,1.0,0.020156774916013438,0.012693935119887164,9,875,0,True
0.005254193674772978,0.010169491525423728,1.0,0.020134228187919462,0.01267962806424345,9,876,0,True
0.00525338388979435,0.010158013544018058,1.0,0.02011173184357542,0.012665353222628765,9,877,0,True
0.005253126844763756,0.010146561443066516,1.0,0.020089285714285716,0.012651110486364914,9,878,0,True
0.005251679569482803,0.010135135135135136,1.0,0.020066889632107024,0.012636899747262006,9,879,0,True
0.005249455571174622,0.010123734533183352,1.0,0.0200445434298441,0.012622720897615708,9,880,0,True
0.005248083733022213,0.010112359550561797,1.0,0.020022246941045607,0.012608573830204538,9,881,0,True
0.005246833898127079,0.010101010101010102,1.0,0.02,0.012594458438287154,9,882,0,True
0.005245442967861891,0.010089686098654708,1.0,0.01997780244173141,0.012580374615599665,9,883,0,True
0.00523819774389267,0.010078387458006719,1.0,0.019955654101995565,0.012566322256352975,9,884,0,True
0.005232488736510277,0.010067114093959731,1.0,0.019933554817275746,0.012552301255230125,9,885,0,True
0.005230771377682686,0.01005586592178771,1.0,0.01991150442477876,0.012538311507383673,9,886,0,True
0.0052298507653176785,0.010044642857142858,1.0,0.019889502762430938,0.012524352908433064,9,887,0,True
0.005229674745351076,0.010033444816053512,1.0,0.019867549668874173,0.012510425354462052,9,888,0,True
0.005226887296885252,0.01002227171492205,1.0,0.019845644983461964,0.012496528742016106,9,889,0,True
0.005222899839282036,0.010011123470522803,1.0,0.019823788546255508,0.012482662968099861,9,890,0,True
0.005221361294388771,0.01,1.0,0.019801980198019802,0.012468827930174564,9,891,0,True
0.0052212742157280445,0.009988901220865706,1.0,0.01978021978021978,0.012455023526155549,9,892,0,True
0.005219226703047752,0.009977827050997782,1.0,0.019758507135016465,0.012441249654409731,9,893,0,True
0.005218989215791225,0.009966777408637873,1.0,0.019736842105263157,0.012427506213753107,9,894,0,True
0.005214287433773279,0.00995575221238938,1.0,0.019715224534501644,0.012413793103448275,9,895,0,True
0.005214232951402664,0.009944751381215469,1.0,0.019693654266958426,0.012400110223201984,9,896,0,True
0.005213572643697262,0.009933774834437087,1.0,0.019672131147540985,0.012386457473162676,9,897,0,True
0.0052130017429590225,0.009922822491730982,1.0,0.019650655021834062,0.012372834753918064,9,898,0,True
0.005209263879805803,0.009911894273127754,1.0,0.019629225736095966,0.012359241966492723,9,899,0,True
0.005205265246331692,0.009900990099009901,1.0,0.0196078431372549,0.012345679012345678,9,900,0,True
0.005204271990805864,0.00989010989010989,1.0,0.01958650707290533,0.012332145793368046,9,901,0,True
0.00520330760627985,0.009879253567508232,1.0,0.01956521739130435,0.012318642211880646,9,902,0,True
0.0052019329741597176,0.009868421052631578,1.0,0.019543973941368076,0.012305168170631665,9,903,0,True
0.005196654703468084,0.009857612267250822,1.0,0.019522776572668113,0.012291723572794318,9,904,0,True
0.005195981822907925,0.009846827133479213,1.0,0.01950162513542795,0.01227830832196453,9,905,0,True
0.005195533391088247,0.009836065573770493,1.0,0.01948051948051948,0.012264922322158627,9,906,0,True
0.005194316152483225,0.009825327510917031,1.0,0.01945945945945946,0.012251565477811054,9,907,0,True
0.005192919168621302,0.009814612868047983,1.0,0.019438444924406047,0.012238237693772096,9,908,0,True
0.005188080947846174,0.00980392156862745,1.0,0.019417475728155338,0.012224938875305624,9,909,0,True
0.005186589900404215,0.009793253536452665,1.0,0.01939655172413793,0.012211668928086838,9,910,0,True
0.005184285342693329,0.009782608695652175,1.0,0.0193756727664155,0.012198427758200054,9,911,0,True
0.005183495581150055,0.009771986970684038,1.0,0.01935483870967742,0.012185215272136474,9,912,0,True
0.005182765424251556,0.009761388286334056,1.0,0.01933404940923738,0.012172031376791993,9,913,0,True
0.005182495340704918,0.009750812567713976,1.0,0.019313304721030045,0.012158875979465009,9,914,0,True
0.005176662001758814,0.00974025974025974,1.0,0.01929260450160772,0.012145748987854251,9,915,0,True
0.005171392112970352,0.00972972972972973,1.0,0.019271948608137045,0.01213265031005662,9,916,0,True
0.00516821863129735,0.009719222462203024,1.0,0.019251336898395723,0.012119579854565042,9,917,0,True
0.005163908004760742,0.009708737864077669,1.0,0.019230769230769232,0.012106537530266344,9,918,0,True
0.005162127315998077,0.009698275862068966,1.0,0.0192102454642476,0.01209352324643913,9,919,0,True
0.005160068161785603,0.00968783638320775,1.0,0.019189765458422176,0.012080536912751677,9,920,0,True
0.005157166160643101,0.00967741935483871,1.0,0.019169329073482427,0.012067578439259855,9,921,0,True
0.005154492799192667,0.00966702470461869,1.0,0.019148936170212766,0.012054647736405036,9,922,0,True
0.0051525370217859745,0.009656652360515022,1.0,0.019128586609989374,0.012041744715012041,9,923,0,True
0.005151960067451,0.00964630225080386,1.0,0.01910828025477707,0.012028869286287089,9,924,0,True
0.00515163317322731,0.009635974304068522,1.0,0.019088016967126194,0.012016021361815754,9,925,0,True
0.005147016141563654,0.009625668449197862,1.0,0.019067796610169493,0.01200320085356095,9,926,0,True
0.005145861301571131,0.009615384615384616,1.0,0.01904761904761905,0.011990407673860911,9,927,0,True
0.005144484806805849,0.0096051227321238,1.0,0.019027484143763214,0.011977641735427202,9,928,0,True
0.005142601206898689,0.009594882729211088,1.0,0.01900739176346357,0.011964902951342728,9,929,0,True
0.005142413079738617,0.009584664536741214,1.0,0.0189873417721519,0.01195219123505976,9,930,0,True
0.005137282889336348,0.009574468085106383,1.0,0.018967334035827187,0.011939506500397984,9,931,0,True
0.005135509185492992,0.009564293304994687,1.0,0.018947368421052633,0.01192684866154254,9,932,0,True
0.0051352777518332005,0.009554140127388535,1.0,0.01892744479495268,0.011914217633042097,9,933,0,True
0.005133085884153843,0.009544008483563097,1.0,0.018907563025210083,0.01190161332980693,9,934,0,True
0.005133010447025299,0.009533898305084746,1.0,0.01888772298006296,0.011889035667107,9,935,0,True
0.00513264536857605,0.009523809523809525,1.0,0.018867924528301886,0.011876484560570071,9,936,0,True
0.005132525693625212,0.009513742071881607,1.0,0.018848167539267015,0.011863959926179805,9,937,0,True
0.0051287137903273106,0.009503695881731784,1.0,0.01882845188284519,0.0118514616802739,9,938,0,True
0.00512802554294467,0.00949367088607595,1.0,0.018808777429467086,0.011838989739542225,9,939,0,True
0.005126909352838993,0.009483667017913594,1.0,0.018789144050104383,0.011826544021024968,9,940,0,True
0.005126427859067917,0.009473684210526316,1.0,0.018769551616266946,0.01181412444211079,9,941,0,True
0.005125175695866346,0.00946372239747634,1.0,0.01875,0.011801730920535013,9,942,0,True
0.005124669522047043,0.009453781512605041,1.0,0.018730489073881373,0.011789363374377783,9,943,0,True
0.005122445523738861,0.00944386149003148,1.0,0.018711018711018712,0.011777021722062287,9,944,0,True
0.005120329558849335,0.009433962264150943,1.0,0.018691588785046728,0.011764705882352941,9,945,0,True
0.0051162573508918285,0.009424083769633508,1.0,0.01867219917012448,0.011752415774353616,9,946,0,True
0.0051161558367311954,0.009414225941422594,1.0,0.01865284974093264,0.01174015131750587,9,947,0,True
0.005114466417580843,0.009404388714733543,1.0,0.018633540372670808,0.011727912431587178,9,948,0,True
0.005111034959554672,0.009394572025052192,1.0,0.01861427094105481,0.01171569903670919,9,949,0,True
0.005110583268105984,0.009384775808133473,1.0,0.01859504132231405,0.011703511053315995,9,950,0,True
0.005109839607030153,0.009375,1.0,0.018575851393188854,0.011691348402182385,9,951,0,True
0.005109121557325125,0.009365244536940686,1.0,0.018556701030927835,0.011679211004412146,9,952,0,True
0.005108896642923355,0.009355509355509356,1.0,0.018537590113285273,0.011667098781436349,9,953,0,True
0.005103520583361387,0.009345794392523364,1.0,0.018518518518518517,0.011655011655011656,9,954,0,True
0.005103070754557848,0.00933609958506224,1.0,0.018499486125385406,0.01164294954721863,9,955,0,True
0.005097670014947653,0.00932642487046632,1.0,0.018480492813141684,0.011630912380460066,9,956,0,True
0.0050974697805941105,0.009316770186335404,1.0,0.018461538461538463,0.011618900077459334,9,957,0,True
0.0050972322933375835,0.009307135470527405,1.0,0.018442622950819672,0.011606912561258705,9,958,0,True
0.00509014492854476,0.009297520661157025,1.0,0.01842374616171955,0.011594949755217727,9,959,0,True
0.005089920479804277,0.009287925696594427,1.0,0.018404907975460124,0.011583011583011582,9,960,0,True
0.005089903250336647,0.009278350515463918,1.0,0.018386108273748723,0.011571097968629467,9,961,0,True
0.005088227801024914,0.009268795056642637,1.0,0.018367346938775512,0.011559208836372977,9,962,0,True
0.005087493918836117,0.009259259259259259,1.0,0.01834862385321101,0.011547344110854504,9,963,0,True
0.005087011493742466,0.009249743062692703,1.0,0.018329938900203666,0.011535503716995642,9,964,0,True
0.005084630101919174,0.009240246406570842,1.0,0.018311291963377416,0.011523687580025609,9,965,0,True
0.005082418210804462,0.009230769230769232,1.0,0.018292682926829267,0.011511895625479662,9,966,0,True
0.005075211636722088,0.009221311475409836,1.0,0.018274111675126905,0.011500127779197547,9,967,0,True
0.005073918960988522,0.009211873080859774,1.0,0.018255578093306288,0.01148838396732193,9,968,0,True
0.0050737191922962666,0.009202453987730062,1.0,0.0182370820668693,0.011476664116296864,9,969,0,True
0.005072525702416897,0.009193054136874362,1.0,0.018218623481781375,0.011464968152866241,9,970,0,True
0.005071038380265236,0.009183673469387756,1.0,0.01820020222446916,0.011453296004072282,9,971,0,True
0.0050705811008811,0.009174311926605505,1.0,0.01818181818181818,0.011441647597254004,9,972,0,True
0.0050701554864645,0.009164969450101833,1.0,0.018163471241170535,0.01143002286004572,9,973,0,True
0.005068914499133825,0.009155645981688708,1.0,0.018145161290322582,0.011418421720375539,9,974,0,True
0.005068883299827576,0.009146341463414634,1.0,0.01812688821752266,0.011406844106463879,9,975,0,True
0.005066241137683392,0.009137055837563452,1.0,0.018108651911468814,0.01139528994682198,9,976,0,True
0.005065061151981354,0.009127789046653144,1.0,0.018090452261306532,0.011383759170250442,9,977,0,True
0.005063110031187534,0.00911854103343465,1.0,0.018072289156626505,0.011372251705837756,9,978,0,True
0.005061631090939045,0.009109311740890687,1.0,0.01805416248746239,0.011360767482958849,9,979,0,True
0.0050602382980287075,0.00910010111223458,1.0,0.018036072144288578,0.011349306431273645,9,980,0,True
0.005059662275016308,0.00909090909090909,1.0,0.018018018018018018,0.011337868480725623,9,981,0,True
0.005056103691458702,0.009081735620585268,1.0,0.018,0.011326453561540398,9,982,0,True
0.005053844302892685,0.009072580645161291,1.0,0.017982017982017984,0.01131506160422429,9,983,0,True
0.005051059182733297,0.00906344410876133,1.0,0.017964071856287425,0.011303692539562924,9,984,0,True
0.0050503904931247234,0.009054325955734407,1.0,0.01794616151545364,0.011292346298619825,9,985,0,True
0.005045016296207905,0.009045226130653266,1.0,0.017928286852589643,0.011281022812735022,9,986,0,True
0.005044240970164537,0.009036144578313253,1.0,0.01791044776119403,0.011269722013523666,9,987,0,True
0.005041738972067833,0.009027081243731194,1.0,0.017892644135188866,0.011258443832874656,9,988,0,True
0.005041537340730429,0.009018036072144289,1.0,0.01787487586891758,0.011247188202949263,9,989,0,True
0.0050409878604114056,0.009009009009009009,1.0,0.017857142857142856,0.011235955056179775,9,990,0,True
0.005039471201598644,0.009,1.0,0.017839444995044598,0.011224744325268148,9,991,0,True
0.005037831608206034,0.008991008991008992,1.0,0.01782178217821782,0.01121355594318465,9,992,0,True
0.005034682806581259,0.008982035928143712,1.0,0.017804154302670624,0.011202389843166542,9,993,0,True
0.0050337365828454494,0.00897308075772682,1.0,0.017786561264822136,0.011191245958716737,9,994,0,True
0.005033586174249649,0.008964143426294821,1.0,0.017769002961500493,0.011180124223602485,9,995,0,True
0.00503184087574482,0.008955223880597015,1.0,0.01775147928994083,0.011169024571854059,9,996,0,True
0.005031778942793608,0.008946322067594433,1.0,0.017733990147783252,0.011157946937763452,9,997,0,True
0.005031234584748745,0.00893743793445879,1.0,0.017716535433070866,0.011146891255883081,9,998,0,True
0.005029671359807253,0.008928571428571428,1.0,0.017699115044247787,0.011135857461024499,9,999,0,True
0.005029301159083843,0.008919722497522299,1.0,0.01768172888015717,0.011124845488257108,9,1000,0,True
0.005024397745728493,0.00891089108910891,1.0,0.017664376840039256,0.01111385527290689,9,1001,0,True
0.005023799370974302,0.008902077151335312,1.0,0.01764705882352941,0.011102886750555145,9,1002,0,True
0.0050232731737196445,0.008893280632411068,1.0,0.01762977473065622,0.01109193985703722,9,1003,0,True
0.005022791214287281,0.008884501480750246,1.0,0.01761252446183953,0.01108101452844127,9,1004,0,True
0.005019694566726685,0.008875739644970414,1.0,0.017595307917888565,0.01107011070110701,9,1005,0,True
0.005019130185246468,0.008866995073891626,1.0,0.017578125,0.011059228311624477,9,1006,0,True
0.005016672890633345,0.008858267716535433,1.0,0.0175609756097561,0.011048367296832801,9,1007,0,True
0.005016013979911804,0.008849557522123894,1.0,0.017543859649122806,0.011037527593818985,9,1008,0,True
0.00500975688919425,0.008840864440078585,1.0,0.017526777020447908,0.011026709139916687,9,1009,0,True
0.005008435342460871,0.008832188420019628,1.0,0.017509727626459144,0.011015911872705019,9,1010,0,True
0.0050082141533494,0.008823529411764706,1.0,0.01749271137026239,0.011005135730007337,9,1011,0,True
0.005006887950003147,0.00881488736532811,1.0,0.017475728155339806,0.010994380649890056,9,1012,0,True
0.005002571735531092,0.008806262230919765,1.0,0.01745877788554801,0.010983646570661459,9,1013,0,True
0.005002457648515701,0.008797653958944282,1.0,0.01744186046511628,0.010972933430870519,9,1014,0,True
0.004999937955290079,0.0087890625,1.0,0.017424975798644726,0.010962241169305725,9,1015,0,True
0.004999544005841017,0.00878048780487805,1.0,0.017408123791102514,0.010951569724993915,9,1016,0,True
0.0049956482835114,0.008771929824561403,1.0,0.017391304347826087,0.010940919037199124,9,1017,0,True
0.004994669463485479,0.008763388510223954,1.0,0.017374517374517374,0.010930289045421423,9,1018,0,True
0.00499308668076992,0.008754863813229572,1.0,0.017357762777242044,0.010919679689395778,9,1019,0,True
0.004990978632122278,0.008746355685131196,1.0,0.017341040462427744,0.01090909090909091,9,1020,0,True
0.004990964196622372,0.008737864077669903,1.0,0.017324350336862367,0.010898522644708163,9,1021,0,True
0.004988909233361483,0.008729388942774006,1.0,0.01730769230769231,0.010887974836680378,9,1022,0,True
0.004988554399460554,0.00872093023255814,1.0,0.01729106628242075,0.010877447425670777,9,1023,0,True
0.004988422151654959,0.008712487899322363,1.0,0.01727447216890595,0.010866940352571842,9,1024,0,True
0.004988400731235743,0.008704061895551257,1.0,0.01725790987535954,0.010856453558504222,9,1025,0,True
0.0049865758046507835,0.008695652173913044,1.0,0.017241379310344827,0.010845986984815618,9,1026,0,True
0.004984872881323099,0.008687258687258687,1.0,0.01722488038277512,0.010835540573079701,9,1027,0,True
0.004982541315257549,0.008678881388621022,1.0,0.017208413001912046,0.01082511426509502,9,1028,0,True
0.004981354810297489,0.008670520231213872,1.0,0.017191977077363897,0.010814708002883922,9,1029,0,True
0.00498134084045887,0.008662175168431183,1.0,0.01717557251908397,0.010804321728691477,9,1030,0,True
0.00498074060305953,0.008653846153846154,1.0,0.017159199237368923,0.010793955384984408,9,1031,0,True
0.004977888893336058,0.008645533141210375,1.0,0.017142857142857144,0.010783608914450037,9,1032,0,True
0.004975185729563236,0.008637236084452975,1.0,0.017126546146527116,0.010773282259995211,9,1033,0,True
0.004974612034857273,0.00862895493767977,1.0,0.017110266159695818,0.010762975364745277,9,1034,0,True
0.004970461595803499,0.008620689655172414,1.0,0.017094017094017096,0.010752688172043012,9,1035,0,True
0.004970021080225706,0.00861244019138756,1.0,0.017077798861480076,0.0107424206254476,9,1036,0,True
0.0049690729938447475,0.008604206500956023,1.0,0.017061611374407582,0.010732172668733603,9,1037,0,True
0.004967821296304464,0.008595988538681949,1.0,0.017045454545454544,0.010721944245889922,9,1038,0,True
0.004966188222169876,0.008587786259541985,1.0,0.017029328287606435,0.010711735301118781,9,1039,0,True
0.004963411018252373,0.008579599618684462,1.0,0.017013232514177693,0.01070154577883472,9,1040,0,True
0.004959957208484411,0.008571428571428572,1.0,0.0169971671388102,0.010691375623663579,9,1041,0,True
0.004959834739565849,0.008563273073263558,1.0,0.016981132075471698,0.01068122478044149,9,1042,0,True
0.004959514830261469,0.008555133079847909,1.0,0.016965127238454288,0.010671093194213896,9,1043,0,True
0.004959018435329199,0.008547008547008548,1.0,0.01694915254237288,0.010660980810234541,9,1044,0,True
0.004958302713930607,0.008538899430740038,1.0,0.016933207902163686,0.010650887573964497,9,1045,0,True
0.004956712946295738,0.008530805687203791,1.0,0.016917293233082706,0.010640813431071176,9,1046,0,True
0.004954119212925434,0.008522727272727272,1.0,0.016901408450704224,0.010630758327427357,9,1047,0,True
0.004951466340571642,0.008514664143803218,1.0,0.016885553470919325,0.01062072220911022,9,1048,0,True
0.004950649105012417,0.008506616257088847,1.0,0.016869728209934397,0.010610705022400376,9,1049,0,True
0.004949373658746481,0.0084985835694051,1.0,0.016853932584269662,0.01060070671378092,9,1050,0,True
0.0049491929821670055,0.008490566037735849,1.0,0.01683816651075772,0.010590727229936456,9,1051,0,True
0.004948732443153858,0.008482563619227144,1.0,0.016822429906542057,0.010580766517752175,9,1052,0,True
0.004948335234075785,0.00847457627118644,1.0,0.01680672268907563,0.010570824524312896,9,1053,0,True
0.004945340566337109,0.008466603951081843,1.0,0.016791044776119403,0.010560901196902136,9,1054,0,True
0.0049429903738200665,0.008458646616541353,1.0,0.016775396085740912,0.010550996483001172,9,1055,0,True
0.004941313061863184,0.008450704225352112,1.0,0.01675977653631285,0.010541110330288124,9,1056,0,True
0.004937235731631517,0.008442776735459663,1.0,0.01674418604651163,0.010531242686637023,9,1057,0,True
0.0049348678439855576,0.008434864104967198,1.0,0.016728624535315983,0.010521393500116905,9,1058,0,True
0.004933294374495745,0.008426966292134831,1.0,0.016713091922005572,0.01051156271899089,9,1059,0,True
0.004931267816573381,0.00841908325537886,1.0,0.016697588126159554,0.010501750291715286,9,1060,0,True
0.0049311150796711445,0.008411214953271028,1.0,0.016682113067655237,0.01049195616693868,9,1061,0,True
0.004929910879582167,0.008403361344537815,1.0,0.016666666666666666,0.010482180293501049,9,1062,0,True
0.004929066635668278,0.008395522388059701,1.0,0.016651248843663275,0.01047242262043286,9,1063,0,True
0.004927321802824736,0.008387698042870456,1.0,0.0166358595194085,0.010462683096954197,9,1064,0,True
0.004926606547087431,0.008379888268156424,1.0,0.01662049861495845,0.010452961672473868,9,1065,0,True
0.004922127351164818,0.008372093023255815,1.0,0.016605166051660517,0.010443258296588535,9,1066,0,True
0.004919969942420721,0.008364312267657992,1.0,0.016589861751152075,0.010433572919081846,9,1067,0,True
0.0049143400974571705,0.008356545961002786,1.0,0.016574585635359115,0.010423905489923557,9,1068,0,True
0.004914288874715567,0.008348794063079777,1.0,0.01655933762649494,0.010414255959268688,9,1069,0,True
0.004913108889013529,0.008341056533827619,1.0,0.016544117647058824,0.010404624277456647,9,1070,0,True
0.004905021749436855,0.008333333333333333,1.0,0.01652892561983471,0.010395010395010396,9,1071,0,True
0.004904928617179394,0.008325624421831638,1.0,0.01651376146788991,0.010385414262635588,9,1072,0,True
0.004904625937342644,0.00831792975970425,1.0,0.016498625114573784,0.010375835831219737,9,1073,0,True
0.0049034045077860355,0.008310249307479225,1.0,0.016483516483516484,0.010366275051831375,9,1074,0,True
0.004900180734694004,0.008302583025830259,1.0,0.01646843549862763,0.010356731875719217,9,1075,0,True
0.004899532068520784,0.008294930875576038,1.0,0.016453382084095063,0.010347206254311335,9,1076,0,True
0.004896004218608141,0.008287292817679558,1.0,0.01643835616438356,0.010337698139214336,9,1077,0,True
0.004895469639450312,0.00827966881324747,1.0,0.016423357664233577,0.010328207482212531,9,1078,0,True
0.004893142729997635,0.008272058823529412,1.0,0.016408386508659983,0.01031873423526714,9,1079,0,True
0.004891543183475733,0.008264462809917356,1.0,0.01639344262295082,0.010309278350515464,9,1080,0,True
0.004889586940407753,0.008256880733944955,1.0,0.01637852593266606,0.010299839780270085,9,1081,0,True
0.004885716363787651,0.008249312557286892,1.0,0.016363636363636365,0.010290418477018065,9,1082,0,True
0.004883169196546078,0.008241758241758242,1.0,0.01634877384196185,0.01028101439342015,9,1083,0,True
0.004881839267909527,0.008234217749313814,1.0,0.016333938294010888,0.010271627482309975,9,1084,0,True
0.004881219007074833,0.008226691042047532,1.0,0.016319129646418858,0.010262257696693273,9,1085,0,True
0.004878941923379898,0.00821917808219178,1.0,0.016304347826086956,0.010252904989747095,9,1086,0,True
0.0048782662488520145,0.008211678832116789,1.0,0.016289592760180997,0.01024356931481903,9,1087,0,True
0.004878074396401644,0.008204193254329991,1.0,0.0162748643761302,0.010234250625426428,9,1088,0,True
0.004877889063209295,0.00819672131147541,1.0,0.016260162601626018,0.010224948875255624,9,1089,0,True
0.004877215716987848,0.00818926296633303,1.0,0.016245487364620937,0.01021566401816118,9,1090,0,True
0.004872563760727644,0.008181818181818182,1.0,0.016230838593327322,0.010206396008165117,9,1091,0,True
0.004871128126978874,0.008174386920980926,1.0,0.016216216216216217,0.010197144799456152,9,1092,0,True
0.004869907628744841,0.008166969147005444,1.0,0.016201620162016202,0.010187910346388952,9,1093,0,True
0.004869433585554361,0.008159564823209429,1.0,0.01618705035971223,0.010178692603483374,9,1094,0,True
0.004869429394602776,0.008152173913043478,1.0,0.016172506738544475,0.010169491525423728,9,1095,0,True
0.004869034513831139,0.008144796380090498,1.0,0.01615798922800718,0.010160307067058026,9,1096,0,True
0.004868138115853071,0.0081374321880651,1.0,0.016143497757847534,0.010151139183397249,9,1097,0,True
0.0048667010851204395,0.008130081300813009,1.0,0.016129032258064516,0.010141987829614604,9,1098,0,True
0.00486510805785656,0.008122743682310469,1.0,0.01611459265890779,0.01013285296104481,9,1099,0,True
0.004864836111664772,0.008115419296663661,1.0,0.016100178890876567,0.010123734533183352,9,1100,0,True
0.004864256363362074,0.008108108108108109,1.0,0.0160857908847185,0.010114632501685773,9,1101,0,True
0.004864067304879427,0.008100810081008101,1.0,0.01607142857142857,0.010105546822366944,9,1102,0,True
0.0048639955930411816,0.008093525179856115,1.0,0.016057091882247992,0.01009647745120036,9,1103,0,True
0.004863838665187359,0.008086253369272238,1.0,0.016042780748663103,0.010087424344317418,9,1104,0,True
0.004862640984356403,0.00807899461400359,1.0,0.016028495102404273,0.010078387458006719,9,1105,0,True
0.00485825864598155,0.008071748878923767,1.0,0.01601423487544484,0.010069366748713358,9,1106,0,True
0.004856334533542395,0.008064516129032258,1.0,0.016,0.01006036217303823,9,1107,0,True
0.0048544448800385,0.008057296329453895,1.0,0.015985790408525755,0.010051373687737324,9,1108,0,True
0.004854343831539154,0.008050089445438283,1.0,0.015971606033717833,0.010042401249721044,9,1109,0,True
0.004852655343711376,0.00804289544235925,1.0,0.015957446808510637,0.010033444816053512,9,1110,0,True
0.004851154051721096,0.008035714285714285,1.0,0.015943312666076175,0.010024504343951883,9,1111,0,True
0.004846292547881603,0.008028545941123996,1.0,0.01592920353982301,0.010015579790785666,9,1112,0,True
0.004846179857850075,0.008021390374331552,1.0,0.015915119363395226,0.01000667111407605,9,1113,0,True
0.004845989402383566,0.008014247551202136,1.0,0.015901060070671377,0.009997778271495223,9,1114,0,True
0.004838084802031517,0.00800711743772242,1.0,0.01588702559576346,0.009988901220865706,9,1115,0,True
0.004837747663259506,0.008,1.0,0.015873015873015872,0.00998003992015968,9,1116,0,True
0.004837630316615105,0.007992895204262877,1.0,0.015859030837004406,0.009971194327498338,9,1117,0,True
0.004836650099605322,0.007985803016858917,1.0,0.01584507042253521,0.009962364401151207,9,1118,0,True
0.004836475942283869,0.007978723404255319,1.0,0.0158311345646438,0.009953550099535502,9,1119,0,True
0.004836154170334339,0.007971656333038087,1.0,0.015817223198594025,0.009944751381215469,9,1120,0,True
0.004833281971514225,0.007964601769911504,1.0,0.015803336259877086,0.009935968204901745,9,1121,0,True
0.00483278464525938,0.007957559681697613,1.0,0.015789473684210527,0.009927200529450696,9,1122,0,True
0.004831654019653797,0.007950530035335688,1.0,0.015775635407537247,0.009918448313863787,9,1123,0,True
0.004829925484955311,0.00794351279788173,1.0,0.01576182136602452,0.00990971151728694,9,1124,0,True
0.00482946028932929,0.007936507936507936,1.0,0.015748031496062992,0.009900990099009901,9,1125,0,True
0.0048287915997207165,0.007929515418502203,1.0,0.015734265734265736,0.009892284018465597,9,1126,0,True
0.004827016033232212,0.007922535211267605,1.0,0.01572052401746725,0.00988359323522952,9,1127,0,True
0.004825726617127657,0.0079155672823219,1.0,0.015706806282722512,0.009874917709019092,9,1128,0,True
0.0048255822621285915,0.007908611599297012,1.0,0.015693112467306015,0.00986625739969305,9,1129,0,True
0.004824208561331034,0.007901668129938543,1.0,0.0156794425087108,0.009857612267250822,9,1130,0,True
0.0048236725851893425,0.007894736842105263,1.0,0.015665796344647518,0.00984898227183191,9,1131,0,True
0.004823560360819101,0.007887817703768623,1.0,0.01565217391304348,0.009840367373715285,9,1132,0,True
0.004815025720745325,0.00788091068301226,1.0,0.015638575152041704,0.009831767533318768,9,1133,0,True
0.004814762622117996,0.007874015748031496,1.0,0.015625,0.009823182711198428,9,1134,0,True
0.004814518615603447,0.007867132867132868,1.0,0.015611448395490026,0.009814612868047983,9,1135,0,True
0.004811622202396393,0.007860262008733625,1.0,0.01559792027729636,0.009806057964698191,9,1136,0,True
0.0048074182122945786,0.007853403141361256,1.0,0.015584415584415584,0.009797517962116264,9,1137,0,True
0.004806815646588802,0.007846556233653008,1.0,0.015570934256055362,0.009788992821405265,9,1138,0,True
0.004804033786058426,0.0078397212543554,1.0,0.015557476231633534,0.009780482503803522,9,1139,0,True
0.004803669173270464,0.007832898172323759,1.0,0.015544041450777202,0.009771986970684038,9,1140,0,True
0.004800804425030947,0.00782608695652174,1.0,0.015530629853321829,0.009763506183553917,9,1141,0,True
0.004800498951226473,0.007819287576020852,1.0,0.015517241379310345,0.009755040104053762,9,1142,0,True
0.004799679387360811,0.0078125,1.0,0.015503875968992248,0.009746588693957114,9,1143,0,True
0.004793744999915361,0.007805724197745013,1.0,0.01549053356282272,0.009738151915169876,9,1144,0,True
0.004792084917426109,0.00779896013864818,1.0,0.015477214101461736,0.00972972972972973,9,1145,0,True
0.004786552861332893,0.007792207792207792,1.0,0.015463917525773196,0.009721322099805573,9,1146,0,True
0.004786400124430656,0.007785467128027681,1.0,0.015450643776824034,0.009712928987696956,9,1147,0,True
0.004786175675690174,0.007778738115816767,1.0,0.015437392795883362,0.009704550355833513,9,1148,0,True
0.004786069039255381,0.007772020725388601,1.0,0.015424164524421594,0.009696186166774402,9,1149,0,True
0.004785927943885326,0.007765314926660914,1.0,0.015410958904109588,0.00968783638320775,9,1150,0,True
0.0047834147699177265,0.007758620689655172,1.0,0.015397775876817793,0.009679500967950097,9,1151,0,True
0.004782658535987139,0.007751937984496124,1.0,0.015384615384615385,0.009671179883945842,9,1152,0,True
0.00478260638192296,0.00774526678141136,1.0,0.015371477369769428,0.009662873094266696,9,1153,0,True
0.004780568648129702,0.007738607050730868,1.0,0.015358361774744027,0.009654580562111135,9,1154,0,True
0.00477922149002552,0.007731958762886598,1.0,0.015345268542199489,0.00964630225080386,9,1155,0,True
0.0047790855169296265,0.007725321888412017,1.0,0.015332197614991482,0.009638038123795245,9,1156,0,True
0.004777811001986265,0.007718696397941681,1.0,0.015319148936170212,0.009629788144660818,9,1157,0,True
0.004777527414262295,0.007712082262210797,1.0,0.015306122448979591,0.009621552277100705,9,1158,0,True
0.0047772713005542755,0.007705479452054794,1.0,0.015293118096856415,0.009613330484939116,9,1159,0,True
0.004776602610945702,0.007698887938408896,1.0,0.015280135823429542,0.0096051227321238,9,1160,0,True
0.004775700159370899,0.007692307692307693,1.0,0.015267175572519083,0.009596928982725527,9,1161,0,True
0.004773486405611038,0.007685738684884714,1.0,0.015254237288135594,0.009588749200937566,9,1162,0,True
0.004773196764290333,0.007679180887372013,1.0,0.015241320914479255,0.009580583351075155,9,1163,0,True
0.004772977437824011,0.0076726342710997444,1.0,0.015228426395939087,0.009572431397574984,9,1164,0,True
0.00477167684584856,0.007666098807495741,1.0,0.015215553677092139,0.009564293304994687,9,1165,0,True
0.0047706360928714275,0.007659574468085106,1.0,0.015202702702702704,0.009556169038012317,9,1166,0,True
0.00476476876065135,0.007653061224489796,1.0,0.015189873417721518,0.009548058561425843,9,1167,0,True
0.004763791803270578,0.0076465590484282074,1.0,0.01517706576728499,0.00953996184015264,9,1168,0,True
0.004759254399687052,0.007640067911714771,1.0,0.015164279696714406,0.009531878839228977,9,1169,0,True
0.004755913279950619,0.007633587786259542,1.0,0.015151515151515152,0.009523809523809525,9,1170,0,True
0.004755456931889057,0.007627118644067797,1.0,0.015138772077375946,0.009515753859166844,9,1171,0,True
0.00475258519873023,0.007620660457239628,1.0,0.015126050420168067,0.009507711810690893,9,1172,0,True
0.004751730710268021,0.007614213197969543,1.0,0.015113350125944584,0.009499683343888538,9,1173,0,True
0.004749930929392576,0.0076077768385460695,1.0,0.015100671140939598,0.00949166842438304,9,1174,0,True
0.0047479188069701195,0.007601351351351352,1.0,0.015088013411567477,0.009483667017913594,9,1175,0,True
0.004747470375150442,0.007594936708860759,1.0,0.01507537688442211,0.009475679090334808,9,1176,0,True
0.004744292236864567,0.007588532883642495,1.0,0.01506276150627615,0.009467704607616242,9,1177,0,True
0.004744195379316807,0.007582139848357203,1.0,0.015050167224080268,0.009459743535841917,9,1178,0,True
0.004738893825560808,0.007575757575757576,1.0,0.015037593984962405,0.00945179584120983,9,1179,0,True
0.004738574847579002,0.007569386038687973,1.0,0.015025041736227046,0.00944386149003148,9,1180,0,True
0.0047372072003781796,0.007563025210084034,1.0,0.015012510425354461,0.009435940448731391,9,1181,0,True
0.004736919421702623,0.007556675062972292,1.0,0.015,0.009428032683846637,9,1182,0,True
0.004736191593110561,0.007550335570469799,1.0,0.01498751040799334,0.009420138162026376,9,1183,0,True
0.004735939204692841,0.0075440067057837385,1.0,0.014975041597337771,0.009412256850031374,9,1184,0,True
0.004727000370621681,0.007537688442211055,1.0,0.014962593516209476,0.009404388714733543,9,1185,0,True
0.0047247037291526794,0.007531380753138075,1.0,0.014950166112956811,0.009396533723115472,9,1186,0,True
0.004722805228084326,0.007525083612040134,1.0,0.014937759336099586,0.009388691842269977,9,1187,0,True
0.004720812663435936,0.007518796992481203,1.0,0.014925373134328358,0.009380863039399626,9,1188,0,True
0.004720599856227636,0.007512520868113523,1.0,0.014913007456503728,0.009373047281816288,9,1189,0,True
0.004718288779258728,0.007506255212677231,1.0,0.014900662251655629,0.009365244536940686,9,1190,0,True
0.004718037787824869,0.0075,1.0,0.01488833746898263,0.009357454772301934,9,1191,0,True
0.004717177711427212,0.00749375520399667,1.0,0.01487603305785124,0.009349677955537088,9,1192,0,True
0.004716685973107815,0.0074875207986688855,1.0,0.01486374896779521,0.0093419140543907,9,1193,0,True
0.004716309253126383,0.007481296758104738,1.0,0.01485148514851485,0.009334163036714374,9,1194,0,True
0.004714953247457743,0.007475083056478406,1.0,0.01483924154987634,0.00932642487046632,9,1195,0,True
0.004713606089353561,0.007468879668049793,1.0,0.014827018121911038,0.009318699523710913,9,1196,0,True
0.004711315967142582,0.007462686567164179,1.0,0.014814814814814815,0.00931098696461825,9,1197,0,True
0.004711000714451075,0.007456503728251864,1.0,0.014802631578947368,0.009303287161463718,9,1198,0,True
0.004709690809249878,0.0074503311258278145,1.0,0.014790468364831553,0.009295600082627557,9,1199,0,True
0.004709398373961449,0.007444168734491315,1.0,0.014778325123152709,0.009287925696594427,9,1200,0,True
0.0047073583118617535,0.00743801652892562,1.0,0.014766201804757998,0.00928026397195298,9,1201,0,True
0.004705881234258413,0.007431874483897605,1.0,0.014754098360655738,0.009272614877395426,9,1202,0,True
0.004704381339251995,0.007425742574257425,1.0,0.014742014742014743,0.00926497838171711,9,1203,0,True
0.004702376201748848,0.00741962077493817,1.0,0.014729950900163666,0.009257354453816088,9,1204,0,True
0.004699034616351128,0.007413509060955519,1.0,0.014717906786590351,0.009249743062692703,9,1205,0,True
0.004696158226579428,0.007407407407407408,1.0,0.014705882352941176,0.009242144177449169,9,1206,0,True
0.0046953181736171246,0.007401315789473684,1.0,0.014693877551020407,0.009234557767289145,9,1207,0,True
0.004694977309554815,0.007395234182415777,1.0,0.01468189233278956,0.009226983801517326,9,1208,0,True
0.004694901406764984,0.007389162561576354,1.0,0.014669926650366748,0.00921942224953903,9,1209,0,True
0.004694500472396612,0.007383100902378999,1.0,0.014657980456026058,0.009211873080859774,9,1210,0,True
0.004693787544965744,0.007377049180327869,1.0,0.014646053702196907,0.009204336265084885,9,1211,0,True
0.004690792411565781,0.007371007371007371,1.0,0.014634146341463415,0.009196811771919068,9,1212,0,True
0.004690556321293116,0.007364975450081833,1.0,0.01462225832656377,0.00918929957116602,9,1213,0,True
0.004689991008490324,0.007358953393295176,1.0,0.01461038961038961,0.009181799632728015,9,1214,0,True
0.004689325578510761,0.007352941176470588,1.0,0.014598540145985401,0.009174311926605505,9,1215,0,True
0.004688800312578678,0.007346938775510204,1.0,0.014586709886547812,0.00916683642289672,9,1216,0,True
0.004687620792537928,0.00734094616639478,1.0,0.014574898785425101,0.009159373091797273,9,1217,0,True
0.004685492720454931,0.007334963325183374,1.0,0.014563106796116505,0.009151921903599756,9,1218,0,True
0.004682417958974838,0.007328990228013029,1.0,0.014551333872271624,0.009144482828693354,9,1219,0,True
0.004677209537476301,0.007323026851098454,1.0,0.014539579967689823,0.009137055837563452,9,1220,0,True
0.004676827695220709,0.007317073170731708,1.0,0.014527845036319613,0.009129640900791236,9,1221,0,True
0.004676581360399723,0.007311129163281885,1.0,0.014516129032258065,0.009122237989053315,9,1222,0,True
0.004676095210015774,0.007305194805194805,1.0,0.014504431909750202,0.009114847073121329,9,1223,0,True
0.0046755424700677395,0.0072992700729927005,1.0,0.014492753623188406,0.009107468123861567,9,1224,0,True
0.004674233961850405,0.007293354943273906,1.0,0.014481094127111826,0.00910010111223458,9,1225,0,True
0.004672772251069546,0.0072874493927125505,1.0,0.014469453376205787,0.009092746009294807,9,1226,0,True
0.0046704416163265705,0.007281553398058253,1.0,0.014457831325301205,0.009085402786190187,9,1227,0,True
0.004669517278671265,0.007275666936135812,1.0,0.014446227929373997,0.009078071414161792,9,1228,0,True
0.004665229003876448,0.007269789983844911,1.0,0.014434643143544507,0.009070751864543439,9,1229,0,True
0.004665076266974211,0.007263922518159807,1.0,0.014423076923076924,0.00906344410876133,9,1230,0,True
0.004665058571845293,0.007258064516129033,1.0,0.014411529223378704,0.00905614811833367,9,1231,0,True
0.004664710722863674,0.007252215954875101,1.0,0.0144,0.0090488638648703,9,1232,0,True
0.004664440639317036,0.007246376811594203,1.0,0.014388489208633094,0.009041591320072333,9,1233,0,True
0.004664418753236532,0.007240547063555913,1.0,0.01437699680511182,0.00903433045573178,9,1234,0,True
0.004662829451262951,0.007234726688102894,1.0,0.014365522745411013,0.009027081243731194,9,1235,0,True
0.004661988466978073,0.007228915662650603,1.0,0.014354066985645933,0.009019843656043296,9,1236,0,True
0.004656639415770769,0.0072231139646869984,1.0,0.014342629482071713,0.009012617664730624,9,1237,0,True
0.004651534371078014,0.007217321571772253,1.0,0.014331210191082803,0.009005403241945167,9,1238,0,True
0.004651463590562344,0.007211538461538462,1.0,0.014319809069212411,0.008998200359928014,9,1239,0,True
0.004650922957807779,0.007205764611689352,1.0,0.014308426073131956,0.008991008991008992,9,1240,0,True
0.004649300593882799,0.0072,1.0,0.014297061159650517,0.008983829107606308,9,1241,0,True
0.004649128299206495,0.007194244604316547,1.0,0.014285714285714285,0.008976660682226212,9,1242,0,True
0.0046459524892270565,0.00718849840255591,1.0,0.014274385408406027,0.008969503687462627,9,1243,0,True
0.004643932916224003,0.007182761372705506,1.0,0.014263074484944533,0.008962358095996813,9,1244,0,True
0.004642469342797995,0.007177033492822967,1.0,0.014251781472684086,0.008955223880597015,9,1245,0,True
0.00464203767478466,0.007171314741035857,1.0,0.014240506329113924,0.008948101014118115,9,1246,0,True
0.004641867708414793,0.007165605095541401,1.0,0.014229249011857707,0.008940989469501292,9,1247,0,True
0.0046400330029428005,0.007159904534606206,1.0,0.014218009478672985,0.008933889219773675,9,1248,0,True
0.004639934282749891,0.007154213036565978,1.0,0.014206787687450671,0.008926800238048007,9,1249,0,True
0.004637699108570814,0.007148530579825258,1.0,0.014195583596214511,0.008919722497522299,9,1250,0,True
0.004637433215975761,0.007142857142857143,1.0,0.014184397163120567,0.008912655971479501,9,1251,0,True
0.004636130295693874,0.007137192704203013,1.0,0.014173228346456693,0.008905600633287157,9,1252,0,True
0.004636066034436226,0.0071315372424722665,1.0,0.014162077104642014,0.008898556456397073,9,1253,0,True
0.0046350411139428616,0.007125890736342043,1.0,0.014150943396226415,0.00889152341434499,9,1254,0,True
0.004634583368897438,0.007120253164556962,1.0,0.014139827179890024,0.008884501480750246,9,1255,0,True
0.0046342890709638596,0.0071146245059288534,1.0,0.0141287284144427,0.008877490629315447,9,1256,0,True
0.004634044598788023,0.0071090047393364926,1.0,0.01411764705882353,0.008870490833826138,9,1257,0,True
0.00463222386315465,0.007103393843725336,1.0,0.014106583072100314,0.008863502068150482,9,1258,0,True
0.004630065523087978,0.007097791798107256,1.0,0.014095536413469069,0.00885652430623893,9,1259,0,True
0.004629441071301699,0.0070921985815602835,1.0,0.014084507042253521,0.008849557522123894,9,1260,0,True
0.00462912255898118,0.007086614173228346,1.0,0.014073494917904612,0.008842601689919434,9,1261,0,True
0.004628668073564768,0.007081038552321007,1.0,0.0140625,0.00883565678382093,9,1262,0,True
0.004627712070941925,0.007075471698113208,1.0,0.01405152224824356,0.008828722778104767,9,1263,0,True
0.004625615198165178,0.007069913589945012,1.0,0.014040561622464899,0.008821799647128014,9,1264,0,True
0.004621779080480337,0.00706436420722135,1.0,0.014029618082618862,0.00881488736532811,9,1265,0,True
0.004619857762008905,0.007058823529411765,1.0,0.014018691588785047,0.008807985907222548,9,1266,0,True
0.004618507344275713,0.007053291536050157,1.0,0.014007782101167316,0.008801095247408566,9,1267,0,True
0.0046159978955984116,0.007047768206734534,1.0,0.013996889580093312,0.008794215360562829,9,1268,0,True
0.004615502897650003,0.007042253521126761,1.0,0.013986013986013986,0.008787346221441126,9,1269,0,True
0.004612373653799295,0.007036747458952306,1.0,0.013975155279503106,0.00878048780487805,9,1270,0,True
0.004611811134964228,0.00703125,1.0,0.013964313421256789,0.008773640085786703,9,1271,0,True
0.004607804585248232,0.00702576112412178,1.0,0.013953488372093023,0.008766803039158387,9,1272,0,True
0.004607679788023233,0.0070202808112324495,1.0,0.013942680092951201,0.008759976640062294,9,1273,0,True
0.004607236012816429,0.007014809041309431,1.0,0.01393188854489164,0.008753160863645205,9,1274,0,True
0.004606693983078003,0.007009345794392523,1.0,0.013921113689095127,0.008746355685131196,9,1275,0,True
0.004605244379490614,0.007003891050583658,1.0,0.013910355486862442,0.008739561079821325,9,1276,0,True
0.004604903515428305,0.006998444790046656,1.0,0.013899613899613899,0.008732777023093344,9,1277,0,True
0.004604512359946966,0.006993006993006993,1.0,0.013888888888888888,0.008726003490401396,9,1278,0,True
0.004603725392371416,0.006987577639751553,1.0,0.013878180416345412,0.008719240457275722,9,1279,0,True
0.004603354260325432,0.0069821567106283944,1.0,0.01386748844375963,0.008712487899322363,9,1280,0,True
0.004602554254233837,0.0069767441860465115,1.0,0.013856812933025405,0.008705745792222866,9,1281,0,True
0.0046024080365896225,0.006971340046475601,1.0,0.013846153846153847,0.008699014111734004,9,1282,0,True
0.004601573571562767,0.00696594427244582,1.0,0.013835511145272867,0.008692292833687464,9,1283,0,True
0.004600760992616415,0.0069605568445475635,1.0,0.013824884792626729,0.008685581933989578,9,1284,0,True
0.0045980955474078655,0.006955177743431221,1.0,0.013814274750575594,0.008678881388621022,9,1285,0,True
0.004597523715347052,0.0069498069498069494,1.0,0.013803680981595092,0.008672191173636538,9,1286,0,True
0.0045974343083798885,0.006944444444444444,1.0,0.013793103448275862,0.008665511265164644,9,1287,0,True
0.004596358630806208,0.006939090208172706,1.0,0.013782542113323124,0.00865884163940735,9,1288,0,True
0.004594877827912569,0.006933744221879815,1.0,0.013771996939556235,0.008652182272639877,9,1289,0,True
0.004594436846673489,0.006928406466512702,1.0,0.013761467889908258,0.008645533141210375,9,1290,0,True
0.004593361634761095,0.006923076923076923,1.0,0.013750954927425516,0.008638894221539644,9,1291,0,True
0.004593261983245611,0.006917755572636433,1.0,0.013740458015267175,0.008632265490120852,9,1292,0,True
0.004592267330735922,0.0069124423963133645,1.0,0.013729977116704805,0.008625646923519264,9,1293,0,True
0.0045905220322310925,0.006907137375287797,1.0,0.013719512195121951,0.008619038498371959,9,1294,0,True
0.004588206764310598,0.006901840490797546,1.0,0.013709063214013708,0.00861244019138756,9,1295,0,True
0.004585221875458956,0.006896551724137931,1.0,0.0136986301369863,0.008605851979345954,9,1296,0,True
0.004582541063427925,0.006891271056661562,1.0,0.013688212927756654,0.008599273839098032,9,1297,0,True
0.004582334775477648,0.006885998469778117,1.0,0.013677811550151976,0.0085927057475654,9,1298,0,True
0.004578099586069584,0.006880733944954129,1.0,0.01366742596810934,0.008586147681740127,9,1299,0,True
0.004577940795570612,0.006875477463712758,1.0,0.013657056145675266,0.008579599618684462,9,1300,0,True
0.0045772455632686615,0.006870229007633588,1.0,0.013646702047005308,0.008573061535530578,9,1301,0,True
0.004576989449560642,0.006864988558352402,1.0,0.013636363636363636,0.008566533409480296,9,1302,0,True
0.004575047641992569,0.006859756097560976,1.0,0.013626040878122634,0.008560015217804832,9,1303,0,True
0.004574528429657221,0.006854531607006854,1.0,0.01361573373676248,0.008553506937844516,9,1304,0,True
0.0045687975361943245,0.00684931506849315,1.0,0.013605442176870748,0.008547008547008548,9,1305,0,True
0.004568693693727255,0.006844106463878327,1.0,0.013595166163141994,0.00854052002277472,9,1306,0,True
0.004568649921566248,0.006838905775075988,1.0,0.013584905660377358,0.008534041342689171,9,1307,0,True
0.004568175412714481,0.00683371298405467,1.0,0.013574660633484163,0.008527572484366117,9,1308,0,True
0.004568054340779781,0.006828528072837633,1.0,0.013564431047475508,0.008521113425487597,9,1309,0,True
0.00456696143373847,0.006823351023502654,1.0,0.01355421686746988,0.008514664143803218,9,1310,0,True
0.004566150717437267,0.006818181818181818,1.0,0.013544018058690745,0.008508224617129892,9,1311,0,True
0.004565981682389975,0.006813020439061317,1.0,0.013533834586466165,0.008501794823351597,9,1312,0,True
0.0045651644468307495,0.00680786686838124,1.0,0.013523666416228399,0.008495374740419104,9,1313,0,True
0.004563998896628618,0.006802721088435374,1.0,0.013513513513513514,0.008488964346349746,9,1314,0,True
0.004563641268759966,0.006797583081570997,1.0,0.01350337584396099,0.008482563619227144,9,1315,0,True
0.004561414942145348,0.006792452830188679,1.0,0.013493253373313344,0.008476172537200979,9,1316,0,True
0.004561140201985836,0.006787330316742082,1.0,0.01348314606741573,0.00846979107848673,9,1317,0,True
0.004558419808745384,0.006782215523737754,1.0,0.01347305389221557,0.008463419221365431,9,1318,0,True
0.004557636566460133,0.00677710843373494,1.0,0.013462976813762155,0.008457056944183423,9,1319,0,True
0.004557108972221613,0.006772009029345372,1.0,0.013452914798206279,0.008450704225352112,9,1320,0,True
0.004556967876851559,0.006766917293233083,1.0,0.01344286781179985,0.00844436104334772,9,1321,0,True
0.004556576255708933,0.0067618332081141996,1.0,0.013432835820895522,0.008438027376711045,9,1322,0,True
0.004555354826152325,0.006756756756756757,1.0,0.013422818791946308,0.008431703204047217,9,1323,0,True
0.004554650280624628,0.006751687921980495,1.0,0.013412816691505217,0.008425388504025463,9,1324,0,True
0.004550321958959103,0.006746626686656672,1.0,0.01340282948622487,0.00841908325537886,9,1325,0,True
0.00454799784347415,0.006741573033707865,1.0,0.013392857142857142,0.008412787436904094,9,1326,0,True
0.004543221089988947,0.006736526946107785,1.0,0.013382899628252789,0.008406501027461237,9,1327,0,True
0.00454099802300334,0.006731488406881077,1.0,0.01337295690936107,0.008400224005973492,9,1328,0,True
0.004539931658655405,0.006726457399103139,1.0,0.013363028953229399,0.008393956351426972,9,1329,0,True
0.004535373765975237,0.006721433905899925,1.0,0.013353115727002967,0.008387698042870456,9,1330,0,True
0.004535358399152756,0.006716417910447761,1.0,0.013343217197924388,0.008381449059415161,9,1331,0,True
0.004534278064966202,0.006711409395973154,1.0,0.013333333333333334,0.008375209380234505,9,1332,0,True
0.004533234518021345,0.0067064083457526085,1.0,0.013323464100666173,0.008368978984563883,9,1333,0,True
0.004532866179943085,0.006701414743112435,1.0,0.013313609467455622,0.008362757851700427,9,1334,0,True
0.004532171413302422,0.006696428571428571,1.0,0.013303769401330377,0.008356545961002786,9,1335,0,True
0.004531865939497948,0.006691449814126394,1.0,0.013293943870014771,0.00835034329189089,9,1336,0,True
0.004530764650553465,0.006686478454680535,1.0,0.013284132841328414,0.008344149823845726,9,1337,0,True
0.00452981423586607,0.0066815144766146995,1.0,0.01327433628318584,0.008337965536409116,9,1338,0,True
0.004529104568064213,0.0066765578635014835,1.0,0.013264554163596167,0.008331790409183484,9,1339,0,True
0.004528829362243414,0.006671608598962194,1.0,0.013254786450662739,0.008325624421831638,9,1340,0,True
0.004528186749666929,0.006666666666666667,1.0,0.013245033112582781,0.008319467554076539,9,1341,0,True
0.004527591168880463,0.006661732050333087,1.0,0.013235294117647059,0.00831331978570109,9,1342,0,True
0.004526985343545675,0.006656804733727811,1.0,0.01322556943423953,0.008307181096547905,9,1343,0,True
0.004526905715465546,0.0066518847006651885,1.0,0.013215859030837005,0.008301051466519093,9,1344,0,True
0.004526302218437195,0.0066469719350073855,1.0,0.013206162876008804,0.008294930875576038,9,1345,0,True
0.004524469841271639,0.006642066420664207,1.0,0.013196480938416423,0.008288819303739179,9,1346,0,True
0.004524218384176493,0.00663716814159292,1.0,0.013186813186813187,0.008282716731087797,9,1347,0,True
0.004523808136582375,0.006632277081798084,1.0,0.013177159590043924,0.008276623137759793,9,1348,0,True
0.0045182672329247,0.0066273932253313695,1.0,0.013167520117044623,0.008270538503951479,9,1349,0,True
0.004514746833592653,0.006622516556291391,1.0,0.013157894736842105,0.008264462809917356,9,1350,0,True
0.004512535408139229,0.006617647058823529,1.0,0.013148283418553688,0.008258396035969904,9,1351,0,True
0.004509983118623495,0.006612784717119765,1.0,0.013138686131386862,0.00825233816247937,9,1352,0,True
0.0045093088410794735,0.006607929515418502,1.0,0.01312910284463895,0.008246289169873557,9,1353,0,True
0.004509238060563803,0.006603081438004402,1.0,0.013119533527696793,0.008240249038637612,9,1354,0,True
0.0045079560950398445,0.006598240469208211,1.0,0.013109978150036417,0.008234217749313814,9,1355,0,True
0.004505673423409462,0.006593406593406593,1.0,0.013100436681222707,0.008228195282501372,9,1356,0,True
0.0045030987821519375,0.006588579795021962,1.0,0.01309090909090909,0.008222181618856203,9,1357,0,True
0.0045014345087111,0.006583760058522311,1.0,0.01308139534883721,0.008216176739090744,9,1358,0,True
0.004501286894083023,0.006578947368421052,1.0,0.013071895424836602,0.008210180623973728,9,1359,0,True
0.004501235671341419,0.006574141709276844,1.0,0.013062409288824383,0.008204193254329991,9,1360,0,True
0.004499823320657015,0.006569343065693431,1.0,0.01305293691080493,0.008198214611040262,9,1361,0,True
0.0044976710341870785,0.006564551422319475,1.0,0.013043478260869565,0.008192244675040962,9,1362,0,True
0.004496089182794094,0.006559766763848397,1.0,0.013034033309196235,0.008186283427323995,9,1363,0,True
0.004494002554565668,0.0065549890750182084,1.0,0.013024602026049204,0.008180330848936558,9,1364,0,True
0.004490579478442669,0.006550218340611353,1.0,0.013015184381778741,0.008174386920980926,9,1365,0,True
0.004489528946578503,0.006545454545454545,1.0,0.01300578034682081,0.008168451624614267,9,1366,0,True
0.0044894092716276646,0.006540697674418605,1.0,0.012996389891696752,0.008162524941048431,9,1367,0,True
0.004489198327064514,0.006535947712418301,1.0,0.012987012987012988,0.008156606851549755,9,1368,0,True
0.004487764555960894,0.006531204644412192,1.0,0.012977649603460706,0.00815069733743887,9,1369,0,True
0.004486567340791225,0.006526468455402465,1.0,0.012968299711815562,0.008144796380090498,9,1370,0,True
0.004486247897148132,0.006521739130434782,1.0,0.012958963282937365,0.008138903960933261,9,1371,0,True
0.004485922399908304,0.0065170166545981175,1.0,0.012949640287769784,0.008133020061449486,9,1372,0,True
0.004485920071601868,0.006512301013024602,1.0,0.012940330697340043,0.008127144663175004,9,1373,0,True
0.004484391305595636,0.006507592190889371,1.0,0.01293103448275862,0.008121277747698972,9,1374,0,True
0.004483312368392944,0.006502890173410405,1.0,0.012921751615218953,0.008115419296663661,9,1375,0,True
0.004483082331717014,0.006498194945848376,1.0,0.01291248206599713,0.008109569291764282,9,1376,0,True
0.0044814120046794415,0.006493506493506494,1.0,0.012903225806451613,0.008103727714748784,9,1377,0,True
0.00448085879907012,0.006488824801730353,1.0,0.012893982808022923,0.008097894547417672,9,1378,0,True
0.0044773295521736145,0.006484149855907781,1.0,0.012884753042233358,0.008092069771623809,9,1379,0,True
0.004475253634154797,0.0064794816414686825,1.0,0.012875536480686695,0.008086253369272238,9,1380,0,True
0.004474140703678131,0.006474820143884892,1.0,0.012866333095067906,0.008080445322319985,9,1381,0,True
0.0044734906405210495,0.006470165348670022,1.0,0.012857142857142857,0.008074645612775884,9,1382,0,True
0.004467546474188566,0.00646551724137931,1.0,0.01284796573875803,0.008068854222700376,9,1383,0,True
0.004466452170163393,0.006460875807609476,1.0,0.012838801711840228,0.00806307113420534,9,1384,0,True
0.0044627198949456215,0.006456241032998565,1.0,0.012829650748396294,0.008057296329453895,9,1385,0,True
0.004462493117898703,0.0064516129032258064,1.0,0.01282051282051282,0.008051529790660225,9,1386,0,True
0.004462383221834898,0.0064469914040114614,1.0,0.012811387900355872,0.008045771500089397,9,1387,0,True
0.004460921511054039,0.006442376521116679,1.0,0.012802275960170697,0.008040021440057173,9,1388,0,True
0.004459204617887735,0.006437768240343348,1.0,0.01279317697228145,0.008034279592929834,9,1389,0,True
0.004458707291632891,0.006433166547533953,1.0,0.01278409090909091,0.008028545941123996,9,1390,0,True
0.004456180613487959,0.0064285714285714285,1.0,0.0127750177430802,0.008022820467106437,9,1391,0,True
0.0044553810730576515,0.006423982869379015,1.0,0.01276595744680851,0.008017103153393906,9,1392,0,True
0.0044550783932209015,0.006419400855920114,1.0,0.012756909992912827,0.008011393982552965,9,1393,0,True
0.004450309555977583,0.006414825374198147,1.0,0.012747875354107648,0.008005692937199787,9,1394,0,True
0.004448069259524345,0.00641025641025641,1.0,0.012738853503184714,0.008,9,1395,0,True
0.004447604529559612,0.006405693950177936,1.0,0.01272984441301273,0.007994315153668502,9,1396,0,True
0.004444272257387638,0.006401137980085348,1.0,0.012720848056537103,0.007988638380969288,9,1397,0,True
0.004441624972969294,0.006396588486140725,1.0,0.012711864406779662,0.007982969664715274,9,1398,0,True
0.004441207740455866,0.006392045454545455,1.0,0.012702893436838392,0.007977308987768127,9,1399,0,True
0.004439487587660551,0.0063875088715401,1.0,0.012693935119887164,0.007971656333038087,9,1400,0,True
0.004438785370439291,0.006382978723404255,1.0,0.012684989429175475,0.007966011683483803,9,1401,0,True
0.004438686650246382,0.0063784549964564135,1.0,0.01267605633802817,0.007960375022112153,9,1402,0,True
0.00443862983956933,0.006373937677053824,1.0,0.012667135819845179,0.00795474633197808,9,1403,0,True
0.004438627976924181,0.006369426751592357,1.0,0.012658227848101266,0.00794912559618442,9,1404,0,True
0.004437350668013096,0.006364922206506365,1.0,0.012649332396345749,0.00794351279788173,9,1405,0,True
0.0044364831410348415,0.0063604240282685515,1.0,0.012640449438202247,0.007937907920268125,9,1406,0,True
0.004435238428413868,0.006355932203389831,1.0,0.01263157894736842,0.007932310946589107,9,1407,0,True
0.0044318209402263165,0.006351446718419196,1.0,0.012622720897615708,0.007926721860137396,9,1408,0,True
0.004431526176631451,0.006346967559943582,1.0,0.012613875262789068,0.007921140644252773,9,1409,0,True
0.0044314926490187645,0.006342494714587738,1.0,0.012605042016806723,0.0079155672823219,9,1410,0,True
0.004431265406310558,0.006338028169014085,1.0,0.012596221133659902,0.007910001757778168,9,1411,0,True
0.004430859349668026,0.0063335679099225895,1.0,0.012587412587412588,0.007904444054101529,9,1412,0,True
0.004430779255926609,0.006329113924050633,1.0,0.012578616352201259,0.007898894154818325,9,1413,0,True
0.0044303336180746555,0.006324666198172874,1.0,0.012569832402234637,0.00789335204350114,9,1414,0,True
0.004429870750755072,0.006320224719101123,1.0,0.01256106071179344,0.007887817703768623,9,1415,0,True
0.00442858599126339,0.00631578947368421,1.0,0.012552301255230125,0.007882291119285338,9,1416,0,True
0.004427251406013966,0.006311360448807854,1.0,0.012543554006968641,0.007876772273761596,9,1417,0,True
0.0044256397522985935,0.006306937631394534,1.0,0.012534818941504178,0.007871261150953298,9,1418,0,True
0.004424410872161388,0.0063025210084033615,1.0,0.012526096033402923,0.007865757734661772,9,1419,0,True
0.00442406814545393,0.006298110566829951,1.0,0.012517385257301807,0.007860262008733625,9,1420,0,True
0.00442339014261961,0.006293706293706294,1.0,0.01250868658790827,0.007854773957060569,9,1421,0,True
0.0044231233187019825,0.006289308176100629,1.0,0.0125,0.007849293563579277,9,1422,0,True
0.00442188885062933,0.006284916201117319,1.0,0.012491325468424705,0.007843820812271222,9,1423,0,True
0.004421057645231485,0.00628053035589672,1.0,0.012482662968099861,0.007838355687162516,9,1424,0,True
0.004419171251356602,0.006276150627615063,1.0,0.012474012474012475,0.007832898172323759,9,1425,0,True
0.004417816177010536,0.0062717770034843206,1.0,0.012465373961218837,0.00782744825186989,9,1426,0,True
0.0044166226871311665,0.006267409470752089,1.0,0.01245674740484429,0.00782200590996002,9,1427,0,True
0.004414799157530069,0.006263048016701462,1.0,0.012448132780082987,0.007816571130797291,9,1428,0,True
0.004408939275890589,0.006258692628650904,1.0,0.01243953006219765,0.00781114389862871,9,1429,0,True
0.00440880935639143,0.006254343293954135,1.0,0.012430939226519336,0.007805724197745013,9,1430,0,True
0.004407401196658611,0.00625,1.0,0.012422360248447204,0.0078003120124804995,9,1431,0,True
0.0044073425233364105,0.006245662734212352,1.0,0.012413793103448275,0.007794907327212887,9,1432,0,True
0.004406532738357782,0.0062413314840499305,1.0,0.012405237767057202,0.007789510126363164,9,1433,0,True
0.004406482446938753,0.006237006237006237,1.0,0.012396694214876033,0.007784120394395433,9,1434,0,True
0.0044060577638447285,0.006232686980609419,1.0,0.012388162422573986,0.007778738115816767,9,1435,0,True
0.0044045522809028625,0.006228373702422145,1.0,0.012379642365887207,0.00777336327517706,9,1436,0,True
0.004403682425618172,0.006224066390041493,1.0,0.012371134020618556,0.007767995857068877,9,1437,0,True
0.004403435625135899,0.006219765031098825,1.0,0.012362637362637362,0.0077626358461273075,9,1438,0,True
0.00440286286175251,0.006215469613259668,1.0,0.012354152367879203,0.007757283227029822,9,1439,0,True
0.004401721525937319,0.006211180124223602,1.0,0.012345679012345678,0.007751937984496124,9,1440,0,True
0.00440098624676466,0.006206896551724138,1.0,0.01233721727210418,0.007746600103288002,9,1441,0,True
0.004400840029120445,0.006202618883528601,1.0,0.012328767123287671,0.007741269568209187,9,1442,0,True
0.004400827456265688,0.006198347107438017,1.0,0.012320328542094456,0.007735946364105209,9,1443,0,True
0.004400762263685465,0.006194081211286993,1.0,0.012311901504787962,0.007730630475863254,9,1444,0,True
0.004398846998810768,0.006189821182943604,1.0,0.012303485987696514,0.007725321888412017,9,1445,0,True
0.004397740587592125,0.006185567010309278,1.0,0.012295081967213115,0.007720020586721565,9,1446,0,True
0.004396911710500717,0.006181318681318681,1.0,0.012286689419795221,0.007714726555803189,9,1447,0,True
0.004396779928356409,0.0061770761839396015,1.0,0.01227830832196453,0.007709439780709268,9,1448,0,True
0.00439439294859767,0.006172839506172839,1.0,0.012269938650306749,0.007704160246533128,9,1449,0,True
0.0043931202962994576,0.00616860863605209,1.0,0.01226158038147139,0.007698887938408896,9,1450,0,True
0.004392851609736681,0.0061643835616438354,1.0,0.012253233492171545,0.007693622841511369,9,1451,0,True
0.0043926844373345375,0.006160164271047228,1.0,0.012244897959183673,0.007688364941055869,9,1452,0,True
0.004387255292385817,0.006155950752393981,1.0,0.012236573759347382,0.007683114222298105,9,1453,0,True
0.004385392181575298,0.006151742993848257,1.0,0.012228260869565218,0.007677870670534039,9,1454,0,True
0.004385323263704777,0.006147540983606557,1.0,0.012219959266802444,0.0076726342710997444,9,1455,0,True
0.004384124185889959,0.0061433447098976105,1.0,0.012211668928086838,0.007667405009371272,9,1456,0,True
0.004383033607155085,0.006139154160982265,1.0,0.012203389830508475,0.007662182870764515,9,1457,0,True
0.004381129983812571,0.006134969325153374,1.0,0.012195121951219513,0.007656967840735069,9,1458,0,True
0.004380886442959309,0.006130790190735695,1.0,0.012186865267433988,0.007651759904778099,9,1459,0,True
0.004379871767014265,0.006126616746085773,1.0,0.012178619756427604,0.0076465590484282074,9,1460,0,True
0.0043792459182441235,0.006122448979591836,1.0,0.012170385395537525,0.007641365257259297,9,1461,0,True
0.004377452190965414,0.006118286879673691,1.0,0.012162162162162163,0.007636178516884439,9,1462,0,True
0.004376768134534359,0.006114130434782609,1.0,0.012153950033760972,0.00763099881295574,9,1463,0,True
0.004375413525849581,0.006109979633401222,1.0,0.012145748987854251,0.007625826131164209,9,1464,0,True
0.004373576026409864,0.006105834464043419,1.0,0.012137559002022926,0.007620660457239628,9,1465,0,True
0.004373166710138321,0.006101694915254237,1.0,0.012129380053908356,0.007615501776950415,9,1466,0,True
0.004373150411993265,0.006097560975609756,1.0,0.012121212121212121,0.0076103500761035,9,1467,0,True
0.004372112452983856,0.006093432633716994,1.0,0.012113055181695828,0.007605205340544195,9,1468,0,True
0.004372039809823036,0.006089309878213802,1.0,0.0121049092131809,0.007600067556156055,9,1469,0,True
0.004371315240859985,0.006085192697768763,1.0,0.012096774193548387,0.007594936708860759,9,1470,0,True
0.004368406720459461,0.006081081081081081,1.0,0.01208865010073875,0.0075898127846179796,9,1471,0,True
0.004368383903056383,0.006076975016880486,1.0,0.012080536912751677,0.007584695769425249,9,1472,0,True
0.0043654232285916805,0.006072874493927126,1.0,0.012072434607645875,0.007579585649317837,9,1473,0,True
0.0043633137829601765,0.006068779501011463,1.0,0.012064343163538873,0.007574482410368625,9,1474,0,True
0.004363233223557472,0.006064690026954178,1.0,0.012056262558606833,0.007569386038687973,9,1475,0,True
0.0043630595318973064,0.006060606060606061,1.0,0.012048192771084338,0.007564296520423601,9,1476,0,True
0.004363017622381449,0.006056527590847914,1.0,0.012040133779264214,0.007559213841760457,9,1477,0,True
0.0043625785037875175,0.00605245460659045,1.0,0.012032085561497326,0.007554137988920598,9,1478,0,True
0.0043617733754217625,0.006048387096774193,1.0,0.012024048096192385,0.00754906894816306,9,1479,0,True
0.004361313302069902,0.006044325050369375,1.0,0.012016021361815754,0.0075440067057837385,9,1480,0,True
0.0043592206202447414,0.006040268456375839,1.0,0.01200800533689126,0.007538951248115262,9,1481,0,True
0.004355366807430983,0.006036217303822937,1.0,0.012,0.007533902561526871,9,1482,0,True
0.0043541984632611275,0.006032171581769437,1.0,0.011992005329780146,0.0075288606324242936,9,1483,0,True
0.004354024771600962,0.006028131279303416,1.0,0.011984021304926764,0.007523825447249624,9,1484,0,True
0.004353975411504507,0.006024096385542169,1.0,0.011976047904191617,0.007518796992481203,9,1485,0,True
0.004353808239102364,0.006020066889632107,1.0,0.011968085106382979,0.007513775254633495,9,1486,0,True
0.004351730924099684,0.006016042780748663,1.0,0.011960132890365448,0.007508760220256966,9,1487,0,True
0.004350324161350727,0.006012024048096192,1.0,0.01195219123505976,0.007503751875937969,9,1488,0,True
0.004349694121629,0.006008010680907877,1.0,0.011944260119442602,0.007498750208298617,9,1489,0,True
0.00434848852455616,0.00600400266844563,1.0,0.011936339522546418,0.00749375520399667,9,1490,0,True
0.0043455143459141254,0.006,1.0,0.011928429423459244,0.0074887668497254116,9,1491,0,True
0.0043423674069345,0.005996002664890073,1.0,0.011920529801324504,0.007483785132213538,9,1492,0,True
0.004340751562267542,0.005992010652463382,1.0,0.011912640635340834,0.007478810038225029,9,1493,0,True
0.0043378775008022785,0.005988023952095809,1.0,0.011904761904761904,0.007473841554559043,9,1494,0,True
0.004336923826485872,0.005984042553191489,1.0,0.011896893588896233,0.007468879668049793,9,1495,0,True
0.004331742413341999,0.005980066445182724,1.0,0.011889035667107,0.007463924365566429,9,1496,0,True
0.004330983851104975,0.00597609561752988,1.0,0.011881188118811881,0.007458975634012929,9,1497,0,True
0.004330796655267477,0.005972130059721301,1.0,0.011873350923482849,0.007454033460327978,9,1498,0,True
0.004330471623688936,0.005968169761273209,1.0,0.011865524060646011,0.007449097831484853,9,1499,0,True
0.004329386167228222,0.005964214711729622,1.0,0.011857707509881422,0.007444168734491315,9,1500,0,True
0.004329001996666193,0.005960264900662252,1.0,0.01184990125082291,0.007439246156389486,9,1501,0,True
0.004327658098191023,0.005956320317670417,1.0,0.011842105263157895,0.007434330084255741,9,1502,0,True
0.004327641800045967,0.005952380952380952,1.0,0.011834319526627219,0.007429420505200594,9,1503,0,True
0.004327158909291029,0.005948446794448116,1.0,0.011826544021024968,0.007424517406368586,9,1504,0,True
0.004324682056903839,0.0059445178335535,1.0,0.011818778726198293,0.00741962077493817,9,1505,0,True
0.004324494861066341,0.005940594059405941,1.0,0.011811023622047244,0.007414730598121601,9,1506,0,True
0.00432130740955472,0.005936675461741424,1.0,0.01180327868852459,0.007409846863164828,9,1507,0,True
0.004320657346397638,0.005932762030323006,1.0,0.011795543905635648,0.007404969557347376,9,1508,0,True
0.0043200235813856125,0.005928853754940711,1.0,0.011787819253438114,0.00740009866798224,9,1509,0,True
0.004317216109484434,0.005924950625411455,1.0,0.011780104712041885,0.007395234182415777,9,1510,0,True
0.0043160500936210155,0.0059210526315789476,1.0,0.011772400261608895,0.007390376088027591,9,1511,0,True
0.0043121157214045525,0.005917159763313609,1.0,0.011764705882352941,0.007385524372230428,9,1512,0,True
0.004308525938540697,0.005913272010512484,1.0,0.011757021554539516,0.007380679022470067,9,1513,0,True
0.004307834897190332,0.005909389363099146,1.0,0.01174934725848564,0.007375840026225209,9,1514,0,True
0.004305767361074686,0.005905511811023622,1.0,0.011741682974559686,0.007371007371007371,9,1515,0,True
0.004300553351640701,0.005901639344262295,1.0,0.011734028683181226,0.007366181044360779,9,1516,0,True
0.004300022963434458,0.005897771952817824,1.0,0.011726384364820847,0.0073613610338622605,9,1517,0,True
0.004296737257391214,0.005893909626719057,1.0,0.01171875,0.007356547327121138,9,1518,0,True
0.0042959884740412235,0.0058900523560209425,1.0,0.011711125569290826,0.007351739911779121,9,1519,0,True
0.004295176826417446,0.005886200130804447,1.0,0.011703511053315995,0.007346938775510204,9,1520,0,True
0.004294874612241983,0.0058823529411764705,1.0,0.011695906432748537,0.007342143906020558,9,1521,0,True
0.004293602425605059,0.005878510777269758,1.0,0.011688311688311689,0.007337355291048427,9,1522,0,True
0.004292734432965517,0.00587467362924282,1.0,0.011680726800778715,0.007332572918364022,9,1523,0,True
0.004286665003746748,0.005870841487279843,1.0,0.011673151750972763,0.0073277967757694185,9,1524,0,True
0.004286015871912241,0.005867014341590613,1.0,0.011665586519766688,0.007323026851098454,9,1525,0,True
0.004284453112632036,0.005863192182410423,1.0,0.011658031088082901,0.007318263132216621,9,1526,0,True
0.00428139278665185,0.005859375,1.0,0.011650485436893204,0.007313505607020965,9,1527,0,True
0.004280486144125462,0.005855562784645413,1.0,0.01164294954721863,0.007308754263439987,9,1528,0,True
0.004277660045772791,0.005851755526657998,1.0,0.011635423400129283,0.007304009089433534,9,1529,0,True
0.004277434665709734,0.005847953216374269,1.0,0.011627906976744186,0.0072992700729927005,9,1530,0,True
0.004276868421584368,0.005844155844155844,1.0,0.011620400258231117,0.0072945372021397305,9,1531,0,True
0.004276782739907503,0.005840363400389357,1.0,0.011612903225806452,0.007289810464927912,9,1532,0,True
0.004275402054190636,0.005836575875486381,1.0,0.01160541586073501,0.007285089849441476,9,1533,0,True
0.004274994134902954,0.005832793259883344,1.0,0.011597938144329897,0.007280375343795502,9,1534,0,True
0.0042736222967505455,0.005829015544041451,1.0,0.01159047005795235,0.007275666936135812,9,1535,0,True
0.004273108672350645,0.005825242718446602,1.0,0.011583011583011582,0.007270964614638876,9,1536,0,True
0.004272948484867811,0.005821474773609315,1.0,0.01157556270096463,0.007266268367511707,9,1537,0,True
0.00426984578371048,0.005817711700064641,1.0,0.011568123393316195,0.0072615781829917705,9,1538,0,True
0.004268165212124586,0.005813953488372093,1.0,0.011560693641618497,0.00725689404934688,9,1539,0,True
0.004267833195626736,0.005810200129115558,1.0,0.011553273427471117,0.007252215954875101,9,1540,0,True
0.004267739597707987,0.005806451612903226,1.0,0.011545862732520847,0.007247543887904655,9,1541,0,True
0.004267543088644743,0.005802707930367505,1.0,0.011538461538461539,0.007242877836793819,9,1542,0,True
0.0042666662484407425,0.005798969072164949,1.0,0.011531069827033953,0.007238217789930835,9,1543,0,True
0.004265851806849241,0.005795235028976175,1.0,0.011523687580025609,0.007233563735733805,9,1544,0,True
0.004261565860360861,0.005791505791505791,1.0,0.011516314779270634,0.007228915662650603,9,1545,0,True
0.004261213820427656,0.005787781350482315,1.0,0.011508951406649617,0.007224273559158774,9,1546,0,True
0.004260232672095299,0.005784061696658098,1.0,0.011501597444089457,0.007219637413765442,9,1547,0,True
0.004259797744452953,0.005780346820809248,1.0,0.011494252873563218,0.007215007215007215,9,1548,0,True
0.004259504843503237,0.005776636713735558,1.0,0.01148691767708998,0.007210382951450088,9,1549,0,True
0.004258313681930304,0.005772931366260423,1.0,0.011479591836734694,0.007205764611689352,9,1550,0,True
0.004257470369338989,0.0057692307692307696,1.0,0.011472275334608031,0.007201152184349496,9,1551,0,True
0.0042571150697767735,0.005765534913516977,1.0,0.011464968152866241,0.00719654565808412,9,1552,0,True
0.004256243351846933,0.005761843790012804,1.0,0.011457670273711012,0.007191945021575835,9,1553,0,True
0.0042558396235108376,0.005758157389635317,1.0,0.011450381679389313,0.007187350263536177,9,1554,0,True
0.004255380947142839,0.005754475703324808,1.0,0.01144310235219326,0.007182761372705506,9,1555,0,True
0.0042551239021122456,0.005750798722044728,1.0,0.011435832274459974,0.007178178337852927,9,1556,0,True
0.004254037514328957,0.005747126436781609,1.0,0.011428571428571429,0.007173601147776184,9,1557,0,True
0.004253108520060778,0.00574345883854499,1.0,0.011421319796954314,0.007169029791301578,9,1558,0,True
0.004251428879797459,0.005739795918367347,1.0,0.011414077362079899,0.007164464257283872,9,1559,0,True
0.004251232836395502,0.0057361376673040155,1.0,0.011406844106463879,0.007159904534606206,9,1560,0,True
0.0042508612386882305,0.005732484076433121,1.0,0.011399620012666244,0.007155350612179997,9,1561,0,True
0.004248884040862322,0.005728835136855506,1.0,0.01139240506329114,0.007150802478944859,9,1562,0,True
0.004248781129717827,0.0057251908396946565,1.0,0.011385199240986717,0.007146260123868509,9,1563,0,True
0.004247407428920269,0.00572155117609663,1.0,0.011378002528445006,0.007141723535946675,9,1564,0,True
0.004247288219630718,0.005717916137229987,1.0,0.011370814908401769,0.007137192704203013,9,1565,0,True
0.004246580880135298,0.005714285714285714,1.0,0.011363636363636364,0.007132667617689016,9,1566,0,True
0.00424329936504364,0.005710659898477157,1.0,0.011356466876971609,0.007128148265483922,9,1567,0,True
0.004242795519530773,0.0057070386810399495,1.0,0.011349306431273645,0.007123634636694634,9,1568,0,True
0.004242769442498684,0.005703422053231939,1.0,0.011342155009451797,0.007119126720455624,9,1569,0,True
0.0042421710677444935,0.005699810006333122,1.0,0.011335012594458438,0.0071146245059288534,9,1570,0,True
0.004239805042743683,0.00569620253164557,1.0,0.011327879169288861,0.007110127982303681,9,1571,0,True
0.004239374306052923,0.0056925996204933585,1.0,0.011320754716981131,0.0071056371387967785,9,1572,0,True
0.004236804787069559,0.005689001264222503,1.0,0.011313639220615965,0.007101151964652043,9,1573,0,True
0.004235836677253246,0.005685407454200884,1.0,0.011306532663316583,0.007096672449140514,9,1574,0,True
0.00423545902594924,0.005681818181818182,1.0,0.011299435028248588,0.0070921985815602835,9,1575,0,True
0.004234242253005505,0.0056782334384858045,1.0,0.011292346298619825,0.007087730351236415,9,1576,0,True
0.0042283558286726475,0.005674653215636823,1.0,0.01128526645768025,0.007083267747520857,9,1577,0,True
0.004227727651596069,0.005671077504725898,1.0,0.011278195488721804,0.0070788107597923545,9,1578,0,True
0.004227623343467712,0.005667506297229219,1.0,0.011271133375078271,0.007074359377456375,9,1579,0,True
0.004227522760629654,0.005663939584644431,1.0,0.011264080100125156,0.007069913589945012,9,1580,0,True
0.00422638887539506,0.005660377358490566,1.0,0.01125703564727955,0.00706547338671691,9,1581,0,True
0.004226121585816145,0.0056568196103079825,1.0,0.01125,0.007061038757257178,9,1582,0,True
0.004225676413625479,0.005653266331658292,1.0,0.011242973141786383,0.007056609691077309,9,1583,0,True
0.004225197248160839,0.005649717514124294,1.0,0.011235955056179775,0.007052186177715092,9,1584,0,True
0.0042240615002810955,0.0056461731493099125,1.0,0.011228945726762321,0.007047768206734534,9,1585,0,True
0.004223646596074104,0.005642633228840125,1.0,0.011221945137157107,0.007043355767725779,9,1586,0,True
0.004223231226205826,0.005639097744360902,1.0,0.011214953271028037,0.0070389488503050214,9,1587,0,True
0.0042213029228150845,0.005635566687539136,1.0,0.0112079701120797,0.007034547444114429,9,1588,0,True
0.004220963921397924,0.005632040050062578,1.0,0.01120099564405725,0.007030151538822059,9,1589,0,True
0.0042192027904093266,0.005628517823639775,1.0,0.011194029850746268,0.00702576112412178,9,1590,0,True
0.004217818379402161,0.005625,1.0,0.011187072715972654,0.007021376189733188,9,1591,0,True
0.004217292182147503,0.005621486570893191,1.0,0.011180124223602485,0.007016996725401528,9,1592,0,True
0.004216306377202272,0.0056179775280898875,1.0,0.0111731843575419,0.0070126227208976155,9,1593,0,True
0.004215377848595381,0.0056144728633811605,1.0,0.011166253101736972,0.0070082541660177545,9,1594,0,True
0.004213989246636629,0.005610972568578554,1.0,0.011159330440173589,0.007003891050583658,9,1595,0,True
0.0042110588401556015,0.005607476635514018,1.0,0.011152416356877323,0.006999533364442371,9,1596,0,True
0.0042093172669410706,0.00560398505603985,1.0,0.011145510835913313,0.00699518109746619,9,1597,0,True
0.004205725155770779,0.005600497822028625,1.0,0.011138613861386138,0.0069908342395525866,9,1598,0,True
0.004202642943710089,0.005597014925373134,1.0,0.011131725417439703,0.0069864927806241265,9,1599,0,True
0.004197577480226755,0.005593536357986327,1.0,0.011124845488257108,0.0069821567106283944,9,1600,0,True
0.004197174683213234,0.0055900621118012426,1.0,0.011117974058060531,0.006977826019537912,9,1601,0,True
0.004197039175778627,0.00558659217877095,1.0,0.011111111111111112,0.00697350069735007,9,1602,0,True
0.004196991212666035,0.005583126550868486,1.0,0.011104256631708822,0.006969180734087037,9,1603,0,True
0.004196415189653635,0.005579665220086794,1.0,0.011097410604192354,0.006964866119795697,9,1604,0,True
0.00419356906786561,0.0055762081784386614,1.0,0.011090573012939002,0.0069605568445475635,9,1605,0,True
0.004192179534584284,0.005572755417956657,1.0,0.011083743842364532,0.0069562528984387076,9,1606,0,True
0.004188302904367447,0.005569306930693069,1.0,0.011076923076923076,0.00695195427158968,9,1607,0,True
0.004185227677226067,0.0055658627087198514,1.0,0.01107011070110701,0.006947660954145438,9,1608,0,True
0.0041851382702589035,0.005562422744128554,1.0,0.011063306699446834,0.006943372936275266,9,1609,0,True
0.004183637909591198,0.005558987029030266,1.0,0.011056511056511056,0.006939090208172706,9,1610,0,True
0.004182926844805479,0.005555555555555556,1.0,0.011049723756906077,0.006934812760055479,9,1611,0,True
0.004182635340839624,0.005552128315854411,1.0,0.011042944785276074,0.0069305405821654086,9,1612,0,True
0.004179514013230801,0.005548705302096177,1.0,0.011036174126302882,0.006926273664768354,9,1613,0,True
0.004179296083748341,0.005545286506469501,1.0,0.011029411764705883,0.00692201199815413,9,1614,0,True
0.004177868831902742,0.005541871921182266,1.0,0.011022657685241886,0.006917755572636433,9,1615,0,True
0.004175032954663038,0.005538461538461538,1.0,0.011015911872705019,0.006913504378552773,9,1616,0,True
0.004174953792244196,0.005535055350553505,1.0,0.011009174311926606,0.006909258406264394,9,1617,0,True
0.004171943757683039,0.005531653349723417,1.0,0.011002444987775062,0.006905017646156207,9,1618,0,True
0.004171187058091164,0.005528255528255528,1.0,0.010995723885155772,0.006900782088636712,9,1619,0,True
0.004168019164353609,0.0055248618784530384,1.0,0.01098901098901099,0.006896551724137931,9,1620,0,True
0.004167573526501656,0.005521472392638037,1.0,0.010982306284319707,0.006892326543115331,9,1621,0,True
0.004165355581790209,0.005518087063151441,1.0,0.01097560975609756,0.006888106536047757,9,1622,0,True
0.004164028912782669,0.0055147058823529415,1.0,0.010968921389396709,0.006883891693437357,9,1623,0,True
0.0041626375168561935,0.005511328842620943,1.0,0.010962241169305725,0.006879682005809509,9,1624,0,True
0.004161481279879808,0.0055079559363525096,1.0,0.010955569080949483,0.006875477463712758,9,1625,0,True
0.004161085933446884,0.005504587155963303,1.0,0.010948905109489052,0.006871278057718736,9,1626,0,True
0.004159505479037762,0.005501222493887531,1.0,0.01094224924012158,0.006867083778422097,9,1627,0,True
0.004158440977334976,0.005497861942577886,1.0,0.010935601458080195,0.006862894616440445,9,1628,0,True
0.004156849812716246,0.005494505494505495,1.0,0.01092896174863388,0.006858710562414266,9,1629,0,True
0.004151285160332918,0.005491153142159854,1.0,0.010922330097087379,0.006854531607006854,9,1630,0,True
0.004149371292442083,0.00548780487804878,1.0,0.010915706488781079,0.006850357740904247,9,1631,0,True
0.004148597363382578,0.005484460694698354,1.0,0.01090909090909091,0.006846188954815153,9,1632,0,True
0.00414852611720562,0.0054811205846528625,1.0,0.010902483343428226,0.006842025239470883,9,1633,0,True
0.004148498643189669,0.005477784540474742,1.0,0.010895883777239709,0.006837866585625285,9,1634,0,True
0.004148066975176334,0.005474452554744526,1.0,0.010889292196007259,0.00683371298405467,9,1635,0,True
0.004144816659390926,0.00547112462006079,1.0,0.010882708585247884,0.006829564425557748,9,1636,0,True
0.004143163561820984,0.0054678007290400975,1.0,0.010876132930513595,0.006825420900955559,9,1637,0,True
0.0041420916095376015,0.00546448087431694,1.0,0.010869565217391304,0.0068212824010914054,9,1638,0,True
0.004141359589993954,0.0054611650485436895,1.0,0.010863005431502716,0.0068171489168307835,9,1639,0,True
0.004140850156545639,0.005457853244390539,1.0,0.010856453558504222,0.006813020439061317,9,1640,0,True
0.004139499738812447,0.005454545454545455,1.0,0.0108499095840868,0.006808896958692692,9,1641,0,True
0.004139495547860861,0.005451241671714113,1.0,0.010843373493975903,0.006804778466656586,9,1642,0,True
0.004139142110943794,0.005447941888619854,1.0,0.010836845273931367,0.006800664953906604,9,1643,0,True
0.0041389865800738335,0.0054446460980036296,1.0,0.010830324909747292,0.006796556411418215,9,1644,0,True
0.004138963297009468,0.005441354292623942,1.0,0.010823812387251955,0.006792452830188679,9,1645,0,True
0.004138744901865721,0.005438066465256798,1.0,0.010817307692307692,0.006788354201236989,9,1646,0,True
0.00413829879835248,0.005434782608695652,1.0,0.010810810810810811,0.0067842605156037995,9,1647,0,True
0.004137204494327307,0.005431502715751358,1.0,0.010804321728691477,0.006780171764351363,9,1648,0,True
0.004137135576456785,0.005428226779252111,1.0,0.010797840431913617,0.006776087938563469,9,1649,0,True
0.004136599600315094,0.0054249547920434,1.0,0.01079136690647482,0.006772009029345372,9,1650,0,True
0.004134786780923605,0.005421686746987952,1.0,0.01078490113840623,0.006767935027823733,9,1651,0,True
0.004131808876991272,0.005418422636965683,1.0,0.010778443113772455,0.0067638659251465505,9,1652,0,True
0.00413180748000741,0.005415162454873646,1.0,0.010771992818671455,0.0067598017124831005,9,1653,0,True
0.004128808155655861,0.005411906193625977,1.0,0.01076555023923445,0.00675574238102387,9,1654,0,True
0.004128306172788143,0.005408653846153846,1.0,0.010759115361625823,0.006751687921980495,9,1655,0,True
0.004128041677176952,0.005405405405405406,1.0,0.010752688172043012,0.006747638326585695,9,1656,0,True
0.004126355983316898,0.005402160864345739,1.0,0.010746268656716417,0.006743593586093211,9,1657,0,True
0.004124379716813564,0.005398920215956809,1.0,0.010739856801909307,0.006739553691777744,9,1658,0,True
0.004123803693801165,0.00539568345323741,1.0,0.01073345259391771,0.00673551863493489,9,1659,0,True
0.004122589714825153,0.005392450569203115,1.0,0.010727056019070322,0.006731488406881077,9,1660,0,True
0.00412251939997077,0.005389221556886228,1.0,0.01072066706372841,0.006727462998953506,9,1661,0,True
0.004118404351174831,0.005385996409335727,1.0,0.010714285714285714,0.006723442402510085,9,1662,0,True
0.004114711657166481,0.005382775119617225,1.0,0.010707911957168352,0.006719426608929371,9,1663,0,True
0.004114299546927214,0.005379557680812911,1.0,0.01070154577883472,0.006715415609610506,9,1664,0,True
0.004113553091883659,0.005376344086021506,1.0,0.0106951871657754,0.006711409395973154,9,1665,0,True
0.004112826660275459,0.005373134328358209,1.0,0.010688836104513063,0.006707407959457445,9,1666,0,True
0.004111859947443008,0.0053699284009546535,1.0,0.010682492581602374,0.006703411291523909,9,1667,0,True
0.00411176634952426,0.005366726296958855,1.0,0.010676156583629894,0.006699419383653417,9,1668,0,True
0.004108963068574667,0.005363528009535161,1.0,0.01066982809721399,0.006695432227347121,9,1669,0,True
0.004108961205929518,0.005360333531864205,1.0,0.01066350710900474,0.006691449814126394,9,1670,0,True
0.0041074203327298164,0.005357142857142857,1.0,0.010657193605683837,0.006687472135532769,9,1671,0,True
0.004105561878532171,0.005353955978584176,1.0,0.010650887573964497,0.006683499183127877,9,1672,0,True
0.004103511106222868,0.00535077288941736,1.0,0.010644589000591367,0.006679530948493394,9,1673,0,True
0.0041024512611329556,0.0053475935828877,1.0,0.010638297872340425,0.006675567423230975,9,1674,0,True
0.004102322738617659,0.005344418052256532,1.0,0.010632014176018901,0.006671608598962194,9,1675,0,True
0.004101566970348358,0.005341246290801187,1.0,0.010625737898465172,0.006667654467328493,9,1676,0,True
0.0041011483408510685,0.005338078291814947,1.0,0.010619469026548672,0.006663705019991115,9,1677,0,True
0.004100228659808636,0.005334914048606995,1.0,0.01061320754716981,0.00665976024863105,9,1678,0,True
0.004099590703845024,0.00533175355450237,1.0,0.01060695344725987,0.006655820144948972,9,1679,0,True
0.004099378362298012,0.0053285968028419185,1.0,0.01060070671378092,0.0066518847006651885,9,1680,0,True
0.004095208831131458,0.0053254437869822485,1.0,0.01059446733372572,0.006647953907519575,9,1681,0,True
0.004092051647603512,0.005322294500295683,1.0,0.010588235294117647,0.006644027757271519,9,1682,0,True
0.004091326612979174,0.005319148936170213,1.0,0.010582010582010581,0.006640106241699867,9,1683,0,True
0.004089681431651115,0.005316007088009451,1.0,0.010575793184488837,0.006636189352602861,9,1684,0,True
0.004089049994945526,0.005312868949232586,1.0,0.010569583088667059,0.006632277081798084,9,1685,0,True
0.004088222980499268,0.005309734513274336,1.0,0.01056338028169014,0.006628369421122404,9,1686,0,True
0.0040873088873922825,0.005306603773584905,1.0,0.010557184750733138,0.006624466362431915,9,1687,0,True
0.004087279550731182,0.005303476723629935,1.0,0.010550996483001172,0.006620567897601883,9,1688,0,True
0.004085461143404245,0.00530035335689046,1.0,0.01054481546572935,0.0066166740185266875,9,1689,0,True
0.0040845260955393314,0.00529723366686286,1.0,0.01053864168618267,0.006612784717119765,9,1690,0,True
0.004082794301211834,0.005294117647058823,1.0,0.010532475131655939,0.006608899985313555,9,1691,0,True
0.004079778678715229,0.005291005291005291,1.0,0.010526315789473684,0.0066050198150594455,9,1692,0,True
0.004079025238752365,0.005287896592244419,1.0,0.010520163646990065,0.00660114419832771,9,1693,0,True
0.00407901918515563,0.005284791544333529,1.0,0.010514018691588784,0.006597273127107462,9,1694,0,True
0.0040786899626255035,0.00528169014084507,1.0,0.010507880910683012,0.006593406593406593,9,1695,0,True
0.00407817680388689,0.005278592375366569,1.0,0.010501750291715286,0.0065895445892517205,9,1696,0,True
0.004077828023582697,0.005275498241500586,1.0,0.010495626822157435,0.006585687106688131,9,1697,0,True
0.0040773265063762665,0.005272407732864675,1.0,0.01048951048951049,0.006581834137779728,9,1698,0,True
0.004077227786183357,0.005269320843091335,1.0,0.010483401281304601,0.006577985674608975,9,1699,0,True
0.004075438715517521,0.0052662375658279695,1.0,0.010477299185098952,0.006574141709276844,9,1700,0,True
0.004072817508131266,0.005263157894736842,1.0,0.010471204188481676,0.006570302233902759,9,1701,0,True
0.004072684329003096,0.005260081823495032,1.0,0.010465116279069767,0.006566467240624544,9,1702,0,True
0.0040712859481573105,0.005257009345794392,1.0,0.010459035444509006,0.006562636721598366,9,1703,0,True
0.004069364629685879,0.005253940455341506,1.0,0.010452961672473868,0.006558810668998688,9,1704,0,True
0.004068201407790184,0.005250875145857643,1.0,0.01044689495066744,0.0065549890750182084,9,1705,0,True
0.004067940171808004,0.0052478134110787176,1.0,0.010440835266821345,0.006551171931867812,9,1706,0,True
0.00406743073835969,0.005244755244755245,1.0,0.010434782608695653,0.006547359231776516,9,1707,0,True
0.004066368564963341,0.0052417006406523005,1.0,0.010428736964078795,0.0065435509669914205,9,1708,0,True
0.004064335487782955,0.005238649592549476,1.0,0.010422698320787493,0.006539747129777649,9,1709,0,True
0.0040634553879499435,0.005235602094240838,1.0,0.010416666666666666,0.006535947712418301,9,1710,0,True
0.004060382489115,0.005232558139534884,1.0,0.010410641989589358,0.0065321527072144,9,1711,0,True
0.004060004372149706,0.005229517722254503,1.0,0.010404624277456647,0.006528362106484839,9,1712,0,True
0.004058633930981159,0.005226480836236934,1.0,0.010398613518197574,0.006524575902566333,9,1713,0,True
0.004058533813804388,0.00522344747533372,1.0,0.010392609699769052,0.006520794087813361,9,1714,0,True
0.004057313781231642,0.005220417633410673,1.0,0.0103866128101558,0.0065170166545981175,9,1715,0,True
0.004056562203913927,0.0052173913043478265,1.0,0.010380622837370242,0.006513243595310464,9,1716,0,True
0.0040563675574958324,0.005214368482039398,1.0,0.01037463976945245,0.006509474902357876,9,1717,0,True
0.004055926576256752,0.0052113491603937466,1.0,0.010368663594470046,0.006505710568165389,9,1718,0,True
0.004055905155837536,0.005208333333333333,1.0,0.010362694300518135,0.006501950585175552,9,1719,0,True
0.00405574357137084,0.005205320994794679,1.0,0.010356731875719217,0.006498194945848376,9,1720,0,True
0.004054426681250334,0.005202312138728324,1.0,0.010350776308223116,0.006494443642661278,9,1721,0,True
0.0040534851141273975,0.005199306759098787,1.0,0.010344827586206896,0.006490696668109044,9,1722,0,True
0.0040507870726287365,0.005196304849884526,1.0,0.010338885697874785,0.006486954014703762,9,1723,0,True
0.004050146322697401,0.0051933064050779,1.0,0.010332950631458095,0.0064832156749747875,9,1724,0,True
0.004050063900649548,0.005190311418685121,1.0,0.010327022375215147,0.0064794816414686825,9,1725,0,True
0.004047472029924393,0.005187319884726225,1.0,0.010321100917431193,0.006475751906749172,9,1726,0,True
0.004046760965138674,0.005184331797235023,1.0,0.010315186246418338,0.006472026463397095,9,1727,0,True
0.004045362118631601,0.0051813471502590676,1.0,0.010309278350515464,0.00646830530401035,9,1728,0,True
0.004041697829961777,0.005178365937859608,1.0,0.01030337721808815,0.00646458842120385,9,1729,0,True
0.004040519241243601,0.005175388154111558,1.0,0.010297482837528604,0.006460875807609476,9,1730,0,True
0.004039740655571222,0.005172413793103448,1.0,0.010291595197255575,0.0064571674558760225,9,1731,0,True
0.0040395986288785934,0.005169442848937392,1.0,0.010285714285714285,0.006453463358669152,9,1732,0,True
0.0040391841903328896,0.005166475315729047,1.0,0.010279840091376356,0.006449763508671349,9,1733,0,True
0.004038825165480375,0.0051635111876075735,1.0,0.010273972602739725,0.006446067898581865,9,1734,0,True
0.004038743209093809,0.005160550458715597,1.0,0.01026811180832858,0.006442376521116679,9,1735,0,True
0.0040381792932748795,0.005157593123209169,1.0,0.010262257696693273,0.006438689369008442,9,1736,0,True
0.004036652855575085,0.005154639175257732,1.0,0.010256410256410256,0.006435006435006435,9,1737,0,True
0.004034924320876598,0.005151688609044075,1.0,0.010250569476082005,0.006431327711876518,9,1738,0,True
0.0040327440947294235,0.005148741418764302,1.0,0.010244735344336939,0.006427653192401086,9,1739,0,True
0.004030951298773289,0.005145797598627788,1.0,0.010238907849829351,0.006423982869379015,9,1740,0,True
0.0040305363945662975,0.005142857142857143,1.0,0.01023308698123934,0.006420316735625624,9,1741,0,True
0.004029948730021715,0.005139920045688178,1.0,0.010227272727272727,0.006416654783972622,9,1742,0,True
0.004029609728604555,0.005136986301369863,1.0,0.010221465076660987,0.006412997007268063,9,1743,0,True
0.004029219504445791,0.00513405590416429,1.0,0.01021566401816118,0.0064093433983762995,9,1744,0,True
0.004029217641800642,0.005131128848346636,1.0,0.01020986954055587,0.006405693950177936,9,1745,0,True
0.004028364084661007,0.005128205128205128,1.0,0.01020408163265306,0.006402048655569782,9,1746,0,True
0.004027388524264097,0.005125284738041002,1.0,0.010198300283286119,0.006398407507464809,9,1747,0,True
0.004027386661618948,0.005122367672168469,1.0,0.010192525481313703,0.006394770498792099,9,1748,0,True
0.004024306312203407,0.005119453924914676,1.0,0.010186757215619695,0.006391137622496805,9,1749,0,True
0.004019017796963453,0.00511654349061967,1.0,0.010180995475113122,0.0063875088715401,9,1750,0,True
0.004018695559352636,0.005113636363636364,1.0,0.010175240248728096,0.006383884238899134,9,1751,0,True
0.004017273895442486,0.005110732538330494,1.0,0.010169491525423728,0.0063802637175669925,9,1752,0,True
0.004017247352749109,0.00510783200908059,1.0,0.010163749294184076,0.006376647300552643,9,1753,0,True
0.0040135495364665985,0.005104934770277935,1.0,0.010158013544018058,0.006373034980880895,9,1754,0,True
0.004013427533209324,0.00510204081632653,1.0,0.01015228426395939,0.006369426751592357,9,1755,0,True
0.0040118154138326645,0.0050991501416430595,1.0,0.010146561443066516,0.006365822605743387,9,1756,0,True
0.004010317847132683,0.005096262740656852,1.0,0.010140845070422535,0.006362222536406051,9,1757,0,True
0.004008025396615267,0.0050933786078098476,1.0,0.010135135135135136,0.00635862653666808,9,1758,0,True
0.004006525967270136,0.005090497737556561,1.0,0.010129431626336522,0.00635503459963282,9,1759,0,True
0.0040055192075669765,0.005087620124364048,1.0,0.010123734533183352,0.006351446718419196,9,1760,0,True
0.004003931302577257,0.005084745762711864,1.0,0.01011804384485666,0.006347862886161659,9,1761,0,True
0.004002071917057037,0.005081874647092038,1.0,0.010112359550561797,0.006344283096010151,9,1762,0,True
0.004001927562057972,0.005079006772009029,1.0,0.010106681639528355,0.006340707341130055,9,1763,0,True
0.004000804387032986,0.005076142131979695,1.0,0.010101010101010102,0.0063371356147021544,9,1764,0,True
0.004000367596745491,0.005073280721533258,1.0,0.010095344924284913,0.0063335679099225895,9,1765,0,True
0.0039962599985301495,0.0050704225352112674,1.0,0.010089686098654708,0.006330004220002813,9,1766,0,True
0.003996051382273436,0.005067567567567568,1.0,0.010084033613445379,0.0063264445381695485,9,1767,0,True
0.00399469630792737,0.005064715813168261,1.0,0.010078387458006719,0.006322888857664746,9,1768,0,True
0.003992361482232809,0.005061867266591676,1.0,0.010072747621712367,0.006319337171745541,9,1769,0,True
0.003991464618593454,0.00505902192242833,1.0,0.010067114093959731,0.00631578947368421,9,1770,0,True
0.00399004714563489,0.0050561797752808986,1.0,0.010061486864169928,0.00631224575676813,9,1771,0,True
0.003987216856330633,0.0050533408197641775,1.0,0.01005586592178771,0.006308706014299734,9,1772,0,True
0.00398612255230546,0.005050505050505051,1.0,0.010050251256281407,0.006305170239596469,9,1773,0,True
0.003981261979788542,0.005047672462142457,1.0,0.010044642857142858,0.0063016384259907575,9,1774,0,True
0.003980668261647224,0.005044843049327354,1.0,0.010039040713887339,0.006298110566829951,9,1775,0,True
0.003979632165282965,0.005042016806722689,1.0,0.010033444816053512,0.00629458665547629,9,1776,0,True
0.0039792959578335285,0.005039193729003359,1.0,0.010027855153203343,0.006291066685306864,9,1777,0,True
0.00397481769323349,0.005036373810856184,1.0,0.01002227171492205,0.006287550649713567,9,1778,0,True
0.003971722908318043,0.0050335570469798654,1.0,0.01001669449081803,0.006284038542103058,9,1779,0,True
0.00397068914026022,0.005030743432084964,1.0,0.010011123470522803,0.00628053035589672,9,1780,0,True
0.003969112876802683,0.005027932960893855,1.0,0.010005558643690939,0.0062770260845306175,9,1781,0,True
0.003965063486248255,0.005025125628140704,1.0,0.01,0.006273525721455458,9,1782,0,True
0.003962027374655008,0.005022321428571429,1.0,0.009994447529150472,0.006270029260136548,9,1783,0,True
0.00396112073212862,0.0050195203569436695,1.0,0.009988901220865706,0.006266536694053753,9,1784,0,True
0.003960214089602232,0.005016722408026756,1.0,0.009983361064891847,0.006263048016701462,9,1785,0,True
0.003957641776651144,0.005013927576601671,1.0,0.009977827050997782,0.006259563221588538,9,1786,0,True
0.00395730696618557,0.005011135857461025,1.0,0.009972299168975069,0.006256082302238287,9,1787,0,True
0.003956102300435305,0.005008347245409015,1.0,0.009966777408637873,0.006252605252188412,9,1788,0,True
0.0039550974033772945,0.005005561735261402,1.0,0.00996126175982291,0.006249132064990974,9,1789,0,True
0.003954636864364147,0.005002779321845469,1.0,0.00995575221238938,0.006245662734212352,9,1790,0,True
0.003954361192882061,0.005,1.0,0.009950248756218905,0.006242197253433208,9,1791,0,True
0.0039538065902888775,0.004997223764575236,1.0,0.009944751381215469,0.00623873561624844,9,1792,0,True
0.003951693419367075,0.004994450610432853,1.0,0.009939260077305357,0.006235277816267147,9,1793,0,True
0.003948872908949852,0.004991680532445923,1.0,0.009933774834437087,0.0062318238471125885,9,1794,0,True
0.0039471350610256195,0.004988913525498891,1.0,0.009928295642581356,0.006228373702422145,9,1795,0,True
0.003945090342313051,0.004986149584487534,1.0,0.009922822491730982,0.006224927375847282,9,1796,0,True
0.003940429072827101,0.0049833887043189366,1.0,0.009917355371900827,0.006221484861053505,9,1797,0,True
0.003940062131732702,0.004980630879911455,1.0,0.009911894273127754,0.006218046151720326,9,1798,0,True
0.00393733661621809,0.00497787610619469,1.0,0.009906439185470555,0.006214611241541224,9,1799,0,True
0.003936289343982935,0.004975124378109453,1.0,0.009900990099009901,0.006211180124223602,9,1800,0,True
0.003936009015887976,0.004972375690607734,1.0,0.009895547003848268,0.006207752793488757,9,1801,0,True
0.003934286069124937,0.004969630038652678,1.0,0.00989010989010989,0.006204329243071832,9,1802,0,True
0.003926195669919252,0.004966887417218543,1.0,0.009884678747940691,0.0062009094667217855,9,1803,0,True
0.003926065284758806,0.004964147821290678,1.0,0.009879253567508232,0.006197493458201349,9,1804,0,True
0.003925233613699675,0.004961411245865491,1.0,0.009873834339001646,0.006194081211286993,9,1805,0,True
0.00392363965511322,0.0049586776859504135,1.0,0.009868421052631578,0.006190672719768881,9,1806,0,True
0.003923056647181511,0.004955947136563877,1.0,0.009863013698630137,0.006187267977450846,9,1807,0,True
0.0039222403429448605,0.0049532195927352776,1.0,0.009857612267250822,0.0061838669781503364,9,1808,0,True
0.00392122520133853,0.0049504950495049506,1.0,0.009852216748768473,0.006180469715698393,9,1809,0,True
0.00392027897760272,0.004947773501924134,1.0,0.009846827133479213,0.0061770761839396015,9,1810,0,True
0.00391876557841897,0.004945054945054945,1.0,0.009841443411700382,0.006173686376732062,9,1811,0,True
0.003916709218174219,0.004942339373970346,1.0,0.009836065573770493,0.006170300287947347,9,1812,0,True
0.003916672430932522,0.004939626783754116,1.0,0.009830693610049153,0.006166917911470468,9,1813,0,True
0.003912485204637051,0.004936917169500823,1.0,0.009825327510917031,0.006163539241199835,9,1814,0,True
0.003912172745913267,0.004934210526315789,1.0,0.009819967266775777,0.006160164271047228,9,1815,0,True
0.0039102244190871716,0.004931506849315068,1.0,0.009814612868047983,0.006156792994937748,9,1816,0,True
0.003908983897417784,0.004928806133625411,1.0,0.009809264305177113,0.00615342540680979,9,1817,0,True
0.0039084008894860744,0.0049261083743842365,1.0,0.00980392156862745,0.006150061500615006,9,1818,0,True
0.003907565493136644,0.004923413566739606,1.0,0.00979858464888405,0.006146701270318263,9,1819,0,True
0.003906587604433298,0.004920721705850191,1.0,0.009793253536452665,0.0061433447098976105,9,1820,0,True
0.003905051853507757,0.004918032786885246,1.0,0.009787928221859706,0.006139991813344249,9,1821,0,True
0.0039042835123836994,0.004915346805024577,1.0,0.009782608695652175,0.006136642574662485,9,1822,0,True
0.00390322832390666,0.0049126637554585155,1.0,0.00977729494839761,0.006133296987869702,9,1823,0,True
0.003901304444298148,0.004909983633387889,1.0,0.009771986970684038,0.006129955046996322,9,1824,0,True
0.0039002057164907455,0.004907306434023991,1.0,0.009766684753119913,0.006126616746085773,9,1825,0,True
0.003899796400219202,0.004904632152588556,1.0,0.009761388286334056,0.006123282079194449,9,1826,0,True
0.003897474380210042,0.004901960784313725,1.0,0.00975609756097561,0.006119951040391677,9,1827,0,True
0.0038964306004345417,0.004899292324442025,1.0,0.009750812567713976,0.006116623623759684,9,1828,0,True
0.003895360743626952,0.004896626768226333,1.0,0.009745533297238766,0.006113299823393561,9,1829,0,True
0.003895057365298271,0.004893964110929853,1.0,0.00974025974025974,0.006109979633401222,9,1830,0,True
0.0038939015939831734,0.004891304347826087,1.0,0.009734991887506761,0.006106663047903379,9,1831,0,True
0.0038928899448364973,0.004888647474198805,1.0,0.00972972972972973,0.006103350061033501,9,1832,0,True
0.003892819629982114,0.004885993485342019,1.0,0.009724473257698542,0.0061000406669377795,9,1833,0,True
0.0038914221804589033,0.0048833423765599565,1.0,0.009719222462203024,0.006096734859775098,9,1834,0,True
0.00389114860445261,0.004880694143167028,1.0,0.009713977334052886,0.006093432633716994,9,1835,0,True
0.0038902130909264088,0.004878048780487805,1.0,0.009708737864077669,0.0060901339829476245,9,1836,0,True
0.00389009527862072,0.004875406283856988,1.0,0.009703504043126684,0.006086838901663736,9,1837,0,True
0.0038894021417945623,0.004872766648619383,1.0,0.009698275862068966,0.0060835473840746244,9,1838,0,True
0.003888541366904974,0.00487012987012987,1.0,0.009693053311793215,0.006080259424402107,9,1839,0,True
0.0038861411157995462,0.0048674959437533805,1.0,0.00968783638320775,0.006076975016880486,9,1840,0,True
0.0038853767327964306,0.004864864864864865,1.0,0.009682625067240451,0.006073694155756512,9,1841,0,True
0.003883504308760166,0.004862236628849271,1.0,0.00967741935483871,0.006070416835289356,9,1842,0,True
0.0038747594226151705,0.004859611231101512,1.0,0.00967221923696937,0.006067143049750573,9,1843,0,True
0.0038733610417693853,0.004856988667026443,1.0,0.00966702470461869,0.0060638727934240666,9,1844,0,True
0.003871622961014509,0.0048543689320388345,1.0,0.00966183574879227,0.006060606060606061,9,1845,0,True
0.0038703284226357937,0.004851752021563342,1.0,0.009656652360515022,0.006057342845605061,9,1846,0,True
0.0038682459853589535,0.004849137931034483,1.0,0.0096514745308311,0.006054083142741827,9,1847,0,True
0.00386810302734375,0.004846526655896607,1.0,0.00964630225080386,0.0060508269463493344,9,1848,0,True
0.0038661446887999773,0.004843918191603875,1.0,0.0096411355115158,0.0060475742507727455,9,1849,0,True
0.003865455975756049,0.004841312533620226,1.0,0.009635974304068522,0.006044325050369375,9,1850,0,True
0.0038649053312838078,0.004838709677419355,1.0,0.009630818619582664,0.006041079339508659,9,1851,0,True
0.003861649427562952,0.004836109618484685,1.0,0.009625668449197862,0.006037837112572118,9,1852,0,True
0.00385676440782845,0.004833512352309345,1.0,0.009620523784072688,0.006034598363953332,9,1853,0,True
0.0038560940884053707,0.004830917874396135,1.0,0.009615384615384616,0.006031363088057901,9,1854,0,True
0.0038558158557862043,0.004828326180257511,1.0,0.009610250934329953,0.006028131279303416,9,1855,0,True
0.003854658454656601,0.00482573726541555,1.0,0.0096051227321238,0.006024902932119427,9,1856,0,True
0.003852840978652239,0.00482315112540193,1.0,0.0096,0.00602167804094741,9,1857,0,True
0.0038522426038980484,0.0048205677557579,1.0,0.009594882729211088,0.006018456600240738,9,1858,0,True
0.0038521692622452974,0.004817987152034261,1.0,0.009589770911028236,0.006015238604464644,9,1859,0,True
0.003852065186947584,0.004815409309791332,1.0,0.009584664536741214,0.006012024048096192,9,1860,0,True
0.0038517264183610678,0.004812834224598931,1.0,0.009579563597658328,0.006008812925624249,9,1861,0,True
0.0038493929896503687,0.004810261892036344,1.0,0.009574468085106383,0.006005605231549446,9,1862,0,True
0.0038489610888063908,0.004807692307692308,1.0,0.009569377990430622,0.006002400960384154,9,1863,0,True
0.0038488241843879223,0.004805125467164976,1.0,0.009564293304994687,0.005999200106652446,9,1864,0,True
0.0038481822703033686,0.0048025613660619,1.0,0.009559214020180564,0.005996002664890073,9,1865,0,True
0.003847520798444748,0.0048,1.0,0.009554140127388535,0.0059928086296444265,9,1866,0,True
0.0038447913248091936,0.004797441364605544,1.0,0.009549071618037135,0.005989617995474511,9,1867,0,True
0.0038442218210548162,0.004794885455514118,1.0,0.009544008483563097,0.005986430756950911,9,1868,0,True
0.003842660691589117,0.004792332268370607,1.0,0.009538950715421303,0.005983246908655764,9,1869,0,True
0.0038419433403760195,0.004789781798829164,1.0,0.009533898305084746,0.005980066445182724,9,1870,0,True
0.003839863697066903,0.0047872340425531915,1.0,0.009528851244044468,0.005976889361136937,9,1871,0,True
0.0038362920749932528,0.004784688995215311,1.0,0.009523809523809525,0.005973715651135006,9,1872,0,True
0.0038346759974956512,0.004782146652497344,1.0,0.009518773135906928,0.005970545309804962,9,1873,0,True
0.0038330862298607826,0.004779607010090282,1.0,0.009513742071881607,0.005967378331786235,9,1874,0,True
0.0038326256908476353,0.004777070063694267,1.0,0.009508716323296355,0.005964214711729622,9,1875,0,True
0.0038323819171637297,0.004774535809018567,1.0,0.009503695881731784,0.005961054444297258,9,1876,0,True
0.003831260371953249,0.004772004241781549,1.0,0.00949868073878628,0.005957897524162584,9,1877,0,True
0.003830807050690055,0.0047694753577106515,1.0,0.00949367088607595,0.0059547439460103215,9,1878,0,True
0.003828533459454775,0.004766949152542373,1.0,0.009488666315234581,0.005951593704536437,9,1879,0,True
0.0038279953878372908,0.004764425622022234,1.0,0.009483667017913594,0.005948446794448116,9,1880,0,True
0.0038279735017567873,0.004761904761904762,1.0,0.009478672985781991,0.005945303210463734,9,1881,0,True
0.0038237422704696655,0.004759386567953464,1.0,0.009473684210526316,0.005942162947312822,9,1882,0,True
0.003823132487013936,0.0047568710359408035,1.0,0.009468700683850605,0.005939025999736044,9,1883,0,True
0.003822344122454524,0.004754358161648178,1.0,0.00946372239747634,0.00593589236248516,9,1884,0,True
0.0038215038366615772,0.004751847940865892,1.0,0.009458749343142408,0.005932762030323006,9,1885,0,True
0.0038211788050830364,0.00474934036939314,1.0,0.009453781512605041,0.005929634998023455,9,1886,0,True
0.0038211694918572903,0.004746835443037975,1.0,0.009448818897637795,0.005926511260371394,9,1887,0,True
0.0038203983567655087,0.004744333157617291,1.0,0.00944386149003148,0.005923390812162696,9,1888,0,True
0.0038202060386538506,0.004741833508956797,1.0,0.009438909281594127,0.005920273648204183,9,1889,0,True
0.003817147808149457,0.004739336492890996,1.0,0.009433962264150943,0.005917159763313609,9,1890,0,True
0.00381491775624454,0.004736842105263158,1.0,0.009429020429544265,0.0059140491523196215,9,1891,0,True
0.003814041381701827,0.004734350341925302,1.0,0.009424083769633508,0.005910941810061737,9,1892,0,True
0.003813624382019043,0.00473186119873817,1.0,0.009419152276295133,0.005907837731390311,9,1893,0,True
0.0038118313532322645,0.004729374671571204,1.0,0.009414225941422594,0.005904736911166514,9,1894,0,True
0.00381160294637084,0.004726890756302521,1.0,0.009409304756926294,0.005901639344262295,9,1895,0,True
0.0038113046903163195,0.004724409448818898,1.0,0.009404388714733543,0.005898545025560362,9,1896,0,True
0.0038102653343230486,0.00472193074501574,1.0,0.009399477806788513,0.005895453949954147,9,1897,0,True
0.003809937508776784,0.0047194546407970635,1.0,0.009394572025052192,0.005892366112347781,9,1898,0,True
0.0038082425016909838,0.0047169811320754715,1.0,0.009389671361502348,0.005889281507656066,9,1899,0,True
0.003808195237070322,0.004714510214772132,1.0,0.009384775808133473,0.005886200130804447,9,1900,0,True
0.0038050166331231594,0.004712041884816754,1.0,0.009379885356956748,0.005883121976728984,9,1901,0,True
0.0038030054420232773,0.004709576138147566,1.0,0.009375,0.005880047040376323,9,1902,0,True
0.0037963634822517633,0.004707112970711297,1.0,0.009370119729307652,0.00587697531670367,9,1903,0,True
0.0037961285561323166,0.004704652378463147,1.0,0.009365244536940686,0.005873906800678763,9,1904,0,True
0.0037949911784380674,0.004702194357366771,1.0,0.0093603744149766,0.005870841487279843,9,1905,0,True
0.00379455485381186,0.004699738903394256,1.0,0.009355509355509356,0.005867779371495632,9,1906,0,True
0.003794289892539382,0.004697286012526096,1.0,0.00935064935064935,0.0058647204483252965,9,1907,0,True
0.0037933513522148132,0.004694835680751174,1.0,0.009345794392523364,0.005861664712778429,9,1908,0,True
0.003793104086071253,0.0046923879040667365,1.0,0.00934094447327452,0.005858612159875016,9,1909,0,True
0.003792136674746871,0.004689942678478374,1.0,0.00933609958506224,0.005855562784645413,9,1910,0,True
0.0037915599532425404,0.0046875,1.0,0.00933125972006221,0.005852516582130316,9,1911,0,True
0.003790637943893671,0.004685059864653826,1.0,0.00932642487046632,0.005849473547380735,9,1912,0,True
0.0037904889322817326,0.004682622268470343,1.0,0.009321595028482652,0.005846433675457971,9,1913,0,True
0.003785340813919902,0.0046801872074883,1.0,0.009316770186335404,0.00584339696143358,9,1914,0,True
0.0037851196248084307,0.004677754677754678,1.0,0.009311950336264873,0.005840363400389357,9,1915,0,True
0.003781774779781699,0.004675324675324675,1.0,0.009307135470527405,0.005837332987417305,9,1916,0,True
0.0037816939875483513,0.004672897196261682,1.0,0.009302325581395349,0.005834305717619603,9,1917,0,True
0.0037809538189321756,0.00467047223663726,1.0,0.009297520661157025,0.005831281586108591,9,1918,0,True
0.003780411323532462,0.00466804979253112,1.0,0.009292720702116675,0.0058282605880067345,9,1919,0,True
0.003780044848099351,0.004665629860031105,1.0,0.009287925696594427,0.005825242718446602,9,1920,0,True
0.003779858350753784,0.00466321243523316,1.0,0.009283135636926251,0.005822227972570837,9,1921,0,True
0.003777275327593088,0.004660797514241326,1.0,0.009278350515463918,0.005819216345532135,9,1922,0,True
0.003774807322770357,0.004658385093167702,1.0,0.00927357032457496,0.0058162078324932144,9,1923,0,True
0.003774357261136174,0.0046559751681324365,1.0,0.009268795056642637,0.005813202428626792,9,1924,0,True
0.0037731078919023275,0.004653567735263702,1.0,0.009264024704065878,0.005810200129115558,9,1925,0,True
0.003772340714931488,0.004651162790697674,1.0,0.009259259259259259,0.005807200929152149,9,1926,0,True
0.0037688531447201967,0.0046487603305785125,1.0,0.009254498714652956,0.00580420482393912,9,1927,0,True
0.003768294584006071,0.004646360351058337,1.0,0.009249743062692703,0.005801211808688926,9,1928,0,True
0.003768019378185272,0.0046439628482972135,1.0,0.009244992295839754,0.005798221878623889,9,1929,0,True
0.0037678347434848547,0.0046415678184631255,1.0,0.009240246406570842,0.005795235028976175,9,1930,0,True
0.003767299698665738,0.004639175257731959,1.0,0.009235505387378143,0.005792251254987772,9,1931,0,True
0.003765823319554329,0.00463678516228748,1.0,0.009230769230769232,0.005789270551910459,9,1932,0,True
0.0037658035289496183,0.004634397528321318,1.0,0.009226037929267043,0.005786292915005787,9,1933,0,True
0.003764378372579813,0.004632012352032939,1.0,0.009221311475409836,0.005783318339545046,9,1934,0,True
0.003763954620808363,0.004629629629629629,1.0,0.009216589861751152,0.005780346820809248,9,1935,0,True
0.003763742046430707,0.004627249357326478,1.0,0.009211873080859774,0.0057773783540891,9,1936,0,True
0.00376362563110888,0.0046248715313463515,1.0,0.009207161125319692,0.005774412934684974,9,1937,0,True
0.003761380910873413,0.004622496147919877,1.0,0.009202453987730062,0.005771450557906887,9,1938,0,True
0.003758301492780447,0.004620123203285421,1.0,0.009197751660705161,0.005768491219074478,9,1939,0,True
0.0037571967113763094,0.004617752693689072,1.0,0.009193054136874362,0.005765534913516977,9,1940,0,True
0.0037566914688795805,0.004615384615384616,1.0,0.009188361408882083,0.005762581636573185,9,1941,0,True
0.003755886573344469,0.0046130189646335215,1.0,0.009183673469387756,0.005759631383591451,9,1942,0,True
0.00375482183881104,0.004610655737704918,1.0,0.009178990311065782,0.0057566841499296405,9,1943,0,True
0.0037542509380728006,0.004608294930875576,1.0,0.009174311926605505,0.005753739930955121,9,1944,0,True
0.0037529757246375084,0.004605936540429887,1.0,0.009169638308711156,0.005750798722044728,9,1945,0,True
0.003751190146431327,0.004603580562659846,1.0,0.009164969450101833,0.005747860518584749,9,1946,0,True
0.003749269526451826,0.004601226993865031,1.0,0.00916030534351145,0.005744925315970892,9,1947,0,True
0.0037472161930054426,0.004598875830352581,1.0,0.009155645981688708,0.0057419931096082686,9,1948,0,True
0.003742816625162959,0.004596527068437181,1.0,0.009150991357397052,0.005739063894911364,9,1949,0,True
0.003742663888260722,0.004594180704441042,1.0,0.009146341463414634,0.0057361376673040155,9,1950,0,True
0.003741554683074355,0.004591836734693878,1.0,0.009141696292534281,0.005733214422219391,9,1951,0,True
0.00374143710359931,0.004589495155532891,1.0,0.009137055837563452,0.005730294155099962,9,1952,0,True
0.0037400030996650457,0.0045871559633027525,1.0,0.0091324200913242,0.0057273768613974796,9,1953,0,True
0.0037318426184356213,0.004584819154355578,1.0,0.009127789046653144,0.005724462536572955,9,1954,0,True
0.0037307434249669313,0.004582484725050916,1.0,0.00912316269640142,0.00572155117609663,9,1955,0,True
0.003729928517714143,0.004580152671755725,1.0,0.00911854103343465,0.0057186427754479605,9,1956,0,True
0.0037298095412552357,0.004577822990844354,1.0,0.009113924050632912,0.005715737330115585,9,1957,0,True
0.00372929940931499,0.004575495678698526,1.0,0.009109311740890687,0.005712834835597308,9,1958,0,True
0.0037288356106728315,0.004573170731707317,1.0,0.009104704097116844,0.005709935287400076,9,1959,0,True
0.0037275354843586683,0.0045708481462671405,1.0,0.00910010111223458,0.0057070386810399495,9,1960,0,True
0.0037270872853696346,0.004568527918781726,1.0,0.009095502779181405,0.005704145012042084,9,1961,0,True
0.003726173657923937,0.0045662100456621,1.0,0.00909090909090909,0.005701254275940707,9,1962,0,True
0.0037252618931233883,0.004563894523326572,1.0,0.009086320040383645,0.005698366468279093,9,1963,0,True
0.0037220993544906378,0.00456158134820071,1.0,0.009081735620585268,0.005695481584609543,9,1964,0,True
0.0037199286743998528,0.004559270516717325,1.0,0.009077155824508321,0.0056925996204933585,9,1965,0,True
0.003718910738825798,0.004556962025316456,1.0,0.009072580645161291,0.005689720571500822,9,1966,0,True
0.003715601284056902,0.004554655870445344,1.0,0.00906801007556675,0.005686844433211172,9,1967,0,True
0.003711892757564783,0.004552352048558422,1.0,0.00906344410876133,0.005683971201212581,9,1968,0,True
0.0037110906559973955,0.00455005055611729,1.0,0.009058882737795673,0.005681100871102134,9,1969,0,True
0.0037110394332557917,0.004547751389590703,1.0,0.009054325955734407,0.0056782334384858045,9,1970,0,True
0.0037067001685500145,0.004545454545454545,1.0,0.00904977375565611,0.0056753688989784334,9,1971,0,True
0.003704773960635066,0.004543160020191822,1.0,0.009045226130653266,0.005672507248203706,9,1972,0,True
0.0037013681139796972,0.004540867810292634,1.0,0.009040683073832245,0.005669648481794129,9,1973,0,True
0.0037002412136644125,0.0045385779122541605,1.0,0.009036144578313253,0.0056667925953910086,9,1974,0,True
0.0036986838094890118,0.0045362903225806455,1.0,0.009031610637230306,0.005663939584644431,9,1975,0,True
0.0036982991732656956,0.004534005037783375,1.0,0.009027081243731194,0.0056610894452132346,9,1976,0,True
0.0036971024237573147,0.004531722054380665,1.0,0.009022556390977444,0.005658242172764994,9,1977,0,True
0.003694206243380904,0.004529441368897836,1.0,0.009018036072144289,0.005655397762975996,9,1978,0,True
0.0036933354567736387,0.004527162977867203,1.0,0.009013520280420632,0.005652556211531215,9,1979,0,True
0.0036925901658833027,0.004524886877828055,1.0,0.009009009009009009,0.005649717514124294,9,1980,0,True
0.003691375721246004,0.004522613065326633,1.0,0.009004502251125562,0.005646881666457523,9,1981,0,True
0.0036911936476826668,0.0045203415369161224,1.0,0.009,0.0056440486642418165,9,1982,0,True
0.003690618323162198,0.004518072289156626,1.0,0.008995502248875561,0.005641218503196691,9,1983,0,True
0.0036898578982800245,0.004515805318615153,1.0,0.008991008991008992,0.005638391179050245,9,1984,0,True
0.003689819248393178,0.004513540621865597,1.0,0.008986520219670495,0.005635566687539136,9,1985,0,True
0.0036872096825391054,0.004511278195488722,1.0,0.008982035928143712,0.005632745024408562,9,1986,0,True
0.003684733994305134,0.0045090180360721445,1.0,0.008977556109725686,0.005629926185412235,9,1987,0,True
0.0036837223451584578,0.004506760140210316,1.0,0.00897308075772682,0.005627110166312367,9,1988,0,True
0.0036824713461101055,0.0045045045045045045,1.0,0.008968609865470852,0.00562429696287964,9,1989,0,True
0.0036820811219513416,0.004502251125562781,1.0,0.008964143426294821,0.005621486570893191,9,1990,0,True
0.0036791504826396704,0.0045,1.0,0.008959681433549029,0.005618678986140592,9,1991,0,True
0.003676794935017824,0.004497751124437781,1.0,0.008955223880597015,0.005615874204417821,9,1992,0,True
0.003674395615234971,0.004495504495504496,1.0,0.008950770760815515,0.00561307222152925,9,1993,0,True
0.0036730971187353134,0.0044932601098352475,1.0,0.008946322067594433,0.00561027303328762,9,1994,0,True
0.0036676127929240465,0.004491017964071856,1.0,0.00894187779433681,0.005607476635514018,9,1995,0,True
0.0036671911366283894,0.004488778054862843,1.0,0.00893743793445879,0.005604683024037863,9,1996,0,True
0.0036640914622694254,0.00448654037886341,1.0,0.008933002481389578,0.005601892194696876,9,1997,0,True
0.0036640060134232044,0.004484304932735426,1.0,0.008928571428571428,0.005599104143337066,9,1998,0,True
0.003663901938125491,0.004482071713147411,1.0,0.008924144769459593,0.00559631886581271,9,1999,0,True
0.003663269802927971,0.004479840716774514,1.0,0.008919722497522299,0.005593536357986327,9,2000,0,True
0.003663144540041685,0.004477611940298508,1.0,0.008915304606240713,0.005590756615728662,9,2001,0,True
0.0036628800444304943,0.0044753853804077575,1.0,0.00891089108910891,0.0055879796349186635,9,2002,0,True
0.003662398084998131,0.0044731610337972166,1.0,0.008906481939633844,0.0055852054114434654,9,2003,0,True
0.0036604430060833693,0.004470938897168405,1.0,0.008902077151335312,0.005582433941198363,9,2004,0,True
0.003655007341876626,0.004468718967229395,1.0,0.008897676717745922,0.005579665220086794,9,2005,0,True
0.0036511991638690233,0.004466501240694789,1.0,0.008893280632411068,0.0055768992440203245,9,2006,0,True
0.003649532562121749,0.004464285714285714,1.0,0.008888888888888889,0.005574136008918618,9,2007,0,True
0.003647776786237955,0.004462072384729797,1.0,0.008884501480750246,0.005571375510709422,9,2008,0,True
0.0036432354245334864,0.0044598612487611496,1.0,0.008880118401578688,0.0055686177453285485,9,2009,0,True
0.0036415448412299156,0.004457652303120356,1.0,0.008875739644970414,0.0055658627087198514,9,2010,0,True
0.003640263108536601,0.004455445544554455,1.0,0.008871365204534253,0.005563110396835208,9,2011,0,True
0.0036395504139363766,0.004453240969816922,1.0,0.008866995073891626,0.005560360805634499,9,2012,0,True
0.0036347450222820044,0.004451038575667656,1.0,0.008862629246676515,0.005557613931085587,9,2013,0,True
0.003633582964539528,0.004448838358872961,1.0,0.008858267716535433,0.0055548697691643,9,2014,0,True
0.003632918233051896,0.004446640316205534,1.0,0.008853910477127398,0.005552128315854411,9,2015,0,True
0.0036318846978247166,0.0044444444444444444,1.0,0.008849557522123894,0.005549389567147614,9,2016,0,True
0.003630245802924037,0.004442250740375123,1.0,0.008845208845208846,0.005546653519043511,9,2017,0,True
0.00362919713370502,0.004440059200789344,1.0,0.008840864440078585,0.005543920167549587,9,2018,0,True
0.0036245565861463547,0.004437869822485207,1.0,0.008836524300441826,0.005541189508681197,9,2019,0,True
0.0036228762473911047,0.004435682602267127,1.0,0.008832188420019628,0.005538461538461538,9,2020,0,True
0.003622323740273714,0.004433497536945813,1.0,0.008827856792545365,0.005535736252921639,9,2021,0,True
0.003622239688411355,0.004431314623338257,1.0,0.008823529411764706,0.005533013648100332,9,2022,0,True
0.00362015631981194,0.0044291338582677165,1.0,0.008819206271435572,0.0055302937200442425,9,2023,0,True
0.003618213115260005,0.004426955238563699,1.0,0.00881488736532811,0.005527576464807763,9,2024,0,True
0.0036179295275360346,0.004424778761061947,1.0,0.00881057268722467,0.0055248618784530384,9,2025,0,True
0.0036155390553176403,0.004422604422604423,1.0,0.008806262230919765,0.005522149957049945,9,2026,0,True
0.00360930897295475,0.0044204322200392925,1.0,0.008801955990220049,0.005519440696676071,9,2027,0,True
0.003606386249884963,0.004418262150220913,1.0,0.008797653958944282,0.005516734093416698,9,2028,0,True
0.003604414639994502,0.004416094210009814,1.0,0.008793356130923302,0.005514030143364784,9,2029,0,True
0.0036039643455296755,0.004413928396272682,1.0,0.0087890625,0.005511328842620943,9,2030,0,True
0.0035991950426250696,0.004411764705882353,1.0,0.008784773060029283,0.005508630187293426,9,2031,0,True
0.003598839743062854,0.004409603135717786,1.0,0.00878048780487805,0.0055059341734981036,9,2032,0,True
0.0035987950395792723,0.004407443682664055,1.0,0.008776206728425159,0.005503240797358444,9,2033,0,True
0.0035972909536212683,0.004405286343612335,1.0,0.008771929824561403,0.005500550055005501,9,2034,0,True
0.0035946134012192488,0.004403131115459882,1.0,0.00876765708718948,0.005497861942577886,9,2035,0,True
0.0035940532106906176,0.004400977995110024,1.0,0.008763388510223954,0.005495176456221761,9,2036,0,True
0.0035918320063501596,0.004398826979472141,1.0,0.008759124087591242,0.005492493592090809,9,2037,0,True
0.0035918154753744602,0.004396678065461651,1.0,0.008754863813229572,0.005489813346346224,9,2038,0,True
0.003589316038414836,0.00439453125,1.0,0.008750607681088965,0.005487135715156688,9,2039,0,True
0.0035883611999452114,0.004392386530014641,1.0,0.008746355685131196,0.005484460694698354,9,2040,0,True
0.0035861609503626823,0.004390243902439025,1.0,0.008742107819329771,0.00548178828115483,9,2041,0,True
0.0035854042507708073,0.004388103364212579,1.0,0.008737864077669903,0.005479118470717156,9,2042,0,True
0.003581840544939041,0.0043859649122807015,1.0,0.008733624454148471,0.00547645125958379,9,2043,0,True
0.0035815665032714605,0.00438382854359474,1.0,0.008729388942774006,0.005473786643960588,9,2044,0,True
0.003579186974093318,0.004381694255111977,1.0,0.00872515753756665,0.00547112462006079,9,2045,0,True
0.003578198840841651,0.004379562043795621,1.0,0.00872093023255814,0.005468465184104995,9,2046,0,True
0.0035740970633924007,0.004377431906614786,1.0,0.008716707021791767,0.005465808332321146,9,2047,0,True
0.0035733941476792097,0.004375303840544483,1.0,0.008712487899322363,0.005463154060944519,9,2048,0,True
0.0035685787443071604,0.004373177842565598,1.0,0.008708272859216255,0.005460502366217692,9,2049,0,True
0.0035636448301374912,0.004371053909664886,1.0,0.008704061895551257,0.005457853244390539,9,2050,0,True
0.0035635754466056824,0.004368932038834952,1.0,0.008699855002416627,0.005455206691720209,9,2051,0,True
0.003563199657946825,0.004366812227074236,1.0,0.008695652173913044,0.0054525627044711015,9,2052,0,True
0.0035594955552369356,0.004364694471387003,1.0,0.008691453404152583,0.00544992127891486,9,2053,0,True
0.0035570557229220867,0.004362578768783325,1.0,0.008687258687258687,0.005447282411330348,9,2054,0,True
0.003556863171979785,0.00436046511627907,1.0,0.008683068017366137,0.0054446460980036296,9,2055,0,True
0.003555532079190016,0.0043583535108958835,1.0,0.008678881388621022,0.0054420123352279595,9,2056,0,True
0.003552888985723257,0.004356243949661181,1.0,0.008674698795180723,0.005439381119303759,9,2057,0,True
0.0035504382103681564,0.0043541364296081275,1.0,0.008670520231213872,0.005436752446538601,9,2058,0,True
0.003550435183569789,0.004352030947775629,1.0,0.008666345690900338,0.005434126313247192,9,2059,0,True
0.0035503963008522987,0.0043499275012083135,1.0,0.008662175168431183,0.005431502715751358,9,2060,0,True
0.0035470055881887674,0.004347826086956522,1.0,0.008658008658008658,0.0054288816503800215,9,2061,0,True
0.0035450244322419167,0.0043457267020762915,1.0,0.008653846153846154,0.005426263113469191,9,2062,0,True
0.003541764337569475,0.004343629343629344,1.0,0.008649687650168188,0.005423647101361938,9,2063,0,True
0.0035380071494728327,0.004341534008683068,1.0,0.008645533141210375,0.005421033610408385,9,2064,0,True
0.003533793380483985,0.004339440694310511,1.0,0.008641382621219395,0.005418422636965683,9,2065,0,True
0.003533679526299238,0.004337349397590362,1.0,0.008637236084452975,0.005415814177398002,9,2066,0,True
0.003533467650413513,0.004335260115606936,1.0,0.008633093525179856,0.0054132082280765065,9,2067,0,True
0.0035311230458319187,0.004333172845450169,1.0,0.00862895493767977,0.0054106047853793434,9,2068,0,True
0.003528586821630597,0.004331087584215592,1.0,0.008624820316243412,0.005408003845691623,9,2069,0,True
0.0035280322190374136,0.004329004329004329,1.0,0.008620689655172414,0.005405405405405406,9,2070,0,True
0.003527115099132061,0.004326923076923077,1.0,0.00861656294877932,0.005402809460919678,9,2071,0,True
0.003524488303810358,0.004324843825084094,1.0,0.00861244019138756,0.005400216008640346,9,2072,0,True
0.003523520426824689,0.004322766570605188,1.0,0.00860832137733142,0.0053976250449802084,9,2073,0,True
0.0035234871320426464,0.0043206913106096975,1.0,0.008604206500956023,0.00539503656635895,9,2074,0,True
0.003522745333611965,0.004318618042226488,1.0,0.008600095556617296,0.005392450569203115,9,2075,0,True
0.0035219036508351564,0.004316546762589928,1.0,0.008595988538681949,0.0053898670499461015,9,2076,0,True
0.003517127363011241,0.004314477468839885,1.0,0.008591885441527447,0.005387286005028134,9,2077,0,True
0.00351683865301311,0.004312410158121706,1.0,0.008587786259541985,0.005384707430896254,9,2078,0,True
0.0035167899914085865,0.004310344827586207,1.0,0.008583690987124463,0.005382131324004306,9,2079,0,True
0.003514666575938463,0.00430828147438966,1.0,0.008579599618684462,0.005379557680812911,9,2080,0,True
0.0035067161079496145,0.00430622009569378,1.0,0.00857551214864221,0.005376986497789461,9,2081,0,True
0.0035054930485785007,0.00430416068866571,1.0,0.008571428571428572,0.005374417771408097,9,2082,0,True
0.003503157291561365,0.004302103250478011,1.0,0.008567348881485007,0.0053718514981496955,9,2083,0,True
0.003502421546727419,0.004300047778308648,1.0,0.008563273073263558,0.00536928767450185,9,2084,0,True
0.0034957127645611763,0.004297994269340974,1.0,0.008559201141226819,0.005366726296958855,9,2085,0,True
0.003495420329272747,0.0042959427207637235,1.0,0.008555133079847909,0.005364167362021695,9,2086,0,True
0.0034907215740531683,0.004293893129770993,1.0,0.00855106888361045,0.005361610866198022,9,2087,0,True
0.003485604887828231,0.004291845493562232,1.0,0.008547008547008548,0.0053590568060021436,9,2088,0,True
0.0034847108181566,0.004289799809342231,1.0,0.00854295206454675,0.005356505177955005,9,2089,0,True
0.003476404817774892,0.004287756074321105,1.0,0.008538899430740038,0.005353955978584176,9,2090,0,True
0.003471884410828352,0.004285714285714286,1.0,0.008534850640113799,0.005351409204423832,9,2091,0,True
0.0034703542478382587,0.004283674440742504,1.0,0.008530805687203791,0.005348864852014739,9,2092,0,True
0.0034678070805966854,0.004281636536631779,1.0,0.008526764566556135,0.005346322917904241,9,2093,0,True
0.0034651763271540403,0.0042796005706134095,1.0,0.008522727272727272,0.005343783398646241,9,2094,0,True
0.0034648554865270853,0.0042775665399239545,1.0,0.008518693800283956,0.005341246290801187,9,2095,0,True
0.0034551944117993116,0.004275534441805225,1.0,0.008514664143803218,0.005338711590936054,9,2096,0,True
0.003454119199886918,0.004273504273504274,1.0,0.00851063829787234,0.005336179295624333,9,2097,0,True
0.003452911274507642,0.004271476032273375,1.0,0.008506616257088847,0.005333649401446011,9,2098,0,True
0.0034520255867391825,0.004269449715370019,1.0,0.008502598016060462,0.005331121904987561,9,2099,0,True
0.0034518614411354065,0.004267425320056899,1.0,0.0084985835694051,0.0053285968028419185,9,2100,0,True
0.003450165968388319,0.0042654028436018955,1.0,0.008494572911750826,0.005326074091608474,9,2101,0,True
0.0034411814995110035,0.004263382283278067,1.0,0.008490566037735849,0.0053235537678930555,9,2102,0,True
0.003439895110204816,0.004261363636363636,1.0,0.008486562942008486,0.005321035828307911,9,2103,0,True
0.0034366368781775236,0.004259346900141978,1.0,0.008482563619227144,0.005318520269471693,9,2104,0,True
0.0034348799381405115,0.004257332071901609,1.0,0.008478568064060292,0.005316007088009451,9,2105,0,True
0.0034270461183041334,0.00425531914893617,1.0,0.00847457627118644,0.005313496280552604,9,2106,0,True
0.003424358321353793,0.004253308128544423,1.0,0.008470588235294117,0.005310987843738935,9,2107,0,True
0.0034139808267354965,0.004251299008030231,1.0,0.008466603951081843,0.0053084817742125754,9,2108,0,True
0.0034128616098314524,0.00424929178470255,1.0,0.00846262341325811,0.005305978068623983,9,2109,0,True
0.0034081859048455954,0.004247286455875413,1.0,0.008458646616541353,0.005303476723629935,9,2110,0,True
0.0034073679707944393,0.0042452830188679245,1.0,0.008454673555659934,0.0053009777358935094,9,2111,0,True
0.0034060957841575146,0.004243281471004243,1.0,0.008450704225352112,0.005298481102084069,9,2112,0,True
0.003405024064704776,0.004241281809613572,1.0,0.008446738620366025,0.005295986818877251,9,2113,0,True
0.0034045453649014235,0.004239284032030146,1.0,0.008442776735459663,0.005293494882954946,9,2114,0,True
0.0034005530178546906,0.00423728813559322,1.0,0.008438818565400843,0.005291005291005291,9,2115,0,True
0.0033988887444138527,0.0042352941176470585,1.0,0.008434864104967198,0.005288518039722647,9,2116,0,True
0.0033981006126850843,0.0042333019755409216,1.0,0.008430913348946136,0.005286033125807588,9,2117,0,True
0.0033974580001085997,0.004231311706629055,1.0,0.008426966292134831,0.0052835505459668895,9,2118,0,True
0.0033946451731026173,0.0042293233082706765,1.0,0.008423022929340197,0.005281070296913508,9,2119,0,True
0.0033945757895708084,0.004227336777829967,1.0,0.00841908325537886,0.005278592375366569,9,2120,0,True
0.003385309362784028,0.004225352112676056,1.0,0.008415147265077139,0.005276116778051354,9,2121,0,True
0.0033838071394711733,0.004223369310183012,1.0,0.008411214953271028,0.005273643501699285,9,2122,0,True
0.003382421098649502,0.004221388367729831,1.0,0.008407286314806165,0.005271172543047909,9,2123,0,True
0.0033805121202021837,0.004219409282700422,1.0,0.008403361344537815,0.005268703898840885,9,2124,0,True
0.003379159839823842,0.004217432052483599,1.0,0.008399440037330844,0.0052662375658279695,9,2125,0,True
0.0033787970896810293,0.004215456674473068,1.0,0.008395522388059701,0.005263773540765002,9,2126,0,True
0.003375221509486437,0.004213483146067416,1.0,0.008391608391608392,0.00526131182041389,9,2127,0,True
0.003371426835656166,0.004211511464670099,1.0,0.008387698042870456,0.0052588524015425965,9,2128,0,True
0.0033713129814714193,0.00420954162768943,1.0,0.008383791336748951,0.005256395280925126,9,2129,0,True
0.003370376070961356,0.004207573632538569,1.0,0.008379888268156424,0.005253940455341506,9,2130,0,True
0.0033701611682772636,0.004205607476635514,1.0,0.00837598883201489,0.00525148792157778,9,2131,0,True
0.003369381418451667,0.004203643157403083,1.0,0.008372093023255815,0.005249037676425989,9,2132,0,True
0.0033673213329166174,0.004201680672268907,1.0,0.008368200836820083,0.005246589716684155,9,2133,0,True
0.003363757859915495,0.004199720018665422,1.0,0.008364312267657992,0.0052441440391562755,9,2134,0,True
0.0033633981365710497,0.004197761194029851,1.0,0.008360427310729215,0.0052417006406523005,9,2135,0,True
0.0033628996461629868,0.004195804195804196,1.0,0.008356545961002786,0.005239259517988124,9,2136,0,True
0.003356969216838479,0.004193849021435228,1.0,0.008352668213457077,0.005236820667985569,9,2137,0,True
0.003356201807036996,0.004191895668374476,1.0,0.008348794063079777,0.005234384087472374,9,2138,0,True
0.0033516925759613514,0.004189944134078212,1.0,0.008344923504867872,0.005231949773282177,9,2139,0,True
0.003350337501615286,0.004187994416007445,1.0,0.008341056533827619,0.005229517722254503,9,2140,0,True
0.003347615711390972,0.004186046511627907,1.0,0.008337193144974525,0.005227087931234754,9,2141,0,True
0.00334643735550344,0.0041841004184100415,1.0,0.008333333333333333,0.00522466039707419,9,2142,0,True
0.003343475516885519,0.004182156133828996,1.0,0.008329477093937991,0.005222235116629918,9,2143,0,True
0.0033425891306251287,0.0041802136553646075,1.0,0.008325624421831638,0.005219812086764876,9,2144,0,True
0.0033335674088448286,0.004178272980501393,1.0,0.008321775312066574,0.0052173913043478265,9,2145,0,True
0.00333305262029171,0.004176334106728539,1.0,0.00831792975970425,0.005214972766253332,9,2146,0,True
0.0033317680936306715,0.004174397031539889,1.0,0.008314087759815243,0.005212556469361751,9,2147,0,True
0.003326904261484742,0.004172461752433936,1.0,0.008310249307479225,0.005210142410559222,9,2148,0,True
0.0033214963041245937,0.004170528266913809,1.0,0.008306414397784956,0.005207730586737646,9,2149,0,True
0.0033210795372724533,0.0041685965724872626,1.0,0.008302583025830259,0.005205320994794679,9,2150,0,True
0.003317534923553467,0.004166666666666667,1.0,0.008298755186721992,0.005202913631633715,9,2151,0,True
0.0033167011570185423,0.0041647385469689956,1.0,0.008294930875576038,0.005200508494163873,9,2152,0,True
0.0033142997417598963,0.004162812210915819,1.0,0.008291110087517274,0.005198105579299989,9,2153,0,True
0.0033135470002889633,0.004160887656033287,1.0,0.008287292817679558,0.005195704883962591,9,2154,0,True
0.0033078710548579693,0.004158964879852125,1.0,0.008283479061205707,0.0051933064050779,9,2155,0,True
0.0033026968594640493,0.004157043879907622,1.0,0.00827966881324747,0.005190910139577806,9,2156,0,True
0.0032937824726104736,0.004155124653739612,1.0,0.008275862068965517,0.005188516084399862,9,2157,0,True
0.0032937698997557163,0.004153207198892478,1.0,0.008272058823529412,0.005186124236487265,9,2158,0,True
0.0032925207633525133,0.004151291512915129,1.0,0.008268259072117593,0.005183734592788849,9,2159,0,True
0.003290132386609912,0.004149377593360996,1.0,0.008264462809917356,0.0051813471502590676,9,2160,0,True
0.0032893128227442503,0.004147465437788019,1.0,0.008260670032124828,0.005178961905857982,9,2161,0,True
0.0032884469255805016,0.004145555043758637,1.0,0.008256880733944955,0.005176578856551248,9,2162,0,True
0.00328342174179852,0.004143646408839779,1.0,0.008253094910591471,0.005174197999310107,9,2163,0,True
0.003281029872596264,0.0041417395306028535,1.0,0.008249312557286892,0.005171819331111367,9,2164,0,True
0.00327852345071733,0.004139834406623735,1.0,0.008245533669262483,0.005169442848937392,9,2165,0,True
0.003276115283370018,0.004137931034482759,1.0,0.008241758241758242,0.005167068549776094,9,2166,0,True
0.0032740654423832893,0.004136029411764706,1.0,0.008237986270022883,0.005164696430620911,9,2167,0,True
0.0032713653054088354,0.004134129536058797,1.0,0.008234217749313814,0.005162326488470804,9,2168,0,True
0.003270084271207452,0.004132231404958678,1.0,0.00823045267489712,0.005159958720330237,9,2169,0,True
0.003269367851316929,0.004130335016062414,1.0,0.008226691042047532,0.005157593123209169,9,2170,0,True
0.0032684123143553734,0.004128440366972477,1.0,0.008222932846048425,0.0051552296941230384,9,2171,0,True
0.003266406012699008,0.0041265474552957355,1.0,0.00821917808219178,0.005152868430092752,9,2172,0,True
0.003266320563852787,0.004124656278643446,1.0,0.008215426745778184,0.005150509328144672,9,2173,0,True
0.0032654188107699156,0.004122766834631242,1.0,0.008211678832116789,0.005148152385310605,9,2174,0,True
0.0032641664147377014,0.004120879120879121,1.0,0.008207934336525308,0.005145797598627788,9,2175,0,True
0.0032608064357191324,0.004118993135011442,1.0,0.008204193254329991,0.005143444965138873,9,2176,0,True
0.003254941198974848,0.004117108874656907,1.0,0.008200455580865604,0.005141094481891923,9,2177,0,True
0.003233475610613823,0.00411522633744856,1.0,0.00819672131147541,0.0051387461459403904,9,2178,0,True
0.003228427842259407,0.004113345521023766,1.0,0.008192990441511151,0.005136399954343111,9,2179,0,True
0.0032223984599113464,0.004111466423024212,1.0,0.00818926296633303,0.00513405590416429,9,2180,0,True
0.0032133746426552534,0.00410958904109589,1.0,0.008185538881309686,0.005131713992473486,9,2181,0,True
0.0032096393406391144,0.004107713372889092,1.0,0.008181818181818182,0.005129374216345605,9,2182,0,True
0.0032085245475172997,0.004105839416058394,1.0,0.00817810086324398,0.005127036572860886,9,2183,0,True
0.003208323149010539,0.004103967168262654,1.0,0.008174386920980926,0.005124701059104886,9,2184,0,True
0.0032074616756290197,0.004102096627164996,1.0,0.008170676350431231,0.005122367672168469,9,2185,0,True
0.0031975945457816124,0.004100227790432802,1.0,0.008166969147005444,0.005120036409147799,9,2186,0,True
0.003195154946297407,0.004098360655737705,1.0,0.00816326530612245,0.00511770726714432,9,2187,0,True
0.003188179340213537,0.004096495220755576,1.0,0.008159564823209429,0.00511538024326475,9,2188,0,True
0.003173359902575612,0.004094631483166515,1.0,0.008155867693701857,0.005113055334621066,9,2189,0,True
0.003168600145727396,0.004092769440654843,1.0,0.008152173913043478,0.005110732538330494,9,2190,0,True
0.0031676830258220434,0.004090909090909091,1.0,0.008148483476686284,0.0051084118515154955,9,2191,0,True
0.00316519639454782,0.00408905043162199,1.0,0.008144796380090498,0.005106093271303755,9,2192,0,True
0.0031630066223442554,0.004087193460490463,1.0,0.008141112618724558,0.005103776794828173,9,2193,0,True
0.003161718836054206,0.0040853381752156154,1.0,0.0081374321880651,0.005101462419226845,9,2194,0,True
0.003161623841151595,0.004083484573502722,1.0,0.008133755083596927,0.0050991501416430595,9,2195,0,True
0.0031595986802130938,0.004081632653061225,1.0,0.008130081300813009,0.0050968399592252805,9,2196,0,True
0.003140779444947839,0.004079782411604714,1.0,0.008126410835214447,0.005094531869127137,9,2197,0,True
0.0031257965601980686,0.0040779338468509285,1.0,0.008122743682310469,0.005092225868507412,9,2198,0,True
0.0031214593909680843,0.004076086956521739,1.0,0.008119079837618403,0.00508992195453003,9,2199,0,True
0.0031188135035336018,0.004074241738343142,1.0,0.008115419296663661,0.005087620124364048,9,2200,0,True
0.0031071999110281467,0.004072398190045249,1.0,0.00811176205497972,0.005085320375183637,9,2201,0,True
0.003104285802692175,0.004070556309362279,1.0,0.008108108108108109,0.005083022704168078,9,2202,0,True
0.0031017884612083435,0.00406871609403255,1.0,0.00810445745159838,0.00508072710850175,9,2203,0,True
0.003097936511039734,0.004066877541798464,1.0,0.008100810081008101,0.005078433585374111,9,2204,0,True
0.00308597250841558,0.0040650406504065045,1.0,0.008097165991902834,0.005076142131979695,9,2205,0,True
0.0030827950686216354,0.004063205417607223,1.0,0.008093525179856115,0.005073852745518097,9,2206,0,True
0.003067285753786564,0.004061371841155234,1.0,0.008089887640449439,0.005071565423193959,9,2207,0,True
0.0030569781083613634,0.0040595399188092015,1.0,0.008086253369272238,0.005069280162216965,9,2208,0,True
0.003056111978366971,0.0040577096483318306,1.0,0.008082622361921869,0.005066996959801824,9,2209,0,True
0.0030545464251190424,0.00405588102748986,1.0,0.00807899461400359,0.005064715813168261,9,2210,0,True
0.0030511326622217894,0.004054054054054054,1.0,0.008075370121130552,0.005062436719541006,9,2211,0,True
0.0030391295440495014,0.00405222872579919,1.0,0.008071748878923767,0.005060159676149781,9,2212,0,True
0.003031875006854534,0.004050405040504051,1.0,0.008068130883012102,0.005057884680229291,9,2213,0,True
0.003011381020769477,0.004048582995951417,1.0,0.008064516129032258,0.005055611729019211,9,2214,0,True
0.003009421518072486,0.0040467625899280575,1.0,0.00806090461262875,0.0050533408197641775,9,2215,0,True
0.003008304862305522,0.004044943820224719,1.0,0.008057296329453895,0.005051071949713773,9,2216,0,True
0.003002649638801813,0.004043126684636119,1.0,0.008053691275167786,0.005048805116122518,9,2217,0,True
0.002998736687004566,0.004041311180960934,1.0,0.008050089445438283,0.00504654031624986,9,2218,0,True
0.0029938279185444117,0.004039497307001795,1.0,0.008046490835940992,0.005044277547360161,9,2219,0,True
0.0029806303791701794,0.004037685060565276,1.0,0.00804289544235925,0.005042016806722689,9,2220,0,True
0.002978849457576871,0.004035874439461884,1.0,0.0080393032603841,0.005039758091611603,9,2221,0,True
0.002978117438033223,0.004034065441506051,1.0,0.008035714285714285,0.005037501399305944,9,2222,0,True
0.0029697699937969446,0.004032258064516129,1.0,0.008032128514056224,0.005035246727089627,9,2223,0,True
0.002954025287181139,0.004030452306314375,1.0,0.008028545941123996,0.005032994072251426,9,2224,0,True
0.002951700473204255,0.0040286481647269475,1.0,0.008024966562639322,0.005030743432084964,9,2225,0,True
0.002946993103250861,0.004026845637583893,1.0,0.008021390374331552,0.005028494803888703,9,2226,0,True
0.0029365625232458115,0.004025044722719142,1.0,0.008017817371937639,0.005026248184965933,9,2227,0,True
0.0029224478639662266,0.004023245417970496,1.0,0.008014247551202136,0.005024003572624763,9,2228,0,True
0.0029022772796452045,0.004021447721179625,1.0,0.00801068090787717,0.0050217609641781055,9,2229,0,True
0.002896550577133894,0.00401965163019205,1.0,0.00800711743772242,0.0050195203569436695,9,2230,0,True
0.0028947871178388596,0.0040178571428571425,1.0,0.008003557136505114,0.005017281748243951,9,2231,0,True
0.002889781491830945,0.004016064257028112,1.0,0.008,0.0050150451354062184,9,2232,0,True
0.002888936549425125,0.004014272970561998,1.0,0.007996446023989337,0.005012810515762504,9,2233,0,True
0.0028763876762241125,0.004012483281319661,1.0,0.007992895204262877,0.005010577886649594,9,2234,0,True
0.0028185155242681503,0.004010695187165776,1.0,0.007989347536617843,0.005008347245409015,9,2235,0,True
0.0028180170338600874,0.004008908685968819,1.0,0.007985803016858917,0.005006118589387028,9,2236,0,True
0.0028116274625062943,0.004007123775601068,1.0,0.007982261640798226,0.005003891915934616,9,2237,0,True
0.0028019060846418142,0.004005340453938585,1.0,0.007978723404255319,0.005001667222407469,9,2238,0,True
0.0027786262799054384,0.00400355871886121,1.0,0.007975188303057155,0.004999444506165982,9,2239,0,True
0.002744243945926428,0.004001778568252557,1.0,0.007971656333038087,0.004997223764575236,9,2240,0,True
0.0026633928064256907,0.004,1.0,0.00796812749003984,0.004995004995004995,9,2241,0,True
0.0025235742796212435,0.003998223011994669,1.0,0.007964601769911504,0.00499278819482969,9,2242,0,True
0.0024652257561683655,0.003996447602131439,1.0,0.00796107916850951,0.004990573361428413,9,2243,0,True
0.0023802637588232756,0.0039946737683089215,1.0,0.007957559681697613,0.004988360492184902,9,2244,0,True
