threshold,precision,recall,f1,f05,tp,fp,fn,eligible_recall_070
0.966195285320282,1.0,0.03125,0.06060606060606061,0.1388888888888889,1,0,31,False
0.9596401453018188,1.0,0.0625,0.11764705882352941,0.25,2,0,30,False
0.9592992067337036,1.0,0.09375,0.17142857142857143,0.3409090909090909,3,0,29,False
0.9573953151702881,0.75,0.09375,0.16666666666666666,0.3125,3,1,29,False
0.9528446793556213,0.8,0.125,0.21621621621621623,0.38461538461538464,4,1,28,False
0.9512596130371094,0.8333333333333334,0.15625,0.2631578947368421,0.44642857142857145,5,1,27,False
0.9507043361663818,0.8571428571428571,0.1875,0.3076923076923077,0.5,6,1,26,False
0.9502503871917725,0.75,0.1875,0.3,0.46875,6,2,26,False
0.9499959945678711,0.7777777777777778,0.21875,0.34146341463414637,0.5147058823529411,7,2,25,False
0.9476146697998047,0.8,0.25,0.38095238095238093,0.5555555555555556,8,2,24,False
0.9447278380393982,0.8181818181818182,0.28125,0.4186046511627907,0.5921052631578947,9,2,23,False
0.9373204112052917,0.8333333333333334,0.3125,0.45454545454545453,0.625,10,2,22,False
0.92867511510849,0.8461538461538461,0.34375,0.4888888888888889,0.6547619047619048,11,2,21,False
0.9148047566413879,0.7857142857142857,0.34375,0.4782608695652174,0.625,11,3,21,False
0.907596230506897,0.8,0.375,0.5106382978723404,0.6521739130434783,12,3,20,False
0.8885244131088257,0.8125,0.40625,0.5416666666666666,0.6770833333333334,13,3,19,False
0.87928706407547,0.8235294117647058,0.4375,0.5714285714285714,0.7,14,3,18,False
0.8543228507041931,0.8333333333333334,0.46875,0.6,0.7211538461538461,15,3,17,False
0.8280332088470459,0.7894736842105263,0.46875,0.5882352941176471,0.6944444444444444,15,4,17,False
0.8243914246559143,0.75,0.46875,0.5769230769230769,0.6696428571428571,15,5,17,False
0.8064594268798828,0.7619047619047619,0.5,0.6037735849056604,0.6896551724137931,16,5,16,False
0.7864419221878052,0.7727272727272727,0.53125,0.6296296296296297,0.7083333333333334,17,5,15,False
0.7656084299087524,0.7391304347826086,0.53125,0.6181818181818182,0.6854838709677419,17,6,15,False
0.74234938621521,0.7083333333333334,0.53125,0.6071428571428571,0.6640625,17,7,15,False
0.6695785522460938,0.68,0.53125,0.5964912280701754,0.6439393939393939,17,8,15,False
0.6633312106132507,0.6538461538461539,0.53125,0.5862068965517241,0.625,17,9,15,False
0.5878890156745911,0.6296296296296297,0.53125,0.576271186440678,0.6071428571428571,17,10,15,False
0.5870307087898254,0.6071428571428571,0.53125,0.5666666666666667,0.5902777777777778,17,11,15,False
0.5866542458534241,0.5862068965517241,0.53125,0.5573770491803278,0.5743243243243243,17,12,15,False
0.5738844871520996,0.5666666666666667,0.53125,0.5483870967741935,0.5592105263157895,17,13,15,False
0.5499222874641418,0.5483870967741935,0.53125,0.5396825396825397,0.5448717948717948,17,14,15,False
0.5463652014732361,0.5625,0.5625,0.5625,0.5625,18,14,14,False
0.5433439612388611,0.5757575757575758,0.59375,0.5846153846153846,0.5792682926829268,19,14,13,False
0.5369938015937805,0.5588235294117647,0.59375,0.5757575757575758,0.5654761904761905,19,15,13,False
0.5133790373802185,0.5428571428571428,0.59375,0.5671641791044776,0.5523255813953488,19,16,13,False
0.49619245529174805,0.5277777777777778,0.59375,0.5588235294117647,0.5397727272727273,19,17,13,False
0.46968144178390503,0.5135135135135135,0.59375,0.5507246376811594,0.5277777777777778,19,18,13,False
0.45421090722084045,0.5,0.59375,0.5428571428571428,0.5163043478260869,19,19,13,False
0.44765210151672363,0.48717948717948717,0.59375,0.5352112676056338,0.5053191489361702,19,20,13,False
0.4440739154815674,0.5,0.625,0.5555555555555556,0.5208333333333334,20,20,12,False
0.440396249294281,0.4878048780487805,0.625,0.547945205479452,0.5102040816326531,20,21,12,False
0.4095088243484497,0.47619047619047616,0.625,0.5405405405405406,0.5,20,22,12,False
0.40375611186027527,0.46511627906976744,0.625,0.5333333333333333,0.49019607843137253,20,23,12,False
0.40270355343818665,0.4772727272727273,0.65625,0.5526315789473685,0.5048076923076923,21,23,11,False
0.39217495918273926,0.4666666666666667,0.65625,0.5454545454545454,0.49528301886792453,21,24,11,False
0.38804036378860474,0.45652173913043476,0.65625,0.5384615384615384,0.4861111111111111,21,25,11,False
0.38559773564338684,0.44680851063829785,0.65625,0.5316455696202531,0.4772727272727273,21,26,11,False
0.3838645815849304,0.4375,0.65625,0.525,0.46875,21,27,11,False
0.3502711355686188,0.42857142857142855,0.65625,0.5185185185185185,0.4605263157894737,21,28,11,False
0.3388855755329132,0.42,0.65625,0.5121951219512195,0.4525862068965517,21,29,11,False
0.33076950907707214,0.43137254901960786,0.6875,0.5301204819277109,0.4661016949152542,22,29,10,False
0.3288165032863617,0.4423076923076923,0.71875,0.5476190476190477,0.4791666666666667,23,29,9,True
0.3225255012512207,0.4339622641509434,0.71875,0.5411764705882353,0.4713114754098361,23,30,9,True
0.31511160731315613,0.42592592592592593,0.71875,0.5348837209302325,0.4637096774193548,23,31,9,True
0.3114546239376068,0.41818181818181815,0.71875,0.5287356321839081,0.45634920634920634,23,32,9,True
0.30763134360313416,0.4107142857142857,0.71875,0.5227272727272727,0.44921875,23,33,9,True
0.304171621799469,0.40350877192982454,0.71875,0.5168539325842697,0.4423076923076923,23,34,9,True
0.2978397309780121,0.39655172413793105,0.71875,0.5111111111111111,0.4356060606060606,23,35,9,True
0.2899339199066162,0.3898305084745763,0.71875,0.5054945054945055,0.4291044776119403,23,36,9,True
0.2837485074996948,0.38333333333333336,0.71875,0.5,0.4227941176470588,23,37,9,True
0.2741168141365051,0.3770491803278688,0.71875,0.4946236559139785,0.4166666666666667,23,38,9,True
0.2659744620323181,0.3709677419354839,0.71875,0.48936170212765956,0.4107142857142857,23,39,9,True
0.2641128599643707,0.36507936507936506,0.71875,0.4842105263157895,0.40492957746478875,23,40,9,True
0.26050692796707153,0.359375,0.71875,0.4791666666666667,0.3993055555555556,23,41,9,True
0.25839507579803467,0.35384615384615387,0.71875,0.4742268041237113,0.3938356164383562,23,42,9,True
0.2512458264827728,0.3484848484848485,0.71875,0.46938775510204084,0.3885135135135135,23,43,9,True
0.24659065902233124,0.34328358208955223,0.71875,0.46464646464646464,0.38333333333333336,23,44,9,True
0.24497917294502258,0.3382352941176471,0.71875,0.46,0.3782894736842105,23,45,9,True
0.223525732755661,0.3333333333333333,0.71875,0.45544554455445546,0.37337662337662336,23,46,9,True
0.22240839898586273,0.34285714285714286,0.75,0.47058823529411764,0.38461538461538464,24,46,8,True
0.21640099585056305,0.3380281690140845,0.75,0.46601941747572817,0.379746835443038,24,47,8,True
0.2139049619436264,0.3472222222222222,0.78125,0.4807692307692308,0.390625,25,47,7,True
0.21275901794433594,0.3424657534246575,0.78125,0.47619047619047616,0.38580246913580246,25,48,7,True
0.2122993916273117,0.33783783783783783,0.78125,0.4716981132075472,0.38109756097560976,25,49,7,True
0.20691893994808197,0.3333333333333333,0.78125,0.4672897196261682,0.37650602409638556,25,50,7,True
0.20476701855659485,0.32894736842105265,0.78125,0.46296296296296297,0.37202380952380953,25,51,7,True
0.20405595004558563,0.3246753246753247,0.78125,0.45871559633027525,0.36764705882352944,25,52,7,True
0.1980779618024826,0.32051282051282054,0.78125,0.45454545454545453,0.3633720930232558,25,53,7,True
0.19761812686920166,0.31645569620253167,0.78125,0.45045045045045046,0.35919540229885055,25,54,7,True
0.1965106874704361,0.325,0.8125,0.4642857142857143,0.3693181818181818,26,54,6,True
0.1935647428035736,0.32098765432098764,0.8125,0.46017699115044247,0.3651685393258427,26,55,6,True
0.19194436073303223,0.32926829268292684,0.84375,0.47368421052631576,0.375,27,55,5,True
0.1891046017408371,0.3253012048192771,0.84375,0.46956521739130436,0.3708791208791209,27,56,5,True
0.1860712170600891,0.32142857142857145,0.84375,0.46551724137931033,0.36684782608695654,27,57,5,True
0.17543400824069977,0.3176470588235294,0.84375,0.46153846153846156,0.3629032258064516,27,58,5,True
0.16472868621349335,0.313953488372093,0.84375,0.4576271186440678,0.35904255319148937,27,59,5,True
0.16369616985321045,0.3103448275862069,0.84375,0.453781512605042,0.35526315789473684,27,60,5,True
0.16128788888454437,0.3068181818181818,0.84375,0.45,0.3515625,27,61,5,True
0.15619362890720367,0.30337078651685395,0.84375,0.4462809917355372,0.3479381443298969,27,62,5,True
0.1559697985649109,0.3,0.84375,0.4426229508196721,0.34438775510204084,27,63,5,True
0.1556168496608734,0.2967032967032967,0.84375,0.43902439024390244,0.3409090909090909,27,64,5,True
0.15344038605690002,0.29347826086956524,0.84375,0.43548387096774194,0.3375,27,65,5,True
0.15006981790065765,0.2903225806451613,0.84375,0.432,0.3341584158415842,27,66,5,True
0.14771246910095215,0.2872340425531915,0.84375,0.42857142857142855,0.33088235294117646,27,67,5,True
0.14437198638916016,0.28421052631578947,0.84375,0.4251968503937008,0.3276699029126214,27,68,5,True
0.14285017549991608,0.28125,0.84375,0.421875,0.3245192307692308,27,69,5,True
0.1418127715587616,0.27835051546391754,0.84375,0.4186046511627907,0.32142857142857145,27,70,5,True
0.1412278711795807,0.2755102040816326,0.84375,0.4153846153846154,0.31839622641509435,27,71,5,True
0.13997545838356018,0.2727272727272727,0.84375,0.4122137404580153,0.31542056074766356,27,72,5,True
0.13765254616737366,0.27,0.84375,0.4090909090909091,0.3125,27,73,5,True
0.1361759603023529,0.26732673267326734,0.84375,0.40601503759398494,0.30963302752293576,27,74,5,True
0.13554222881793976,0.2647058823529412,0.84375,0.40298507462686567,0.3068181818181818,27,75,5,True
0.13359953463077545,0.2621359223300971,0.84375,0.4,0.30405405405405406,27,76,5,True
0.1276998668909073,0.25961538461538464,0.84375,0.39705882352941174,0.3013392857142857,27,77,5,True
0.12668290734291077,0.2571428571428571,0.84375,0.39416058394160586,0.29867256637168144,27,78,5,True
0.12640133500099182,0.25471698113207547,0.84375,0.391304347826087,0.29605263157894735,27,79,5,True
0.12402188032865524,0.2523364485981308,0.84375,0.38848920863309355,0.29347826086956524,27,80,5,True
0.12252049893140793,0.25925925925925924,0.875,0.4,0.3017241379310345,28,80,4,True
0.12241777032613754,0.25688073394495414,0.875,0.3971631205673759,0.29914529914529914,28,81,4,True
0.12202709168195724,0.2545454545454545,0.875,0.39436619718309857,0.2966101694915254,28,82,4,True
0.12092207372188568,0.25225225225225223,0.875,0.3916083916083916,0.29411764705882354,28,83,4,True
0.1179233118891716,0.25,0.875,0.3888888888888889,0.2916666666666667,28,84,4,True
0.11737235635519028,0.24778761061946902,0.875,0.38620689655172413,0.2892561983471074,28,85,4,True
0.11129926890134811,0.24561403508771928,0.875,0.3835616438356164,0.28688524590163933,28,86,4,True
0.10278915613889694,0.24347826086956523,0.875,0.38095238095238093,0.2845528455284553,28,87,4,True
0.1016162559390068,0.2413793103448276,0.875,0.3783783783783784,0.28225806451612906,28,88,4,True
0.10008468478918076,0.23931623931623933,0.875,0.37583892617449666,0.28,28,89,4,True
0.09843956679105759,0.23728813559322035,0.875,0.37333333333333335,0.2777777777777778,28,90,4,True
0.09653125703334808,0.23529411764705882,0.875,0.3708609271523179,0.2755905511811024,28,91,4,True
0.09651126712560654,0.23333333333333334,0.875,0.3684210526315789,0.2734375,28,92,4,True
0.09412167966365814,0.23140495867768596,0.875,0.3660130718954248,0.2713178294573643,28,93,4,True
0.09357653558254242,0.22950819672131148,0.875,0.36363636363636365,0.2692307692307692,28,94,4,True
0.0925104022026062,0.22764227642276422,0.875,0.36129032258064514,0.26717557251908397,28,95,4,True
0.09249711781740189,0.22580645161290322,0.875,0.358974358974359,0.26515151515151514,28,96,4,True
0.09127294272184372,0.224,0.875,0.35668789808917195,0.2631578947368421,28,97,4,True
0.09120288491249084,0.2222222222222222,0.875,0.35443037974683544,0.26119402985074625,28,98,4,True
0.09111443907022476,0.2204724409448819,0.875,0.3522012578616352,0.25925925925925924,28,99,4,True
0.09076063334941864,0.21875,0.875,0.35,0.25735294117647056,28,100,4,True
0.09027181565761566,0.21705426356589147,0.875,0.34782608695652173,0.25547445255474455,28,101,4,True
0.08928418904542923,0.2153846153846154,0.875,0.345679012345679,0.2536231884057971,28,102,4,True
0.0891697108745575,0.21374045801526717,0.875,0.34355828220858897,0.2517985611510791,28,103,4,True
0.08881239593029022,0.21212121212121213,0.875,0.34146341463414637,0.25,28,104,4,True
0.08821533620357513,0.21052631578947367,0.875,0.3393939393939394,0.24822695035460993,28,105,4,True
0.0872209444642067,0.208955223880597,0.875,0.3373493975903614,0.24647887323943662,28,106,4,True
0.0870322436094284,0.2074074074074074,0.875,0.33532934131736525,0.24475524475524477,28,107,4,True
0.08658487349748611,0.20588235294117646,0.875,0.3333333333333333,0.24305555555555555,28,108,4,True
0.08509800583124161,0.20437956204379562,0.875,0.33136094674556216,0.2413793103448276,28,109,4,True
0.08410877734422684,0.2028985507246377,0.875,0.32941176470588235,0.23972602739726026,28,110,4,True
0.0832856073975563,0.2014388489208633,0.875,0.32748538011695905,0.23809523809523808,28,111,4,True
0.08281182497739792,0.2,0.875,0.32558139534883723,0.23648648648648649,28,112,4,True
0.08258408308029175,0.19858156028368795,0.875,0.3236994219653179,0.2348993288590604,28,113,4,True
0.08252128213644028,0.19718309859154928,0.875,0.3218390804597701,0.23333333333333334,28,114,4,True
0.08144962042570114,0.1958041958041958,0.875,0.32,0.23178807947019867,28,115,4,True
0.08057278394699097,0.19444444444444445,0.875,0.3181818181818182,0.23026315789473684,28,116,4,True
0.08054253458976746,0.19310344827586207,0.875,0.3163841807909605,0.22875816993464052,28,117,4,True
0.0797865241765976,0.1917808219178082,0.875,0.3146067415730337,0.22727272727272727,28,118,4,True
0.07823514938354492,0.19047619047619047,0.875,0.3128491620111732,0.22580645161290322,28,119,4,True
0.07672988623380661,0.1891891891891892,0.875,0.3111111111111111,0.22435897435897437,28,120,4,True
0.07661060243844986,0.18791946308724833,0.875,0.30939226519337015,0.2229299363057325,28,121,4,True
0.07528255134820938,0.18666666666666668,0.875,0.3076923076923077,0.22151898734177214,28,122,4,True
0.07434725761413574,0.18543046357615894,0.875,0.30601092896174864,0.22012578616352202,28,123,4,True
0.07433482259511948,0.18421052631578946,0.875,0.30434782608695654,0.21875,28,124,4,True
0.07262159138917923,0.1830065359477124,0.875,0.3027027027027027,0.21739130434782608,28,125,4,True
0.0723528116941452,0.18181818181818182,0.875,0.3010752688172043,0.21604938271604937,28,126,4,True
0.07084043323993683,0.18064516129032257,0.875,0.2994652406417112,0.2147239263803681,28,127,4,True
0.06932264566421509,0.1794871794871795,0.875,0.2978723404255319,0.21341463414634146,28,128,4,True
0.06872572004795074,0.17834394904458598,0.875,0.2962962962962963,0.21212121212121213,28,129,4,True
0.06697559356689453,0.17721518987341772,0.875,0.29473684210526313,0.21084337349397592,28,130,4,True
0.06653457880020142,0.1761006289308176,0.875,0.2931937172774869,0.20958083832335328,28,131,4,True
0.06501253694295883,0.175,0.875,0.2916666666666667,0.20833333333333334,28,132,4,True
0.06448832899332047,0.17391304347826086,0.875,0.29015544041450775,0.20710059171597633,28,133,4,True
0.06312695890665054,0.1728395061728395,0.875,0.28865979381443296,0.20588235294117646,28,134,4,True
0.06311777979135513,0.17177914110429449,0.875,0.28717948717948716,0.2046783625730994,28,135,4,True
0.06309548020362854,0.17073170731707318,0.875,0.2857142857142857,0.20348837209302326,28,136,4,True
0.06261203438043594,0.1696969696969697,0.875,0.28426395939086296,0.2023121387283237,28,137,4,True
0.06188589334487915,0.1686746987951807,0.875,0.2828282828282828,0.20114942528735633,28,138,4,True
0.058331310749053955,0.16766467065868262,0.875,0.2814070351758794,0.2,28,139,4,True
0.0579046905040741,0.16666666666666666,0.875,0.28,0.19886363636363635,28,140,4,True
0.05773686245083809,0.17159763313609466,0.90625,0.2885572139303483,0.20480225988700565,29,140,3,True
0.057318706065416336,0.17058823529411765,0.90625,0.2871287128712871,0.20365168539325842,29,141,3,True
0.057288192212581635,0.1695906432748538,0.90625,0.2857142857142857,0.20251396648044692,29,142,3,True
0.05694742873311043,0.1686046511627907,0.90625,0.28431372549019607,0.2013888888888889,29,143,3,True
0.05681717023253441,0.1676300578034682,0.90625,0.28292682926829266,0.20027624309392264,29,144,3,True
0.0565326027572155,0.16666666666666666,0.90625,0.2815533980582524,0.19917582417582416,29,145,3,True
0.056511782109737396,0.1657142857142857,0.90625,0.28019323671497587,0.19808743169398907,29,146,3,True
0.055875513702631,0.16477272727272727,0.90625,0.27884615384615385,0.19701086956521738,29,147,3,True
0.0544576421380043,0.1638418079096045,0.90625,0.27751196172248804,0.19594594594594594,29,148,3,True
0.053436413407325745,0.16292134831460675,0.90625,0.2761904761904762,0.19489247311827956,29,149,3,True
0.05288473516702652,0.16201117318435754,0.90625,0.27488151658767773,0.19385026737967914,29,150,3,True
0.05288185551762581,0.16111111111111112,0.90625,0.27358490566037735,0.19281914893617022,29,151,3,True
0.05048713460564613,0.16022099447513813,0.90625,0.27230046948356806,0.1917989417989418,29,152,3,True
0.050451964139938354,0.15934065934065933,0.90625,0.27102803738317754,0.19078947368421054,29,153,3,True
0.049987614154815674,0.15846994535519127,0.90625,0.26976744186046514,0.18979057591623036,29,154,3,True
0.04906511679291725,0.15760869565217392,0.90625,0.26851851851851855,0.18880208333333334,29,155,3,True
0.048753347247838974,0.15675675675675677,0.90625,0.2672811059907834,0.1878238341968912,29,156,3,True
0.048495594412088394,0.15591397849462366,0.90625,0.26605504587155965,0.18685567010309279,29,157,3,True
0.04843968152999878,0.15508021390374332,0.90625,0.2648401826484018,0.1858974358974359,29,158,3,True
0.048345040529966354,0.15425531914893617,0.90625,0.2636363636363636,0.18494897959183673,29,159,3,True
0.04808631166815758,0.15343915343915343,0.90625,0.26244343891402716,0.18401015228426396,29,160,3,True
0.04806838557124138,0.15263157894736842,0.90625,0.26126126126126126,0.1830808080808081,29,161,3,True
0.04794969782233238,0.1518324607329843,0.90625,0.2600896860986547,0.18216080402010051,29,162,3,True
0.047863736748695374,0.15104166666666666,0.90625,0.25892857142857145,0.18125,29,163,3,True
0.04732950031757355,0.15025906735751296,0.90625,0.2577777777777778,0.18034825870646767,29,164,3,True
0.04632901772856712,0.15463917525773196,0.9375,0.26548672566371684,0.18564356435643564,30,164,2,True
0.046174660325050354,0.15384615384615385,0.9375,0.2643171806167401,0.18472906403940886,30,165,2,True
0.045916687697172165,0.15306122448979592,0.9375,0.2631578947368421,0.18382352941176472,30,166,2,True
0.04580733925104141,0.15228426395939088,0.9375,0.26200873362445415,0.18292682926829268,30,167,2,True
0.045622315257787704,0.15151515151515152,0.9375,0.2608695652173913,0.1820388349514563,30,168,2,True
0.04515288025140762,0.1507537688442211,0.9375,0.2597402597402597,0.18115942028985507,30,169,2,True
0.04502294585108757,0.15,0.9375,0.25862068965517243,0.18028846153846154,30,170,2,True
0.044270358979701996,0.14925373134328357,0.9375,0.2575107296137339,0.17942583732057416,30,171,2,True
0.043741222470998764,0.1485148514851485,0.9375,0.2564102564102564,0.17857142857142858,30,172,2,True
0.042926814407110214,0.1477832512315271,0.9375,0.2553191489361702,0.17772511848341233,30,173,2,True
0.042732808738946915,0.14705882352941177,0.9375,0.2542372881355932,0.17688679245283018,30,174,2,True
0.04250515252351761,0.14634146341463414,0.9375,0.25316455696202533,0.176056338028169,30,175,2,True
0.04243632033467293,0.14563106796116504,0.9375,0.25210084033613445,0.17523364485981308,30,176,2,True
0.042428433895111084,0.14492753623188406,0.9375,0.2510460251046025,0.1744186046511628,30,177,2,True
0.04204476252198219,0.14423076923076922,0.9375,0.25,0.1736111111111111,30,178,2,True
0.04200473800301552,0.14354066985645933,0.9375,0.24896265560165975,0.1728110599078341,30,179,2,True
0.041798558086156845,0.14285714285714285,0.9375,0.24793388429752067,0.1720183486238532,30,180,2,True
0.04161037877202034,0.14218009478672985,0.9375,0.24691358024691357,0.17123287671232876,30,181,2,True
0.041604287922382355,0.14150943396226415,0.9375,0.2459016393442623,0.17045454545454544,30,182,2,True
0.041310884058475494,0.14084507042253522,0.9375,0.24489795918367346,0.16968325791855204,30,183,2,True
0.04076812043786049,0.14018691588785046,0.9375,0.24390243902439024,0.16891891891891891,30,184,2,True
0.04016311839222908,0.13953488372093023,0.9375,0.242914979757085,0.1681614349775785,30,185,2,True
0.04008674621582031,0.1388888888888889,0.9375,0.24193548387096775,0.16741071428571427,30,186,2,True
0.040053434669971466,0.1382488479262673,0.9375,0.24096385542168675,0.16666666666666666,30,187,2,True
0.03977604955434799,0.13761467889908258,0.9375,0.24,0.16592920353982302,30,188,2,True
0.039602600038051605,0.136986301369863,0.9375,0.23904382470119523,0.16519823788546256,30,189,2,True
0.039499081671237946,0.13636363636363635,0.9375,0.23809523809523808,0.16447368421052633,30,190,2,True
0.03900730237364769,0.13574660633484162,0.9375,0.23715415019762845,0.16375545851528384,30,191,2,True
0.038713715970516205,0.13513513513513514,0.9375,0.23622047244094488,0.16304347826086957,30,192,2,True
0.03862340375781059,0.13452914798206278,0.9375,0.23529411764705882,0.16233766233766234,30,193,2,True
0.03835517540574074,0.13392857142857142,0.9375,0.234375,0.16163793103448276,30,194,2,True
0.03819318488240242,0.13333333333333333,0.9375,0.23346303501945526,0.1609442060085837,30,195,2,True
0.03776421397924423,0.13274336283185842,0.9375,0.23255813953488372,0.16025641025641027,30,196,2,True
0.0377206914126873,0.13215859030837004,0.9375,0.23166023166023167,0.1595744680851064,30,197,2,True
0.037612829357385635,0.13157894736842105,0.9375,0.23076923076923078,0.15889830508474576,30,198,2,True
0.03726477921009064,0.13100436681222707,0.9375,0.22988505747126436,0.15822784810126583,30,199,2,True
0.03690830618143082,0.13043478260869565,0.9375,0.22900763358778625,0.15756302521008403,30,200,2,True
0.03664456307888031,0.12987012987012986,0.9375,0.22813688212927757,0.15690376569037656,30,201,2,True
0.03658522292971611,0.12931034482758622,0.9375,0.22727272727272727,0.15625,30,202,2,True
0.03633548691868782,0.12875536480686695,0.9375,0.22641509433962265,0.15560165975103735,30,203,2,True
0.036314260214567184,0.1282051282051282,0.9375,0.22556390977443608,0.15495867768595042,30,204,2,True
0.03586873784661293,0.1276595744680851,0.9375,0.2247191011235955,0.15432098765432098,30,205,2,True
0.0355307012796402,0.1271186440677966,0.9375,0.22388059701492538,0.15368852459016394,30,206,2,True
0.0355253666639328,0.12658227848101267,0.9375,0.22304832713754646,0.15306122448979592,30,207,2,True
0.035305071622133255,0.12605042016806722,0.9375,0.2222222222222222,0.1524390243902439,30,208,2,True
0.03511351719498634,0.12552301255230125,0.9375,0.22140221402214022,0.15182186234817813,30,209,2,True
0.03496456891298294,0.125,0.9375,0.22058823529411764,0.15120967741935484,30,210,2,True
0.03476595878601074,0.12448132780082988,0.9375,0.21978021978021978,0.15060240963855423,30,211,2,True
0.03469891846179962,0.12396694214876033,0.9375,0.21897810218978103,0.15,30,212,2,True
0.034525565803050995,0.12345679012345678,0.9375,0.21818181818181817,0.14940239043824702,30,213,2,True
0.03450070694088936,0.12295081967213115,0.9375,0.21739130434782608,0.1488095238095238,30,214,2,True
0.03446241468191147,0.12244897959183673,0.9375,0.21660649819494585,0.1482213438735178,30,215,2,True
0.03444904088973999,0.12195121951219512,0.9375,0.2158273381294964,0.14763779527559054,30,216,2,True
0.03433341532945633,0.1214574898785425,0.9375,0.21505376344086022,0.14705882352941177,30,217,2,True
0.03425157070159912,0.12096774193548387,0.9375,0.21428571428571427,0.146484375,30,218,2,True
0.03420547395944595,0.12048192771084337,0.9375,0.21352313167259787,0.14591439688715954,30,219,2,True
0.03410378098487854,0.12,0.9375,0.2127659574468085,0.14534883720930233,30,220,2,True
0.0334506593644619,0.11952191235059761,0.9375,0.21201413427561838,0.14478764478764478,30,221,2,True
0.03322276473045349,0.11904761904761904,0.9375,0.2112676056338028,0.14423076923076922,30,222,2,True
0.03304823487997055,0.11857707509881422,0.9375,0.21052631578947367,0.14367816091954022,30,223,2,True
0.03282301872968674,0.11811023622047244,0.9375,0.2097902097902098,0.1431297709923664,30,224,2,True
0.03275848925113678,0.11764705882352941,0.9375,0.20905923344947736,0.14258555133079848,30,225,2,True
0.03249821811914444,0.1171875,0.9375,0.20833333333333334,0.14204545454545456,30,226,2,True
0.0323764868080616,0.11673151750972763,0.9375,0.20761245674740483,0.14150943396226415,30,227,2,True
0.03227963298559189,0.11627906976744186,0.9375,0.20689655172413793,0.14097744360902256,30,228,2,True
0.03217729181051254,0.11583011583011583,0.9375,0.20618556701030927,0.1404494382022472,30,229,2,True
0.03197002783417702,0.11538461538461539,0.9375,0.2054794520547945,0.13992537313432835,30,230,2,True
0.03175031766295433,0.11494252873563218,0.9375,0.20477815699658702,0.13940520446096655,30,231,2,True
0.03174504637718201,0.11450381679389313,0.9375,0.20408163265306123,0.1388888888888889,30,232,2,True
0.03168348968029022,0.11406844106463879,0.9375,0.2033898305084746,0.13837638376383765,30,233,2,True
0.030955789610743523,0.11363636363636363,0.9375,0.20270270270270271,0.13786764705882354,30,234,2,True
0.03086908534169197,0.11320754716981132,0.9375,0.20202020202020202,0.13736263736263737,30,235,2,True
0.030858928337693214,0.11278195488721804,0.9375,0.20134228187919462,0.13686131386861314,30,236,2,True
0.030688727274537086,0.11235955056179775,0.9375,0.20066889632107024,0.13636363636363635,30,237,2,True
0.030521545559167862,0.11194029850746269,0.9375,0.2,0.1358695652173913,30,238,2,True
0.030180588364601135,0.11152416356877323,0.9375,0.19933554817275748,0.13537906137184116,30,239,2,True
0.0300559401512146,0.1111111111111111,0.9375,0.1986754966887417,0.13489208633093525,30,240,2,True
0.0300475861877203,0.11070110701107011,0.9375,0.19801980198019803,0.13440860215053763,30,241,2,True
0.0300263911485672,0.11029411764705882,0.9375,0.19736842105263158,0.13392857142857142,30,242,2,True
0.029995203018188477,0.10989010989010989,0.9375,0.19672131147540983,0.13345195729537365,30,243,2,True
0.029925137758255005,0.10948905109489052,0.9375,0.19607843137254902,0.13297872340425532,30,244,2,True
0.029871264472603798,0.10909090909090909,0.9375,0.19543973941368079,0.13250883392226148,30,245,2,True
0.02984495274722576,0.10869565217391304,0.9375,0.19480519480519481,0.13204225352112675,30,246,2,True
0.029564568772912025,0.10830324909747292,0.9375,0.1941747572815534,0.13157894736842105,30,247,2,True
0.029499264433979988,0.1079136690647482,0.9375,0.1935483870967742,0.13111888111888112,30,248,2,True
0.029416630044579506,0.10752688172043011,0.9375,0.19292604501607716,0.13066202090592335,30,249,2,True
0.029191114008426666,0.10714285714285714,0.9375,0.19230769230769232,0.13020833333333334,30,250,2,True
0.029061883687973022,0.10676156583629894,0.9375,0.19169329073482427,0.12975778546712802,30,251,2,True
0.02884187176823616,0.10638297872340426,0.9375,0.1910828025477707,0.12931034482758622,30,252,2,True
0.028760766610503197,0.10600706713780919,0.9375,0.19047619047619047,0.12886597938144329,30,253,2,True
0.028450414538383484,0.1056338028169014,0.9375,0.189873417721519,0.1284246575342466,30,254,2,True
0.028449201956391335,0.10526315789473684,0.9375,0.1892744479495268,0.12798634812286688,30,255,2,True
0.02820737287402153,0.1048951048951049,0.9375,0.18867924528301888,0.12755102040816327,30,256,2,True
0.027926120907068253,0.10452961672473868,0.9375,0.18808777429467086,0.1271186440677966,30,257,2,True
0.027879050001502037,0.10416666666666667,0.9375,0.1875,0.1266891891891892,30,258,2,True
0.027689026668667793,0.10380622837370242,0.9375,0.18691588785046728,0.12626262626262627,30,259,2,True
0.027600573375821114,0.10344827586206896,0.9375,0.18633540372670807,0.12583892617449666,30,260,2,True
0.027424821630120277,0.10309278350515463,0.9375,0.18575851393188855,0.1254180602006689,30,261,2,True
0.027360590174794197,0.10273972602739725,0.9375,0.18518518518518517,0.125,30,262,2,True
0.027358796447515488,0.10238907849829351,0.9375,0.18461538461538463,0.12458471760797342,30,263,2,True
0.027347728610038757,0.10204081632653061,0.9375,0.18404907975460122,0.12417218543046357,30,264,2,True
0.02704600989818573,0.1016949152542373,0.9375,0.1834862385321101,0.12376237623762376,30,265,2,True
0.026833316311240196,0.10135135135135136,0.9375,0.18292682926829268,0.12335526315789473,30,266,2,True
0.026823176071047783,0.10101010101010101,0.9375,0.182370820668693,0.12295081967213115,30,267,2,True
0.026776334270834923,0.10067114093959731,0.9375,0.18181818181818182,0.12254901960784313,30,268,2,True
0.026744551956653595,0.10033444816053512,0.9375,0.18126888217522658,0.12214983713355049,30,269,2,True
0.026651758700609207,0.1,0.9375,0.18072289156626506,0.12175324675324675,30,270,2,True
0.026629798114299774,0.09966777408637874,0.9375,0.18018018018018017,0.12135922330097088,30,271,2,True
0.026591861620545387,0.09933774834437085,0.9375,0.17964071856287425,0.12096774193548387,30,272,2,True
0.026509029790759087,0.09900990099009901,0.9375,0.1791044776119403,0.12057877813504823,30,273,2,True
0.0264741163700819,0.09868421052631579,0.9375,0.17857142857142858,0.1201923076923077,30,274,2,True
0.02599155902862549,0.09836065573770492,0.9375,0.17804154302670624,0.11980830670926518,30,275,2,True
0.025947684422135353,0.09803921568627451,0.9375,0.17751479289940827,0.11942675159235669,30,276,2,True
0.025932395830750465,0.09771986970684039,0.9375,0.17699115044247787,0.11904761904761904,30,277,2,True
0.025754062458872795,0.09740259740259741,0.9375,0.17647058823529413,0.11867088607594936,30,278,2,True
0.02542702667415142,0.0970873786407767,0.9375,0.17595307917888564,0.11829652996845426,30,279,2,True
0.02526058815419674,0.0967741935483871,0.9375,0.17543859649122806,0.1179245283018868,30,280,2,True
0.02524731121957302,0.09646302250803858,0.9375,0.1749271137026239,0.11755485893416928,30,281,2,True
0.025036757811903954,0.09615384615384616,0.9375,0.1744186046511628,0.1171875,30,282,2,True
0.025033947080373764,0.09584664536741214,0.9375,0.17391304347826086,0.11682242990654206,30,283,2,True
0.02499091438949108,0.09554140127388536,0.9375,0.17341040462427745,0.11645962732919254,30,284,2,True
0.02478608302772045,0.09523809523809523,0.9375,0.1729106628242075,0.11609907120743033,30,285,2,True
0.024779925122857094,0.0949367088607595,0.9375,0.1724137931034483,0.11574074074074074,30,286,2,True
0.024774499237537384,0.0946372239747634,0.9375,0.17191977077363896,0.11538461538461539,30,287,2,True
0.024681460112333298,0.09433962264150944,0.9375,0.17142857142857143,0.11503067484662577,30,288,2,True
0.02428852766752243,0.09404388714733543,0.9375,0.17094017094017094,0.11467889908256881,30,289,2,True
0.02410501427948475,0.09375,0.9375,0.17045454545454544,0.11432926829268293,30,290,2,True
0.023870989680290222,0.09345794392523364,0.9375,0.16997167138810199,0.11398176291793313,30,291,2,True
0.023857178166508675,0.09316770186335403,0.9375,0.1694915254237288,0.11363636363636363,30,292,2,True
0.023724164813756943,0.09287925696594428,0.9375,0.16901408450704225,0.11329305135951662,30,293,2,True
0.023621167987585068,0.09259259259259259,0.9375,0.16853932584269662,0.11295180722891567,30,294,2,True
0.023326825350522995,0.09230769230769231,0.9375,0.16806722689075632,0.11261261261261261,30,295,2,True
0.023078618571162224,0.09202453987730061,0.9375,0.16759776536312848,0.1122754491017964,30,296,2,True
0.02275814674794674,0.09174311926605505,0.9375,0.1671309192200557,0.11194029850746269,30,297,2,True
0.022540276870131493,0.09146341463414634,0.9375,0.16666666666666666,0.11160714285714286,30,298,2,True
0.02242008037865162,0.0911854103343465,0.9375,0.16620498614958448,0.11127596439169139,30,299,2,True
0.02237638272345066,0.09090909090909091,0.9375,0.16574585635359115,0.11094674556213018,30,300,2,True
0.022352231666445732,0.09063444108761329,0.9375,0.1652892561983471,0.11061946902654868,30,301,2,True
0.022284716367721558,0.09036144578313253,0.9375,0.16483516483516483,0.11029411764705882,30,302,2,True
0.022133424878120422,0.09009009009009009,0.9375,0.1643835616438356,0.10997067448680352,30,303,2,True
0.022020412608981133,0.08982035928143713,0.9375,0.16393442622950818,0.10964912280701754,30,304,2,True
0.021904123947024345,0.08955223880597014,0.9375,0.16348773841961853,0.10932944606413994,30,305,2,True
0.02180492877960205,0.08928571428571429,0.9375,0.16304347826086957,0.10901162790697674,30,306,2,True
0.021799450740218163,0.08902077151335312,0.9375,0.16260162601626016,0.10869565217391304,30,307,2,True
0.021792924031615257,0.08875739644970414,0.9375,0.16216216216216217,0.10838150289017341,30,308,2,True
0.021659832447767258,0.08849557522123894,0.9375,0.16172506738544473,0.10806916426512968,30,309,2,True
0.021019697189331055,0.08823529411764706,0.9375,0.16129032258064516,0.10775862068965517,30,310,2,True
0.020989054813981056,0.08797653958944282,0.9375,0.16085790884718498,0.10744985673352435,30,311,2,True
0.020986218005418777,0.08771929824561403,0.9375,0.16042780748663102,0.10714285714285714,30,312,2,True
0.020953450351953506,0.08746355685131195,0.9375,0.16,0.10683760683760683,30,313,2,True
0.020756788551807404,0.0872093023255814,0.9375,0.1595744680851064,0.10653409090909091,30,314,2,True
0.02073846012353897,0.08695652173913043,0.9375,0.15915119363395225,0.10623229461756374,30,315,2,True
0.020674575120210648,0.08670520231213873,0.9375,0.15873015873015872,0.1059322033898305,30,316,2,True
0.02052595280110836,0.08645533141210375,0.9375,0.158311345646438,0.1056338028169014,30,317,2,True
0.020475521683692932,0.08620689655172414,0.9375,0.15789473684210525,0.10533707865168539,30,318,2,True
0.020450187847018242,0.08595988538681948,0.9375,0.15748031496062992,0.10504201680672269,30,319,2,True
0.02031756564974785,0.08571428571428572,0.9375,0.15706806282722513,0.10474860335195531,30,320,2,True
0.019904546439647675,0.08547008547008547,0.9375,0.1566579634464752,0.10445682451253482,30,321,2,True
0.01989920251071453,0.08522727272727272,0.9375,0.15625,0.10416666666666667,30,322,2,True
0.01989532634615898,0.08498583569405099,0.9375,0.15584415584415584,0.1038781163434903,30,323,2,True
0.019747957587242126,0.0847457627118644,0.9375,0.15544041450777202,0.10359116022099447,30,324,2,True
0.019653284922242165,0.08450704225352113,0.9375,0.15503875968992248,0.10330578512396695,30,325,2,True
0.019651714712381363,0.08426966292134831,0.9375,0.15463917525773196,0.10302197802197802,30,326,2,True
0.019618993625044823,0.08403361344537816,0.9375,0.15424164524421594,0.10273972602739725,30,327,2,True
0.019339893013238907,0.08379888268156424,0.9375,0.15384615384615385,0.10245901639344263,30,328,2,True
0.019327737390995026,0.08356545961002786,0.9375,0.1534526854219949,0.10217983651226158,30,329,2,True
0.01926305890083313,0.08333333333333333,0.9375,0.15306122448979592,0.10190217391304347,30,330,2,True
0.01915675401687622,0.08310249307479224,0.9375,0.15267175572519084,0.1016260162601626,30,331,2,True
0.019051214680075645,0.08287292817679558,0.9375,0.15228426395939088,0.10135135135135136,30,332,2,True
0.019000891596078873,0.08264462809917356,0.9375,0.1518987341772152,0.10107816711590296,30,333,2,True
0.018674403429031372,0.08241758241758242,0.9375,0.15151515151515152,0.10080645161290322,30,334,2,True
0.018670707941055298,0.0821917808219178,0.9375,0.15113350125944586,0.10053619302949061,30,335,2,True
0.0186625886708498,0.08196721311475409,0.9375,0.1507537688442211,0.10026737967914438,30,336,2,True
0.01845335029065609,0.08174386920980926,0.9375,0.15037593984962405,0.1,30,337,2,True
0.018380535766482353,0.08152173913043478,0.9375,0.15,0.09973404255319149,30,338,2,True
0.018312690779566765,0.08130081300813008,0.9375,0.14962593516209477,0.09946949602122016,30,339,2,True
0.01822679676115513,0.08108108108108109,0.9375,0.14925373134328357,0.0992063492063492,30,340,2,True
0.018090354278683662,0.08086253369272237,0.9375,0.1488833746898263,0.09894459102902374,30,341,2,True
0.01800474524497986,0.08064516129032258,0.9375,0.1485148514851485,0.09868421052631579,30,342,2,True
0.017896262928843498,0.08042895442359249,0.9375,0.14814814814814814,0.0984251968503937,30,343,2,True
0.017894327640533447,0.08021390374331551,0.9375,0.1477832512315271,0.09816753926701571,30,344,2,True
0.01779566891491413,0.08,0.9375,0.14742014742014742,0.097911227154047,30,345,2,True
0.017686838284134865,0.0797872340425532,0.9375,0.14705882352941177,0.09765625,30,346,2,True
0.01756998337805271,0.07957559681697612,0.9375,0.1466992665036675,0.09740259740259741,30,347,2,True
0.01755881868302822,0.07936507936507936,0.9375,0.14634146341463414,0.09715025906735751,30,348,2,True
0.01726008579134941,0.079155672823219,0.9375,0.145985401459854,0.09689922480620156,30,349,2,True
0.017253730446100235,0.07894736842105263,0.9375,0.14563106796116504,0.09664948453608248,30,350,2,True
0.01703217253088951,0.07874015748031496,0.9375,0.14527845036319612,0.09640102827763496,30,351,2,True
0.01678420603275299,0.07853403141361257,0.9375,0.14492753623188406,0.09615384615384616,30,352,2,True
0.016683373600244522,0.0783289817232376,0.9375,0.14457831325301204,0.0959079283887468,30,353,2,True
0.01624109596014023,0.078125,0.9375,0.14423076923076922,0.09566326530612244,30,354,2,True
0.01621985249221325,0.07792207792207792,0.9375,0.14388489208633093,0.09541984732824428,30,355,2,True
0.016194717958569527,0.07772020725388601,0.9375,0.14354066985645933,0.09517766497461928,30,356,2,True
0.016107235103845596,0.07751937984496124,0.9375,0.1431980906921241,0.0949367088607595,30,357,2,True
0.01606638729572296,0.07731958762886598,0.9375,0.14285714285714285,0.0946969696969697,30,358,2,True
0.01595834270119667,0.07712082262210797,0.9375,0.14251781472684086,0.09445843828715365,30,359,2,True
0.015857286751270294,0.07692307692307693,0.9375,0.14218009478672985,0.0942211055276382,30,360,2,True
0.015846403315663338,0.07672634271099744,0.9375,0.14184397163120568,0.09398496240601503,30,361,2,True
0.01578190177679062,0.07653061224489796,0.9375,0.14150943396226415,0.09375,30,362,2,True
0.015704305842518806,0.07633587786259542,0.9375,0.1411764705882353,0.09351620947630923,30,363,2,True
0.015699537470936775,0.07614213197969544,0.9375,0.14084507042253522,0.09328358208955224,30,364,2,True
0.015659840777516365,0.0759493670886076,0.9375,0.1405152224824356,0.09305210918114144,30,365,2,True
0.01560832466930151,0.07575757575757576,0.9375,0.14018691588785046,0.09282178217821782,30,366,2,True
0.01560150645673275,0.07556675062972293,0.9375,0.13986013986013987,0.09259259259259259,30,367,2,True
0.01531137153506279,0.07537688442211055,0.9375,0.13953488372093023,0.09236453201970443,30,368,2,True
0.015174255706369877,0.07518796992481203,0.9375,0.13921113689095127,0.09213759213759214,30,369,2,True
0.015159647911787033,0.075,0.9375,0.1388888888888889,0.09191176470588236,30,370,2,True
0.014948425814509392,0.07481296758104738,0.9375,0.13856812933025403,0.09168704156479218,30,371,2,True
0.014901415444910526,0.07462686567164178,0.9375,0.1382488479262673,0.09146341463414634,30,372,2,True
0.014861736446619034,0.07444168734491315,0.9375,0.13793103448275862,0.09124087591240876,30,373,2,True
0.0148287583142519,0.07425742574257425,0.9375,0.13761467889908258,0.09101941747572816,30,374,2,True
0.014821507036685944,0.07407407407407407,0.9375,0.13729977116704806,0.09079903147699758,30,375,2,True
0.014764986000955105,0.07389162561576355,0.9375,0.136986301369863,0.09057971014492754,30,376,2,True
0.014764854684472084,0.07371007371007371,0.9375,0.1366742596810934,0.09036144578313253,30,377,2,True
0.01472566556185484,0.07352941176470588,0.9375,0.13636363636363635,0.09014423076923077,30,378,2,True
0.014704877510666847,0.07334963325183375,0.9375,0.1360544217687075,0.08992805755395683,30,379,2,True
0.014571263454854488,0.07317073170731707,0.9375,0.13574660633484162,0.08971291866028708,30,380,2,True
0.014516131021082401,0.072992700729927,0.9375,0.13544018058690746,0.08949880668257756,30,381,2,True
0.01449563354253769,0.07281553398058252,0.9375,0.13513513513513514,0.08928571428571429,30,382,2,True
0.014486884698271751,0.07263922518159806,0.9375,0.1348314606741573,0.08907363420427554,30,383,2,True
0.014275611378252506,0.07246376811594203,0.9375,0.13452914798206278,0.08886255924170616,30,384,2,True
0.0139286108314991,0.07228915662650602,0.9375,0.1342281879194631,0.08865248226950355,30,385,2,True
0.013867879286408424,0.07211538461538461,0.9375,0.13392857142857142,0.08844339622641509,30,386,2,True
0.013719751499593258,0.07194244604316546,0.9375,0.133630289532294,0.08823529411764706,30,387,2,True
0.013658704236149788,0.07177033492822966,0.9375,0.13333333333333333,0.0880281690140845,30,388,2,True
0.01359676755964756,0.07159904534606205,0.9375,0.13303769401330376,0.08782201405152225,30,389,2,True
0.013589071109890938,0.07142857142857142,0.9375,0.13274336283185842,0.08761682242990654,30,390,2,True
0.013491502963006496,0.07125890736342043,0.9375,0.13245033112582782,0.08741258741258741,30,391,2,True
0.013455306179821491,0.07109004739336493,0.9375,0.13215859030837004,0.0872093023255814,30,392,2,True
0.013451192528009415,0.07092198581560284,0.9375,0.13186813186813187,0.08700696055684455,30,393,2,True
0.013432600535452366,0.07311320754716981,0.96875,0.13596491228070176,0.08969907407407407,31,393,1,True
0.013377679511904716,0.07294117647058823,0.96875,0.13566739606126915,0.0894919168591224,31,394,1,True
0.013344201259315014,0.07276995305164319,0.96875,0.13537117903930132,0.08928571428571429,31,395,1,True
0.01334329042583704,0.07259953161592506,0.96875,0.13507625272331156,0.08908045977011494,31,396,1,True
0.01327606663107872,0.07242990654205607,0.96875,0.13478260869565217,0.08887614678899082,31,397,1,True
0.013241475448012352,0.07226107226107226,0.96875,0.13449023861171366,0.08867276887871854,31,398,1,True
0.013217248022556305,0.07209302325581396,0.96875,0.1341991341991342,0.0884703196347032,31,399,1,True
0.013075546361505985,0.07192575406032482,0.96875,0.13390928725701945,0.08826879271070615,31,400,1,True
0.013075171038508415,0.07175925925925926,0.96875,0.1336206896551724,0.08806818181818182,31,401,1,True
0.013047590851783752,0.07159353348729793,0.96875,0.13333333333333333,0.08786848072562359,31,402,1,True
0.012940917164087296,0.07142857142857142,0.96875,0.13304721030042918,0.08766968325791855,31,403,1,True
0.012903638184070587,0.07126436781609195,0.96875,0.13276231263383298,0.08747178329571106,31,404,1,True
0.012881779111921787,0.07110091743119266,0.96875,0.13247863247863248,0.08727477477477477,31,405,1,True
0.012763765640556812,0.07093821510297482,0.96875,0.13219616204690832,0.08707865168539326,31,406,1,True
0.012761986814439297,0.07077625570776255,0.96875,0.13191489361702127,0.08688340807174888,31,407,1,True
0.01262151449918747,0.07061503416856492,0.96875,0.1316348195329087,0.08668903803131991,31,408,1,True
0.012611843645572662,0.07045454545454545,0.96875,0.13135593220338984,0.08649553571428571,31,409,1,True
0.012566604651510715,0.07029478458049887,0.96875,0.13107822410147993,0.08630289532293986,31,410,1,True
0.012564622797071934,0.07013574660633484,0.96875,0.1308016877637131,0.08611111111111111,31,411,1,True
0.012423750944435596,0.06997742663656885,0.96875,0.13052631578947368,0.08592017738359202,31,412,1,True
0.012417451478540897,0.06981981981981981,0.96875,0.13025210084033614,0.08573008849557522,31,413,1,True
0.012318219058215618,0.0696629213483146,0.96875,0.129979035639413,0.08554083885209714,31,414,1,True
0.012315365485846996,0.06950672645739911,0.96875,0.1297071129707113,0.08535242290748898,31,415,1,True
0.012232826091349125,0.06935123042505593,0.96875,0.12943632567849686,0.08516483516483517,31,416,1,True
0.012230602093040943,0.06919642857142858,0.96875,0.12916666666666668,0.0849780701754386,31,417,1,True
0.012209316715598106,0.06904231625835189,0.96875,0.1288981288981289,0.08479212253829321,31,418,1,True
0.012193512171506882,0.06888888888888889,0.96875,0.12863070539419086,0.08460698689956332,31,419,1,True
0.012164157815277576,0.06873614190687362,0.96875,0.12836438923395446,0.08442265795206971,31,420,1,True
0.012084834277629852,0.06858407079646017,0.96875,0.128099173553719,0.08423913043478261,31,421,1,True
0.012052337639033794,0.0684326710816777,0.96875,0.12783505154639174,0.08405639913232105,31,422,1,True
0.01187071017920971,0.06828193832599119,0.96875,0.12757201646090535,0.08387445887445888,31,423,1,True
0.011728903278708458,0.06813186813186813,0.96875,0.1273100616016427,0.08369330453563716,31,424,1,True
0.011684978380799294,0.06798245614035088,0.96875,0.12704918032786885,0.08351293103448276,31,425,1,True
0.011667429469525814,0.06783369803063458,0.96875,0.12678936605316973,0.08333333333333333,31,426,1,True
0.011666813865303993,0.06768558951965066,0.96875,0.12653061224489795,0.08315450643776824,31,427,1,True
0.011618845164775848,0.06753812636165578,0.96875,0.12627291242362526,0.08297644539614561,31,428,1,True
0.011617948301136494,0.06739130434782609,0.96875,0.12601626016260162,0.0827991452991453,31,429,1,True
0.011597225442528725,0.06724511930585683,0.96875,0.1257606490872211,0.0826226012793177,31,430,1,True
0.011581286787986755,0.0670995670995671,0.96875,0.12550607287449392,0.08244680851063829,31,431,1,True
0.011555502191185951,0.06695464362850972,0.96875,0.12525252525252525,0.08227176220806794,31,432,1,True
0.011544260196387768,0.0668103448275862,0.96875,0.125,0.08209745762711865,31,433,1,True
0.01150758471339941,0.06666666666666667,0.96875,0.12474849094567404,0.08192389006342495,31,434,1,True
0.0114359799772501,0.06652360515021459,0.96875,0.12449799196787148,0.08175105485232068,31,435,1,True
0.011359668336808681,0.06638115631691649,0.96875,0.12424849699398798,0.08157894736842106,31,436,1,True
0.011353554204106331,0.06623931623931624,0.96875,0.124,0.08140756302521009,31,437,1,True
0.011300422251224518,0.06609808102345416,0.96875,0.12375249500998003,0.08123689727463312,31,438,1,True
0.011248940601944923,0.06595744680851064,0.96875,0.12350597609561753,0.08106694560669456,31,439,1,True
0.011192897334694862,0.06581740976645435,0.96875,0.12326043737574553,0.08089770354906055,31,440,1,True
0.011075695976614952,0.06567796610169492,0.96875,0.12301587301587301,0.08072916666666667,31,441,1,True
0.011045589111745358,0.06553911205073996,0.96875,0.12277227722772277,0.08056133056133057,31,442,1,True
0.011020075529813766,0.06540084388185655,0.96875,0.1225296442687747,0.0803941908713693,31,443,1,True
0.010967737063765526,0.06526315789473684,0.96875,0.1222879684418146,0.08022774327122154,31,444,1,True
0.010890142060816288,0.06512605042016807,0.96875,0.1220472440944882,0.08006198347107438,31,445,1,True
0.010863604955375195,0.0649895178197065,0.96875,0.12180746561886051,0.07989690721649484,31,446,1,True
0.010802243836224079,0.06485355648535565,0.96875,0.12156862745098039,0.07973251028806584,31,447,1,True
0.010672993957996368,0.06471816283924843,0.96875,0.12133072407045009,0.0795687885010267,31,448,1,True
0.010659478604793549,0.06458333333333334,0.96875,0.12109375,0.07940573770491803,31,449,1,True
0.010656120255589485,0.06444906444906445,0.96875,0.12085769980506822,0.07924335378323108,31,450,1,True
0.010608498007059097,0.06431535269709543,0.96875,0.12062256809338522,0.07908163265306123,31,451,1,True
0.01054553221911192,0.06418219461697723,0.96875,0.1203883495145631,0.07892057026476579,31,452,1,True
0.010495665483176708,0.0640495867768595,0.96875,0.12015503875968993,0.07876016260162602,31,453,1,True
0.010493476875126362,0.06391752577319587,0.96875,0.11992263056092843,0.07860040567951318,31,454,1,True
0.010481635108590126,0.06378600823045268,0.96875,0.11969111969111969,0.07844129554655871,31,455,1,True
0.01048063114285469,0.06365503080082136,0.96875,0.11946050096339114,0.07828282828282829,31,456,1,True
0.010479770600795746,0.06352459016393443,0.96875,0.11923076923076924,0.078125,31,457,1,True
0.010447679087519646,0.06339468302658487,0.96875,0.11900191938579655,0.07796780684104627,31,458,1,True
0.010423797182738781,0.06326530612244897,0.96875,0.11877394636015326,0.07781124497991967,31,459,1,True
0.010325228795409203,0.06313645621181263,0.96875,0.11854684512428298,0.07765531062124248,31,460,1,True
0.01014684047549963,0.06300813008130081,0.96875,0.1183206106870229,0.0775,31,461,1,True
0.010135926306247711,0.06288032454361055,0.96875,0.1180952380952381,0.07734530938123753,31,462,1,True
0.010100879706442356,0.06275303643724696,0.96875,0.11787072243346007,0.07719123505976096,31,463,1,True
0.010095641948282719,0.06262626262626263,0.96875,0.11764705882352941,0.07703777335984095,31,464,1,True
0.010071595199406147,0.0625,0.96875,0.11742424242424243,0.07688492063492064,31,465,1,True
0.009938699193298817,0.06237424547283702,0.96875,0.11720226843100189,0.07673267326732673,31,466,1,True
0.009860418736934662,0.06224899598393574,0.96875,0.1169811320754717,0.07658102766798419,31,467,1,True
0.009770626202225685,0.06212424849699399,0.96875,0.1167608286252354,0.07642998027613412,31,468,1,True
0.009746669791638851,0.062,0.96875,0.11654135338345864,0.07627952755905512,31,469,1,True
0.009739856235682964,0.06187624750499002,0.96875,0.11632270168855535,0.07612966601178782,31,470,1,True
0.009704764001071453,0.061752988047808766,0.96875,0.11610486891385768,0.07598039215686274,31,471,1,True
0.009672271087765694,0.061630218687872766,0.96875,0.11588785046728972,0.07583170254403131,31,472,1,True
0.009660311974585056,0.061507936507936505,0.96875,0.11567164179104478,0.07568359375,31,473,1,True
0.00964723713696003,0.061386138613861385,0.96875,0.1154562383612663,0.07553606237816764,31,474,1,True
0.009559458121657372,0.06126482213438735,0.96875,0.11524163568773234,0.07538910505836575,31,475,1,True
0.00953346025198698,0.0611439842209073,0.96875,0.1150278293135436,0.07524271844660194,31,476,1,True
0.009480727836489677,0.0610236220472441,0.96875,0.11481481481481481,0.0750968992248062,31,477,1,True
0.009426947683095932,0.060903732809430254,0.96875,0.11460258780036968,0.07495164410058026,31,478,1,True
0.009410766884684563,0.060784313725490195,0.96875,0.11439114391143912,0.07480694980694981,31,479,1,True
0.009281271137297153,0.060665362035225046,0.96875,0.1141804788213628,0.07466281310211946,31,480,1,True
0.00927322544157505,0.060546875,0.96875,0.11397058823529412,0.07451923076923077,31,481,1,True
0.00924629531800747,0.06042884990253411,0.96875,0.11376146788990826,0.07437619961612284,31,482,1,True
0.009245592169463634,0.06031128404669261,0.96875,0.11355311355311355,0.07423371647509579,31,483,1,True
0.009244801476597786,0.06019417475728155,0.96875,0.113345521023766,0.07409177820267686,31,484,1,True
0.009228555485606194,0.060077519379844964,0.96875,0.11313868613138686,0.07395038167938932,31,485,1,True
0.009201210923492908,0.059961315280464215,0.96875,0.11293260473588343,0.07380952380952381,31,486,1,True
0.00906092207878828,0.059845559845559844,0.96875,0.11272727272727273,0.07366920152091255,31,487,1,True
0.009049647487699986,0.05973025048169557,0.96875,0.11252268602540835,0.07352941176470588,31,488,1,True
0.008971575647592545,0.05961538461538462,0.96875,0.11231884057971014,0.07339015151515152,31,489,1,True
0.008939074352383614,0.05950095969289827,0.96875,0.11211573236889692,0.07325141776937619,31,490,1,True
0.00890841893851757,0.05938697318007663,0.96875,0.11191335740072202,0.07311320754716981,31,491,1,True
0.008834021165966988,0.05927342256214149,0.96875,0.11171171171171171,0.07297551789077213,31,492,1,True
0.008800255134701729,0.05916030534351145,0.96875,0.11151079136690648,0.07283834586466166,31,493,1,True
0.008739706128835678,0.05904761904761905,0.96875,0.11131059245960502,0.07270168855534709,31,494,1,True
0.008725680410861969,0.058935361216730035,0.96875,0.1111111111111111,0.07256554307116105,31,495,1,True
0.008720625191926956,0.058823529411764705,0.96875,0.11091234347048301,0.07242990654205607,31,496,1,True
0.008667082525789738,0.058712121212121215,0.96875,0.11071428571428571,0.07229477611940298,31,497,1,True
0.008586276322603226,0.05860113421550094,0.96875,0.11051693404634581,0.07216014897579143,31,498,1,True
0.008497342467308044,0.05849056603773585,0.96875,0.1103202846975089,0.07202602230483271,31,499,1,True
0.008474069647490978,0.0583804143126177,0.96875,0.11012433392539965,0.07189239332096475,31,500,1,True
0.008429378271102905,0.05827067669172932,0.96875,0.1099290780141844,0.07175925925925926,31,501,1,True
0.008427927270531654,0.058161350844277676,0.96875,0.10973451327433628,0.07162661737523106,31,502,1,True
0.008405065163969994,0.05805243445692884,0.96875,0.10954063604240283,0.07149446494464945,31,503,1,True
0.00834682211279869,0.05794392523364486,0.96875,0.10934744268077601,0.07136279926335175,31,504,1,True
0.008315703831613064,0.05783582089552239,0.96875,0.10915492957746478,0.07123161764705882,31,505,1,True
0.008308632299304008,0.05772811918063315,0.96875,0.10896309314586995,0.07110091743119266,31,506,1,True
0.008296704851090908,0.05762081784386617,0.96875,0.10877192982456141,0.07097069597069597,31,507,1,True
0.008288371376693249,0.0575139146567718,0.96875,0.1085814360770578,0.07084095063985375,31,508,1,True
0.008270049467682838,0.05740740740740741,0.96875,0.10839160839160839,0.07071167883211679,31,509,1,True
0.00826412532478571,0.05730129390018484,0.96875,0.1082024432809773,0.07058287795992714,31,510,1,True
0.00822184607386589,0.05719557195571956,0.96875,0.10801393728222997,0.07045454545454545,31,511,1,True
0.008191135711967945,0.0570902394106814,0.96875,0.10782608695652174,0.07032667876588022,31,512,1,True
0.00816882960498333,0.05698529411764706,0.96875,0.1076388888888889,0.07019927536231885,31,513,1,True
0.008141564205288887,0.05688073394495413,0.96875,0.10745233968804159,0.07007233273056059,31,514,1,True
0.008068052120506763,0.056776556776556776,0.96875,0.10726643598615918,0.06994584837545126,31,515,1,True
0.008044373244047165,0.056672760511883,0.96875,0.1070811744386874,0.06981981981981981,31,516,1,True
0.008042476139962673,0.05656934306569343,0.96875,0.10689655172413794,0.06969424460431654,31,517,1,True
0.008006307296454906,0.056466302367941715,0.96875,0.10671256454388985,0.06956912028725314,31,518,1,True
0.007978097535669804,0.056363636363636366,0.96875,0.10652920962199312,0.06944444444444445,31,519,1,True
0.00797264650464058,0.056261343012704176,0.96875,0.10634648370497427,0.06932021466905187,31,520,1,True
0.00796255562454462,0.05615942028985507,0.96875,0.10616438356164383,0.06919642857142858,31,521,1,True
0.007950963452458382,0.05605786618444846,0.96875,0.10598290598290598,0.06907308377896614,31,522,1,True
0.007941212505102158,0.05595667870036101,0.96875,0.10580204778156997,0.06895017793594306,31,523,1,True
0.00789839681237936,0.055855855855855854,0.96875,0.10562180579216354,0.06882770870337478,31,524,1,True
0.007884528487920761,0.05575539568345324,0.96875,0.1054421768707483,0.06870567375886524,31,525,1,True
0.007833249866962433,0.05565529622980251,0.96875,0.10526315789473684,0.06858407079646017,31,526,1,True
0.007800166495144367,0.05555555555555555,0.96875,0.10508474576271186,0.06846289752650177,31,527,1,True
0.007771158590912819,0.055456171735241505,0.96875,0.10490693739424704,0.068342151675485,31,528,1,True
0.007760021835565567,0.055357142857142855,0.96875,0.10472972972972973,0.0682218309859155,31,529,1,True
0.007750228047370911,0.05525846702317291,0.96875,0.1045531197301855,0.06810193321616871,31,530,1,True
0.007745756302028894,0.05516014234875445,0.96875,0.10437710437710437,0.06798245614035088,31,531,1,True
0.007730843499302864,0.055062166962699825,0.96875,0.10420168067226891,0.06786339754816112,31,532,1,True
0.007710911333560944,0.0549645390070922,0.96875,0.1040268456375839,0.06774475524475525,31,533,1,True
0.00770535646006465,0.05486725663716814,0.96875,0.10385259631490787,0.06762652705061083,31,534,1,True
0.007674523163586855,0.054770318021201414,0.96875,0.10367892976588629,0.06750871080139373,31,535,1,True
0.007673252839595079,0.054673721340388004,0.96875,0.10350584307178631,0.06739130434782609,31,536,1,True
0.007648996543139219,0.05457746478873239,0.96875,0.10333333333333333,0.06727430555555555,31,537,1,True
0.007640894036740065,0.054481546572934976,0.96875,0.10316139767054909,0.067157712305026,31,538,1,True
0.007639574818313122,0.054385964912280704,0.96875,0.10299003322259136,0.06704152249134948,31,539,1,True
0.007618463132530451,0.0542907180385289,0.96875,0.10281923714759536,0.06692573402417962,31,540,1,True
0.0075848824344575405,0.05419580419580419,0.96875,0.10264900662251655,0.0668103448275862,31,541,1,True
0.007558987010270357,0.05410122164048865,0.96875,0.1024793388429752,0.06669535283993115,31,542,1,True
0.007554173935204744,0.05400696864111498,0.96875,0.10231023102310231,0.0665807560137457,31,543,1,True
0.007530964910984039,0.05391304347826087,0.96875,0.10214168039538715,0.06646655231560893,31,544,1,True
0.007527116686105728,0.05381944444444445,0.96875,0.10197368421052631,0.0663527397260274,31,545,1,True
0.0075077167712152,0.053726169844020795,0.96875,0.10180623973727422,0.06623931623931624,31,546,1,True
0.007466454058885574,0.05363321799307959,0.96875,0.10163934426229508,0.06612627986348123,31,547,1,True
0.007464305963367224,0.0535405872193437,0.96875,0.10147299509001637,0.06601362862010221,31,548,1,True
0.007453997619450092,0.05344827586206897,0.96875,0.10130718954248366,0.06590136054421769,31,549,1,True
0.007451200857758522,0.05335628227194492,0.96875,0.10114192495921696,0.06578947368421052,31,550,1,True
0.007444995921105146,0.05326460481099656,0.96875,0.10097719869706841,0.06567796610169492,31,551,1,True
0.007437033113092184,0.05317324185248713,0.96875,0.1008130081300813,0.0655668358714044,31,552,1,True
0.0074244006536901,0.053082191780821915,0.96875,0.10064935064935066,0.06545608108108109,31,553,1,True
0.0073988246731460094,0.05299145299145299,0.96875,0.10048622366288493,0.06534569983136594,31,554,1,True
0.007384148426353931,0.052901023890784986,0.96875,0.10032362459546926,0.06523569023569023,31,555,1,True
0.007363786455243826,0.05281090289608177,0.96875,0.10016155088852989,0.06512605042016807,31,556,1,True
0.0073517425917088985,0.05272108843537415,0.96875,0.1,0.06501677852348993,31,557,1,True
0.007334101013839245,0.05263157894736842,0.96875,0.0998389694041868,0.06490787269681741,31,558,1,True
0.0073175737634301186,0.05254237288135593,0.96875,0.09967845659163987,0.06479933110367893,31,559,1,True
0.007260199636220932,0.05245346869712352,0.96875,0.09951845906902086,0.06469115191986645,31,560,1,True
0.007259467616677284,0.052364864864864864,0.96875,0.09935897435897435,0.06458333333333334,31,561,1,True
0.007240873295813799,0.05227655986509275,0.96875,0.0992,0.06447587354409318,31,562,1,True
0.007205990143120289,0.05218855218855219,0.96875,0.09904153354632587,0.0643687707641196,31,563,1,True
0.007155697792768478,0.052100840336134456,0.96875,0.09888357256778309,0.0642620232172471,31,564,1,True
0.007149010431021452,0.05201342281879195,0.96875,0.09872611464968153,0.06415562913907284,31,565,1,True
0.007127844262868166,0.051926298157453935,0.96875,0.0985691573926868,0.0640495867768595,31,566,1,True
0.007115969434380531,0.051839464882943144,0.96875,0.09841269841269841,0.06394389438943894,31,567,1,True
0.007111219689249992,0.05175292153589316,0.96875,0.098256735340729,0.06383855024711697,31,568,1,True
0.00709447031840682,0.051666666666666666,0.96875,0.0981012658227848,0.06373355263157894,31,569,1,True
0.007080135401338339,0.051580698835274545,0.96875,0.09794628751974724,0.0636288998357964,31,570,1,True
0.007078261114656925,0.05149501661129568,0.96875,0.09779179810725552,0.06352459016393443,31,571,1,True
0.007074479013681412,0.05140961857379768,0.96875,0.09763779527559055,0.06342062193126023,31,572,1,True
0.007066893391311169,0.05132450331125828,0.96875,0.09748427672955975,0.06331699346405228,31,573,1,True
0.007059271913021803,0.0512396694214876,0.96875,0.09733124018838304,0.0632137030995106,31,574,1,True
0.007056140340864658,0.05115511551155116,0.96875,0.09717868338557993,0.06311074918566775,31,575,1,True
0.007052242755889893,0.051070840197693576,0.96875,0.09702660406885759,0.06300813008130081,31,576,1,True
0.007052038796246052,0.05098684210526316,0.96875,0.096875,0.06290584415584416,31,577,1,True
0.0070383260026574135,0.05090311986863711,0.96875,0.0967238689547582,0.06280388978930308,31,578,1,True
0.007022068835794926,0.05081967213114754,0.96875,0.09657320872274143,0.06270226537216829,31,579,1,True
0.006996453739702702,0.05073649754500818,0.96875,0.09642301710730948,0.06260096930533118,31,580,1,True
0.006986122112721205,0.05065359477124183,0.96875,0.09627329192546584,0.0625,31,581,1,True
0.006975511088967323,0.05057096247960848,0.96875,0.09612403100775194,0.06239935587761675,31,582,1,True
0.0069736456498503685,0.050488599348534204,0.96875,0.09597523219814241,0.06229903536977492,31,583,1,True
0.006948673166334629,0.05040650406504065,0.96875,0.09582689335394126,0.062199036918138044,31,584,1,True
0.006947521585971117,0.05032467532467533,0.96875,0.09567901234567901,0.062099358974358976,31,585,1,True
0.006937554106116295,0.050243111831442464,0.96875,0.09553158705701079,0.062,31,586,1,True
0.006910576019436121,0.05016181229773463,0.96875,0.09538461538461539,0.06190095846645367,31,587,1,True
0.006910143885761499,0.050080775444264945,0.96875,0.09523809523809523,0.061802232854864435,31,588,1,True
0.0068991901353001595,0.05,0.96875,0.0950920245398773,0.061703821656050956,31,589,1,True
0.006894748657941818,0.0499194847020934,0.96875,0.09494640122511486,0.06160572337042925,31,590,1,True
0.0068742623552680016,0.04983922829581994,0.96875,0.09480122324159021,0.061507936507936505,31,591,1,True
0.006866710260510445,0.04975922953451043,0.96875,0.09465648854961832,0.06141045958795563,31,592,1,True
0.006851959507912397,0.049679487179487176,0.96875,0.09451219512195122,0.06131329113924051,31,593,1,True
0.006842154078185558,0.0496,0.96875,0.0943683409436834,0.06121642969984202,31,594,1,True
0.006834203377366066,0.04952076677316294,0.96875,0.09422492401215805,0.0611198738170347,31,595,1,True
0.006824520416557789,0.049441786283891544,0.96875,0.09408194233687406,0.0610236220472441,31,596,1,True
0.006823311094194651,0.04936305732484077,0.96875,0.09393939393939393,0.06092767295597484,31,597,1,True
0.006821650546044111,0.0492845786963434,0.96875,0.09379727685325265,0.060832025117739406,31,598,1,True
0.006817775312811136,0.049206349206349205,0.96875,0.09365558912386707,0.06073667711598746,31,599,1,True
0.006809297949075699,0.0491283676703645,0.96875,0.09351432880844646,0.060641627543035995,31,600,1,True
0.006794345565140247,0.0490506329113924,0.96875,0.09337349397590361,0.060546875,31,601,1,True
0.006779068615287542,0.04897314375987362,0.96875,0.09323308270676692,0.060452418096723866,31,602,1,True
0.0067750876769423485,0.04889589905362776,0.96875,0.09309309309309309,0.060358255451713395,31,603,1,True
0.006758842617273331,0.048818897637795275,0.96875,0.09295352323838081,0.06026438569206843,31,604,1,True
0.006739873439073563,0.04874213836477988,0.96875,0.09281437125748503,0.06017080745341615,31,605,1,True
0.006692318245768547,0.04866562009419152,0.96875,0.09267563527653214,0.060077519379844964,31,606,1,True
0.006683334708213806,0.048589341692789965,0.96875,0.09253731343283582,0.05998452012383901,31,607,1,True
0.006676643155515194,0.048513302034428794,0.96875,0.09239940387481371,0.05989180834621329,31,608,1,True
0.006652396637946367,0.0484375,0.96875,0.09226190476190477,0.059799382716049385,31,609,1,True
0.00663828244432807,0.0483619344773791,0.96875,0.09212481426448738,0.05970724191063174,31,610,1,True
0.006638275925070047,0.048286604361370715,0.96875,0.09198813056379822,0.05961538461538462,31,611,1,True
0.006632592994719744,0.04821150855365474,0.96875,0.09185185185185185,0.05952380952380952,31,612,1,True
0.006620681378990412,0.04813664596273292,0.96875,0.09171597633136094,0.05943251533742331,31,613,1,True
0.006610361859202385,0.04806201550387597,0.96875,0.0915805022156573,0.05934150076569678,31,614,1,True
0.006606837268918753,0.047987616099071206,0.96875,0.09144542772861357,0.059250764525993885,31,615,1,True
0.006592940539121628,0.04791344667697063,0.96875,0.09131075110456553,0.05916030534351145,31,616,1,True
0.0065683056600391865,0.047839506172839504,0.96875,0.09117647058823529,0.05907012195121951,31,617,1,True
0.006561911199241877,0.04776579352850539,0.96875,0.09104258443465492,0.05898021308980213,31,618,1,True
0.006553392857313156,0.047692307692307694,0.96875,0.09090909090909091,0.05889057750759878,31,619,1,True
0.006536301225423813,0.047619047619047616,0.96875,0.09077598828696926,0.05880121396054628,31,620,1,True
0.006527222692966461,0.04754601226993865,0.96875,0.09064327485380116,0.058712121212121215,31,621,1,True
0.006473108660429716,0.04747320061255743,0.96875,0.0905109489051095,0.0586232980332829,31,622,1,True
0.006453954614698887,0.047400611620795105,0.96875,0.09037900874635568,0.05853474320241692,31,623,1,True
0.006450767163187265,0.04732824427480916,0.96875,0.09024745269286755,0.058446455505279035,31,624,1,True
0.006437843665480614,0.04725609756097561,0.96875,0.09011627906976744,0.058358433734939756,31,625,1,True
0.006433962378650904,0.0471841704718417,0.96875,0.0899854862119013,0.05827067669172932,31,626,1,True
0.006431715562939644,0.04711246200607903,0.96875,0.08985507246376812,0.05818318318318318,31,627,1,True
0.006430244073271751,0.04704097116843703,0.96875,0.08972503617945007,0.058095952023988005,31,628,1,True
0.006429165601730347,0.04696969696969697,0.96875,0.08959537572254335,0.05800898203592814,31,629,1,True
0.006427408661693335,0.046898638426626324,0.96875,0.08946608946608947,0.05792227204783259,31,630,1,True
0.006419511046260595,0.04682779456193353,0.96875,0.0893371757925072,0.05783582089552239,31,631,1,True
0.006389431655406952,0.04675716440422323,0.96875,0.08920863309352518,0.05774962742175857,31,632,1,True
0.00637202151119709,0.046686746987951805,0.96875,0.08908045977011494,0.05766369047619048,31,633,1,True
0.00636974535882473,0.04661654135338346,0.96875,0.08895265423242468,0.0575780089153046,31,634,1,True
0.006353173870593309,0.046546546546546545,0.96875,0.08882521489971347,0.05749258160237389,31,635,1,True
0.006346350535750389,0.046476761619190406,0.96875,0.08869814020028613,0.05740740740740741,31,636,1,True
0.00633943872526288,0.04640718562874251,0.96875,0.08857142857142856,0.05732248520710059,31,637,1,True
0.006331789307296276,0.04633781763826607,0.96875,0.0884450784593438,0.05723781388478582,31,638,1,True
0.00632886216044426,0.04626865671641791,0.96875,0.08831908831908832,0.05715339233038348,31,639,1,True
0.006321968976408243,0.046199701937406856,0.96875,0.08819345661450925,0.05706921944035346,31,640,1,True
0.006267487537115812,0.046130952380952384,0.96875,0.08806818181818182,0.05698529411764706,31,641,1,True
0.006265055853873491,0.04606240713224369,0.96875,0.08794326241134752,0.05690161527165932,31,642,1,True
0.006264090538024902,0.04599406528189911,0.96875,0.08781869688385269,0.056818181818181816,31,643,1,True
0.006255323067307472,0.045925925925925926,0.96875,0.0876944837340877,0.056734992679355785,31,644,1,True
0.006246656179428101,0.04585798816568047,0.96875,0.08757062146892655,0.05665204678362573,31,645,1,True
0.006214070599526167,0.04579025110782865,0.96875,0.08744710860366714,0.05656934306569343,31,646,1,True
0.00619531748816371,0.045722713864306784,0.96875,0.08732394366197183,0.0564868804664723,31,647,1,True
0.006191895343363285,0.045655375552282766,0.96875,0.08720112517580872,0.05640465793304221,31,648,1,True
0.00619068369269371,0.045588235294117645,0.96875,0.08707865168539326,0.056322674418604654,31,649,1,True
0.006187941413372755,0.04552129221732746,0.96875,0.08695652173913043,0.05624092888243832,31,650,1,True
0.006180670112371445,0.045454545454545456,0.96875,0.08683473389355742,0.05615942028985507,31,651,1,True
0.006170020904392004,0.04538799414348463,0.96875,0.08671328671328671,0.05607814761215629,31,652,1,True
0.006169029977172613,0.04532163742690058,0.96875,0.08659217877094973,0.0559971098265896,31,653,1,True
0.006168334279209375,0.04525547445255475,0.96875,0.08647140864714087,0.05591630591630592,31,654,1,True
0.00616626488044858,0.04518950437317784,0.96875,0.08635097493036212,0.055835734870317004,31,655,1,True
0.00616319989785552,0.04512372634643377,0.96875,0.08623087621696801,0.05575539568345324,31,656,1,True
0.006163019686937332,0.04505813953488372,0.96875,0.08611111111111111,0.05567528735632184,31,657,1,True
0.006150044966489077,0.04499274310595065,0.96875,0.08599167822468794,0.05559540889526542,31,658,1,True
0.0061470260843634605,0.04492753623188406,0.96875,0.08587257617728532,0.05551575931232092,31,659,1,True
0.006142631638795137,0.04486251808972504,0.96875,0.08575380359612725,0.05543633762517883,31,660,1,True
0.006134658120572567,0.044797687861271675,0.96875,0.0856353591160221,0.055357142857142855,31,661,1,True
0.00613302132114768,0.044733044733044736,0.96875,0.08551724137931034,0.05527817403708987,31,662,1,True
0.006129249464720488,0.0446685878962536,0.96875,0.08539944903581267,0.0551994301994302,31,663,1,True
0.006128351669758558,0.04460431654676259,0.96875,0.08528198074277854,0.05512091038406828,31,664,1,True
0.006114934105426073,0.04454022988505747,0.96875,0.08516483516483517,0.05504261363636364,31,665,1,True
0.006100554019212723,0.04447632711621234,0.96875,0.0850480109739369,0.0549645390070922,31,666,1,True
0.0060969325713813305,0.044412607449856735,0.96875,0.08493150684931507,0.05488668555240793,31,667,1,True
0.006089499220252037,0.044349070100143065,0.96875,0.08481532147742818,0.05480905233380481,31,668,1,True
0.006061539985239506,0.04428571428571428,0.96875,0.08469945355191257,0.0547316384180791,31,669,1,True
0.006052861921489239,0.0442225392296719,0.96875,0.08458390177353342,0.05465444287729196,31,670,1,True
0.0060489848256111145,0.04415954415954416,0.96875,0.08446866485013624,0.05457746478873239,31,671,1,True
0.00603519007563591,0.044096728307254626,0.96875,0.08435374149659863,0.05450070323488045,31,672,1,True
0.006026900373399258,0.04403409090909091,0.96875,0.08423913043478261,0.05442415730337079,31,673,1,True
0.006020593456923962,0.04397163120567376,0.96875,0.08412483039348712,0.05434782608695652,31,674,1,True
0.006004819646477699,0.043909348441926344,0.96875,0.08401084010840108,0.05427170868347339,31,675,1,True
0.0059955227188766,0.04384724186704385,0.96875,0.08389715832205684,0.05419580419580419,31,676,1,True
0.0059807924553751945,0.043785310734463276,0.96875,0.08378378378378379,0.05412011173184358,31,677,1,True
0.005957692861557007,0.04372355430183357,0.96875,0.08367071524966262,0.05404463040446304,31,678,1,True
0.005956981331110001,0.04366197183098591,0.96875,0.08355795148247978,0.05396935933147632,31,679,1,True
0.005956693552434444,0.04360056258790436,0.96875,0.08344549125168237,0.05389429763560501,31,680,1,True
0.0059507302939891815,0.04353932584269663,0.96875,0.08333333333333333,0.05381944444444445,31,681,1,True
0.00595046253874898,0.043478260869565216,0.96875,0.08322147651006712,0.053744798890429955,31,682,1,True
0.005946309305727482,0.04341736694677871,0.96875,0.08310991957104558,0.053670360110803325,31,683,1,True
0.005941680166870356,0.043356643356643354,0.96875,0.08299866131191433,0.05359612724757953,31,684,1,True
0.00593413133174181,0.04329608938547486,0.96875,0.08288770053475936,0.053522099447513814,31,685,1,True
0.005919744726270437,0.043235704323570434,0.96875,0.08277703604806408,0.05344827586206897,31,686,1,True
0.0059160529635846615,0.04317548746518106,0.96875,0.08266666666666667,0.05337465564738292,31,687,1,True
0.0058953287079930305,0.043115438108484005,0.96875,0.08255659121171771,0.05330123796423659,31,688,1,True
0.005889538675546646,0.043055555555555555,0.96875,0.08244680851063829,0.053228021978021976,31,689,1,True
0.005887612234801054,0.04299583911234397,0.96875,0.08233731739707835,0.053155006858710566,31,690,1,True
0.0058854748494923115,0.04293628808864266,0.96875,0.08222811671087533,0.053082191780821915,31,691,1,True
0.005883145611733198,0.042876901798063624,0.96875,0.08211920529801324,0.053009575923392616,31,692,1,True
0.005880742333829403,0.04281767955801105,0.96875,0.082010582010582,0.05293715846994536,31,693,1,True
0.005878571420907974,0.04275862068965517,0.96875,0.08190224570673713,0.05286493860845839,31,694,1,True
0.0058785127475857735,0.04269972451790634,0.96875,0.08179419525065963,0.05279291553133515,31,695,1,True
0.005877727176994085,0.04264099037138927,0.96875,0.08168642951251646,0.05272108843537415,31,696,1,True
0.005875913426280022,0.042582417582417584,0.96875,0.08157894736842106,0.05264945652173913,31,697,1,True
0.005854307673871517,0.04252400548696845,0.96875,0.08147174770039421,0.05257801899592944,31,698,1,True
0.00584504334256053,0.04246575342465753,0.96875,0.08136482939632546,0.05250677506775068,31,699,1,True
0.005839237943291664,0.04240766073871409,0.96875,0.08125819134993446,0.05243572395128552,31,700,1,True
0.005836952477693558,0.04234972677595628,0.96875,0.08115183246073299,0.052364864864864864,31,701,1,True
0.0058304313570261,0.04229195088676671,0.96875,0.08104575163398693,0.05229419703103914,31,702,1,True
0.005826954729855061,0.04223433242506812,0.96875,0.08093994778067885,0.052223719676549867,31,703,1,True
0.005823569372296333,0.04217687074829932,0.96875,0.08083441981747067,0.05215343203230148,31,704,1,True
0.005819259211421013,0.042119565217391304,0.96875,0.08072916666666667,0.052083333333333336,31,705,1,True
0.005809159483760595,0.04206241519674356,0.96875,0.08062418725617686,0.05201342281879195,31,706,1,True
0.0057872384786605835,0.04200542005420054,0.96875,0.08051948051948052,0.051943699731903485,31,707,1,True
0.005778950173407793,0.04194857916102842,0.96875,0.08041504539559015,0.05187416331994645,31,708,1,True
0.005774084012955427,0.041891891891891894,0.96875,0.08031088082901554,0.0518048128342246,31,709,1,True
0.005764262285083532,0.04183535762483131,0.96875,0.08020698576972833,0.051735647530040056,31,710,1,True
0.0057569947093725204,0.04177897574123989,0.96875,0.08010335917312661,0.051666666666666666,31,711,1,True
0.0057556466199457645,0.04172274562584118,0.96875,0.08,0.05159786950732357,31,712,1,True
0.005738908424973488,0.041666666666666664,0.96875,0.07989690721649484,0.05152925531914894,31,713,1,True
0.005717386491596699,0.04161073825503356,0.96875,0.07979407979407979,0.051460823373173974,31,714,1,True
0.005690656136721373,0.04155495978552279,0.96875,0.07969151670951156,0.05139257294429708,31,715,1,True
0.005683990195393562,0.041499330655957165,0.96875,0.07958921694480103,0.05132450331125828,31,716,1,True
0.005662262439727783,0.04144385026737968,0.96875,0.07948717948717948,0.05125661375661376,31,717,1,True
0.0056592426262795925,0.04138851802403204,0.96875,0.0793854033290653,0.0511889035667107,31,718,1,True
0.005658960901200771,0.04133333333333333,0.96875,0.0792838874680307,0.05112137203166227,31,719,1,True
0.005656579043716192,0.041278295605858856,0.96875,0.07918263090676884,0.05105401844532279,31,720,1,True
0.00565379299223423,0.041223404255319146,0.96875,0.07908163265306123,0.05098684210526316,31,721,1,True
0.005650089588016272,0.041168658698539175,0.96875,0.07898089171974522,0.050919842312746384,31,722,1,True
0.005627110134810209,0.04111405835543767,0.96875,0.07888040712468193,0.05085301837270341,31,723,1,True
0.0056264037266373634,0.04105960264900662,0.96875,0.07878017789072427,0.050786369593709045,31,724,1,True
0.005623720120638609,0.041005291005291,0.96875,0.07868020304568528,0.05071989528795812,31,725,1,True
0.005622491240501404,0.04095112285336856,0.96875,0.07858048162230671,0.05065359477124183,31,726,1,True
0.005599586758762598,0.040897097625329816,0.96875,0.07848101265822785,0.050587467362924285,31,727,1,True
0.005593535955995321,0.04084321475625823,0.96875,0.07838179519595449,0.05052151238591916,31,728,1,True
0.00559086911380291,0.04078947368421053,0.96875,0.07828282828282829,0.050455729166666664,31,729,1,True
0.005577920004725456,0.040735873850197106,0.96875,0.07818411097099622,0.05039011703511053,31,730,1,True
0.005576685070991516,0.04068241469816273,0.96875,0.07808564231738035,0.05032467532467533,31,731,1,True
0.005575540475547314,0.04062909567496723,0.96875,0.0779874213836478,0.05025940337224384,31,732,1,True
0.005565301980823278,0.04057591623036649,0.96875,0.07788944723618091,0.05019430051813471,31,733,1,True
0.005562381353229284,0.040522875816993466,0.96875,0.07779171894604768,0.05012936610608021,31,734,1,True
0.005558837670832872,0.04046997389033943,0.96875,0.07769423558897243,0.05006459948320414,31,735,1,True
0.005547983106225729,0.04041720990873533,0.96875,0.07759699624530664,0.05,31,736,1,True
0.005534041207283735,0.040364583333333336,0.96875,0.0775,0.04993556701030928,31,737,1,True
0.005521938670426607,0.04031209362808843,0.96875,0.07740324594257178,0.04987129987129987,31,738,1,True
0.005517993588000536,0.04025974025974026,0.96875,0.0773067331670823,0.04980719794344473,31,739,1,True
0.005515366792678833,0.040207522697795074,0.96875,0.07721046077210461,0.04974326059050064,31,740,1,True
0.0055150557309389114,0.04015544041450777,0.96875,0.07711442786069651,0.049679487179487176,31,741,1,True
0.005511248949915171,0.040103492884864166,0.96875,0.07701863354037267,0.04961587708066581,31,742,1,True
0.0054971445351839066,0.040051679586563305,0.96875,0.07692307692307693,0.04955242966751918,31,743,1,True
0.0054845125414431095,0.04,0.96875,0.0768277571251549,0.04948914431673052,31,744,1,True
0.00548250786960125,0.03994845360824742,0.96875,0.07673267326732673,0.04942602040816327,31,745,1,True
0.0054749599657952785,0.039897039897039896,0.96875,0.07663782447466007,0.04936305732484077,31,746,1,True
0.00546933664008975,0.03984575835475578,0.96875,0.07654320987654321,0.04930025445292621,31,747,1,True
0.005465714726597071,0.03979460847240052,0.96875,0.07644882860665844,0.04923761118170267,31,748,1,True
0.005462680011987686,0.03974358974358974,0.96875,0.07635467980295567,0.0491751269035533,31,749,1,True
0.005460234824568033,0.03969270166453265,0.96875,0.07626076260762607,0.0491128010139417,31,750,1,True
0.005459960550069809,0.03964194373401535,0.96875,0.07616707616707617,0.0490506329113924,31,751,1,True
0.0054526012390851974,0.03959131545338442,0.96875,0.07607361963190185,0.04898862199747155,31,752,1,True
0.005450137425214052,0.039540816326530615,0.96875,0.07598039215686274,0.04892676767676768,31,753,1,True
0.005449442658573389,0.03949044585987261,0.96875,0.07588739290085679,0.04886506935687263,31,754,1,True
0.0054448493756353855,0.039440203562340966,0.96875,0.07579462102689487,0.04880352644836272,31,755,1,True
0.005443377885967493,0.03939008894536213,0.96875,0.0757020757020757,0.04874213836477988,31,756,1,True
0.0054374258033931255,0.03934010152284264,0.96875,0.07560975609756097,0.04868090452261307,31,757,1,True
0.005436438135802746,0.03929024081115336,0.96875,0.07551766138855055,0.0486198243412798,31,758,1,True
0.005414973013103008,0.039240506329113925,0.96875,0.07542579075425791,0.04855889724310777,31,759,1,True
0.005413096398115158,0.039190897597977246,0.96875,0.07533414337788578,0.04849812265331665,31,760,1,True
0.005398323759436607,0.039141414141414144,0.96875,0.07524271844660194,0.0484375,31,761,1,True
0.005398249719291925,0.03909205548549811,0.96875,0.07515151515151515,0.048377028714107366,31,762,1,True
0.005394036881625652,0.03904282115869018,0.96875,0.07506053268765134,0.048316708229426436,31,763,1,True
0.005389925558120012,0.0389937106918239,0.96875,0.07496977025392987,0.04825653798256538,31,764,1,True
0.005387214012444019,0.038944723618090454,0.96875,0.0748792270531401,0.048196517412935326,31,765,1,True
0.0053865062072873116,0.03889585947302384,0.96875,0.07478890229191798,0.04813664596273292,31,766,1,True
0.005385195836424828,0.03884711779448621,0.96875,0.0746987951807229,0.04807692307692308,31,767,1,True
0.005377837456762791,0.03879849812265332,0.96875,0.07460890493381468,0.04801734820322181,31,768,1,True
0.005377592518925667,0.03875,0.96875,0.07451923076923077,0.04795792079207921,31,769,1,True
0.0053758942522108555,0.03870162297128589,0.96875,0.0744297719087635,0.04789864029666255,31,770,1,True
0.005373105406761169,0.03865336658354115,0.96875,0.07434052757793765,0.047839506172839504,31,771,1,True
0.00536756869405508,0.038605230386052306,0.96875,0.07425149700598803,0.04778051787916153,31,772,1,True
0.005362987983971834,0.03855721393034826,0.96875,0.07416267942583732,0.04772167487684729,31,773,1,True
0.005356236826628447,0.03850931677018633,0.96875,0.07407407407407407,0.0476629766297663,31,774,1,True
0.005355495028197765,0.038461538461538464,0.96875,0.07398568019093078,0.0476044226044226,31,775,1,True
0.005350353661924601,0.03841387856257745,0.96875,0.07389749702026222,0.04754601226993865,31,776,1,True
0.005347831640392542,0.038366336633663366,0.96875,0.07380952380952381,0.047487745098039214,31,777,1,True
0.0053412336856126785,0.038318912237330034,0.96875,0.07372175980975029,0.0474296205630355,31,778,1,True
0.005338328890502453,0.03827160493827161,0.96875,0.07363420427553444,0.047371638141809294,31,779,1,True
0.005337954498827457,0.03822441430332922,0.96875,0.07354685646500593,0.04731379731379731,31,780,1,True
0.005336673464626074,0.038177339901477834,0.96875,0.07345971563981042,0.04725609756097561,31,781,1,True
0.005335451103746891,0.038130381303813035,0.96875,0.07337278106508875,0.047198538367844094,31,782,1,True
0.005323491990566254,0.038083538083538086,0.96875,0.07328605200945626,0.04714111922141119,31,783,1,True
0.00530798127874732,0.03803680981595092,0.96875,0.07319952774498228,0.04708383961117862,31,784,1,True
0.00530031556263566,0.03799019607843137,0.96875,0.07311320754716981,0.047026699029126214,31,785,1,True
0.005297566298395395,0.037943696450428395,0.96875,0.07302709069493522,0.04696969696969697,31,786,1,True
0.005297438241541386,0.037897310513447434,0.96875,0.07294117647058823,0.04691283292978208,31,787,1,True
0.005292156245559454,0.03785103785103785,0.96875,0.07285546415981199,0.04685610640870617,31,788,1,True
0.005292105954140425,0.03780487804878049,0.96875,0.07276995305164319,0.04679951690821256,31,789,1,True
0.005286890082061291,0.037758830694275276,0.96875,0.07268464243845252,0.04674306393244873,31,790,1,True
0.005284473299980164,0.037712895377128956,0.96875,0.07259953161592506,0.046686746987951805,31,791,1,True
0.0052839042618870735,0.03766707168894289,0.96875,0.07251461988304093,0.046630565583634175,31,792,1,True
0.005283280275762081,0.03762135922330097,0.96875,0.07242990654205607,0.04657451923076923,31,793,1,True
0.0052804118022322655,0.037575757575757575,0.96875,0.07234539089848308,0.04651860744297719,31,794,1,True
0.0052672866731882095,0.03753026634382567,0.96875,0.07226107226107226,0.046462829736211034,31,795,1,True
0.005262733902782202,0.037484885126964934,0.96875,0.07217694994179279,0.04640718562874251,31,796,1,True
0.005259877070784569,0.03743961352657005,0.96875,0.07209302325581396,0.046351674641148324,31,797,1,True
0.005256751552224159,0.03739445114595899,0.96875,0.07200929152148665,0.046296296296296294,31,798,1,True
0.005254101473838091,0.03734939759036145,0.96875,0.07192575406032482,0.046241050119331745,31,799,1,True
0.0052538076415658,0.03730445246690734,0.96875,0.07184241019698726,0.046185935637663884,31,800,1,True
0.005249570123851299,0.037259615384615384,0.96875,0.07175925925925926,0.046130952380952384,31,801,1,True
0.0052483901381492615,0.03721488595438175,0.96875,0.07167630057803469,0.046076099881093936,31,802,1,True
0.005240892060101032,0.03717026378896882,0.96875,0.07159353348729793,0.04602137767220903,31,803,1,True
0.0052344645373523235,0.037125748502994015,0.96875,0.07151095732410612,0.045966785290628705,31,804,1,True
0.005228370428085327,0.03708133971291866,0.96875,0.07142857142857142,0.04591232227488152,31,805,1,True
0.005224678665399551,0.037037037037037035,0.96875,0.0713463751438435,0.04585798816568047,31,806,1,True
0.005221284460276365,0.03699284009546539,0.96875,0.07126436781609195,0.04580378250591016,31,807,1,True
0.0052167195826768875,0.03694874851013111,0.96875,0.0711825487944891,0.045749704840613935,31,808,1,True
0.0052166227251291275,0.036904761904761905,0.96875,0.07110091743119266,0.04569575471698113,31,809,1,True
0.005209590308368206,0.036860879904875146,0.96875,0.07101947308132875,0.04564193168433451,31,810,1,True
0.0051950872875750065,0.03681710213776722,0.96875,0.07093821510297482,0.045588235294117645,31,811,1,True
0.005185805261135101,0.036773428232502965,0.96875,0.07085714285714285,0.04553466509988249,31,812,1,True
0.00517310481518507,0.03672985781990521,0.96875,0.07077625570776255,0.04548122065727699,31,813,1,True
0.00517309783026576,0.036686390532544376,0.96875,0.07069555302166476,0.045427901524032824,31,814,1,True
0.005161370616406202,0.03664302600472813,0.96875,0.07061503416856492,0.04537470725995316,31,815,1,True
0.005159853026270866,0.03659976387249114,0.96875,0.07053469852104664,0.04532163742690058,31,816,1,True
0.005147707182914019,0.036556603773584904,0.96875,0.07045454545454545,0.04526869158878505,31,817,1,True
0.005141288973391056,0.03651354534746761,0.96875,0.07037457434733257,0.04521586931155192,31,818,1,True
0.005137714557349682,0.036470588235294116,0.96875,0.07029478458049887,0.04516317016317016,31,819,1,True
0.00512703089043498,0.036427732079905996,0.96875,0.07021517553793885,0.04511059371362049,31,820,1,True
0.005121988710016012,0.036384976525821594,0.96875,0.07013574660633484,0.04505813953488372,31,821,1,True
0.0051150149665772915,0.03634232121922626,0.96875,0.07005649717514124,0.04500580720092915,31,822,1,True
0.005113969091325998,0.03629976580796253,0.96875,0.06997742663656885,0.04495359628770302,31,823,1,True
0.005101122427731752,0.03625730994152047,0.96875,0.06989853438556934,0.04490150637311703,31,824,1,True
0.0050981249660253525,0.036214953271028034,0.96875,0.06981981981981981,0.044849537037037035,31,825,1,True
0.0050952378660440445,0.03617269544924154,0.96875,0.06974128233970754,0.044797687861271675,31,826,1,True
0.005073830019682646,0.03613053613053613,0.96875,0.0696629213483146,0.0447459584295612,31,827,1,True
0.0050721908919513226,0.03608847497089639,0.96875,0.06958473625140292,0.04469434832756632,31,828,1,True
0.005071500316262245,0.03604651162790698,0.96875,0.06950672645739911,0.044642857142857144,31,829,1,True
0.0050648231990635395,0.036004645760743324,0.96875,0.06942889137737962,0.04459148446490219,31,830,1,True
0.005063499324023724,0.03596287703016241,0.96875,0.06935123042505593,0.04454022988505747,31,831,1,True
0.0050620706751942635,0.03592120509849363,0.96875,0.06927374301675977,0.044489092996555686,31,832,1,True
0.005042157135903835,0.03587962962962963,0.96875,0.06919642857142858,0.04443807339449541,31,833,1,True
0.005030845291912556,0.035838150289017344,0.96875,0.06911928651059086,0.04438717067583047,31,834,1,True
0.0050284164026379585,0.03579676674364896,0.96875,0.06904231625835189,0.04433638443935927,31,835,1,True
0.005021707620471716,0.03575547866205306,0.96875,0.06896551724137931,0.04428571428571428,31,836,1,True
0.005021171178668737,0.03571428571428571,0.96875,0.06888888888888889,0.0442351598173516,31,837,1,True
0.0050182826817035675,0.03567318757192175,0.96875,0.06881243063263041,0.04418472063854048,31,838,1,True
0.005011958070099354,0.035632183908045977,0.96875,0.06873614190687362,0.04413439635535307,31,839,1,True
0.0050054872408509254,0.03559127439724455,0.96875,0.06866002214839424,0.044084186575654154,31,840,1,True
0.004998232237994671,0.03555045871559633,0.96875,0.06858407079646017,0.04403409090909091,31,841,1,True
0.004997075069695711,0.035509736540664374,0.96875,0.06850828729281767,0.04398410896708286,31,842,1,True
0.004991648718714714,0.03546910755148741,0.96875,0.0684326710816777,0.043934240362811794,31,843,1,True
0.0049898140132427216,0.03542857142857143,0.96875,0.06835722160970231,0.04388448471121178,31,844,1,True
0.004985301289707422,0.03538812785388128,0.96875,0.06828193832599119,0.04383484162895927,31,845,1,True
0.004984523169696331,0.03534777651083238,0.96875,0.06820682068206821,0.043785310734463276,31,846,1,True
0.004977704957127571,0.03530751708428246,0.96875,0.06813186813186813,0.04373589164785553,31,847,1,True
0.004972388967871666,0.03526734926052332,0.96875,0.06805708013172337,0.04368658399098083,31,848,1,True
0.004970044828951359,0.035227272727272725,0.96875,0.06798245614035088,0.043637387387387386,31,849,1,True
0.004969737492501736,0.03518728717366629,0.96875,0.06790799561883899,0.04358830146231721,31,850,1,True
0.004963083658367395,0.035147392290249435,0.96875,0.06783369803063458,0.04353932584269663,31,851,1,True
0.004962087608873844,0.035107587768969425,0.96875,0.06775956284153005,0.04349046015712683,31,852,1,True
0.0049567390233278275,0.03506787330316742,0.96875,0.06768558951965066,0.04344170403587444,31,853,1,True
0.00495206518098712,0.03502824858757062,0.96875,0.06761177753544166,0.04339305711086226,31,854,1,True
0.004946964327245951,0.034988713318284424,0.96875,0.06753812636165578,0.04334451901565996,31,855,1,True
0.004945206921547651,0.03494926719278467,0.96875,0.06746463547334058,0.04329608938547486,31,856,1,True
0.004942401312291622,0.03490990990990991,0.96875,0.06739130434782609,0.043247767857142856,31,857,1,True
0.004941245540976524,0.03487064116985377,0.96875,0.06731813246471227,0.04319955406911929,31,858,1,True
0.004936148878186941,0.0348314606741573,0.96875,0.06724511930585683,0.04315144766146993,31,859,1,True
0.004934506956487894,0.03479236812570146,0.96875,0.06717226435536294,0.04310344827586207,31,860,1,True
0.004929438233375549,0.034753363228699555,0.96875,0.0670995670995671,0.043055555555555555,31,861,1,True
0.004929363261908293,0.03471444568868981,0.96875,0.06702702702702702,0.043007769145394004,31,862,1,True
0.004925907589495182,0.03467561521252797,0.96875,0.06695464362850972,0.04296008869179601,31,863,1,True
0.0049253045581281185,0.034636871508379886,0.96875,0.0668824163969795,0.0429125138427464,31,864,1,True
0.0049236128106713295,0.03459821428571429,0.96875,0.0668103448275862,0.04286504424778761,31,865,1,True
0.004922828171402216,0.03455964325529543,0.96875,0.06673842841765339,0.04281767955801105,31,866,1,True
0.0049198647029697895,0.034521158129175944,0.96875,0.06666666666666667,0.04277041942604857,31,867,1,True
0.004919001366943121,0.034482758620689655,0.96875,0.06659505907626208,0.042723263506063945,31,868,1,True
0.004916427657008171,0.034444444444444444,0.96875,0.06652360515021459,0.04267621145374449,31,869,1,True
0.00491422088816762,0.03440621531631521,0.96875,0.06645230439442658,0.04262926292629263,31,870,1,True
0.004912139382213354,0.03436807095343681,0.96875,0.06638115631691649,0.042582417582417584,31,871,1,True
0.004911962430924177,0.03433001107419712,0.96875,0.06631016042780749,0.04253567508232711,31,872,1,True
0.004904116038233042,0.034292035398230086,0.96875,0.06623931623931624,0.0424890350877193,31,873,1,True
0.0048998878337442875,0.03425414364640884,0.96875,0.06616862326574173,0.04244249726177437,31,874,1,True
0.0048879352398216724,0.03421633554083885,0.96875,0.06609808102345416,0.04239606126914661,31,875,1,True
0.004886597394943237,0.034178610804851156,0.96875,0.06602768903088392,0.04234972677595628,31,876,1,True
0.0048719970509409904,0.034140969162995596,0.96875,0.06595744680851064,0.04230349344978166,31,877,1,True
0.004870189353823662,0.034103410341034104,0.96875,0.06588735387885228,0.04225736095965103,31,878,1,True
0.004866024944931269,0.03406593406593406,0.96875,0.06581740976645435,0.042211328976034856,31,879,1,True
0.004864881746470928,0.03402854006586169,0.96875,0.06574761399787911,0.042165397170837865,31,880,1,True
0.004855301696807146,0.03399122807017544,0.96875,0.06567796610169492,0.042119565217391304,31,881,1,True
0.004854960832744837,0.033953997809419496,0.96875,0.0656084656084656,0.042073832790445166,31,882,1,True
0.004852579440921545,0.03391684901531729,0.96875,0.06553911205073996,0.04202819956616052,31,883,1,True
0.004846510943025351,0.033879781420765025,0.96875,0.06546990496304118,0.04198266522210184,31,884,1,True
0.004845632240176201,0.03384279475982533,0.96875,0.06540084388185655,0.04193722943722944,31,885,1,True
0.004844634793698788,0.03380588876772083,0.96875,0.06533192834562697,0.041891891891891894,31,886,1,True
0.004844379611313343,0.03376906318082789,0.96875,0.06526315789473684,0.04184665226781858,31,887,1,True
0.004841412417590618,0.03373231773667029,0.96875,0.06519453207150368,0.04180151024811219,31,888,1,True
0.004834583029150963,0.03369565217391304,0.96875,0.06512605042016807,0.04175646551724138,31,889,1,True
0.004832422360777855,0.033659066232356136,0.96875,0.06505771248688352,0.04171151776103337,31,890,1,True
0.004828124772757292,0.033622559652928416,0.96875,0.0649895178197065,0.041666666666666664,31,891,1,True
0.004826303571462631,0.03358613217768147,0.96875,0.06492146596858639,0.041621911922663804,31,892,1,True
0.004821695387363434,0.03354978354978355,0.96875,0.06485355648535565,0.04157725321888412,31,893,1,True
0.004819698166102171,0.03351351351351351,0.96875,0.06478578892371996,0.04153269024651661,31,894,1,True
0.004814963787794113,0.03347732181425486,0.96875,0.06471816283924843,0.041488222698072806,31,895,1,True
0.0048127733170986176,0.03344120819848975,0.96875,0.06465067778936393,0.04144385026737968,31,896,1,True
0.004812142811715603,0.0334051724137931,0.96875,0.06458333333333334,0.04139957264957265,31,897,1,True
0.004811508115381002,0.03336921420882669,0.96875,0.06451612903225806,0.04135538954108858,31,898,1,True
0.004805468022823334,0.03333333333333333,0.96875,0.06444906444906445,0.04131130063965885,31,899,1,True
0.004801800008863211,0.03329752953813104,0.96875,0.06438213914849429,0.04126730564430245,31,900,1,True
0.004801547154784203,0.033261802575107295,0.96875,0.06431535269709543,0.041223404255319146,31,901,1,True
0.004801041446626186,0.03322615219721329,0.96875,0.06424870466321243,0.04117959617428268,31,902,1,True
0.004795747343450785,0.033190578158458245,0.96875,0.06418219461697723,0.04113588110403397,31,903,1,True
0.004794636741280556,0.033155080213903745,0.96875,0.0641158221302999,0.04109225874867444,31,904,1,True
0.004793961066752672,0.03311965811965812,0.96875,0.0640495867768595,0.041048728813559324,31,905,1,True
0.0047889999113976955,0.033084311632870865,0.96875,0.06398348813209494,0.041005291005291,31,906,1,True
0.004783207550644875,0.03304904051172708,0.96875,0.06391752577319587,0.04096194503171247,31,907,1,True
0.004782531410455704,0.03301384451544196,0.96875,0.06385169927909372,0.04091869060190074,31,908,1,True
0.004781646188348532,0.03297872340425532,0.96875,0.06378600823045268,0.04087552742616034,31,909,1,True
0.004780514165759087,0.03294367693942614,0.96875,0.06372045220966084,0.04083245521601686,31,910,1,True
0.004780071787536144,0.032908704883227176,0.96875,0.06365503080082136,0.04078947368421053,31,911,1,True
0.004779321141541004,0.032873806998939555,0.96875,0.06358974358974359,0.040746582544689804,31,912,1,True
0.004772791173309088,0.03283898305084746,0.96875,0.06352459016393443,0.04070378151260504,31,913,1,True
0.004768179729580879,0.0328042328042328,0.96875,0.06345957011258956,0.0406610703043022,31,914,1,True
0.0047676097601652145,0.03276955602536998,0.96875,0.06339468302658487,0.04061844863731656,31,915,1,True
0.00476466491818428,0.03273495248152059,0.96875,0.06332992849846783,0.04057591623036649,31,916,1,True
0.004762338474392891,0.03270042194092827,0.96875,0.06326530612244897,0.04053347280334728,31,917,1,True
0.004757646471261978,0.032665964172813484,0.96875,0.06320081549439348,0.04049111807732497,31,918,1,True
0.0047477539628744125,0.03263157894736842,0.96875,0.06313645621181263,0.040448851774530274,31,919,1,True
0.004747598897665739,0.03259726603575184,0.96875,0.06307222787385554,0.04040667361835245,31,920,1,True
0.004746211227029562,0.032563025210084036,0.96875,0.06300813008130081,0.040364583333333336,31,921,1,True
0.004744882229715586,0.03252885624344176,0.96875,0.06294416243654823,0.04032258064516129,31,922,1,True
0.004740234464406967,0.03249475890985325,0.96875,0.06288032454361055,0.04028066528066528,31,923,1,True
0.004739856347441673,0.032460732984293195,0.96875,0.06281661600810537,0.04023883696780893,31,924,1,True
0.004739521071314812,0.032426778242677826,0.96875,0.06275303643724696,0.04019709543568465,31,925,1,True
0.004738790448755026,0.03239289446185998,0.96875,0.06268958543983821,0.04015544041450777,31,926,1,True
0.0047372798435389996,0.032359081419624215,0.96875,0.06262626262626263,0.04011387163561077,31,927,1,True
0.004734816029667854,0.03232533889468196,0.96875,0.06256306760847628,0.04007238883143743,31,928,1,True
0.004732199013233185,0.03229166666666667,0.96875,0.0625,0.04003099173553719,31,929,1,True
0.00473038200289011,0.03225806451612903,0.96875,0.06243705941591138,0.03998968008255934,31,930,1,True
0.004730368964374065,0.032224532224532226,0.96875,0.06237424547283702,0.03994845360824742,31,931,1,True
0.004730339627712965,0.032191069574247146,0.96875,0.062311557788944726,0.039907312049433576,31,932,1,True
0.004729861859232187,0.032157676348547715,0.96875,0.06224899598393574,0.03986625514403292,31,933,1,True
0.004729477688670158,0.03212435233160622,0.96875,0.062186559679037114,0.039825282631038024,31,934,1,True
0.004727307707071304,0.032091097308488616,0.96875,0.06212424849699399,0.03978439425051335,31,935,1,True
0.004714510403573513,0.03205791106514995,0.96875,0.062062062062062065,0.03974358974358974,31,936,1,True
0.00471075065433979,0.03202479338842975,0.96875,0.062,0.039702868852459015,31,937,1,True
0.00470967311412096,0.03199174406604747,0.96875,0.061938061938061936,0.039662231320368474,31,938,1,True
0.004709668457508087,0.031958762886597936,0.96875,0.06187624750499002,0.03962167689161554,31,939,1,True
0.004706281237304211,0.03192584963954686,0.96875,0.06181455633100698,0.03958120531154239,31,940,1,True
0.004703869577497244,0.03189300411522634,0.96875,0.061752988047808766,0.039540816326530615,31,941,1,True
0.004702023696154356,0.03186022610483042,0.96875,0.061691542288557215,0.039500509683995925,31,942,1,True
0.004697801079601049,0.03182751540041068,0.96875,0.061630218687872766,0.039460285132382894,31,943,1,True
0.004697754513472319,0.031794871794871796,0.96875,0.06156901688182721,0.039420142421159717,31,944,1,True
0.0046974066644907,0.031762295081967214,0.96875,0.061507936507936505,0.03938008130081301,31,945,1,True
0.004690560512244701,0.03172978505629478,0.96875,0.061446977205153616,0.03934010152284264,31,946,1,True
0.004690360277891159,0.03169734151329243,0.96875,0.061386138613861385,0.03930020283975659,31,947,1,True
0.004685407504439354,0.031664964249233915,0.96875,0.06132542037586548,0.03926038500506586,31,948,1,True
0.004685103427618742,0.03163265306122449,0.96875,0.06126482213438735,0.039220647773279355,31,949,1,True
0.004680931568145752,0.03160040774719674,0.96875,0.06120434353405726,0.03918099089989889,31,950,1,True
0.0046746330335736275,0.031568228105906315,0.96875,0.0611439842209073,0.039141414141414144,31,951,1,True
0.004672663286328316,0.03153611393692777,0.96875,0.061083743842364535,0.03910191725529768,31,952,1,True
0.00467258132994175,0.031504065040650404,0.96875,0.0610236220472441,0.0390625,31,953,1,True
0.0046679554507136345,0.03147208121827411,0.96875,0.06096361848574238,0.03902316213494461,31,954,1,True
0.004664035513997078,0.03144016227180527,0.96875,0.060903732809430254,0.03898390342052314,31,955,1,True
0.004663265310227871,0.031408308004052685,0.96875,0.06084396467124632,0.038944723618090454,31,956,1,True
0.0046622538939118385,0.03137651821862348,0.96875,0.060784313725490195,0.03890562248995984,31,957,1,True
0.004659944213926792,0.03134479271991911,0.96875,0.06072477962781587,0.038866599799398195,31,958,1,True
0.0046596345491707325,0.031313131313131314,0.96875,0.060665362035225046,0.03882765531062124,31,959,1,True
0.004657333251088858,0.03128153380423814,0.96875,0.06060606060606061,0.03878878878878879,31,960,1,True
0.004655457101762295,0.03125,0.96875,0.060546875,0.03875,31,961,1,True
0.004650982562452555,0.03121852970795569,0.96875,0.06048780487804878,0.03871128871128871,31,962,1,True
0.0046477848663926125,0.03118712273641851,0.96875,0.06042884990253411,0.038672654690618764,31,963,1,True
0.004645506851375103,0.031155778894472363,0.96875,0.06037000973709834,0.03863409770687936,31,964,1,True
0.004644904751330614,0.03112449799196787,0.96875,0.06031128404669261,0.03859561752988048,31,965,1,True
0.004644234664738178,0.031093279839518557,0.96875,0.06025267249757046,0.03855721393034826,31,966,1,True
0.004637309815734625,0.031062124248496994,0.96875,0.06019417475728155,0.038518886679920476,31,967,1,True
0.00463433051481843,0.031031031031031032,0.96875,0.06013579049466537,0.038480635551142006,31,968,1,True
0.004633754026144743,0.031,0.96875,0.060077519379844964,0.03844246031746032,31,969,1,True
0.004633162636309862,0.030969030969030968,0.96875,0.060019361084220714,0.03840436075322101,31,970,1,True
0.0046315379440784454,0.03093812375249501,0.96875,0.059961315280464215,0.038366336633663366,31,971,1,True
0.004630188457667828,0.03090727816550349,0.96875,0.05990338164251208,0.038328387734915925,31,972,1,True
0.004630161914974451,0.030876494023904383,0.96875,0.059845559845559844,0.038290513833992096,31,973,1,True
0.004621980711817741,0.030845771144278607,0.96875,0.05978784956605593,0.03825271470878579,31,974,1,True
0.004616863559931517,0.030815109343936383,0.96875,0.05973025048169557,0.03821499013806706,31,975,1,True
0.004616274032741785,0.030784508440913606,0.96875,0.059672762271414825,0.038177339901477834,31,976,1,True
0.004614552017301321,0.030753968253968252,0.96875,0.05961538461538462,0.03813976377952756,31,977,1,True
0.004613406956195831,0.030723488602576808,0.96875,0.059558117195004805,0.038102261553588986,31,978,1,True
0.004613157361745834,0.030693069306930693,0.96875,0.05950095969289827,0.03806483300589391,31,979,1,True
0.004610138945281506,0.03066271018793274,0.96875,0.059443911792905084,0.03802747791952895,31,980,1,True
0.00460824416950345,0.030632411067193676,0.96875,0.05938697318007663,0.03799019607843137,31,981,1,True
0.004607019945979118,0.03060217176702863,0.96875,0.05933014354066986,0.03795298726738491,31,982,1,True
0.004601715598255396,0.03057199211045365,0.96875,0.05927342256214149,0.037915851272015653,31,983,1,True
0.004598706960678101,0.030541871921182268,0.96875,0.05921680993314231,0.03787878787878788,31,984,1,True
0.004596877843141556,0.03051181102362205,0.96875,0.05916030534351145,0.037841796875,31,985,1,True
0.00459250109270215,0.03048180924287119,0.96875,0.05910390848427073,0.03780487804878049,31,986,1,True
0.004591336939483881,0.030451866404715127,0.96875,0.05904761904761905,0.03776803118908382,31,987,1,True
0.004588452633470297,0.03042198233562316,0.96875,0.058991436726926735,0.03773125608568646,31,988,1,True
0.004585704766213894,0.030392156862745098,0.96875,0.058935361216730035,0.03769455252918288,31,989,1,True
0.004584716632962227,0.030362389813907934,0.96875,0.05887939221272555,0.03765792031098154,31,990,1,True
0.004577219486236572,0.030332681017612523,0.96875,0.058823529411764705,0.03762135922330097,31,991,1,True
0.004573551472276449,0.030303030303030304,0.96875,0.058767772511848344,0.03758486905916586,31,992,1,True
0.004573304206132889,0.0302734375,0.96875,0.058712121212121215,0.0375484496124031,31,993,1,True
0.004572839941829443,0.03024390243902439,0.96875,0.0586565752128666,0.037512100677637945,31,994,1,True
0.004571146797388792,0.030214424951267055,0.96875,0.05860113421550094,0.03747582205029013,31,995,1,True
0.0045693074353039265,0.03018500486854917,0.96875,0.05854579792256846,0.03743961352657005,31,996,1,True
0.0045688864775002,0.030155642023346304,0.96875,0.05849056603773585,0.037403474903474905,31,997,1,True
0.004567455500364304,0.03012633624878523,0.96875,0.058435438265786996,0.037367405978784955,31,998,1,True
0.004566452000290155,0.030097087378640777,0.96875,0.0583804143126177,0.03733140655105973,31,999,1,True
0.004562073387205601,0.030067895247332686,0.96875,0.05832549388523048,0.037295476419634266,31,1000,1,True
0.0045617613941431046,0.030038759689922482,0.96875,0.05827067669172932,0.037259615384615384,31,1001,1,True
0.0045590950176119804,0.030009680542110357,0.96875,0.05821596244131456,0.037223823246878,31,1002,1,True
0.004557642620056868,0.029980657640232108,0.96875,0.058161350844277676,0.03718809980806142,31,1003,1,True
0.004557320848107338,0.02995169082125604,0.96875,0.05810684161199625,0.037152444870565675,31,1004,1,True
0.0045572491362690926,0.029922779922779922,0.96875,0.05805243445692884,0.037116858237547894,31,1005,1,True
0.004557171370834112,0.029893924783027964,0.96875,0.057998129092609915,0.03708133971291866,31,1006,1,True
0.004555529449135065,0.029865125240847785,0.96875,0.05794392523364486,0.03704588910133843,31,1007,1,True
0.004554360173642635,0.029836381135707413,0.96875,0.05788982259570495,0.037010506208213945,31,1008,1,True
0.0045480066910386086,0.02980769230769231,0.96875,0.05783582089552239,0.03697519083969466,31,1009,1,True
0.0045464071445167065,0.029779058597502402,0.96875,0.05778191985088537,0.036939942802669205,31,1010,1,True
0.00454399548470974,0.029750479846449136,0.96875,0.05772811918063315,0.036904761904761905,31,1011,1,True
0.004543063696473837,0.029721955896452542,0.96875,0.05767441860465116,0.03686964795432921,31,1012,1,True
0.004542077891528606,0.029693486590038315,0.96875,0.05762081784386617,0.036834600760456276,31,1013,1,True
0.004540543537586927,0.02966507177033493,0.96875,0.057567316620241414,0.036799620132953466,31,1014,1,True
0.004539032466709614,0.029636711281070746,0.96875,0.0575139146567718,0.03676470588235294,31,1015,1,True
0.004534734413027763,0.029608404966571154,0.96875,0.057460611677479144,0.03672985781990521,31,1016,1,True
0.004533982835710049,0.029580152671755726,0.96875,0.05740740740740741,0.03669507575757576,31,1017,1,True
0.004530792590230703,0.029551954242135366,0.96875,0.05735430157261795,0.036660359508041626,31,1018,1,True
0.0045307474210858345,0.029523809523809525,0.96875,0.05730129390018484,0.036625708884688093,31,1019,1,True
0.004528410267084837,0.029495718363463368,0.96875,0.057248384118190214,0.03659112370160529,31,1020,1,True
0.004527946002781391,0.029467680608365018,0.96875,0.05719557195571956,0.036556603773584904,31,1021,1,True
0.004525784403085709,0.029439696106362774,0.96875,0.05714285714285714,0.036522148916116874,31,1022,1,True
0.004523157607764006,0.029411764705882353,0.96875,0.0570902394106814,0.03648775894538606,31,1023,1,True
0.004522728268057108,0.029383886255924172,0.96875,0.05703771849126035,0.03645343367826905,31,1024,1,True
0.0045159365981817245,0.029356060606060608,0.96875,0.05698529411764706,0.03641917293233083,31,1025,1,True
0.004514629021286964,0.0293282876064333,0.96875,0.05693296602387511,0.036384976525821594,31,1026,1,True
0.004508461337536573,0.02930056710775047,0.96875,0.05688073394495413,0.036350844277673544,31,1027,1,True
0.004505964461714029,0.02927289896128423,0.96875,0.05682859761686526,0.03631677600749766,31,1028,1,True
0.004502934869378805,0.029245283018867925,0.96875,0.056776556776556776,0.03628277153558052,31,1029,1,True
0.004502641502767801,0.029217719132893498,0.96875,0.056724611161939616,0.0362488306828812,31,1030,1,True
0.004501329734921455,0.02919020715630885,0.96875,0.056672760511883,0.036214953271028034,31,1031,1,True
0.004499325528740883,0.02916274694261524,0.96875,0.05662100456621005,0.036181139122315596,31,1032,1,True
0.0044963667169213295,0.02913533834586466,0.96875,0.05656934306569343,0.03614738805970149,31,1033,1,True
0.004496193490922451,0.02910798122065728,0.96875,0.056517775752051046,0.036113699906803354,31,1034,1,True
0.004495143424719572,0.029080675422138838,0.96875,0.056466302367941715,0.036080074487895714,31,1035,1,True
0.004489530809223652,0.029053420805998126,0.96875,0.056414922656960874,0.03604651162790698,31,1036,1,True
0.004486925434321165,0.02902621722846442,0.96875,0.056363636363636366,0.036013011152416355,31,1037,1,True
0.004483969882130623,0.028999064546304958,0.96875,0.05631244323342416,0.035979572887650885,31,1038,1,True
0.0044816336594522,0.02897196261682243,0.96875,0.056261343012704176,0.03594619666048238,31,1039,1,True
0.004479281138628721,0.028944911297852476,0.96875,0.056210335448776065,0.035912882298424466,31,1040,1,True
0.004474499262869358,0.028917910447761194,0.96875,0.05615942028985507,0.03587962962962963,31,1041,1,True
0.004473543725907803,0.028890959925442685,0.96875,0.056108597285067875,0.03584643848288622,31,1042,1,True
0.004472360946238041,0.028864059590316574,0.96875,0.05605786618444846,0.03581330868761553,31,1043,1,True
0.00446874275803566,0.02883720930232558,0.96875,0.05600722673893405,0.03578024007386888,31,1044,1,True
0.00446756137534976,0.028810408921933085,0.96875,0.05595667870036101,0.035747232472324725,31,1045,1,True
0.004464777652174234,0.028783658310120707,0.96875,0.05590622182146077,0.03571428571428571,31,1046,1,True
0.004462827928364277,0.0287569573283859,0.96875,0.055855855855855854,0.035681399631675874,31,1047,1,True
0.004460805095732212,0.028730305838739572,0.96875,0.0558055805580558,0.03564857405703772,31,1048,1,True
0.00445995619520545,0.028703703703703703,0.96875,0.05575539568345324,0.03561580882352941,31,1049,1,True
0.004458474460989237,0.028677150786308975,0.96875,0.055705300988319856,0.03558310376492195,31,1050,1,True
0.004458319861441851,0.02865064695009242,0.96875,0.05565529622980251,0.03555045871559633,31,1051,1,True
0.0044564069248735905,0.028624192059095107,0.96875,0.05560538116591928,0.03551787351054079,31,1052,1,True
0.004454882349818945,0.02859778597785978,0.96875,0.05555555555555555,0.035485347985347984,31,1053,1,True
0.004454858601093292,0.02857142857142857,0.96875,0.05550581915846016,0.03545288197621226,31,1054,1,True
0.004453302826732397,0.0285451197053407,0.96875,0.055456171735241505,0.03542047531992688,31,1055,1,True
0.004450698848813772,0.028518859245630176,0.96875,0.05540661304736372,0.03538812785388128,31,1056,1,True
0.004450121894478798,0.02849264705882353,0.96875,0.055357142857142855,0.035355839416058396,31,1057,1,True
0.004450056701898575,0.028466483011937556,0.96875,0.05530776092774309,0.035323609845031904,31,1058,1,True
0.004449760541319847,0.028440366972477066,0.96875,0.05525846702317291,0.03529143897996357,31,1059,1,True
0.0044490871950984,0.02841429880843263,0.96875,0.05520926090828139,0.03525932666060055,31,1060,1,True
0.004443974234163761,0.028388278388278388,0.96875,0.05516014234875445,0.035227272727272725,31,1061,1,True
0.004443539772182703,0.028362305580969808,0.96875,0.05511111111111111,0.0351952770208901,31,1062,1,True
0.0044428398832678795,0.0283363802559415,0.96875,0.055062166962699825,0.03516333938294011,31,1063,1,True
0.004441728349775076,0.028310502283105023,0.96875,0.055013309671694766,0.03513145965548504,31,1064,1,True
0.0044392473064363,0.028284671532846715,0.96875,0.0549645390070922,0.035099637681159424,31,1065,1,True
0.004438834264874458,0.028258887876025523,0.96875,0.05491585473870682,0.03506787330316742,31,1066,1,True
0.004437106661498547,0.028233151183970857,0.96875,0.05486725663716814,0.03503616636528029,31,1067,1,True
0.0044347126968204975,0.028207461328480437,0.96875,0.05481874447391689,0.035004516711833786,31,1068,1,True
0.004433838650584221,0.028181818181818183,0.96875,0.054770318021201414,0.03497292418772563,31,1069,1,True
0.004433156922459602,0.02815622161671208,0.96875,0.05472197705207414,0.034941388638412986,31,1070,1,True
0.004433079157024622,0.028130671506352088,0.96875,0.054673721340388004,0.03490990990990991,31,1071,1,True
0.004428929183632135,0.028105167724388033,0.96875,0.05462555066079295,0.034878487848784875,31,1072,1,True
0.004428863525390625,0.028079710144927536,0.96875,0.05457746478873239,0.03484712230215827,31,1073,1,True
0.004425103776156902,0.028054298642533938,0.96875,0.05452946350043975,0.03481581311769991,31,1074,1,True
0.00442346790805459,0.02802893309222423,0.96875,0.054481546572934976,0.03478456014362657,31,1075,1,True
0.0044214059598743916,0.028003613369467027,0.96875,0.05443371378402107,0.034753363228699555,31,1076,1,True
0.0044184159487485886,0.027978339350180504,0.96875,0.054385964912280704,0.034722222222222224,31,1077,1,True
0.004412808455526829,0.027953110910730387,0.96875,0.05433829973707274,0.0346911369740376,31,1078,1,True
0.004412096459418535,0.027927927927927927,0.96875,0.0542907180385289,0.03466010733452594,31,1079,1,True
0.004411383997648954,0.0279027902790279,0.96875,0.0542432195975503,0.03462913315460232,31,1080,1,True
0.004408750683069229,0.02787769784172662,0.96875,0.05419580419580419,0.03459821428571429,31,1081,1,True
0.004408675245940685,0.027852650494159928,0.96875,0.05414847161572053,0.03456735057983943,31,1082,1,True
0.004406859166920185,0.027827648114901255,0.96875,0.05410122164048865,0.03453654188948307,31,1083,1,True
0.004406064283102751,0.02780269058295964,0.96875,0.05405405405405406,0.03450578806767587,31,1084,1,True
0.004404083359986544,0.027777777777777776,0.96875,0.05400696864111498,0.03447508896797153,31,1085,1,True
0.004402741324156523,0.02775290957923008,0.96875,0.053959965187119235,0.034444444444444444,31,1086,1,True
0.004402551334351301,0.027728085867620753,0.96875,0.05391304347826087,0.03441385435168739,31,1087,1,True
0.004402283579111099,0.02770330652368186,0.96875,0.05386620330147698,0.03438331854480923,31,1088,1,True
0.004397680051624775,0.027678571428571427,0.96875,0.05381944444444445,0.03435283687943262,31,1089,1,True
0.004395995754748583,0.027653880463871544,0.96875,0.053772766695576756,0.03432240921169176,31,1090,1,True
0.004395882599055767,0.027629233511586453,0.96875,0.053726169844020795,0.034292035398230086,31,1091,1,True
0.004391347989439964,0.027604630454140695,0.96875,0.05367965367965368,0.03426171529619806,31,1092,1,True
0.00439042691141367,0.027580071174377226,0.96875,0.05363321799307959,0.034231448763250884,31,1093,1,True
0.0043885912746191025,0.027555555555555555,0.96875,0.05358686257562662,0.03420123565754634,31,1094,1,True
0.0043883598409593105,0.027531083481349913,0.96875,0.0535405872193437,0.0341710758377425,31,1095,1,True
0.004387307446449995,0.027506654835847383,0.96875,0.05349439171699741,0.034140969162995596,31,1096,1,True
0.0043821618892252445,0.0274822695035461,0.96875,0.05344827586206897,0.03411091549295775,31,1097,1,True
0.004381154663860798,0.02745792736935341,0.96875,0.053402239448751075,0.03408091468777485,31,1098,1,True
0.004379358142614365,0.02743362831858407,0.96875,0.05335628227194492,0.034050966608084356,31,1099,1,True
0.004376727156341076,0.027409372236958444,0.96875,0.05331040412725709,0.03402107111501317,31,1100,1,True
0.004376514814794064,0.027385159010600707,0.96875,0.05326460481099656,0.03399122807017544,31,1101,1,True
0.004371518734842539,0.02736098852603707,0.96875,0.05321888412017167,0.03396143733567047,31,1102,1,True
0.004369387868791819,0.027336860670194002,0.96875,0.05317324185248713,0.03393169877408056,31,1103,1,True
0.004366563633084297,0.027312775330396475,0.96875,0.05312767780634105,0.03390201224846894,31,1104,1,True
0.004364965483546257,0.027288732394366196,0.96875,0.053082191780821915,0.033872377622377624,31,1105,1,True
0.004364181775599718,0.027264731750219876,0.96875,0.05303678357570573,0.03384279475982533,31,1106,1,True
0.004360663238912821,0.027240773286467488,0.96875,0.05299145299145299,0.03381326352530541,31,1107,1,True
0.004359893035143614,0.027216856892010536,0.96875,0.05294619982920581,0.033783783783783786,31,1108,1,True
0.004359332378953695,0.027192982456140352,0.96875,0.052901023890784986,0.033754355400696864,31,1109,1,True
0.004358367994427681,0.02716914986853637,0.96875,0.05285592497868713,0.03372497824194952,31,1110,1,True
0.004358177538961172,0.02714535901926445,0.96875,0.05281090289608177,0.03369565217391304,31,1111,1,True
0.004356869962066412,0.02712160979877515,0.96875,0.05276595744680851,0.03366637706342311,31,1112,1,True
0.00435597263276577,0.027097902097902096,0.96875,0.05272108843537415,0.033637152777777776,31,1113,1,True
0.004355850629508495,0.027074235807860263,0.96875,0.052676295666949875,0.03360797918473547,31,1114,1,True
0.004354328848421574,0.027050610820244327,0.96875,0.05263157894736842,0.033578856152513,31,1115,1,True
0.004354149103164673,0.02702702702702703,0.96875,0.05258693808312129,0.03354978354978355,31,1116,1,True
0.004350824281573296,0.02700348432055749,0.96875,0.05254237288135593,0.03352076124567474,31,1117,1,True
0.004350817762315273,0.026979982593559618,0.96875,0.05249788314987299,0.03349178910976664,31,1118,1,True
0.0043493411503732204,0.026956521739130435,0.96875,0.05245346869712352,0.03346286701208981,31,1119,1,True
0.004341471008956432,0.02693310165073849,0.96875,0.052409129332206254,0.033433994823123384,31,1120,1,True
0.004341322463005781,0.026909722222222224,0.96875,0.052364864864864864,0.0334051724137931,31,1121,1,True
0.004335892852395773,0.026886383347788378,0.96875,0.05232067510548523,0.03337639965546942,31,1122,1,True
0.004335816949605942,0.026863084922010397,0.96875,0.05227655986509275,0.033347676419965576,31,1123,1,True
0.0043324315920472145,0.02683982683982684,0.96875,0.05223251895534962,0.033319002579535684,31,1124,1,True
0.004331485368311405,0.026816608996539794,0.96875,0.05218855218855219,0.03329037800687285,31,1125,1,True
0.004330191761255264,0.02679343128781331,0.96875,0.05214465937762826,0.033261802575107295,31,1126,1,True
0.004330121912062168,0.02677029360967185,0.96875,0.052100840336134456,0.03323327615780446,31,1127,1,True
0.0043287696316838264,0.026747195858498704,0.96875,0.052057094878253565,0.03320479862896315,31,1128,1,True
0.004325345158576965,0.026724137931034484,0.96875,0.05201342281879195,0.0331763698630137,31,1129,1,True
0.004325240384787321,0.026701119724375538,0.96875,0.051969823973176864,0.03314798973481608,31,1130,1,True
0.004324137698858976,0.02667814113597246,0.96875,0.051926298157453935,0.03311965811965812,31,1131,1,True
0.004322469234466553,0.026655202063628546,0.96875,0.05188284518828452,0.03309137489325363,31,1132,1,True
0.004317165352404118,0.02663230240549828,0.96875,0.051839464882943144,0.033063139931740614,31,1133,1,True
0.004316712263971567,0.026609442060085836,0.96875,0.05179615705931495,0.033034953111679456,31,1134,1,True
0.004315890371799469,0.026586620926243566,0.96875,0.05175292153589316,0.033006814310051105,31,1135,1,True
0.00431542145088315,0.026563838903170524,0.96875,0.05170975813177648,0.03297872340425532,31,1136,1,True
0.004313515964895487,0.026541095890410957,0.96875,0.051666666666666666,0.032950680272108845,31,1137,1,True
0.004313213285058737,0.026518391787852865,0.96875,0.051623646960865945,0.03292268479184367,31,1138,1,True
0.004311397206038237,0.026495726495726495,0.96875,0.051580698835274545,0.03289473684210526,31,1139,1,True
0.00431003188714385,0.026473099914602904,0.96875,0.051537822111388194,0.03286683630195081,31,1140,1,True
0.004307975992560387,0.026450511945392493,0.96875,0.05149501661129568,0.03283898305084746,31,1141,1,True
0.004305846989154816,0.026427962489343565,0.96875,0.051452282157676346,0.03281117696867062,31,1142,1,True
0.004303329158574343,0.026405451448040886,0.96875,0.05140961857379768,0.0327834179357022,31,1143,1,True
0.004302285611629486,0.026382978723404255,0.96875,0.05136702568351284,0.032755705832628906,31,1144,1,True
0.004299737047404051,0.026360544217687076,0.96875,0.05132450331125828,0.03272804054054054,31,1145,1,True
0.0042991735972464085,0.026338147833474938,0.96875,0.05128205128205128,0.03270042194092827,31,1146,1,True
0.004298415966331959,0.02631578947368421,0.96875,0.0512396694214876,0.03267284991568297,31,1147,1,True
0.0042971959337592125,0.026293469041560644,0.96875,0.05119735755573906,0.03264532434709351,31,1148,1,True
0.0042937821708619595,0.026271186440677965,0.96875,0.05115511551155116,0.032617845117845115,31,1149,1,True
0.0042904154397547245,0.026248941574936496,0.96875,0.051112943116240726,0.03259041211101766,31,1150,1,True
0.0042903730645775795,0.02622673434856176,0.96875,0.051070840197693576,0.032563025210084036,31,1151,1,True
0.004289034754037857,0.026204564666103127,0.96875,0.05102880658436214,0.032535684298908484,31,1152,1,True
0.00428530341014266,0.026182432432432432,0.96875,0.05098684210526316,0.032508389261744965,31,1153,1,True
0.0042813438922166824,0.026160337552742614,0.96875,0.05094494658997535,0.03248113998323554,31,1154,1,True
0.004280333872884512,0.026138279932546374,0.96875,0.05090311986863711,0.03245393634840871,31,1155,1,True
0.004278795327991247,0.02611625947767481,0.96875,0.05086136177194422,0.032426778242677826,31,1156,1,True
0.004276823718100786,0.026936026936026935,1.0,0.05245901639344262,0.033444816053511704,32,1156,0,True
0.004273334518074989,0.02691337258200168,1.0,0.05241605241605242,0.03341687552213868,32,1157,0,True
0.004269734490662813,0.02689075630252101,1.0,0.05237315875613748,0.0333889816360601,32,1158,0,True
0.004269267898052931,0.02686817800167926,1.0,0.05233033524121014,0.03336113427856547,32,1159,0,True
0.0042683943174779415,0.026845637583892617,1.0,0.05228758169934641,0.03333333333333333,32,1160,0,True
0.004267362877726555,0.026823134953897737,1.0,0.052244897959183675,0.03330557868442964,32,1161,0,True
0.004266011994332075,0.02680067001675042,1.0,0.052202283849918436,0.033277870216306155,32,1162,0,True
0.004263308364897966,0.026778242677824266,1.0,0.05215973920130399,0.03325020781379884,32,1163,0,True
0.004256791435182095,0.026755852842809364,1.0,0.05211726384364821,0.03322259136212625,32,1164,0,True
0.004254552535712719,0.026733500417710943,1.0,0.05207485760781123,0.03319502074688797,32,1165,0,True
0.004248287063091993,0.02671118530884808,1.0,0.05203252032520325,0.03316749585406302,32,1166,0,True
0.0042481799609959126,0.026688907422852376,1.0,0.05199025182778229,0.033140016570008285,32,1167,0,True
0.0042471857741475105,0.02666666666666667,1.0,0.05194805194805195,0.033112582781456956,32,1168,0,True
0.004247099161148071,0.026644462947543714,1.0,0.05190592051905921,0.033085194375516956,32,1169,0,True
0.0042469496838748455,0.026622296173044926,1.0,0.05186385737439222,0.03305785123966942,32,1170,0,True
0.004246189724653959,0.02660016625103907,1.0,0.051821862348178135,0.03303055326176713,32,1171,0,True
0.004245992284268141,0.026578073089700997,1.0,0.05177993527508091,0.033003300330033,32,1172,0,True
0.00424571568146348,0.026556016597510373,1.0,0.05173807599029911,0.03297609233305853,32,1173,0,True
0.004242902621626854,0.026533996683250415,1.0,0.051696284329563816,0.032948929159802305,32,1174,0,True
0.0042421286925673485,0.026512013256006627,1.0,0.0516545601291364,0.03292181069958848,32,1175,0,True
0.004239392001181841,0.026490066225165563,1.0,0.05161290322580645,0.03289473684210526,32,1176,0,True
0.004238786641508341,0.026468155500413565,1.0,0.0515713134568896,0.03286770747740345,32,1177,0,True
0.004238756373524666,0.026446280991735537,1.0,0.05152979066022544,0.03284072249589491,32,1178,0,True
0.004236452281475067,0.026424442609413706,1.0,0.05148833467417538,0.03281378178835111,32,1179,0,True
0.004236237611621618,0.026402640264026403,1.0,0.05144694533762058,0.03278688524590164,32,1180,0,True
0.004234897904098034,0.026380873866446827,1.0,0.05140562248995984,0.03276003276003276,32,1181,0,True
0.0042348275892436504,0.026359143327841845,1.0,0.051364365971107544,0.03273322422258593,32,1182,0,True
0.004234614782035351,0.02633744855967078,1.0,0.05132317562149158,0.032706459525756335,32,1183,0,True
0.004234027583152056,0.02631578947368421,1.0,0.05128205128205128,0.032679738562091505,32,1184,0,True
0.004232314880937338,0.02629416598192276,1.0,0.051240992794235385,0.0326530612244898,32,1185,0,True
0.004230725113302469,0.026272577996715927,1.0,0.0512,0.03262642740619902,32,1186,0,True
0.004230675287544727,0.026251025430680888,1.0,0.051159072741806554,0.032599837000814993,32,1187,0,True
0.0042288536205887794,0.02622950819672131,1.0,0.051118210862619806,0.03257328990228013,32,1188,0,True
0.004228524398058653,0.02620802620802621,1.0,0.05107741420590583,0.03254678600488202,32,1189,0,True
0.00422727782279253,0.02618657937806874,1.0,0.051036682615629984,0.032520325203252036,32,1190,0,True
0.004225044511258602,0.02616516762060507,1.0,0.05099601593625498,0.03249390739236393,32,1191,0,True
0.004221601411700249,0.026143790849673203,1.0,0.050955414012738856,0.032467532467532464,32,1192,0,True
0.0042207813821733,0.026122448979591838,1.0,0.05091487669053302,0.032441200324412,32,1193,0,True
0.0042203264310956,0.026101141924959218,1.0,0.05087440381558029,0.03241491085899514,32,1194,0,True
0.004220316652208567,0.026079869600651995,1.0,0.050833995234312944,0.032388663967611336,32,1195,0,True
0.004220126196742058,0.026058631921824105,1.0,0.050793650793650794,0.032362459546925564,32,1196,0,True
0.004219881258904934,0.026037428803905614,1.0,0.05075337034099921,0.03233629749393695,32,1197,0,True
0.004218701273202896,0.026016260162601626,1.0,0.05071315372424723,0.03231017770597738,32,1198,0,True
0.004217405803501606,0.025995125913891144,1.0,0.050673000791765635,0.03228410008071025,32,1199,0,True
0.004216963425278664,0.025974025974025976,1.0,0.05063291139240506,0.03225806451612903,32,1200,0,True
0.004215061664581299,0.025952960259529603,1.0,0.05059288537549407,0.032232070910556,32,1201,0,True
0.004213846754282713,0.02593192868719611,1.0,0.05055292259083728,0.0322061191626409,32,1202,0,True
0.004213652573525906,0.025910931174089068,1.0,0.050513022888713496,0.032180209171359615,32,1203,0,True
0.0042128488421440125,0.025889967637540454,1.0,0.050473186119873815,0.03215434083601286,32,1204,0,True
0.004212694708257914,0.025869037995149554,1.0,0.0504334121355398,0.0321285140562249,32,1205,0,True
0.004208324011415243,0.025848142164781908,1.0,0.050393700787401574,0.03210272873194221,32,1206,0,True
0.004207183141261339,0.0258272800645682,1.0,0.05035405192761605,0.03207698476343224,32,1207,0,True
0.004207107238471508,0.025806451612903226,1.0,0.050314465408805034,0.03205128205128205,32,1208,0,True
0.0042070671916007996,0.0257856567284448,1.0,0.05027494108405342,0.032025620496397116,32,1209,0,True
0.004202469252049923,0.02576489533011272,1.0,0.05023547880690738,0.032,32,1210,0,True
0.004201782867312431,0.02574416733708769,1.0,0.05019607843137255,0.0319744204636291,32,1211,0,True
0.00420117424800992,0.02572347266881029,1.0,0.050156739811912224,0.03194888178913738,32,1212,0,True
0.0041989670135080814,0.02570281124497992,1.0,0.050117462803445575,0.03192338387869114,32,1213,0,True
0.004194779321551323,0.025682182985553772,1.0,0.050078247261345854,0.03189792663476874,32,1214,0,True
0.004193312022835016,0.02566158781074579,1.0,0.05003909304143862,0.03187250996015936,32,1215,0,True
0.004192742519080639,0.02564102564102564,1.0,0.05,0.03184713375796178,32,1216,0,True
0.0041879634372889996,0.025620496397117692,1.0,0.04996096799375488,0.031821797931583136,32,1217,0,True
0.004187925718724728,0.0256,1.0,0.0499219968798752,0.03179650238473768,32,1218,0,True
0.0041874246671795845,0.025579536370903277,1.0,0.04988308651597818,0.03177124702144559,32,1219,0,True
0.004184882156550884,0.025559105431309903,1.0,0.04984423676012461,0.031746031746031744,32,1220,0,True
0.0041832090355455875,0.025538707102952914,1.0,0.049805447470817124,0.0317208564631245,32,1221,0,True
0.004182259552180767,0.025518341307814992,1.0,0.049766718506998445,0.03169572107765452,32,1222,0,True
0.004178599454462528,0.02549800796812749,1.0,0.04972804972804973,0.03167062549485352,32,1223,0,True
0.004178000148385763,0.025477707006369428,1.0,0.049689440993788817,0.03164556962025317,32,1224,0,True
0.004177442751824856,0.02545743834526651,1.0,0.04965089216446858,0.03162055335968379,32,1225,0,True
0.0041764844208955765,0.025437201907790145,1.0,0.04961240310077519,0.0315955766192733,32,1226,0,True
0.004174390807747841,0.025416997617156472,1.0,0.049573973663826494,0.03157063930544594,32,1227,0,True
0.004172058310359716,0.025396825396825397,1.0,0.04953560371517028,0.031545741324921134,32,1228,0,True
0.004171731881797314,0.025376685170499604,1.0,0.04949729311678268,0.03152088258471237,32,1229,0,True
0.004168508108705282,0.025356576862123614,1.0,0.04945904173106646,0.031496062992125984,32,1230,0,True
0.004168421030044556,0.025336500395882817,1.0,0.04942084942084942,0.03147128245476003,32,1231,0,True
0.004167419392615557,0.02531645569620253,1.0,0.04938271604938271,0.031446540880503145,32,1232,0,True
0.004166224505752325,0.025296442687747035,1.0,0.04934464148033924,0.031421838177533384,32,1233,0,True
0.00416575325652957,0.025256511444356748,1.0,0.049268668206312545,0.03137254901960784,32,1235,0,True
0.004165698308497667,0.025236593059936908,1.0,0.04923076923076923,0.03134796238244514,32,1236,0,True
0.004164881072938442,0.0252167060677699,1.0,0.04919292851652575,0.031323414252153486,32,1237,0,True
0.004163906443864107,0.025196850393700787,1.0,0.04915514592933948,0.03129890453834116,32,1238,0,True
0.004160781856626272,0.025177025963808025,1.0,0.04911742133537989,0.03127443315089914,32,1239,0,True
0.004158847499638796,0.025157232704402517,1.0,0.049079754601226995,0.03125,32,1240,0,True
0.0041573080234229565,0.02513747054202671,1.0,0.04904214559386973,0.0312256049960968,32,1241,0,True
0.004154911730438471,0.02511773940345369,1.0,0.04900459418070444,0.031201248049921998,32,1242,0,True
0.004154333379119635,0.025098039215686273,1.0,0.04896710022953328,0.03117692907248636,32,1243,0,True
0.004153063520789146,0.025078369905956112,1.0,0.04892966360856269,0.03115264797507788,32,1244,0,True
0.004151878412812948,0.025058731401722788,1.0,0.04889228418640183,0.0311284046692607,32,1245,0,True
0.004149138927459717,0.025039123630672927,1.0,0.04885496183206107,0.03110419906687403,32,1246,0,True
0.004148659761995077,0.02501954652071931,1.0,0.04881769641495042,0.03108003108003108,32,1247,0,True
0.004145987797528505,0.025,1.0,0.04878048780487805,0.031055900621118012,32,1248,0,True
0.0041446746326982975,0.02498048399687744,1.0,0.048743335872048744,0.031031807602792862,32,1249,0,True
0.0041446685791015625,0.0249609984399376,1.0,0.0487062404870624,0.031007751937984496,32,1250,0,True
0.004143012221902609,0.02494154325798909,1.0,0.048669201520912544,0.030983733539891558,32,1251,0,True
0.004142122343182564,0.024922118380062305,1.0,0.0486322188449848,0.030959752321981424,32,1252,0,True
0.004141973331570625,0.024902723735408562,1.0,0.04859529233105543,0.030935808197989172,32,1253,0,True
0.0041410233825445175,0.024883359253499222,1.0,0.048558421851289835,0.030911901081916538,32,1254,0,True
0.004140903707593679,0.024864024864024864,1.0,0.04852160727824109,0.03088803088803089,32,1255,0,True
0.004139876924455166,0.024844720496894408,1.0,0.048484848484848485,0.030864197530864196,32,1256,0,True
0.004137198906391859,0.02482544608223429,1.0,0.04844814534443603,0.03084040092521203,32,1257,0,True
0.004136277362704277,0.024806201550387597,1.0,0.048411497730711045,0.030816640986132512,32,1258,0,True
0.004133695270866156,0.024786986831913247,1.0,0.04837490551776266,0.030792917628945343,32,1259,0,True
0.004133487120270729,0.02476780185758514,1.0,0.04833836858006042,0.03076923076923077,32,1260,0,True
0.004131087101995945,0.02474864655839134,1.0,0.04830188679245283,0.030745580322828592,32,1261,0,True
0.004129259381443262,0.02472952086553323,1.0,0.048265460030165915,0.030721966205837174,32,1262,0,True
0.004128974862396717,0.02471042471042471,1.0,0.04822908816880181,0.03069838833461243,32,1263,0,True
0.004126573912799358,0.024691358024691357,1.0,0.04819277108433735,0.03067484662576687,32,1264,0,True
0.004122566431760788,0.02467232074016962,1.0,0.04815650865312265,0.03065134099616858,32,1265,0,True
0.0041220649145543575,0.02465331278890601,1.0,0.0481203007518797,0.030627871362940276,32,1266,0,True
0.004118586424738169,0.024634334103156273,1.0,0.04808414725770098,0.030604437643458302,32,1267,0,True
0.0041184923611581326,0.024615384615384615,1.0,0.04804804804804805,0.03058103975535168,32,1268,0,True
0.004117927048355341,0.024596464258262875,1.0,0.04801200300075019,0.030557677616501147,32,1269,0,True
0.004115432966500521,0.02457757296466974,1.0,0.047976011994003,0.030534351145038167,32,1270,0,True
0.004113952163606882,0.024558710667689946,1.0,0.04794007490636704,0.03051106025934401,32,1271,0,True
0.004113859962671995,0.024539877300613498,1.0,0.04790419161676647,0.03048780487804878,32,1272,0,True
0.004110409412533045,0.024521072796934867,1.0,0.04786836200448766,0.030464584920030464,32,1273,0,True
0.004106708336621523,0.02450229709035222,1.0,0.04783258594917788,0.030441400304414,32,1274,0,True
0.0041053141467273235,0.02448355011476664,1.0,0.04779686333084392,0.030418250950570342,32,1275,0,True
0.004104433115571737,0.024464831804281346,1.0,0.04776119402985075,0.030395136778115502,32,1276,0,True
0.004102217499166727,0.024446142093200916,1.0,0.047725577926920205,0.030372057706909643,32,1277,0,True
0.0041016507893800735,0.024427480916030534,1.0,0.04769001490312966,0.030349013657056147,32,1278,0,True
0.004101175349205732,0.02440884820747521,1.0,0.04765450483991065,0.030326004548900682,32,1279,0,True
0.00410088524222374,0.024390243902439025,1.0,0.047619047619047616,0.030303030303030304,32,1280,0,True
0.00409990968182683,0.024371667936024372,1.0,0.04758364312267658,0.03028009084027252,32,1281,0,True
0.004099623765796423,0.0243531202435312,1.0,0.0475482912332838,0.030257186081694403,32,1282,0,True
0.004094951786100864,0.024334600760456272,1.0,0.047512991833704527,0.030234315948601664,32,1283,0,True
0.004094868432730436,0.0243161094224924,1.0,0.04747774480712166,0.030211480362537766,32,1284,0,True
0.004094146657735109,0.024297646165527716,1.0,0.04744255003706449,0.03018867924528302,32,1285,0,True
0.004092679359018803,0.024279210925644917,1.0,0.047407407407407405,0.030165912518853696,32,1286,0,True
0.004092201124876738,0.024260803639120546,1.0,0.047372316802368614,0.03014318010550113,32,1287,0,True
0.004092049319297075,0.024242424242424242,1.0,0.047337278106508875,0.030120481927710843,32,1288,0,True
0.004091555718332529,0.024224072672218017,1.0,0.04730229120473023,0.030097817908201655,32,1289,0,True
0.004090594127774239,0.024205748865355523,1.0,0.047267355982274745,0.03007518796992481,32,1290,0,True
0.004090522415935993,0.02418745275888133,1.0,0.047232472324723246,0.03005259203606311,32,1291,0,True
0.00408813776448369,0.02416918429003021,1.0,0.0471976401179941,0.03003003003003003,32,1292,0,True
0.0040880367159843445,0.024150943396226414,1.0,0.04716285924834193,0.030007501875468866,32,1293,0,True
0.004087922163307667,0.024132730015082957,1.0,0.047128129602356406,0.029985007496251874,32,1294,0,True
0.004085744731128216,0.024114544084400905,1.0,0.047093451066961,0.0299625468164794,32,1295,0,True
0.004083639942109585,0.024096385542168676,1.0,0.047058823529411764,0.029940119760479042,32,1296,0,True
0.004082852508872747,0.024078254326561323,1.0,0.0470242468772961,0.029917726252804786,32,1297,0,True
0.004081891383975744,0.02406015037593985,1.0,0.04698972099853157,0.029895366218236172,32,1298,0,True
0.004077808931469917,0.02404207362885049,1.0,0.04695524578136464,0.029873039581777446,32,1299,0,True
0.0040762037970125675,0.024024024024024024,1.0,0.0469208211143695,0.029850746268656716,32,1300,0,True
0.0040754410438239574,0.024006001500375095,1.0,0.046886446886446886,0.02982848620432513,32,1301,0,True
0.004075437318533659,0.0239880059970015,1.0,0.04685212298682284,0.029806259314456036,32,1302,0,True
0.0040749842301011086,0.02397003745318352,1.0,0.04681784930504755,0.029784065524944156,32,1303,0,True
0.004074105527251959,0.023952095808383235,1.0,0.04678362573099415,0.02976190476190476,32,1304,0,True
0.004073355346918106,0.02393418100224383,1.0,0.04674945215485756,0.02973977695167286,32,1305,0,True
0.0040718368254601955,0.02391629297458894,1.0,0.04671532846715328,0.029717682020802376,32,1306,0,True
0.004070998169481754,0.02389843166542196,1.0,0.046681254558716266,0.02969561989606533,32,1307,0,True
0.0040676104836165905,0.023880597014925373,1.0,0.04664723032069971,0.02967359050445104,32,1308,0,True
0.004066254012286663,0.023862788963460103,1.0,0.04661325564457393,0.029651593773165306,32,1309,0,True
0.0040629650466144085,0.02384500745156483,1.0,0.046579330422125184,0.02962962962962963,32,1310,0,True
0.004062135703861713,0.023827252419955324,1.0,0.04654545454545454,0.029607698001480384,32,1311,0,True
0.004062016028910875,0.023809523809523808,1.0,0.046511627906976744,0.029585798816568046,32,1312,0,True
0.004059751983731985,0.02379182156133829,1.0,0.04647785039941903,0.029563932002956393,32,1313,0,True
0.004059243015944958,0.0237741456166419,1.0,0.04644412191582003,0.029542097488921712,32,1314,0,True
0.004058579448610544,0.023756495916852263,1.0,0.046410442349528645,0.02952029520295203,32,1315,0,True
0.0040574464946985245,0.02373887240356083,1.0,0.0463768115942029,0.029498525073746312,32,1316,0,True
0.004056205973029137,0.023721275018532245,1.0,0.04634322954380883,0.029476787030213707,32,1317,0,True
0.0040549635887146,0.023703703703703703,1.0,0.04630969609261939,0.029455081001472753,32,1318,0,True
0.0040520355105400085,0.023686158401184307,1.0,0.046276211135213303,0.029433406916850625,32,1319,0,True
0.004051115829497576,0.023668639053254437,1.0,0.046242774566473986,0.029411764705882353,32,1320,0,True
0.004050819668918848,0.023651145602365115,1.0,0.046209386281588445,0.029390154298310066,32,1321,0,True
0.004050069488584995,0.023633677991137372,1.0,0.046176046176046176,0.02936857562408223,32,1322,0,True
0.0040499428287148476,0.023616236162361623,1.0,0.046142754145638065,0.029347028613352897,32,1323,0,True
0.00404959823936224,0.02359882005899705,1.0,0.04610951008645533,0.02932551319648094,32,1324,0,True
0.004048482980579138,0.023581429624170966,1.0,0.04607631389488841,0.029304029304029304,32,1325,0,True
0.004048060160130262,0.023564064801178203,1.0,0.0460431654676259,0.029282576866764276,32,1326,0,True
0.004046706948429346,0.0235467255334805,1.0,0.04601006470165349,0.029261155815654718,32,1327,0,True
0.004046571906656027,0.023529411764705882,1.0,0.04597701149425287,0.029239766081871343,32,1328,0,True
0.004045240581035614,0.02351212343864805,1.0,0.04594400574300072,0.029218407596785977,32,1329,0,True
0.004044985398650169,0.023494860499265784,1.0,0.04591104734576758,0.029197080291970802,32,1330,0,True
0.004044190049171448,0.02347762289068232,1.0,0.045878136200716846,0.029175784099197667,32,1331,0,True
0.004043540917336941,0.02346041055718475,1.0,0.045845272206303724,0.029154518950437316,32,1332,0,True
0.004035303369164467,0.023443223443223443,1.0,0.04581245526127416,0.029133284777858703,32,1333,0,True
0.004034592304378748,0.02342606149341142,1.0,0.045779685264663805,0.02911208151382824,32,1334,0,True
0.004031208343803883,0.023408924652523776,1.0,0.045746962115797,0.02909090909090909,32,1335,0,True
0.004030984360724688,0.023391812865497075,1.0,0.045714285714285714,0.029069767441860465,32,1336,0,True
0.004028423689305782,0.02337472607742878,1.0,0.04568165596002855,0.029048656499636893,32,1337,0,True
0.0040283468551933765,0.02335766423357664,1.0,0.0456490727532097,0.02902757619738752,32,1338,0,True
0.004028270486742258,0.023340627279358133,1.0,0.045616535994297935,0.029006526468455404,32,1339,0,True
0.00402793986722827,0.023323615160349854,1.0,0.045584045584045586,0.028985507246376812,32,1340,0,True
0.004025262780487537,0.023306627822286964,1.0,0.04555160142348755,0.02896451846488052,32,1341,0,True
0.004024498164653778,0.023289665211062592,1.0,0.04551920341394026,0.02894356005788712,32,1342,0,True
0.004024243913590908,0.02327272727272727,1.0,0.04548685145700071,0.028922631959508314,32,1343,0,True
0.004021950997412205,0.023255813953488372,1.0,0.045454545454545456,0.028901734104046242,32,1344,0,True
0.004021259490400553,0.023238925199709513,1.0,0.0454222853087296,0.02888086642599278,32,1345,0,True
0.004021035972982645,0.023222060957910014,1.0,0.04539007092198582,0.02886002886002886,32,1346,0,True
0.004020866006612778,0.023205221174764323,1.0,0.04535790219702339,0.02883922134102379,32,1347,0,True
0.004020247608423233,0.02318840579710145,1.0,0.0453257790368272,0.02881844380403458,32,1348,0,True
0.004015889018774033,0.023171614771904415,1.0,0.04529370134465676,0.028797696184305256,32,1349,0,True
0.004015045706182718,0.023154848046309694,1.0,0.04526166902404526,0.02877697841726619,32,1350,0,True
0.004014952573925257,0.023138105567606652,1.0,0.045229681978798585,0.02875629043853343,32,1351,0,True
0.004008008632808924,0.023121387283236993,1.0,0.04519774011299435,0.028735632183908046,32,1352,0,True
0.004006408154964447,0.023104693140794223,1.0,0.04516584333098095,0.028715003589375447,32,1353,0,True
0.004006002563983202,0.023088023088023088,1.0,0.045133991537376586,0.028694404591104734,32,1354,0,True
0.004005738068372011,0.023071377072819033,1.0,0.04510218463706836,0.02867383512544803,32,1355,0,True
0.004005576483905315,0.023054755043227664,1.0,0.04507042253521127,0.02865329512893983,32,1356,0,True
0.004004475194960833,0.023038156947444204,1.0,0.045038705137227304,0.02863278453829635,32,1357,0,True
0.004000411368906498,0.02302158273381295,1.0,0.0450070323488045,0.02861230329041488,32,1358,0,True
0.003999453503638506,0.023005032350826744,1.0,0.044975404075895994,0.028591851322373123,32,1359,0,True
0.003998173866420984,0.022988505747126436,1.0,0.0449438202247191,0.02857142857142857,32,1360,0,True
0.003997676074504852,0.02297200287150036,1.0,0.04491228070175438,0.028551034975017844,32,1361,0,True
0.003996430896222591,0.02295552367288379,1.0,0.04488078541374474,0.028530670470756064,32,1362,0,True
0.003996172919869423,0.022939068100358423,1.0,0.04484933426769446,0.02851033499643621,32,1363,0,True
0.003996024373918772,0.022922636103151862,1.0,0.04481792717086835,0.02849002849002849,32,1364,0,True
0.0039939130656421185,0.02290622763063708,1.0,0.04478656403079076,0.028469750889679714,32,1365,0,True
0.003991633653640747,0.022889842632331903,1.0,0.044755244755244755,0.02844950213371266,32,1366,0,True
0.003989980556070805,0.0228734810578985,1.0,0.04472396925227114,0.028429282160625444,32,1367,0,True
0.00398973235860467,0.022857142857142857,1.0,0.0446927374301676,0.028409090909090908,32,1368,0,True
0.003987876232713461,0.022840827980014276,1.0,0.044661549197487785,0.028388928317955996,32,1369,0,True
0.003987692296504974,0.02282453637660485,1.0,0.044630404463040445,0.028368794326241134,32,1370,0,True
0.00398736447095871,0.022808267997148968,1.0,0.0445993031358885,0.028348688873139617,32,1371,0,True
0.003986041527241468,0.022792022792022793,1.0,0.04456824512534819,0.028328611898016998,32,1372,0,True
0.003985988441854715,0.022775800711743774,1.0,0.04453723034098817,0.028308563340410473,32,1373,0,True
0.0039825234562158585,0.02275960170697013,1.0,0.04450625869262865,0.028288543140028287,32,1374,0,True
0.003981738351285458,0.022743425728500355,1.0,0.04447533009034051,0.028268551236749116,32,1375,0,True
0.003980834968388081,0.022727272727272728,1.0,0.044444444444444446,0.02824858757062147,32,1376,0,True
0.003979451023042202,0.0227111426543648,1.0,0.04441360166551006,0.028228652081863093,32,1377,0,True
0.0039779734797775745,0.02269503546099291,1.0,0.044382801664355064,0.028208744710860368,32,1378,0,True
0.003977495711296797,0.022678951098511695,1.0,0.04435204435204435,0.028188865398167725,32,1379,0,True
0.003976728301495314,0.0226628895184136,1.0,0.0443213296398892,0.028169014084507043,32,1380,0,True
0.003975445870310068,0.02264685067232838,1.0,0.044290657439446365,0.028149190710767064,32,1381,0,True
0.003974964842200279,0.02263083451202263,1.0,0.04426002766251729,0.02812939521800281,32,1382,0,True
0.0039747776463627815,0.022614840989399292,1.0,0.0442294402211472,0.028109627547434995,32,1383,0,True
0.003972820937633514,0.022598870056497175,1.0,0.04419889502762431,0.028089887640449437,32,1384,0,True
0.0039720661006867886,0.022582921665490474,1.0,0.04416839199447895,0.028070175438596492,32,1385,0,True
0.003970468416810036,0.022566995768688293,1.0,0.044137931034482755,0.028050490883590462,32,1386,0,True
0.0039703212678432465,0.02255109231853418,1.0,0.04410751206064783,0.02803083391730904,32,1387,0,True
0.003969014622271061,0.022535211267605635,1.0,0.0440771349862259,0.028011204481792718,32,1388,0,True
0.003968939650803804,0.022519352568613652,1.0,0.0440467997247075,0.02799160251924423,32,1389,0,True
0.003968191333115101,0.02250351617440225,1.0,0.04401650618982118,0.027972027972027972,32,1390,0,True
0.003967782482504845,0.022487702037947997,1.0,0.04398625429553265,0.027952480782669462,32,1391,0,True
0.003966956865042448,0.02247191011235955,1.0,0.04395604395604396,0.027932960893854747,32,1392,0,True
0.003966719843447208,0.02245614035087719,1.0,0.04392587508579272,0.027913468248429867,32,1393,0,True
0.003965769894421101,0.02244039270687237,1.0,0.0438957475994513,0.02789400278940028,32,1394,0,True
0.003965320065617561,0.02242466713384723,1.0,0.04386566141192598,0.027874564459930314,32,1395,0,True
0.003965250216424465,0.022408963585434174,1.0,0.043835616438356165,0.027855153203342618,32,1396,0,True
0.003964429721236229,0.02239328201539538,1.0,0.04380561259411362,0.027835768963117607,32,1397,0,True
0.003962977789342403,0.022377622377622378,1.0,0.04377564979480164,0.027816411682892908,32,1398,0,True
0.003962586633861065,0.02236198462613557,1.0,0.043745727956254275,0.02779708130646282,32,1399,0,True
0.003962550312280655,0.0223463687150838,1.0,0.04371584699453552,0.027777777777777776,32,1400,0,True
0.003961312584578991,0.022330774598743892,1.0,0.04368600682593857,0.027758501040943788,32,1401,0,True
0.003960257396101952,0.022315202231520222,1.0,0.04365620736698499,0.027739251040221916,32,1402,0,True
0.003960238303989172,0.02229965156794425,1.0,0.043626448534423996,0.02772002772002772,32,1403,0,True
0.003959753084927797,0.022284122562674095,1.0,0.043596730245231606,0.027700831024930747,32,1404,0,True
0.00395966274663806,0.022268615170494086,1.0,0.043567052416609936,0.02768166089965398,32,1405,0,True
0.003959488123655319,0.022253129346314324,1.0,0.04353741496598639,0.027662517289073305,32,1406,0,True
0.003959113731980324,0.022237665045170257,1.0,0.043507817811012914,0.027643400138217002,32,1407,0,True
0.003958696499466896,0.022222222222222223,1.0,0.043478260869565216,0.027624309392265192,32,1408,0,True
0.003958008252084255,0.02220680083275503,1.0,0.04344874405974202,0.027605244996549344,32,1409,0,True
0.0039572580717504025,0.022191400832177532,1.0,0.04341926729986431,0.027586206896551724,32,1410,0,True
0.003956696484237909,0.022176022176022176,1.0,0.04338983050847458,0.027567195037904894,32,1411,0,True
0.003955617547035217,0.0221606648199446,1.0,0.04336043360433604,0.027548209366391185,32,1412,0,True
0.003955191466957331,0.022145328719723183,1.0,0.043331076506431955,0.02752924982794219,32,1413,0,True
0.003954636864364147,0.022130013831258646,1.0,0.04330175913396482,0.027510316368638238,32,1414,0,True
0.003950413316488266,0.0221147201105736,1.0,0.043272481406355645,0.027491408934707903,32,1415,0,True
0.003950345795601606,0.022099447513812154,1.0,0.043243243243243246,0.027472527472527472,32,1416,0,True
0.003950263373553753,0.022084195997239476,1.0,0.04321404456448346,0.027453671928620454,32,1417,0,True
0.00394731480628252,0.022068965517241378,1.0,0.043184885290148446,0.027434842249657063,32,1418,0,True
0.003944228403270245,0.022053756030323914,1.0,0.04315576534052596,0.027416038382453736,32,1419,0,True
0.003941996023058891,0.02203856749311295,1.0,0.0431266846361186,0.0273972602739726,32,1420,0,True
0.003939624410122633,0.02202339986235375,1.0,0.0430976430976431,0.02737850787132101,32,1421,0,True
0.003937792964279652,0.02200825309491059,1.0,0.04306864064602961,0.027359781121751026,32,1422,0,True
0.0039338706992566586,0.021993127147766325,1.0,0.04303967720242098,0.02734107997265892,32,1423,0,True
0.003933428321033716,0.02197802197802198,1.0,0.043010752688172046,0.0273224043715847,32,1424,0,True
0.003932010382413864,0.02196293754289636,1.0,0.042981867024848894,0.027303754266211604,32,1425,0,True
0.003930052276700735,0.02194787379972565,1.0,0.042953020134228186,0.027285129604365622,32,1426,0,True
0.003930005244910717,0.02193283070596299,1.0,0.042924211938296444,0.027266530334014997,32,1427,0,True
0.003929652739316225,0.021917808219178082,1.0,0.04289544235924933,0.027247956403269755,32,1428,0,True
0.003929357510060072,0.02190280629705681,1.0,0.042866711319490956,0.02722940776038121,32,1429,0,True
0.0039290776476264,0.02188782489740082,1.0,0.0428380187416332,0.027210884353741496,32,1430,0,True
0.003926439676433802,0.021872863978127138,1.0,0.04280936454849498,0.027192386131883073,32,1431,0,True
0.003925814758986235,0.02185792349726776,1.0,0.0427807486631016,0.02717391304347826,32,1432,0,True
0.003925540950149298,0.021843003412969283,1.0,0.04275217100868404,0.027155465037338764,32,1433,0,True
0.003925032448023558,0.021828103683492497,1.0,0.042723631508678236,0.027137042062415198,32,1434,0,True
0.003924321848899126,0.021813224267211998,1.0,0.04269513008672448,0.02711864406779661,32,1435,0,True
0.0039233677089214325,0.021798365122615803,1.0,0.042666666666666665,0.02710027100271003,32,1436,0,True
0.003922909498214722,0.021783526208304968,1.0,0.04263824117255163,0.027081922816519974,32,1437,0,True
0.003922376316040754,0.021768707482993196,1.0,0.0426098535286285,0.02706359945872801,32,1438,0,True
0.003921983763575554,0.021753908905506457,1.0,0.04258150365934797,0.027045300878972278,32,1439,0,True
0.003921873401850462,0.021739130434782608,1.0,0.0425531914893617,0.02702702702702703,32,1440,0,True
0.003919039387255907,0.02172437202987101,1.0,0.0425249169435216,0.02700877785280216,32,1441,0,True
0.003918657545000315,0.021709633649932156,1.0,0.04249667994687915,0.02699055330634278,32,1442,0,True
0.003918486647307873,0.02169491525423729,1.0,0.042468480424684804,0.026972353337828724,32,1443,0,True
0.003917446359992027,0.02168021680216802,1.0,0.042440318302387266,0.026954177897574125,32,1444,0,True
0.003916266839951277,0.021665538253215978,1.0,0.04241219350563287,0.026936026936026935,32,1445,0,True
0.003914241679012775,0.02165087956698241,1.0,0.0423841059602649,0.026917900403768506,32,1446,0,True
0.003914189990609884,0.021636240703177823,1.0,0.042356055592322965,0.026899798251513115,32,1447,0,True
0.0039124758914113045,0.021621621621621623,1.0,0.042328042328042326,0.026881720430107527,32,1448,0,True
0.0039092544466257095,0.02160702228224173,1.0,0.04230006609385327,0.026863666890530557,32,1449,0,True
0.003908022306859493,0.021592442645074223,1.0,0.04227212681638045,0.026845637583892617,32,1450,0,True
0.003907856997102499,0.02157788267026298,1.0,0.042244224422442245,0.02682763246143528,32,1451,0,True
0.003906984813511372,0.0215633423180593,1.0,0.04221635883905013,0.02680965147453083,32,1452,0,True
0.0039055633824318647,0.02154882154882155,1.0,0.04218852999340804,0.02679169457468185,32,1453,0,True
0.003905385034158826,0.021534320323014805,1.0,0.04216073781291173,0.02677376171352075,32,1454,0,True
0.003904864192008972,0.02151983860121049,1.0,0.04213298222514812,0.026755852842809364,32,1455,0,True
0.0039045691955834627,0.021505376344086023,1.0,0.042105263157894736,0.026737967914438502,32,1456,0,True
0.003904411569237709,0.021490933512424447,1.0,0.042077580539119,0.026720106880427523,32,1457,0,True
0.0039043445140123367,0.021476510067114093,1.0,0.04204993429697766,0.0267022696929239,32,1458,0,True
0.00390391843393445,0.021462105969148222,1.0,0.04202232435981615,0.0266844563042028,32,1459,0,True
0.003903690492734313,0.021447721179624665,1.0,0.04199475065616798,0.02666666666666667,32,1460,0,True
0.003902474418282509,0.021433355659745478,1.0,0.0419672131147541,0.02664890073284477,32,1461,0,True
0.0039017884992063046,0.0214190093708166,1.0,0.04193971166448231,0.02663115845539281,32,1462,0,True
0.0039011845365166664,0.02140468227424749,1.0,0.04191224623444663,0.02661343978709248,32,1463,0,True
0.003901067655533552,0.0213903743315508,1.0,0.041884816753926704,0.026595744680851064,32,1464,0,True
0.0038991281762719154,0.02137608550434202,1.0,0.041857423152387184,0.026578073089700997,32,1465,0,True
0.0038980019744485617,0.021361815754339118,1.0,0.04183006535947712,0.02656042496679947,32,1466,0,True
0.0038973260670900345,0.02134756504336224,1.0,0.041802743305029394,0.026542800265428004,32,1467,0,True
0.003895773785188794,0.021333333333333333,1.0,0.04177545691906005,0.026525198938992044,32,1468,0,True
0.003895152360200882,0.021319120586275817,1.0,0.04174820613176777,0.026507620941020542,32,1469,0,True
0.0038950906600803137,0.02130492676431425,1.0,0.041720990873533245,0.026490066225165563,32,1470,0,True
0.003894062712788582,0.021290751829673986,1.0,0.04169381107491857,0.026472534745201854,32,1471,0,True
0.0038932242896407843,0.02127659574468085,1.0,0.041666666666666664,0.026455026455026454,32,1472,0,True
0.003892455715686083,0.0212624584717608,1.0,0.04163955757970072,0.026437541308658295,32,1473,0,True
0.0038920631632208824,0.021248339973439574,1.0,0.04161248374512354,0.026420079260237782,32,1474,0,True
0.0038919842336326838,0.021234240212342402,1.0,0.04158544509421702,0.026402640264026403,32,1475,0,True
0.0038915497716516256,0.021220159151193633,1.0,0.04155844155844156,0.026385224274406333,32,1476,0,True
0.003891250118613243,0.021206096752816435,1.0,0.04153147306943543,0.026367831245880026,32,1477,0,True
0.003890886204317212,0.02119205298013245,1.0,0.041504539559014265,0.026350461133069828,32,1478,0,True
0.003889908315613866,0.021178027796161483,1.0,0.04147764095917045,0.026333113890717578,32,1479,0,True
0.003889805404469371,0.021164021164021163,1.0,0.04145077720207254,0.02631578947368421,32,1480,0,True
0.0038871807046234608,0.021150033046926635,1.0,0.041423948220064725,0.026298487836949377,32,1481,0,True
0.003887019818648696,0.021136063408190225,1.0,0.04139715394566624,0.026281208935611037,32,1482,0,True
0.0038860102649778128,0.021122112211221122,1.0,0.04137039431157078,0.026263952724885097,32,1483,0,True
0.0038853881414979696,0.021108179419525065,1.0,0.041343669250646,0.026246719160104987,32,1484,0,True
0.0038851352874189615,0.02109426499670402,1.0,0.04131697869593286,0.02622950819672131,32,1485,0,True
0.0038836668245494366,0.021080368906455864,1.0,0.04129032258064516,0.02621231979030144,32,1486,0,True
0.0038818835746496916,0.02106649111257406,1.0,0.041263700838168924,0.02619515389652914,32,1487,0,True
0.003881559008732438,0.021052631578947368,1.0,0.041237113402061855,0.02617801047120419,32,1488,0,True
0.0038813648279756308,0.0210387902695595,1.0,0.0412105602060528,0.026160889470241987,32,1489,0,True
0.0038807881064713,0.02102496714848883,1.0,0.04118404118404118,0.026143790849673203,32,1490,0,True
0.003880038158968091,0.021011162179908074,1.0,0.041157556270096464,0.02612671456564337,32,1491,0,True
0.003880011849105358,0.02099737532808399,1.0,0.04113110539845758,0.02610966057441253,32,1492,0,True
0.003879440948367119,0.02098360655737705,1.0,0.04110468850353243,0.02609262883235486,32,1493,0,True
0.0038794390857219696,0.020969855832241154,1.0,0.0410783055198973,0.02607561929595828,32,1494,0,True
0.003879064694046974,0.020956123117223315,1.0,0.04105195638229634,0.026058631921824105,32,1495,0,True
0.0038784665521234274,0.020942408376963352,1.0,0.041025641025641026,0.026041666666666668,32,1496,0,True
0.0038783890195190907,0.020928711576193592,1.0,0.04099935938500961,0.026024723487312947,32,1497,0,True
0.003877979936078191,0.02091503267973856,1.0,0.040973111395646605,0.02600780234070221,32,1498,0,True
0.0038771990220993757,0.020901371652514697,1.0,0.04094689699296225,0.02599090318388564,32,1499,0,True
0.003877167357131839,0.020887728459530026,1.0,0.04092071611253197,0.025974025974025976,32,1500,0,True
0.0038762157782912254,0.020874103065883887,1.0,0.04089456869009585,0.025957170668397145,32,1501,0,True
0.003876117989420891,0.020860495436766623,1.0,0.04086845466155811,0.02594033722438392,32,1502,0,True
0.0038758052978664637,0.020846905537459284,1.0,0.0408423739629866,0.02592352559948153,32,1503,0,True
0.003875534515827894,0.020833333333333332,1.0,0.04081632653061224,0.025906735751295335,32,1504,0,True
0.003874207381159067,0.02081977878985036,1.0,0.04079031230082855,0.025889967637540454,32,1505,0,True
0.0038721011951565742,0.02080624187256177,1.0,0.04076433121019108,0.0258732212160414,32,1506,0,True
0.0038707421626895666,0.02079272254710851,1.0,0.04073838319541693,0.025856496444731737,32,1507,0,True
0.0038703668396919966,0.02077922077922078,1.0,0.04071246819338423,0.025839793281653745,32,1508,0,True
0.003869221545755863,0.020765736534717714,1.0,0.040686586141131596,0.025823111684958037,32,1509,0,True
0.003867450635880232,0.020752269779507133,1.0,0.04066073697585769,0.025806451612903226,32,1510,0,True
0.003866296960040927,0.020738820479585224,1.0,0.040634920634920635,0.025789813023855575,32,1511,0,True
0.0038656708784401417,0.02072538860103627,1.0,0.04060913705583756,0.02577319587628866,32,1512,0,True
0.0038631486240774393,0.020711974110032363,1.0,0.040583386176284084,0.025756600128783,32,1513,0,True
0.0038625067099928856,0.02069857697283312,1.0,0.04055766793409379,0.02574002574002574,32,1514,0,True
0.0038608850445598364,0.02068519715578539,1.0,0.04053198226725776,0.02572347266881029,32,1515,0,True
0.0038584687281399965,0.020671834625323,1.0,0.04050632911392405,0.02570694087403599,32,1516,0,True
0.003857643809169531,0.02065848934796643,1.0,0.04048070841239722,0.02569043031470777,32,1517,0,True
0.0038569532334804535,0.02064516129032258,1.0,0.040455120101137804,0.025673940949935817,32,1518,0,True
0.0038564330898225307,0.020631850419084462,1.0,0.04042956411876184,0.025657472738935216,32,1519,0,True
0.0038560705725103617,0.020618556701030927,1.0,0.04040404040404041,0.02564102564102564,32,1520,0,True
0.0038557774387300014,0.0206052801030264,1.0,0.04037854889589906,0.025624599615631006,32,1521,0,True
0.0038549203891307116,0.02059202059202059,1.0,0.0403530895334174,0.02560819462227913,32,1522,0,True
0.0038544312119483948,0.020578778135048232,1.0,0.04032766225582861,0.025591810620601407,32,1523,0,True
0.0038531317841261625,0.02056555269922879,1.0,0.04030226700251889,0.02557544757033248,32,1524,0,True
0.003852046560496092,0.020552344251766216,1.0,0.040276903713027064,0.025559105431309903,32,1525,0,True
0.003850446082651615,0.02053915275994865,1.0,0.04025157232704402,0.02554278416347382,32,1526,0,True
0.0038501808885484934,0.02052597819114817,1.0,0.04022627278441232,0.025526483726866625,32,1527,0,True
0.003849942935630679,0.020512820512820513,1.0,0.04020100502512563,0.025510204081632654,32,1528,0,True
0.0038473072927445173,0.020499679692504803,1.0,0.040175768989328314,0.025493945188017845,32,1529,0,True
0.0038461119402199984,0.020486555697823303,1.0,0.04015056461731493,0.025477707006369428,32,1530,0,True
0.003844881197437644,0.020473448496481125,1.0,0.04012539184952978,0.025461489497135583,32,1531,0,True
0.00384329236112535,0.020460358056265986,1.0,0.040100250626566414,0.02544529262086514,32,1532,0,True
0.00384283228777349,0.020447284345047924,1.0,0.040075140889167186,0.02542911633820725,32,1533,0,True
0.0038420623168349266,0.020434227330779056,1.0,0.04005006257822278,0.025412960609911054,32,1534,0,True
0.0038407230749726295,0.0204211869814933,1.0,0.04002501563477173,0.025396825396825397,32,1535,0,True
0.00384017382748425,0.02040816326530612,1.0,0.04,0.025380710659898477,32,1536,0,True
0.0038378890603780746,0.020395156150414276,1.0,0.03997501561524047,0.025364616360177554,32,1537,0,True
0.003836419666185975,0.020369191597708464,1.0,0.039925140361821584,0.0253324889170361,32,1539,0,True
0.00383587135002017,0.020356234096692113,1.0,0.0399002493765586,0.02531645569620253,32,1540,0,True
0.0038349877577275038,0.020343293070565798,1.0,0.03987538940809969,0.02530044275774826,32,1541,0,True
0.003833671100437641,0.020330368487928845,1.0,0.039850560398505604,0.025284450063211124,32,1542,0,True
0.003833033377304673,0.020317460317460317,1.0,0.03982576228998133,0.025268477574226154,32,1543,0,True
0.0038319758605211973,0.02030456852791878,1.0,0.03980099502487562,0.025252525252525252,32,1544,0,True
0.0038315753918141127,0.020291693088142042,1.0,0.039776258545680544,0.025236593059936908,32,1545,0,True
0.00383099471218884,0.020278833967046894,1.0,0.03975155279503106,0.025220680958385876,32,1546,0,True
0.0038291665259748697,0.02026599113362888,1.0,0.03972687771570453,0.02520478890989288,32,1547,0,True
0.003828860819339752,0.020253164556962026,1.0,0.03970223325062035,0.02518891687657431,32,1548,0,True
0.0038281206507235765,0.02024035420619861,1.0,0.03967761934283943,0.025173064820641914,32,1549,0,True
0.003828011453151703,0.020227560050568902,1.0,0.03965303593556382,0.025157232704402517,32,1550,0,True
0.0038265264593064785,0.02021478205938092,1.0,0.039628482972136225,0.0251414204902577,32,1551,0,True
0.003826071508228779,0.020202020202020204,1.0,0.039603960396039604,0.02512562814070352,32,1552,0,True
0.003825186751782894,0.02018927444794953,1.0,0.039579468150896725,0.025109855618330193,32,1553,0,True
0.0038220284041017294,0.0201765447667087,1.0,0.03955500618046971,0.025094102885821833,32,1554,0,True
0.00382080115377903,0.020163831127914304,1.0,0.03953057442865967,0.025078369905956112,32,1555,0,True
0.003820496378466487,0.020151133501259445,1.0,0.03950617283950617,0.02506265664160401,32,1556,0,True
0.0038196707610040903,0.020138451856513532,1.0,0.03948180135718692,0.025046963055729492,32,1557,0,True
0.0038196141831576824,0.02012578616352201,1.0,0.03945745992601726,0.025031289111389236,32,1558,0,True
0.003819491248577833,0.02011313639220616,1.0,0.039433148490449786,0.025015634771732333,32,1559,0,True
0.0038181596901267767,0.020100502512562814,1.0,0.03940886699507389,0.025,32,1560,0,True
0.0038180560804903507,0.020087884494664157,1.0,0.039384615384615386,0.024984384759525295,32,1561,0,True
0.003815951058641076,0.020075282308657464,1.0,0.03936039360393604,0.024968789013732832,32,1562,0,True
0.003815606702119112,0.02006269592476489,1.0,0.03933620159803319,0.024953212726138492,32,1563,0,True
0.0038150993641465902,0.020050125313283207,1.0,0.03931203931203931,0.02493765586034913,32,1564,0,True
0.0038120667450129986,0.020037570444583593,1.0,0.039287906691221605,0.024922118380062305,32,1565,0,True
0.0038098888471722603,0.02002503128911139,1.0,0.0392638036809816,0.024906600249066,32,1566,0,True
0.0038097912911325693,0.020012507817385866,1.0,0.03923973022685469,0.024891101431238332,32,1567,0,True
0.003809720976278186,0.02,1.0,0.0392156862745098,0.024875621890547265,32,1568,0,True
0.003808197332546115,0.019987507807620236,1.0,0.03919167176974893,0.024860161591050343,32,1569,0,True
0.003808131907135248,0.019975031210986267,1.0,0.03916768665850673,0.024844720496894408,32,1570,0,True
0.0038077053613960743,0.019962570180910792,1.0,0.03914373088685015,0.024829298572315334,32,1571,0,True
0.0038074986077845097,0.0199501246882793,1.0,0.039119804400977995,0.02481389578163772,32,1572,0,True
0.003806520253419876,0.019937694704049845,1.0,0.03909590714722053,0.024798512089274645,32,1573,0,True
0.0038057377096265554,0.019925280199252802,1.0,0.03907203907203907,0.024783147459727387,32,1574,0,True
0.0038042699452489614,0.019912881144990666,1.0,0.039048200122025624,0.02476780185758514,32,1575,0,True
0.0038032708689570427,0.01990049751243781,1.0,0.03902439024390244,0.024752475247524754,32,1576,0,True
0.003802503226324916,0.019888129272840272,1.0,0.039000609384521635,0.024737167594310452,32,1577,0,True
0.0038022990338504314,0.01987577639751553,1.0,0.0389768574908648,0.024721878862793572,32,1578,0,True
0.0038022540975362062,0.019863438857852266,1.0,0.038953134510042606,0.02470660901791229,32,1579,0,True
0.003801842452958226,0.019851116625310174,1.0,0.038929440389294405,0.024691358024691357,32,1580,0,True
0.0038013674784451723,0.019838809671419714,1.0,0.038905775075987845,0.024676125848241828,32,1581,0,True
0.0038005525711923838,0.01982651796778191,1.0,0.038882138517618466,0.02466091245376079,32,1582,0,True
0.003796516451984644,0.019814241486068113,1.0,0.03885853066180935,0.024645717806531114,32,1583,0,True
0.0037949099205434322,0.019801980198019802,1.0,0.038834951456310676,0.024630541871921183,32,1584,0,True
0.003794340416789055,0.019789734075448363,1.0,0.038811400848999394,0.024615384615384615,32,1585,0,True
0.003793716663494706,0.019777503090234856,1.0,0.03878787878787879,0.024600246002460024,32,1586,0,True
0.0037936591543257236,0.019765287214329835,1.0,0.03876438522107813,0.024585125998770743,32,1587,0,True
0.0037933674175292253,0.019753086419753086,1.0,0.0387409200968523,0.02457002457002457,32,1588,0,True
0.003793181385844946,0.01974090067859346,1.0,0.03871748336358137,0.024554941682013505,32,1589,0,True
0.0037929327227175236,0.01972872996300863,1.0,0.03869407496977025,0.024539877300613498,32,1590,0,True
0.0037927620578557253,0.019716574245224893,1.0,0.03867069486404834,0.024524831391784182,32,1591,0,True
0.0037916451692581177,0.019704433497536946,1.0,0.03864734299516908,0.024509803921568627,32,1592,0,True
0.003791163908317685,0.019692307692307693,1.0,0.03862401931200966,0.02449479485609308,32,1593,0,True
0.003790629329159856,0.01968019680196802,1.0,0.038600723763570564,0.02447980416156671,32,1594,0,True
0.0037895110435783863,0.019668100799016593,1.0,0.038577456298975285,0.024464831804281346,32,1595,0,True
0.0037885515484958887,0.019656019656019656,1.0,0.03855421686746988,0.02444987775061125,32,1596,0,True
0.003788447706028819,0.019643953345610803,1.0,0.03853100541842264,0.02443494196701283,32,1597,0,True
0.003787824884057045,0.0196319018404908,1.0,0.03850782190132371,0.02442002442002442,32,1598,0,True
0.003787187859416008,0.019619865113427344,1.0,0.03848466626578473,0.024405125076266018,32,1599,0,True
0.0037871659733355045,0.0196078431372549,1.0,0.038461538461538464,0.024390243902439025,32,1600,0,True
0.0037864609621465206,0.019595835884874464,1.0,0.03843843843843844,0.02437538086532602,32,1601,0,True
0.0037864320911467075,0.019583843329253364,1.0,0.03841536614645858,0.024360535931790498,32,1602,0,True
0.0037856968119740486,0.019571865443425075,1.0,0.03839232153569286,0.024345709068776627,32,1603,0,True
0.003784777829423547,0.019559902200488997,1.0,0.03836930455635491,0.024330900243309004,32,1604,0,True
0.003783897031098604,0.019547953573610263,1.0,0.03834631515877771,0.0243161094224924,32,1605,0,True
0.0037827647756785154,0.019536019536019536,1.0,0.03832335329341317,0.024301336573511544,32,1606,0,True
0.0037821789737790823,0.019524100061012812,1.0,0.038300418910831836,0.024286581663630843,32,1607,0,True
0.0037815177347511053,0.01951219512195122,1.0,0.03827751196172249,0.024271844660194174,32,1608,0,True
0.00378090376034379,0.019500304692260818,1.0,0.03825463239689181,0.02425712553062462,32,1609,0,True
0.0037802644073963165,0.0194884287454324,1.0,0.038231780167264036,0.024242424242424242,32,1610,0,True
0.003778616199269891,0.019476567255021303,1.0,0.0382089552238806,0.024227740763173834,32,1611,0,True
0.0037783237639814615,0.019464720194647202,1.0,0.03818615751789976,0.024213075060532687,32,1612,0,True
0.003778269747272134,0.019452887537993922,1.0,0.0381633870005963,0.024198427102238355,32,1613,0,True
0.0037776539102196693,0.019441069258809233,1.0,0.03814064362336114,0.02418379685610641,32,1614,0,True
0.003777575446292758,0.019429265330904676,1.0,0.038117927337701016,0.02416918429003021,32,1615,0,True
0.0037760701961815357,0.019417475728155338,1.0,0.0380952380952381,0.024154589371980676,32,1616,0,True
0.003775025950744748,0.019405700424499697,1.0,0.0380725758477097,0.024140012070006035,32,1617,0,True
0.0037741041742265224,0.019393939393939394,1.0,0.03804994054696789,0.024125452352231604,32,1618,0,True
0.003773285076022148,0.019382192610539067,1.0,0.038027332144979206,0.024110910186859555,32,1619,0,True
0.0037697788793593645,0.01937046004842615,1.0,0.03800475059382423,0.024096385542168676,32,1620,0,True
0.0037659883964806795,0.019358741681790685,1.0,0.03798219584569733,0.024081878386514148,32,1621,0,True
0.0037633429747074842,0.019347037484885126,1.0,0.03795966785290629,0.024067388688327317,32,1622,0,True
0.0037630803417414427,0.01933534743202417,1.0,0.03793716656787196,0.024052916416115455,32,1623,0,True
0.0037624638061970472,0.01932367149758454,1.0,0.037914691943127965,0.02403846153846154,32,1624,0,True
0.003761766478419304,0.01931200965600483,1.0,0.037892243931320305,0.024024024024024024,32,1625,0,True
0.0037616149056702852,0.019300361881785282,1.0,0.0378698224852071,0.024009603841536616,32,1626,0,True
0.0037611520383507013,0.019288728149487643,1.0,0.03784742755765819,0.02399520095980804,32,1627,0,True
0.0037610179278999567,0.01927710843373494,1.0,0.037825059101654845,0.023980815347721823,32,1628,0,True
0.0037605660036206245,0.01926550270921132,1.0,0.03780271707028943,0.02396644697423607,32,1629,0,True
0.0037600714713335037,0.019253910950661854,1.0,0.03778040141676505,0.023952095808383235,32,1630,0,True
0.0037570695858448744,0.019242333132892364,1.0,0.03775811209439528,0.023937761819269897,32,1631,0,True
0.0037566074170172215,0.019230769230769232,1.0,0.03773584905660377,0.023923444976076555,32,1632,0,True
0.0037559280171990395,0.01921921921921922,1.0,0.03771361225692398,0.023909145248057383,32,1633,0,True
0.0037527140229940414,0.01920768307322929,1.0,0.03769140164899882,0.023894862604540025,32,1634,0,True
0.003751408774405718,0.01919616076784643,1.0,0.03766921718658034,0.023880597014925373,32,1635,0,True
0.0037510828115046024,0.019184652278177457,1.0,0.03764705882352941,0.02386634844868735,32,1636,0,True
0.0037507140077650547,0.019173157579388856,1.0,0.0376249265138154,0.02385211687537269,32,1637,0,True
0.003750455565750599,0.019161676646706587,1.0,0.03760282021151586,0.023837902264600714,32,1638,0,True
0.0037502774503082037,0.019150209455415918,1.0,0.037580739870816206,0.023823704586063133,32,1639,0,True
0.0037467358633875847,0.019138755980861243,1.0,0.03755868544600939,0.023809523809523808,32,1640,0,True
0.003745991736650467,0.019127316198445904,1.0,0.0375366568914956,0.02379535990481856,32,1641,0,True
0.0037459649611264467,0.019115890083632018,1.0,0.03751465416178194,0.023781212841854936,32,1642,0,True
0.0037455435376614332,0.0191044776119403,1.0,0.03749267721148213,0.023767082590612002,32,1643,0,True
0.003745477646589279,0.01909307875894988,1.0,0.03747072599531616,0.023752969121140142,32,1644,0,True
0.003745187306776643,0.01908169350029815,1.0,0.037448800468110006,0.02373887240356083,32,1645,0,True
0.003743931418284774,0.01907032181168057,1.0,0.03742690058479532,0.02372479240806643,32,1646,0,True
0.003743513487279415,0.019058963668850508,1.0,0.037405026300409115,0.023710729104919975,32,1647,0,True
0.0037433963734656572,0.01904761904761905,1.0,0.037383177570093455,0.023696682464454975,32,1648,0,True
0.003742231521755457,0.01903628792385485,1.0,0.037361354349095155,0.023682652457075192,32,1649,0,True
0.003740392392501235,0.019024970273483946,1.0,0.03733955659276546,0.023668639053254437,32,1650,0,True
0.0037398699205368757,0.019013666072489603,1.0,0.037317784256559766,0.02365464222353637,32,1651,0,True
0.003739686915650964,0.019002375296912115,1.0,0.037296037296037296,0.02364066193853428,32,1652,0,True
0.003739018924534321,0.018991097922848664,1.0,0.037274315666860805,0.02362669816893089,32,1653,0,True
0.0037382780574262142,0.018979833926453145,1.0,0.037252619324796274,0.023612750885478158,32,1654,0,True
0.0037377134431153536,0.01896858328393598,1.0,0.03723094822571262,0.02359882005899705,32,1655,0,True
0.0037363108713179827,0.018957345971563982,1.0,0.037209302325581395,0.02358490566037736,32,1656,0,True
0.0037361332215368748,0.018946121965660152,1.0,0.037187681580476466,0.02357100766057749,32,1657,0,True
0.0037361124996095896,0.01893491124260355,1.0,0.03716608594657375,0.023557126030624265,32,1658,0,True
0.0037347902543842793,0.018923713778829097,1.0,0.0371445153801509,0.023543260741612712,32,1659,0,True
0.003731741337105632,0.018912529550827423,1.0,0.037122969837587005,0.023529411764705882,32,1660,0,True
0.0037311618216335773,0.018901358535144713,1.0,0.03710144927536232,0.023515579071134628,32,1661,0,True
0.0037307278253138065,0.018890200708382526,1.0,0.03707995365005794,0.023501762632197415,32,1662,0,True
0.0037301285192370415,0.01887905604719764,1.0,0.03705848291835553,0.023487962419260128,32,1663,0,True
0.0037300523836165667,0.018867924528301886,1.0,0.037037037037037035,0.023474178403755867,32,1664,0,True
0.0037279692478477955,0.01885680612846199,1.0,0.03701561596298438,0.02346041055718475,32,1665,0,True
0.003727926407009363,0.01884570082449941,1.0,0.03699421965317919,0.023446658851113716,32,1666,0,True
0.0037279019597917795,0.01883460859329017,1.0,0.03697284806470248,0.023432923257176334,32,1667,0,True
0.0037248253356665373,0.018823529411764704,1.0,0.03695150115473441,0.0234192037470726,32,1668,0,True
0.0037228756118565798,0.0188124632569077,1.0,0.03693017888055395,0.023405500292568753,32,1669,0,True
0.003722688416019082,0.01880141010575793,1.0,0.03690888119953864,0.023391812865497075,32,1670,0,True
0.0037224425468593836,0.018790369935408103,1.0,0.03688760806916427,0.023378141437755698,32,1671,0,True
0.0037221170496195555,0.018779342723004695,1.0,0.03686635944700461,0.02336448598130841,32,1672,0,True
0.0037213494069874287,0.0187683284457478,1.0,0.03684513529073115,0.023350846468184472,32,1673,0,True
0.0037209640722721815,0.01875732708089097,1.0,0.03682393555811277,0.023337222870478413,32,1674,0,True
0.003720319364219904,0.018746338605741066,1.0,0.03680276020701553,0.023323615160349854,32,1675,0,True
0.0037198332138359547,0.01873536299765808,1.0,0.0367816091954023,0.023310023310023312,32,1676,0,True
0.0037189351860433817,0.018724400234055003,1.0,0.03676048248133257,0.023296447291788,32,1677,0,True
0.003718405729159713,0.01871345029239766,1.0,0.03673938002296211,0.023282887077997673,32,1678,0,True
0.0037170739378780127,0.018702513150204558,1.0,0.03671830177854274,0.02326934264107039,32,1679,0,True
0.00371595099568367,0.018691588785046728,1.0,0.03669724770642202,0.023255813953488372,32,1680,0,True
0.003715693252161145,0.018680677174547577,1.0,0.03667621776504298,0.023242300987797792,32,1681,0,True
0.0037156599573791027,0.01866977829638273,1.0,0.03665521191294387,0.023228803716608595,32,1682,0,True
0.003714991034939885,0.018658892128279883,1.0,0.03663423010875787,0.023215322112594312,32,1683,0,True
0.0037137395702302456,0.018648018648018648,1.0,0.036613272311212815,0.02320185614849188,32,1684,0,True
0.003713152138516307,0.018637157833430402,1.0,0.03659233847913093,0.02318840579710145,32,1685,0,True
0.003712637349963188,0.018626309662398137,1.0,0.036571428571428574,0.023174971031286212,32,1686,0,True
0.0037121467757970095,0.01861547411285631,1.0,0.036550542547115934,0.023161551823972205,32,1687,0,True
0.0037120413035154343,0.018604651162790697,1.0,0.0365296803652968,0.023148148148148147,32,1688,0,True
0.0037116901949048042,0.018593840790238233,1.0,0.03650884198516828,0.02313475997686524,32,1689,0,True
0.003711256431415677,0.018583042973286876,1.0,0.036488027366020526,0.023121387283236993,32,1690,0,True
0.003710274351760745,0.01857225769007545,1.0,0.036467236467236465,0.023108030040439053,32,1691,0,True
0.003709659446030855,0.018561484918793503,1.0,0.03644646924829157,0.023094688221709007,32,1692,0,True
0.003709125565364957,0.01855072463768116,1.0,0.03642572566875356,0.02308136180034622,32,1693,0,True
0.003708705771714449,0.01853997682502897,1.0,0.03640500568828214,0.02306805074971165,32,1694,0,True
0.003707814496010542,0.018529241459177764,1.0,0.036384309266628764,0.023054755043227664,32,1695,0,True
0.0037066384684294462,0.018518518518518517,1.0,0.03636363636363636,0.02304147465437788,32,1696,0,True
0.003706451505422592,0.01850780798149219,1.0,0.03634298693923907,0.023028209556706966,32,1697,0,True
0.0037039080634713173,0.018497109826589597,1.0,0.036322360953461974,0.023014959723820484,32,1698,0,True
0.003700302680954337,0.01848642403235124,1.0,0.036301758366420876,0.023001725129384705,32,1699,0,True
0.00369914248585701,0.018475750577367205,1.0,0.036281179138321996,0.022988505747126436,32,1700,0,True
0.003697772044688463,0.018465089440276975,1.0,0.036260623229461754,0.022975301550832855,32,1701,0,True
0.00369683257304132,0.01845444059976932,1.0,0.0362400906002265,0.022962112514351322,32,1702,0,True
0.0036953818053007126,0.018443804034582133,1.0,0.03621958121109225,0.022948938611589215,32,1703,0,True
0.003695043036714196,0.018433179723502304,1.0,0.03619909502262444,0.022935779816513763,32,1704,0,True
0.003694707527756691,0.018422567645365574,1.0,0.03617863199547767,0.022922636103151862,32,1705,0,True
0.003694228595122695,0.018411967779056387,1.0,0.03615819209039548,0.022909507445589918,32,1706,0,True
0.0036935899406671524,0.018401380103507763,1.0,0.03613777526821005,0.02289639381797367,32,1707,0,True
0.003693291684612632,0.01839080459770115,1.0,0.03611738148984198,0.02288329519450801,32,1708,0,True
0.003693138947710395,0.018380241240666284,1.0,0.03609701071630006,0.022870211549456832,32,1709,0,True
0.0036917338147759438,0.018369690011481057,1.0,0.036076662908680945,0.022857142857142857,32,1710,0,True
0.0036905151791870594,0.01835915088927137,1.0,0.036056338028169016,0.022844089091947458,32,1711,0,True
0.003689353121444583,0.01834862385321101,1.0,0.036036036036036036,0.0228310502283105,32,1712,0,True
0.003688452299684286,0.01833810888252149,1.0,0.03601575689364097,0.022818026240730177,32,1713,0,True
0.0036883435677736998,0.018327605956471937,1.0,0.0359955005624297,0.02280501710376283,32,1714,0,True
0.0036881298292428255,0.018317115054378934,1.0,0.035975267003934795,0.022792022792022793,32,1715,0,True
0.003688073717057705,0.018306636155606407,1.0,0.035955056179775284,0.022779043280182234,32,1716,0,True
0.003687262302264571,0.018296169239565466,1.0,0.035934868051656375,0.022766078542970972,32,1717,0,True
0.0036860574036836624,0.018285714285714287,1.0,0.03591470258136925,0.022753128555176336,32,1718,0,True
0.003686031326651573,0.018275271273557967,1.0,0.0358945597307908,0.02274019329164298,32,1719,0,True
0.0036858965177088976,0.0182648401826484,1.0,0.03587443946188341,0.022727272727272728,32,1720,0,True
0.0036851803306490183,0.01825442099258414,1.0,0.035854341736694675,0.022714366837024418,32,1721,0,True
0.0036847477313131094,0.018244013683010263,1.0,0.03583426651735722,0.022701475595913734,32,1722,0,True
0.0036844012793153524,0.018233618233618232,1.0,0.03581421376608842,0.022688598979013045,32,1723,0,True
0.0036842857953161,0.018223234624145785,1.0,0.035794183445190156,0.022675736961451247,32,1724,0,True
0.0036839148961007595,0.01821286283437678,1.0,0.03577417551704863,0.0226628895184136,32,1725,0,True
0.0036834420170634985,0.01820250284414107,1.0,0.035754189944134075,0.022650056625141562,32,1726,0,True
0.0036832375917583704,0.018192154633314382,1.0,0.03573422668900056,0.022637238256932653,32,1727,0,True
0.0036827039439231157,0.01818181818181818,1.0,0.03571428571428571,0.02262443438914027,32,1728,0,True
0.0036826266441494226,0.018171493469619535,1.0,0.03569436698271054,0.022611644997173545,32,1729,0,True
0.003682520240545273,0.018161180476730987,1.0,0.03567447045707915,0.022598870056497175,32,1730,0,True
0.0036810876335948706,0.018150879183210438,1.0,0.03565459610027855,0.02258610954263128,32,1731,0,True
0.003680180059745908,0.018140589569160998,1.0,0.035634743875278395,0.022573363431151242,32,1732,0,True
0.0036800173111259937,0.018130311614730877,1.0,0.035614913745130775,0.022560631697687534,32,1733,0,True
0.003678416134789586,0.01812004530011325,1.0,0.035595105672969966,0.02254791431792559,32,1734,0,True
0.0036768908612430096,0.018109790605546124,1.0,0.03557531962201223,0.022535211267605635,32,1735,0,True
0.0036766096018254757,0.01809954751131222,1.0,0.035555555555555556,0.02252252252252252,32,1736,0,True
0.0036751548759639263,0.018089315997738834,1.0,0.03553581343697946,0.022509848058525603,32,1737,0,True
0.0036735401954501867,0.01807909604519774,1.0,0.03551609322974473,0.02249718785151856,32,1738,0,True
0.0036730726715177298,0.018068887634105024,1.0,0.03549639489739324,0.022484541877459248,32,1739,0,True
0.0036730689462274313,0.01805869074492099,1.0,0.03547671840354767,0.02247191011235955,32,1740,0,True
0.0036708866246044636,0.01804850535815003,1.0,0.03545706371191136,0.022459292532285232,32,1741,0,True
0.0036690838169306517,0.018038331454340473,1.0,0.035437430786267994,0.02244668911335578,32,1742,0,True
0.0036679059267044067,0.018028169014084508,1.0,0.03541781959048146,0.022434099831744252,32,1743,0,True
0.0036670747213065624,0.018018018018018018,1.0,0.035398230088495575,0.02242152466367713,32,1744,0,True
0.003665865631774068,0.018007878446820485,1.0,0.035378662244333885,0.022408963585434174,32,1745,0,True
0.003665178082883358,0.01799775028121485,1.0,0.03535911602209945,0.022396416573348264,32,1746,0,True
0.0036651603877544403,0.017987633501967398,1.0,0.0353395913859746,0.02238388360380526,32,1747,0,True
0.0036646274384111166,0.017977528089887642,1.0,0.03532008830022075,0.02237136465324385,32,1748,0,True
0.0036633950658142567,0.017967434025828188,1.0,0.03530060672917816,0.022358859698155393,32,1749,0,True
0.003662779228761792,0.017957351290684626,1.0,0.03528114663726571,0.0223463687150838,32,1750,0,True
0.003662048140540719,0.0179472798653954,1.0,0.03526170798898071,0.02233389168062535,32,1751,0,True
0.0036601319443434477,0.017937219730941704,1.0,0.03524229074889868,0.022321428571428572,32,1752,0,True
0.0036601105239242315,0.017927170868347338,1.0,0.035222894881673086,0.022308979364194088,32,1753,0,True
0.003659487934783101,0.01791713325867861,1.0,0.0352035203520352,0.022296544035674472,32,1754,0,True
0.0036588534712791443,0.01790710688304421,1.0,0.035184167124793844,0.022284122562674095,32,1755,0,True
0.0036579063162207603,0.017897091722595078,1.0,0.035164835164835165,0.022271714922048998,32,1756,0,True
0.003657883731648326,0.017887087758524316,1.0,0.03514552443712246,0.022259321090706732,32,1757,0,True
0.003655871842056513,0.017877094972067038,1.0,0.03512623490669594,0.02224694104560623,32,1758,0,True
0.0036550608929246664,0.01786711334450028,1.0,0.03510696653867252,0.022234574763757644,32,1759,0,True
0.0036548215430229902,0.017857142857142856,1.0,0.03508771929824561,0.022222222222222223,32,1760,0,True
0.003652514424175024,0.01784718349135527,1.0,0.03506849315068493,0.02220988339811216,32,1761,0,True
0.0036519502755254507,0.017837235228539576,1.0,0.03504928806133625,0.022197558268590455,32,1762,0,True
0.003651945386081934,0.017827298050139277,1.0,0.03503010399562124,0.022185246810870772,32,1763,0,True
0.003650812665000558,0.017817371937639197,1.0,0.0350109409190372,0.022172949002217297,32,1764,0,True
0.003650644328445196,0.017807456872565387,1.0,0.034991798797156914,0.0221606648199446,32,1765,0,True
0.0036501672584563494,0.017797552836484983,1.0,0.034972677595628415,0.0221483942414175,32,1766,0,True
0.0036494911182671785,0.017787659811006114,1.0,0.034953577280174765,0.02213613724405091,32,1767,0,True
0.003645534859970212,0.017777777777777778,1.0,0.034934497816593885,0.022123893805309734,32,1768,0,True
0.0036452177446335554,0.01776790671848973,1.0,0.03491543917075832,0.02211166390270868,32,1769,0,True
0.003644958371296525,0.017758046614872364,1.0,0.03489640130861505,0.022099447513812154,32,1770,0,True
0.0036447469610720873,0.01774819744869662,1.0,0.03487738419618529,0.022087244616234125,32,1771,0,True
0.0036415515933185816,0.017738359201773836,1.0,0.034858387799564274,0.02207505518763797,32,1772,0,True
0.0036392167676240206,0.01772853185595568,1.0,0.03483941208492107,0.02206287920573635,32,1773,0,True
0.003638660069555044,0.017718715393133997,1.0,0.03482045701849837,0.022050716648291068,32,1774,0,True
0.0036385825369507074,0.01770890979524073,1.0,0.034801522566612286,0.02203856749311295,32,1775,0,True
0.0036383643746376038,0.017699115044247787,1.0,0.034782608695652174,0.022026431718061675,32,1776,0,True
0.003637312212958932,0.017689331122166942,1.0,0.03476371537208039,0.02201430930104568,32,1777,0,True
0.0036361683160066605,0.017679558011049725,1.0,0.03474484256243214,0.022002200220022004,32,1778,0,True
0.003634447930380702,0.0176697956929873,1.0,0.03472599023331525,0.02199010445299615,32,1779,0,True
0.0036342148669064045,0.017660044150110375,1.0,0.03470715835140998,0.02197802197802198,32,1780,0,True
0.0036340539809316397,0.01765030336458908,1.0,0.034688346883468835,0.021965952773201538,32,1781,0,True
0.0036336397752165794,0.017640573318632856,1.0,0.03466955579631636,0.021953896816684963,32,1782,0,True
0.0036336209159344435,0.017630853994490357,1.0,0.034650785056848946,0.021941854086670324,32,1783,0,True
0.0036311980802565813,0.01762114537444934,1.0,0.03463203463203463,0.021929824561403508,32,1784,0,True
0.0036305526737123728,0.017611447440836543,1.0,0.03461330448891293,0.021917808219178082,32,1785,0,True
0.003630205988883972,0.0176017601760176,1.0,0.034594594594594595,0.02190580503833516,32,1786,0,True
0.003629285143688321,0.017592083562396922,1.0,0.03457590491626148,0.021893814997263273,32,1787,0,True
0.003628778038546443,0.017582417582417582,1.0,0.03455723542116631,0.02188183807439825,32,1788,0,True
0.0036274404264986515,0.01757276221856123,1.0,0.03453858607663249,0.02186987424822307,32,1789,0,True
0.003627125173807144,0.01756311745334797,1.0,0.034519956850053934,0.02185792349726776,32,1790,0,True
0.003626415040344,0.01755348326933626,1.0,0.03450134770889488,0.02184598580010923,32,1791,0,True
0.0036263291258364916,0.017543859649122806,1.0,0.034482758620689655,0.021834061135371178,32,1792,0,True
0.0036254196893423796,0.017534246575342465,1.0,0.03446418955304254,0.02182214948172395,32,1793,0,True
0.0036251540295779705,0.017524644030668127,1.0,0.03444564047362755,0.021810250817884406,32,1794,0,True
0.003625142388045788,0.01751505199781062,1.0,0.03442711135018827,0.021798365122615803,32,1795,0,True
0.0036240695044398308,0.0175054704595186,1.0,0.034408602150537634,0.02178649237472767,32,1796,0,True
0.0036235065199434757,0.017495899398578457,1.0,0.03439011284255777,0.021774632553075667,32,1797,0,True
0.003623155178502202,0.017486338797814208,1.0,0.034371643394199784,0.02176278563656148,32,1798,0,True
0.0036225407384335995,0.017476788640087382,1.0,0.03435319377348363,0.021750951604132682,32,1799,0,True
0.0036224822979420424,0.017467248908296942,1.0,0.034334763948497854,0.021739130434782608,32,1800,0,True
0.0036223996430635452,0.01745771958537916,1.0,0.03431635388739947,0.021727322107550243,32,1801,0,True
0.0036203553900122643,0.017448200654307525,1.0,0.03429796355841372,0.021715526601520086,32,1802,0,True
0.0036194149870425463,0.017438692098092644,1.0,0.03427959292983396,0.02170374389582203,32,1803,0,True
0.0036182834301143885,0.017429193899782137,1.0,0.034261241970021415,0.021691973969631236,32,1804,0,True
0.003617073642089963,0.017419706042460535,1.0,0.03424291064740503,0.02168021680216802,32,1805,0,True
0.0036166145000606775,0.017410228509249184,1.0,0.034224598930481284,0.021668472372697724,32,1806,0,True
0.003615394700318575,0.017400761283306143,1.0,0.034206306787814,0.02165674066053059,32,1807,0,True
0.003613643115386367,0.017391304347826087,1.0,0.03418803418803419,0.021645021645021644,32,1808,0,True
0.0036136293783783913,0.017381857686040194,1.0,0.03416978109983983,0.02163331530557058,32,1809,0,True
0.003612261265516281,0.01737242128121607,1.0,0.03415154749199573,0.021621621621621623,32,1810,0,True
0.0036119886208325624,0.017362995116657624,1.0,0.034133333333333335,0.021609940572663425,32,1811,0,True
0.0036109075881540775,0.01735357917570499,1.0,0.03411513859275053,0.02159827213822894,32,1812,0,True
0.003610475454479456,0.017344173441734417,1.0,0.034096963239211506,0.021586616297895305,32,1813,0,True
0.0036091667134314775,0.01733477789815818,1.0,0.03407880724174654,0.021574973031283712,32,1814,0,True
0.0036075105890631676,0.017325392528424473,1.0,0.034060670569451834,0.0215633423180593,32,1815,0,True
0.00360735971480608,0.017316017316017316,1.0,0.03404255319148936,0.021551724137931036,32,1816,0,True
0.0036071420181542635,0.017306652244456464,1.0,0.03402445507708666,0.021540118470651588,32,1817,0,True
0.003606091719120741,0.017297297297297298,1.0,0.03400637619553666,0.021528525296017224,32,1818,0,True
0.0036053445655852556,0.01728795245813074,1.0,0.033988316516197555,0.02151694459386767,32,1819,0,True
0.0036033305805176497,0.017278617710583154,1.0,0.03397027600849257,0.021505376344086023,32,1820,0,True
0.0036025862209498882,0.017269293038316244,1.0,0.03395225464190981,0.021493820526598602,32,1821,0,True
0.003600544761866331,0.017259978425026967,1.0,0.033934252386002124,0.021482277121374866,32,1822,0,True
0.003600130556151271,0.01725067385444744,1.0,0.03391626921038686,0.02147074610842727,32,1823,0,True
0.0035999645479023457,0.017241379310344827,1.0,0.03389830508474576,0.02145922746781116,32,1824,0,True
0.0035997850354760885,0.01723209477652127,1.0,0.03388035997882478,0.021447721179624665,32,1825,0,True
0.0035995766520500183,0.017222820236813777,1.0,0.033862433862433865,0.021436227224008574,32,1826,0,True
0.0035988278687000275,0.017213555675094135,1.0,0.033844526705446853,0.021424745581146223,32,1827,0,True
0.003598553827032447,0.017204301075268817,1.0,0.03382663847780127,0.021413276231263382,32,1828,0,True
0.003597587812691927,0.017195056421278884,1.0,0.03380876914949815,0.021401819154628143,32,1829,0,True
0.0035968925803899765,0.017185821697099892,1.0,0.0337909186906019,0.0213903743315508,32,1830,0,True
0.003595690941438079,0.017176596886741814,1.0,0.033773087071240104,0.021378941742383754,32,1831,0,True
0.003595166839659214,0.017167381974248927,1.0,0.03375527426160337,0.021367521367521368,32,1832,0,True
0.0035947789438068867,0.017158176943699734,1.0,0.03373748023194518,0.021356113187399894,32,1833,0,True
0.0035947004798799753,0.01714898177920686,1.0,0.03371970495258166,0.021344717182497332,32,1834,0,True
0.003593641798943281,0.01713979646491698,1.0,0.03370194839389152,0.021333333333333333,32,1835,0,True
0.003593594068661332,0.017130620985010708,1.0,0.03368421052631579,0.021321961620469083,32,1836,0,True
0.0035934792831540108,0.017121455323702513,1.0,0.033666491320357705,0.021310602024507193,32,1837,0,True
0.003593261120840907,0.017112299465240642,1.0,0.033648790746582544,0.021299254526091587,32,1838,0,True
0.0035928275901824236,0.017103153393907,1.0,0.033631108775617445,0.021287919105907396,32,1839,0,True
0.0035919465590268373,0.017094017094017096,1.0,0.03361344537815126,0.02127659574468085,32,1840,0,True
0.0035915167536586523,0.017084890549919914,1.0,0.03359580052493438,0.02126528442317916,32,1841,0,True
0.0035901106894016266,0.017075773745997867,1.0,0.033578174186778595,0.021253985122210415,32,1842,0,True
0.0035899027716368437,0.017066666666666667,1.0,0.033560566334556896,0.021242697822623474,32,1843,0,True
0.0035898652859032154,0.017057569296375266,1.0,0.033542976939203356,0.021231422505307854,32,1844,0,True
0.0035896876361221075,0.017048481619605753,1.0,0.03352540597171294,0.021220159151193633,32,1845,0,True
0.0035876180045306683,0.01703940362087327,1.0,0.033507853403141365,0.021208907741251327,32,1846,0,True
0.0035873893648386,0.017030335284725917,1.0,0.03349031920460492,0.021197668256491786,32,1847,0,True
0.003585886675864458,0.01702127659574468,1.0,0.03347280334728033,0.0211864406779661,32,1848,0,True
0.0035850873682647943,0.01701222753854333,1.0,0.0334553058024046,0.021175224986765485,32,1849,0,True
0.003583907149732113,0.01700318809776833,1.0,0.03343782654127482,0.021164021164021163,32,1850,0,True
0.0035794673021882772,0.016994158258098777,1.0,0.03342036553524804,0.021152829190904283,32,1851,0,True
0.003578134346753359,0.016985138004246284,1.0,0.033402922755741124,0.021141649048625793,32,1852,0,True
0.0035773422569036484,0.016976127320954906,1.0,0.03338549817423057,0.021130480718436345,32,1853,0,True
0.0035772351548075676,0.016967126193001062,1.0,0.03336809176225235,0.021119324181626188,32,1854,0,True
0.0035764090716838837,0.01695813460519343,1.0,0.03335070349140177,0.021108179419525065,32,1855,0,True
0.0035748120862990618,0.01694915254237288,1.0,0.03333333333333333,0.02109704641350211,32,1856,0,True
0.003574567614123225,0.01694017998941239,1.0,0.03331598125976054,0.021085925144965736,32,1857,0,True
0.003574325004592538,0.016931216931216932,1.0,0.03329864724245578,0.02107481559536354,32,1858,0,True
0.0035736248828470707,0.016922263352723427,1.0,0.033281331253250133,0.021063717746182202,32,1859,0,True
0.0035732754040509462,0.016913319238900635,1.0,0.033264033264033266,0.021052631578947368,32,1860,0,True
0.0035694611724466085,0.016904384574749076,1.0,0.03324675324675325,0.021041557075223566,32,1861,0,True
0.003568829968571663,0.01689545934530095,1.0,0.033229491173416406,0.02103049421661409,32,1862,0,True
0.0035687568597495556,0.016886543535620052,1.0,0.03321224701608718,0.021019442984760904,32,1863,0,True
0.003568176878616214,0.016877637130801686,1.0,0.03319502074688797,0.02100840336134454,32,1864,0,True
0.00356645998544991,0.01686874011597259,1.0,0.03317781233799896,0.02099737532808399,32,1865,0,True
0.0035653249360620975,0.01685985247629083,1.0,0.03316062176165803,0.02098635886673662,32,1866,0,True
0.003564516780897975,0.01685097419694576,1.0,0.033143448990160536,0.02097535395909806,32,1867,0,True
0.003563622711226344,0.016842105263157894,1.0,0.033126293995859216,0.020964360587002098,32,1868,0,True
0.003561444114893675,0.016833245660178853,1.0,0.03310915675116399,0.020953378732320588,32,1869,0,True
0.003558264346793294,0.016824395373291272,1.0,0.033092037228541885,0.020942408376963352,32,1870,0,True
0.0035577842500060797,0.016815554387808723,1.0,0.03307493540051679,0.020931449502878074,32,1871,0,True
0.0035569630563259125,0.01680672268907563,1.0,0.03305785123966942,0.02092050209205021,32,1872,0,True
0.003556865034624934,0.01679790026246719,1.0,0.03304078471863707,0.020909566126502875,32,1873,0,True
0.0035563751589506865,0.016789087093389297,1.0,0.033023735810113516,0.02089864158829676,32,1874,0,True
0.003554555354639888,0.016780283167278448,1.0,0.03300670448684889,0.020887728459530026,32,1875,0,True
0.003554550465196371,0.016771488469601678,1.0,0.032989690721649485,0.020876826722338204,32,1876,0,True
0.0035543646663427353,0.01676270298585647,1.0,0.03297269448737764,0.020865936358894107,32,1877,0,True
0.0035513832699507475,0.016753926701570682,1.0,0.032955715756951595,0.020855057351407715,32,1878,0,True
0.003551240311935544,0.01674515960230246,1.0,0.032938754503345345,0.020844189682126108,32,1879,0,True
0.003551170928403735,0.016736401673640166,1.0,0.03292181069958848,0.020833333333333332,32,1880,0,True
0.003550114342942834,0.0167276529012023,1.0,0.032904884318766064,0.020822488287350338,32,1881,0,True
0.0035488703288137913,0.01671891327063741,1.0,0.0328879753340185,0.02081165452653486,32,1882,0,True
0.0035486561246216297,0.01671018276762402,1.0,0.03287108371854135,0.02080083203328133,32,1883,0,True
0.0035465960390865803,0.016701461377870562,1.0,0.03285420944558522,0.02079002079002079,32,1884,0,True
0.003545620711520314,0.016692749087115284,1.0,0.032837352488455616,0.02077922077922078,32,1885,0,True
0.003545211162418127,0.016684045881126174,1.0,0.03282051282051282,0.020768431983385256,32,1886,0,True
0.0035445005632936954,0.016675351745700884,1.0,0.032803690415171706,0.02075765438505449,32,1887,0,True
0.0035434782039374113,0.016666666666666666,1.0,0.03278688524590164,0.02074688796680498,32,1888,0,True
0.0035431196447461843,0.01665799062988027,1.0,0.03277009728622632,0.020736132711249352,32,1889,0,True
0.0035426802933216095,0.01664932362122789,1.0,0.032753326509723645,0.02072538860103627,32,1890,0,True
0.0035416283644735813,0.016640665626625067,1.0,0.03273657289002557,0.020714655618850338,32,1891,0,True
0.0035406709648668766,0.016632016632016633,1.0,0.032719836400818,0.020703933747412008,32,1892,0,True
0.003540420439094305,0.016623376623376623,1.0,0.032703117015840576,0.020693222969477496,32,1893,0,True
0.003540206700563431,0.016614745586708203,1.0,0.03268641470888662,0.020682523267838676,32,1894,0,True
0.0035399626940488815,0.01660612350804359,1.0,0.03266972945380296,0.020671834625323,32,1895,0,True
0.0035394211299717426,0.016597510373443983,1.0,0.0326530612244898,0.02066115702479339,32,1896,0,True
0.003538188524544239,0.01658890616899948,1.0,0.03263640999490056,0.020650490449148167,32,1897,0,True
0.003538049291819334,0.016580310880829015,1.0,0.0326197757390418,0.02063983488132095,32,1898,0,True
0.003536050906404853,0.016571724495080268,1.0,0.032603158430973,0.020629190304280558,32,1899,0,True
0.003534970572218299,0.016563146997929608,1.0,0.032586558044806514,0.020618556701030927,32,1900,0,True
0.003534675110131502,0.016554578375581996,1.0,0.03256997455470738,0.020607934054611025,32,1901,0,True
0.0035323933698236942,0.016546018614270942,1.0,0.03255340793489318,0.02059732234809475,32,1902,0,True
0.0035311379469931126,0.016537467700258397,1.0,0.03253685815963396,0.020586721564590838,32,1903,0,True
0.0035307621583342552,0.01652892561983471,1.0,0.032520325203252036,0.0205761316872428,32,1904,0,True
0.003528896952047944,0.016520392359318535,1.0,0.03250380904012189,0.02056555269922879,32,1905,0,True
0.0035249823704361916,0.016511867905056758,1.0,0.03248730964467005,0.020554984583761562,32,1906,0,True
0.003524880390614271,0.016503352243424446,1.0,0.032470826991374935,0.02054442732408834,32,1907,0,True
0.0035247562918812037,0.016494845360824743,1.0,0.032454361054766734,0.02053388090349076,32,1908,0,True
0.003523929277434945,0.01648634724368882,1.0,0.03243791180942727,0.02052334530528476,32,1909,0,True
0.0035239141434431076,0.016477857878475798,1.0,0.03242147922998987,0.020512820512820513,32,1910,0,True
0.003523594234138727,0.016469377251672673,1.0,0.03240506329113924,0.020502306509482315,32,1911,0,True
0.003522752318531275,0.01646090534979424,1.0,0.032388663967611336,0.020491803278688523,32,1912,0,True
0.0035224477760493755,0.016452442159383032,1.0,0.03237228123419322,0.02048131080389145,32,1913,0,True
0.003519227262586355,0.01644398766700925,1.0,0.032355915065722954,0.02047082906857728,32,1914,0,True
0.00351887964643538,0.016435541859270673,1.0,0.03233956543708944,0.020460358056265986,32,1915,0,True
0.0035179248079657555,0.01642710472279261,1.0,0.03232323232323232,0.02044989775051125,32,1916,0,True
0.003516650991514325,0.016418676244227808,1.0,0.03230691569914185,0.020439448134900357,32,1917,0,True
0.0035165208391845226,0.01641025641025641,1.0,0.03229061553985873,0.020429009193054137,32,1918,0,True
0.00351572223007679,0.016401845207585853,1.0,0.03227433182047403,0.02041858090862685,32,1919,0,True
0.003515527117997408,0.01639344262295082,1.0,0.03225806451612903,0.02040816326530612,32,1920,0,True
0.0035150626208633184,0.01638504864311316,1.0,0.03224181360201511,0.02039775624681285,32,1921,0,True
0.00351458671502769,0.016376663254861822,1.0,0.032225579053373615,0.020387359836901122,32,1922,0,True
0.003511935705319047,0.016368286445012786,1.0,0.03220936084549572,0.020376974019358125,32,1923,0,True
0.0035100516397506,0.016359918200409,1.0,0.03219315895372234,0.020366598778004074,32,1924,0,True
0.0035099871456623077,0.016351558507920288,1.0,0.03217697335344394,0.020356234096692113,32,1925,0,True
0.0035099752712994814,0.01634320735444331,1.0,0.032160804020100506,0.02034587995930824,32,1926,0,True
0.0035081577952951193,0.01633486472690148,1.0,0.03214465092918132,0.020335536349771224,32,1927,0,True
0.003507716115564108,0.0163265306122449,1.0,0.0321285140562249,0.02032520325203252,32,1928,0,True
0.0035072509199380875,0.01631820499745028,1.0,0.032112393376818864,0.02031488065007618,32,1929,0,True
0.0035063577815890312,0.0163098878695209,1.0,0.0320962888665998,0.02030456852791878,32,1930,0,True
0.003505528438836336,0.0163015792154865,1.0,0.03208020050125313,0.020294266869609334,32,1931,0,True
0.0035050087608397007,0.016293279022403257,1.0,0.03206412825651302,0.02028397565922921,32,1932,0,True
0.0035017908085137606,0.01628498727735369,1.0,0.03204807210816224,0.02027369488089204,32,1933,0,True
0.0035017458721995354,0.01627670396744659,1.0,0.03203203203203203,0.020263424518743668,32,1934,0,True
0.0034991512075066566,0.01626842907981698,1.0,0.032016008004002,0.020253164556962026,32,1935,0,True
0.003499064827337861,0.016260162601626018,1.0,0.032,0.020242914979757085,32,1936,0,True
0.0034971830900758505,0.016251904520060943,1.0,0.031984007996002,0.020232675771370764,32,1937,0,True
0.003497171448543668,0.016243654822335026,1.0,0.03196803196803197,0.020222446916076844,32,1938,0,True
0.003497128142043948,0.016235413495687467,1.0,0.03195207189216176,0.0202122283981809,32,1939,0,True
0.003497063647955656,0.016227180527383367,1.0,0.031936127744510975,0.020202020202020204,32,1940,0,True
0.0034956978633999825,0.016218955904713634,1.0,0.03192019950124688,0.020191822311963654,32,1941,0,True
0.003495159326121211,0.016210739614994935,1.0,0.031904287138584245,0.020181634712411706,32,1942,0,True
0.0034950035624206066,0.01620253164556962,1.0,0.03188839063278525,0.020171457387796268,32,1943,0,True
0.00349110784009099,0.016194331983805668,1.0,0.03187250996015936,0.020161290322580645,32,1944,0,True
0.003490537405014038,0.01618614061709661,1.0,0.031856645097063215,0.020151133501259445,32,1945,0,True
0.0034888528753072023,0.016177957532861477,1.0,0.031840796019900496,0.02014098690835851,32,1946,0,True
0.0034879492595791817,0.01616978271854472,1.0,0.03182496270512183,0.020130850528434826,32,1947,0,True
0.0034878267906606197,0.01616161616161616,1.0,0.03180914512922465,0.02012072434607646,32,1948,0,True
0.0034859259612858295,0.016153457849570924,1.0,0.031793343268753105,0.020110608345902465,32,1949,0,True
0.0034847536589950323,0.016145307769929364,1.0,0.031777557100297914,0.020100502512562814,32,1950,0,True
0.0034841708838939667,0.016137165910237016,1.0,0.03176178660049628,0.020090406830738324,32,1951,0,True
0.00348326051607728,0.016129032258064516,1.0,0.031746031746031744,0.020080321285140562,32,1952,0,True
0.0034814649261534214,0.016120906801007556,1.0,0.03173029251363411,0.02007024586051179,32,1953,0,True
0.0034807503689080477,0.016112789526686808,1.0,0.031714568880079286,0.020060180541624874,32,1954,0,True
0.00347896758466959,0.01610468042274786,1.0,0.0316988608221892,0.020050125313283207,32,1955,0,True
0.003477976191788912,0.01609657947686117,1.0,0.031683168316831684,0.02004008016032064,32,1956,0,True
0.0034739726688712835,0.01608848667672197,1.0,0.03166749134092034,0.020030045067601403,32,1957,0,True
0.0034724671859294176,0.016080402010050253,1.0,0.03165182987141444,0.02002002002002002,32,1958,0,True
0.0034718189854174852,0.01607232546459066,1.0,0.03163618388531883,0.02001000500250125,32,1959,0,True
0.0034717065282166004,0.01606425702811245,1.0,0.03162055335968379,0.02,32,1960,0,True
0.003470886731520295,0.016056196688409432,1.0,0.03160493827160494,0.01999000499750125,32,1961,0,True
0.0034688457380980253,0.0160481444332999,1.0,0.0315893385982231,0.01998001998001998,32,1962,0,True
0.0034687877632677555,0.016040100250626566,1.0,0.031573754316724226,0.0199700449326011,32,1963,0,True
0.0034667279105633497,0.01603206412825651,1.0,0.03155818540433925,0.01996007984031936,32,1964,0,True
0.003465798916295171,0.01602403605408112,1.0,0.031542631838344014,0.0199501246882793,32,1965,0,True
0.003464794484898448,0.016016016016016016,1.0,0.03152709359605911,0.019940179461615155,32,1966,0,True
0.0034646678250283003,0.016008004002001,1.0,0.03151157065484983,0.019930244145490782,32,1967,0,True
0.0034634480252861977,0.016,1.0,0.031496062992125984,0.0199203187250996,32,1968,0,True
0.003463222412392497,0.015992003998001,1.0,0.03148057058534186,0.019910403185664508,32,1969,0,True
0.003462212160229683,0.015984015984015984,1.0,0.03146509341199607,0.01990049751243781,32,1970,0,True
0.0034595169126987457,0.01597603594608088,1.0,0.03144963144963145,0.019890601690701143,32,1971,0,True
0.0034580857027322054,0.015968063872255488,1.0,0.03143418467583497,0.019880715705765408,32,1972,0,True
0.003457966959103942,0.01596009975062344,1.0,0.031418753068237604,0.01987083954297069,32,1973,0,True
0.0034578535705804825,0.015952143569292122,1.0,0.03140333660451423,0.019860973187686197,32,1974,0,True
0.0034577043261379004,0.015944195316392625,1.0,0.03138793526238352,0.019851116625310174,32,1975,0,True
0.0034563946537673473,0.01593625498007968,1.0,0.03137254901960784,0.01984126984126984,32,1976,0,True
0.003454910358414054,0.015928322548531607,1.0,0.03135717785399314,0.01983143282102132,32,1977,0,True
0.0034539615735411644,0.015920398009950248,1.0,0.031341821743388835,0.019821605550049554,32,1978,0,True
0.0034533394500613213,0.015912481352560914,1.0,0.03132648066568772,0.01981178801386825,32,1979,0,True
0.0034521666821092367,0.015904572564612324,1.0,0.03131115459882583,0.019801980198019802,32,1980,0,True
0.003451087512075901,0.015896671634376552,1.0,0.03129584352078239,0.01979218208807521,32,1981,0,True
0.00344906747341156,0.015888778550148957,1.0,0.03128054740957967,0.019782393669634024,32,1982,0,True
0.0034480660688132048,0.01588089330024814,1.0,0.03126526624328285,0.019772614928324272,32,1983,0,True
0.0034461873583495617,0.015873015873015872,1.0,0.03125,0.019762845849802372,32,1984,0,True
0.0034461040049791336,0.015865146256817054,1.0,0.031234748657881894,0.019753086419753086,32,1985,0,True
0.0034436453133821487,0.015857284440039643,1.0,0.03121951219512195,0.019743336623889437,32,1986,0,True
0.003443448804318905,0.0158494304110946,1.0,0.031204290589956118,0.01973359644795264,32,1987,0,True
0.003443342400714755,0.015841584158415842,1.0,0.031189083820662766,0.01972386587771203,32,1988,0,True
0.0034431444946676493,0.01583374567046017,1.0,0.031173891865562593,0.019714144898965006,32,1989,0,True
0.003439344000071287,0.01582591493570722,1.0,0.0311587147030185,0.019704433497536946,32,1990,0,True
0.003438664134591818,0.015818091942659415,1.0,0.031143552311435525,0.019694731659281144,32,1991,0,True
0.0034382985904812813,0.015810276679841896,1.0,0.0311284046692607,0.01968503937007874,32,1992,0,True
0.0034359381534159184,0.01580246913580247,1.0,0.031113271754982984,0.019675356615838663,32,1993,0,True
0.0034347057808190584,0.01579466929911155,1.0,0.031098153547133137,0.01966568338249754,32,1994,0,True
0.003433950012549758,0.015786877158362113,1.0,0.03108305002428363,0.019656019656019656,32,1995,0,True
0.003433587960898876,0.015779092702169626,1.0,0.031067961165048542,0.019646365422396856,32,1996,0,True
0.0034327134490013123,0.015771315919172007,1.0,0.031052886948083454,0.019636720667648502,32,1997,0,True
0.0034317756071686745,0.015763546798029555,1.0,0.031037827352085354,0.019627085377821395,32,1998,0,True
0.003431762335821986,0.015755785327424915,1.0,0.031022782355792537,0.0196174595389897,32,1999,0,True
0.003431681077927351,0.015748031496062992,1.0,0.031007751937984496,0.0196078431372549,32,2000,0,True
0.0034292242489755154,0.01574028529267093,1.0,0.03099273607748184,0.019598236158745713,32,2001,0,True
0.0034290028270334005,0.015732546705998034,1.0,0.030977734753146177,0.019588638589618023,32,2002,0,True
0.0034282368142157793,0.015724815724815724,1.0,0.030962747943880018,0.01957905041605482,32,2003,0,True
0.0034268624149262905,0.015717092337917484,1.0,0.030947775628626693,0.019569471624266144,32,2004,0,True
0.003424265654757619,0.015709376534118802,1.0,0.030932817786370227,0.019559902200488997,32,2005,0,True
0.003423471702262759,0.015701668302257114,1.0,0.030917874396135265,0.019550342130987292,32,2006,0,True
0.0034203771501779556,0.01569396763119176,1.0,0.03090294543698696,0.019540791402051783,32,2007,0,True
0.0034202472306787968,0.01568627450980392,1.0,0.03088803088803089,0.01953125,32,2008,0,True
0.0034184728283435106,0.01567858892699657,1.0,0.03087313072841293,0.019521717911176184,32,2009,0,True
0.003417754778638482,0.015670910871694418,1.0,0.03085824493731919,0.01951219512195122,32,2010,0,True
0.0034163487143814564,0.01566324033284386,1.0,0.030843373493975902,0.019502681618722574,32,2011,0,True
0.003414581064134836,0.015655577299412915,1.0,0.030828516377649325,0.01949317738791423,32,2012,0,True
0.003414370119571686,0.015647921760391197,1.0,0.030813673567645642,0.01948368241597662,32,2013,0,True
0.0034141691867262125,0.015640273704789834,1.0,0.030798845043310877,0.019474196689386564,32,2014,0,True
0.0034135673195123672,0.015632633121641426,1.0,0.030784030784030785,0.019464720194647202,32,2015,0,True
0.0034129361156374216,0.015625,1.0,0.03076923076923077,0.019455252918287938,32,2016,0,True
0.003412557067349553,0.015617374328940947,1.0,0.030754444978375782,0.019445794846864366,32,2017,0,True
0.0034118271432816982,0.015609756097560976,1.0,0.03073967339097022,0.019436345966958212,32,2018,0,True
0.0034109693951904774,0.015602145294978059,1.0,0.030724915986557848,0.01942690626517727,32,2019,0,True
0.0034101558849215508,0.015594541910331383,1.0,0.030710172744721688,0.019417475728155338,32,2020,0,True
0.0034095144364982843,0.015586945932781296,1.0,0.030695443645083934,0.019408054342552158,32,2021,0,True
0.003409342374652624,0.01557935735150925,1.0,0.030680728667305847,0.019398642095053348,32,2022,0,True
0.003408697433769703,0.015571776155717762,1.0,0.030666027791087687,0.019389238972370333,32,2023,0,True
0.003407916985452175,0.01556420233463035,1.0,0.03065134099616858,0.01937984496124031,32,2024,0,True
0.003407173790037632,0.015556635877491492,1.0,0.030636668262326472,0.01937046004842615,32,2025,0,True
0.003401815425604582,0.015549076773566569,1.0,0.03062200956937799,0.01936108422071636,32,2026,0,True
0.0033971562515944242,0.015541525012141816,1.0,0.030607364897178385,0.019351717464925013,32,2027,0,True
0.0033964926842600107,0.015533980582524271,1.0,0.030592734225621414,0.019342359767891684,32,2028,0,True
0.0033948307391256094,0.015526443474041727,1.0,0.030578117534639272,0.01933301111648139,32,2029,0,True
0.0033944130409508944,0.015518913676042677,1.0,0.030563514804202482,0.01932367149758454,32,2030,0,True
0.003394188592210412,0.015511391177896268,1.0,0.03054892601431981,0.01931434089811685,32,2031,0,True
0.003393599996343255,0.015503875968992248,1.0,0.030534351145038167,0.019305019305019305,32,2032,0,True
0.003392151789739728,0.01549636803874092,1.0,0.030519790176442536,0.01929570670525808,32,2033,0,True
0.003390723839402199,0.015488867376573089,1.0,0.030505243088655862,0.019286403085824494,32,2034,0,True
0.003390464698895812,0.015481373971940009,1.0,0.03049070986183897,0.01927710843373494,32,2035,0,True
0.0033901811111718416,0.015473887814313346,1.0,0.030476190476190476,0.019267822736030827,32,2036,0,True
0.0033895864617079496,0.015466408893185114,1.0,0.03046168491194669,0.019258545979778528,32,2037,0,True
0.003388681448996067,0.015458937198067632,1.0,0.030447193149381543,0.019249278152069296,32,2038,0,True
0.0033883193973451853,0.01545147271849348,1.0,0.030432715168806468,0.01924001924001924,32,2039,0,True
0.003383086761459708,0.015444015444015444,1.0,0.030418250950570342,0.019230769230769232,32,2040,0,True
0.0033819086384028196,0.015436565364206465,1.0,0.030403800475059382,0.019221528111484865,32,2041,0,True
0.0033814923372119665,0.015429122468659595,1.0,0.030389363722697058,0.01921229586935639,32,2042,0,True
0.0033814103808254004,0.015421686746987951,1.0,0.030374940673943997,0.019203072491598656,32,2043,0,True
0.0033813943155109882,0.015414258188824663,1.0,0.030360531309297913,0.019193857965451054,32,2044,0,True
0.0033792981412261724,0.015406836783822821,1.0,0.030346135609293504,0.019184652278177457,32,2045,0,True
0.003376730950549245,0.015399422521655439,1.0,0.03033175355450237,0.019175455417066157,32,2046,0,True
0.0033754189498722553,0.015392015392015393,1.0,0.030317385125532923,0.019166267369429803,32,2047,0,True
0.003372821258381009,0.015384615384615385,1.0,0.030303030303030304,0.019157088122605363,32,2048,0,True
0.0033723271917551756,0.015377222489187891,1.0,0.03028868906767629,0.019147917663954045,32,2049,0,True
0.0033710969146341085,0.01536983669548511,1.0,0.030274361400189215,0.019138755980861243,32,2050,0,True
0.0033698140177875757,0.015362457993278924,1.0,0.030260047281323876,0.01912960306073649,32,2051,0,True
0.003369536716490984,0.015355086372360844,1.0,0.030245746691871456,0.019120458891013385,32,2052,0,True
0.003366993274539709,0.015347721822541967,1.0,0.030231459612659425,0.019111323459149548,32,2053,0,True
0.0033641878981143236,0.015340364333652923,1.0,0.030217186024551465,0.019102196752626553,32,2054,0,True
0.0033619615714997053,0.015333013895543843,1.0,0.030202925908447382,0.01909307875894988,32,2055,0,True
0.003360108472406864,0.01532567049808429,1.0,0.03018867924528302,0.019083969465648856,32,2056,0,True
0.003358895191922784,0.015318334131163236,1.0,0.030174446016030174,0.019074868860276584,32,2057,0,True
0.003356556175276637,0.015311004784688996,1.0,0.030160226201696512,0.019065776930409915,32,2058,0,True
0.0033549771178513765,0.015303682448589193,1.0,0.030146019783325484,0.019056693663649357,32,2059,0,True
0.003352793399244547,0.015296367112810707,1.0,0.030131826741996232,0.01904761904761905,32,2060,0,True
0.0033504266757518053,0.015289058767319636,1.0,0.03011764705882353,0.01903855306996668,32,2061,0,True
0.00334834773093462,0.015281757402101241,1.0,0.030103480714957668,0.019029495718363463,32,2062,0,True
0.003344333730638027,0.015274463007159905,1.0,0.03008932769158439,0.019020446980504042,32,2063,0,True
0.003343751886859536,0.015267175572519083,1.0,0.03007518796992481,0.019011406844106463,32,2064,0,True
0.0033429465256631374,0.015259895088221268,1.0,0.030061061531235323,0.019002375296912115,32,2065,0,True
0.003342671785503626,0.015252621544327931,1.0,0.03004694835680751,0.01899335232668566,32,2066,0,True
0.0033422140404582024,0.015245354930919485,1.0,0.03003284842796809,0.018984337921214997,32,2067,0,True
0.003340281778946519,0.015238095238095238,1.0,0.0300187617260788,0.018975332068311195,32,2068,0,True
0.0033382773399353027,0.015230842455973346,1.0,0.030004688232536336,0.01896633475580844,32,2069,0,True
0.003337839851155877,0.015223596574690771,1.0,0.02999062792877226,0.018957345971563982,32,2070,0,True
0.0033373699989169836,0.015216357584403234,1.0,0.029976580796252927,0.018948365703458078,32,2071,0,True
0.0033364708069711924,0.015209125475285171,1.0,0.0299625468164794,0.01893939393939394,32,2072,0,True
0.0033352519385516644,0.015201900237529691,1.0,0.029948525970987367,0.01893043066729768,32,2073,0,True
0.003334876149892807,0.015194681861348529,1.0,0.029934518241347054,0.01892147587511826,32,2074,0,True
0.003331592306494713,0.015187470336971999,1.0,0.029920523609163162,0.018912529550827423,32,2075,0,True
0.0033289571292698383,0.015180265654648957,1.0,0.029906542056074768,0.01890359168241966,32,2076,0,True
0.0033285790123045444,0.015173067804646752,1.0,0.029892573563755253,0.01889466225791214,32,2077,0,True
0.0033281645737588406,0.015165876777251185,1.0,0.029878618113912233,0.018885741265344664,32,2078,0,True
0.00332728517241776,0.015158692562766462,1.0,0.029864675688287448,0.018876828692779613,32,2079,0,True
0.0033244716469198465,0.015151515151515152,1.0,0.029850746268656716,0.018867924528301886,32,2080,0,True
0.003324193647131324,0.015144344533838144,1.0,0.029836829836829837,0.01885902876001886,32,2081,0,True
0.0033222604542970657,0.015137180700094607,1.0,0.02982292637465051,0.01885014137606032,32,2082,0,True
0.003320245072245598,0.015130023640661938,1.0,0.029809035863996275,0.018841262364578427,32,2083,0,True
0.003319383366033435,0.015122873345935728,1.0,0.0297951582867784,0.018832391713747645,32,2084,0,True
0.003312010085210204,0.015115729806329713,1.0,0.029781293624941835,0.018823529411764704,32,2085,0,True
0.0033078414853662252,0.015108593012275733,1.0,0.029767441860465118,0.01881467544684854,32,2086,0,True
0.003307637060061097,0.015101462954223691,1.0,0.029753602975360297,0.018805829807240243,32,2087,0,True
0.0033064065501093864,0.01509433962264151,1.0,0.02973977695167286,0.018796992481203006,32,2088,0,True
0.0033058535773307085,0.015087223008015087,1.0,0.029725963771481654,0.018788163457022077,32,2089,0,True
0.003304943675175309,0.015080113100848256,1.0,0.029712163416898793,0.018779342723004695,32,2090,0,True
0.0033038053661584854,0.015073009891662742,1.0,0.029698375870069606,0.018770530267480056,32,2091,0,True
0.003302886849269271,0.015065913370998116,1.0,0.029684601113172542,0.01876172607879925,32,2092,0,True
0.0033027862664312124,0.015058823529411765,1.0,0.0296708391284191,0.01875293014533521,32,2093,0,True
0.003301604650914669,0.015051740357478834,1.0,0.029657089898053754,0.01874414245548266,32,2094,0,True
0.003299748757854104,0.015044663845792195,1.0,0.029643353404353867,0.01873536299765808,32,2095,0,True
0.0032984663266688585,0.015037593984962405,1.0,0.02962962962962963,0.018726591760299626,32,2096,0,True
0.0032949598971754313,0.015030530765617662,1.0,0.02961591855622397,0.018717828731867104,32,2097,0,True
0.0032942192628979683,0.015023474178403756,1.0,0.02960222016651249,0.018709073900841908,32,2098,0,True
0.0032931859605014324,0.015016424213984044,1.0,0.029588534442903373,0.018700327255726974,32,2099,0,True
0.0032920152880251408,0.0150093808630394,1.0,0.029574861367837338,0.018691588785046728,32,2100,0,True
0.003290714230388403,0.015002344116268168,1.0,0.02956120092378753,0.018682858477347034,32,2101,0,True
0.0032882813829928637,0.01499531396438613,1.0,0.029547553093259463,0.018674136321195144,32,2102,0,True
0.0032860597129911184,0.014988290398126464,1.0,0.029533917858790955,0.018665422305179653,32,2103,0,True
0.0032838957849889994,0.0149812734082397,1.0,0.02952029520295203,0.018656716417910446,32,2104,0,True
0.003281979588791728,0.014974262985493684,1.0,0.02950668510834486,0.018648018648018648,32,2105,0,True
0.0032815090380609035,0.014967259120673527,1.0,0.029493087557603687,0.01863932898415657,32,2106,0,True
0.003277083858847618,0.014960261804581581,1.0,0.02947950253339475,0.018630647414997672,32,2107,0,True
0.003274732967838645,0.014953271028037384,1.0,0.029465930018416207,0.0186219739292365,32,2108,0,True
0.003270514775067568,0.014946286781877626,1.0,0.02945236999539807,0.018613308515588647,32,2109,0,True
0.0032695261761546135,0.014939309056956116,1.0,0.029438822447102116,0.018604651162790697,32,2110,0,True
0.003268182510510087,0.014932337844143724,1.0,0.029425287356321838,0.018596001859600187,32,2111,0,True
0.0032637398689985275,0.014925373134328358,1.0,0.029411764705882353,0.01858736059479554,32,2112,0,True
0.0032633256632834673,0.014918414918414918,1.0,0.02939825447864033,0.018578727357176035,32,2113,0,True
0.0032583323772996664,0.014911463187325256,1.0,0.02938475665748393,0.018570102135561744,32,2114,0,True
0.003258180571720004,0.014904517931998137,1.0,0.029371271225332722,0.018561484918793503,32,2115,0,True
0.003257807344198227,0.0148975791433892,1.0,0.029357798165137616,0.01855287569573284,32,2116,0,True
0.003256568918004632,0.014890646812470917,1.0,0.029344337459880788,0.01854427445526194,32,2117,0,True
0.0032564247958362103,0.014883720930232559,1.0,0.02933088909257562,0.018535681186283594,32,2118,0,True
0.003255545860156417,0.014876801487680148,1.0,0.029317453046266605,0.018527095877721167,32,2119,0,True
0.003252222202718258,0.01486988847583643,1.0,0.029304029304029304,0.018518518518518517,32,2120,0,True
0.003251290414482355,0.014862981885740827,1.0,0.029290617848970253,0.01850994909763998,32,2121,0,True
0.003251259680837393,0.014856081708449397,1.0,0.0292772186642269,0.018501387604070305,32,2122,0,True
0.003250363515689969,0.014849187935034803,1.0,0.029263831732967534,0.01849283402681461,32,2123,0,True
0.003249311586841941,0.014842300556586271,1.0,0.029250457038391225,0.018484288354898338,32,2124,0,True
0.0032480673398822546,0.01483541956420955,1.0,0.02923709456372773,0.018475750577367205,32,2125,0,True
0.0032471453305333853,0.014828544949026877,1.0,0.029223744292237442,0.018467220683287166,32,2126,0,True
0.003244701772928238,0.014821676702176934,1.0,0.02921040620721132,0.018458698661744346,32,2127,0,True
0.0032427425030618906,0.014814814814814815,1.0,0.029197080291970802,0.01845018450184502,32,2128,0,True
0.0032425650861114264,0.014807959278111986,1.0,0.02918376652986776,0.018441678192715538,32,2129,0,True
0.003242212114855647,0.014801110083256245,1.0,0.02917046490428441,0.018433179723502304,32,2130,0,True
0.0032393594738096,0.014794267221451687,1.0,0.02915717539863326,0.018424689083371717,32,2131,0,True
0.0032379308249801397,0.014787430683918669,1.0,0.029143897996357013,0.01841620626151013,32,2132,0,True
0.003237923141568899,0.014780600461893764,1.0,0.02913063268092854,0.01840773124712379,32,2133,0,True
0.0032367571257054806,0.014773776546629732,1.0,0.029117379435850774,0.01839926402943882,32,2134,0,True
0.003236717078834772,0.014766958929395477,1.0,0.02910413824465666,0.01839080459770115,32,2135,0,True
0.0032351419795304537,0.014760147601476014,1.0,0.02909090909090909,0.01838235294117647,32,2136,0,True
0.003228905377909541,0.01475334255417243,1.0,0.029077691958200817,0.018373909049150206,32,2137,0,True
0.003225964494049549,0.014746543778801843,1.0,0.029064486830154404,0.018365472910927456,32,2138,0,True
0.0032217386178672314,0.014739751266697375,1.0,0.029051293690422152,0.018357044515832952,32,2139,0,True
0.0032173434738069773,0.014732965009208104,1.0,0.029038112522686024,0.01834862385321101,32,2140,0,True
0.0032171232160180807,0.014726184997699034,1.0,0.029024943310657598,0.018340210912425492,32,2141,0,True
0.003216981189325452,0.014719411223551058,1.0,0.02901178603807797,0.01833180568285976,32,2142,0,True
0.003216683166101575,0.014712643678160919,1.0,0.028998640688717717,0.01832340815391663,32,2143,0,True
0.003213840536773205,0.014705882352941176,1.0,0.028985507246376812,0.018315018315018316,32,2144,0,True
0.003212342504411936,0.014699127239320165,1.0,0.028972385694884563,0.018306636155606407,32,2145,0,True
0.003211965085938573,0.014692378328741965,1.0,0.02895927601809955,0.018298261665141813,32,2146,0,True
0.003209282411262393,0.014685635612666361,1.0,0.028946178199909543,0.01828989483310471,32,2147,0,True
0.00320456619374454,0.014678899082568808,1.0,0.028933092224231464,0.018281535648994516,32,2148,0,True
0.0032033254392445087,0.014672168729940394,1.0,0.028920018075011298,0.01827318410232983,32,2149,0,True
0.003202016232535243,0.01466544454628781,1.0,0.028906955736224028,0.0182648401826484,32,2150,0,True
0.0032019626814872026,0.014658726523133303,1.0,0.028893905191873587,0.018256503879507075,32,2151,0,True
0.0031964732334017754,0.014652014652014652,1.0,0.02888086642599278,0.01824817518248175,32,2152,0,True
0.0031933847349137068,0.014645308924485127,1.0,0.02886783942264321,0.01823985408116735,32,2153,0,True
0.0031909658573567867,0.01463860933211345,1.0,0.028854824165915238,0.018231540565177756,32,2154,0,True
0.0031902818009257317,0.014631915866483767,1.0,0.028841820639927896,0.018223234624145785,32,2155,0,True
0.0031841814052313566,0.014625228519195612,1.0,0.02882882882882883,0.018214936247723135,32,2156,0,True
0.0031828361097723246,0.014618547281863865,1.0,0.028815848716794237,0.018206645425580335,32,2157,0,True
0.0031791238579899073,0.014611872146118721,1.0,0.0288028802880288,0.018198362147406732,32,2158,0,True
0.003178404876962304,0.01460520310360566,1.0,0.028789923526765633,0.018190086402910415,32,2159,0,True
0.0031704427674412727,0.014598540145985401,1.0,0.02877697841726619,0.01818181818181818,32,2160,0,True
0.0031694872304797173,0.01459188326493388,1.0,0.028764044943820226,0.01817355747387551,32,2161,0,True
0.0031626883428543806,0.014585232452142206,1.0,0.028751123090745734,0.018165304268846504,32,2162,0,True
0.0031626534182578325,0.01457858769931663,1.0,0.028738212842388863,0.018157058556513846,32,2163,0,True
0.003159770043566823,0.014571948998178506,1.0,0.02872531418312388,0.018148820326678767,32,2164,0,True
0.0031569297425448895,0.01456531634046427,1.0,0.028712427097353072,0.018140589569160998,32,2165,0,True
0.00315656210295856,0.014558689717925387,1.0,0.028699551569506727,0.01813236627379873,32,2166,0,True
0.0031517359893769026,0.01455206912232833,1.0,0.02868668758404303,0.01812415043044857,32,2167,0,True
0.0031513357535004616,0.014545454545454545,1.0,0.02867383512544803,0.018115942028985508,32,2168,0,True
0.0031507755629718304,0.014538845979100408,1.0,0.028660994178235557,0.01810774105930285,32,2169,0,True
0.003145098453387618,0.014532243415077202,1.0,0.02864816472694718,0.01809954751131222,32,2170,0,True
0.003141544060781598,0.014525646845211076,1.0,0.028635346756152126,0.018091361374943465,32,2171,0,True
0.0031322413124144077,0.014519056261343012,1.0,0.028622540250447227,0.018083182640144666,32,2172,0,True
0.0031308226753026247,0.014512471655328799,1.0,0.028609745194456863,0.01807501129688206,32,2173,0,True
0.0031306766904890537,0.014505893019038985,1.0,0.028596961572832886,0.018066847335140017,32,2174,0,True
0.003126986790448427,0.014499320344358859,1.0,0.028584189370254576,0.01805869074492099,32,2175,0,True
0.0031169636640697718,0.014492753623188406,1.0,0.02857142857142857,0.018050541516245487,32,2176,0,True
0.003113248385488987,0.014486192847442281,1.0,0.0285586791610888,0.018042399639152006,32,2177,0,True
0.0031078055035322905,0.014479638009049774,1.0,0.028545941123996433,0.018034265103697024,32,2178,0,True
0.003106790827587247,0.014473089099954772,1.0,0.028533214444939812,0.018026137899954935,32,2179,0,True
0.003104399424046278,0.014466546112115732,1.0,0.0285204991087344,0.018018018018018018,32,2180,0,True
0.003096555592492223,0.014460009037505649,1.0,0.028507795100222718,0.018009905447996397,32,2181,0,True
0.0030923427548259497,0.014453477868112014,1.0,0.028495102404274265,0.018001800180018002,32,2182,0,True
0.003092244267463684,0.014446952595936794,1.0,0.02848242100578549,0.01799370220422852,32,2183,0,True
0.0030901238787919283,0.01444043321299639,1.0,0.028469750889679714,0.017985611510791366,32,2184,0,True
0.0030861953273415565,0.014433919711321606,1.0,0.02845709204090707,0.017977528089887642,32,2185,0,True
0.0030857655219733715,0.014427412082957619,1.0,0.028444444444444446,0.017969451931716084,32,2186,0,True
0.0030776571948081255,0.014420910319963948,1.0,0.028431808085295423,0.01796138302649304,32,2187,0,True
0.003077361499890685,0.014414414414414415,1.0,0.028419182948490232,0.017953321364452424,32,2188,0,True
0.003075225045904517,0.014407924358397118,1.0,0.028406569019085663,0.01794526693584567,32,2189,0,True
0.003073569154366851,0.0144014401440144,1.0,0.02839396628216504,0.017937219730941704,32,2190,0,True
0.003071423387154937,0.014394961763382817,1.0,0.028381374722838137,0.017929179740026894,32,2191,0,True
0.0030570754315704107,0.014388489208633094,1.0,0.028368794326241134,0.017921146953405017,32,2192,0,True
0.0030480739660561085,0.014382022471910113,1.0,0.028356225077536552,0.017913121361397222,32,2193,0,True
0.0030455219093710184,0.014375561545372867,1.0,0.0283436669619132,0.017905102954341987,32,2194,0,True
0.003045013640075922,0.014369106421194431,1.0,0.0283311199645861,0.017897091722595078,32,2195,0,True
0.0030430196784436703,0.01436265709156194,1.0,0.02831858407079646,0.017889087656529516,32,2196,0,True
0.0030422674026340246,0.014356213548676536,1.0,0.02830605926581159,0.017881090746535537,32,2197,0,True
0.0030413721688091755,0.014349775784753363,1.0,0.028293545534924844,0.017873100983020553,32,2198,0,True
0.0030354780610650778,0.014343343792021516,1.0,0.02828104286345559,0.01786511835640911,32,2199,0,True
0.0030293730087578297,0.014336917562724014,1.0,0.028268551236749116,0.017857142857142856,32,2200,0,True
0.0030275285243988037,0.014330497089117778,1.0,0.0282560706401766,0.0178491744756805,32,2201,0,True
0.003027519676834345,0.01432408236347359,1.0,0.02824360105913504,0.01784121320249777,32,2202,0,True
0.0030270316638052464,0.014317673378076063,1.0,0.0282311424790472,0.017833259028087384,32,2203,0,True
0.003023594617843628,0.014311270125223614,1.0,0.02821869488536155,0.017825311942959002,32,2204,0,True
0.0030180555768311024,0.014304872597228431,1.0,0.028206258263552227,0.017817371937639197,32,2205,0,True
0.0030156418215483427,0.014298480786416443,1.0,0.028193832599118944,0.017809439002671415,32,2206,0,True
0.0030148490332067013,0.014292094685127288,1.0,0.028181417877586965,0.017801513128615932,32,2207,0,True
0.0030067460611462593,0.014285714285714285,1.0,0.028169014084507043,0.017793594306049824,32,2208,0,True
0.00300327455624938,0.0142793395805444,1.0,0.028156621205455347,0.017785682525566917,32,2209,0,True
0.0029822743963450193,0.014272970561998216,1.0,0.028144239226033423,0.017777777777777778,32,2210,0,True
0.0029803214129060507,0.014266607222469906,1.0,0.028131868131868132,0.01776988005330964,32,2211,0,True
0.002969477791339159,0.0142602495543672,1.0,0.028119507908611598,0.017761989342806393,32,2212,0,True
0.0029646647162735462,0.014253897550111359,1.0,0.028107158541941152,0.01775410563692854,32,2213,0,True
0.002940064761787653,0.014247551202137132,1.0,0.028094820017559263,0.01774622892635315,32,2214,0,True
0.0029381222557276487,0.014241210502892745,1.0,0.028082492321193506,0.017738359201773836,32,2215,0,True
0.002879106206819415,0.014234875444839857,1.0,0.028070175438596492,0.01773049645390071,32,2216,0,True
0.0028021512553095818,0.014228546020453535,1.0,0.028057869355545814,0.017722640673460344,32,2217,0,True
0.002748562954366207,0.014222222222222223,1.0,0.028045574057843997,0.01771479185119575,32,2218,0,True
0.002721235156059265,0.014215904042647711,1.0,0.02803328953131844,0.017706949977866312,32,2219,0,True
0.002707576844841242,0.014209591474245116,1.0,0.028021015761821366,0.017699115044247787,32,2220,0,True
0.002703255508095026,0.014203284509542832,1.0,0.02800875273522976,0.017691287041132243,32,2221,0,True
